SERIES,SYMBOL,SECURITY,RECORD_DT,BC_STRT_DT,BC_END_DT,EX_DT,ND_STRT_DT,ND_END_DT,PURPOSE
BE,SIEMENS,SIEMENS LTD - DEPO SETT., ,05/02/2020,11/02/2020,03/02/2020, , ,DIV-RS 7 PER SH          
BE,SATIA,Satia Industries Limited,22/02/2020, , ,18/02/2020, , ,INTERIM DIVIDEND         
BE,SRF,SRF Limited-Depo,11/02/2020, , ,10/02/2020, , ,INTERIM DIVIDEND         
BE,BEL,Bharat Electronics Ltd,12/02/2020, , ,11/02/2020, , ,INT DIV-RS 1.40 PER SH   
BE,ALOKTEXT,Alok Industries Limited,03/02/2020, , , , , ,CAPITAL REDUCTION        
BE,SHREECEM,SHREE CEMENT LIMITED,25/02/2020, , ,24/02/2020, , ,INTERIM DIVIDEND         
BE,DHAMPURSUG,DHAMPUR SUGAR MILLS LTD,13/02/2020, , ,12/02/2020, , ,INTERIM DIVIDEND         
BE,AEGISCHEM,Aegis Logistics Ltd,10/02/2020, , ,07/02/2020, , ,INTERIM DIVIDEND         
BE,TVSMOTOR,TVS Motor Com - Roll Sett,12/02/2020, , ,11/02/2020, , ,INTERIM DIVIDEND         
BE,NTPC,NTPC Limited,17/02/2020, , ,14/02/2020, , ,INTERIM DIVIDEND         
BE,ZENSARTECH,Zensar Technologies LDepo,07/02/2020, , ,06/02/2020, , ,INT DIV-RE 1 PER SH      
BE,CCL,CCL PRODUCTS (I) LTD,07/02/2020, , ,06/02/2020, , ,INT DIV-RS 2 PER SH      
BE,GODREJCP,Godrej Cons Products Ltd ,06/02/2020, , ,05/02/2020, , ,INT DIV-RS 2 PER SH      
BE,NIITTECH,NIIT TECHNOLOGIES LTD,10/02/2020, , ,07/02/2020, , ,INT DIV-RS 10 PER SH     
BE,PRATIBHA,Pratibha Industries Limit, ,03/02/2020,10/02/2020,30/01/2020, , ,ANNUAL GENERAL MEETING   
BE,MARICO,Marico Limited,07/02/2020, , ,06/02/2020, , ,INT DIV-RS 3.25 PER SH   
BE,KKCL,Kewal Kiran Clothing Limi,07/02/2020, , ,06/02/2020, , ,INT DIV-RS 15 PER SH     
BE,CUMMINSIND,Cummins India Limited,10/02/2020, , ,07/02/2020, , ,INT DIV-RS 7 PER SH      
BE,PAGEIND,Page Industries Limited,22/02/2020, , ,18/02/2020, , ,INTERIM DIVIDEND         
BE,KPRMILL,K.P.R. Mill Limited,12/02/2020, , ,11/02/2020, , ,INTERIM DIVIDEND         
BE,MOTILALOFS,Motilal Oswal Financial S,03/02/2020, , ,31/01/2020, , ,INT DIV-RS 4 PER SH      
BE,SELAN,Selan Exploration Technol,15/02/2020, , ,13/02/2020, , ,INTERIM DIVIDEND         
BE,TIDEWATER,Tide Water Oil Co. (India,25/02/2020, , ,24/02/2020, , ,INTERIM DIVIDEND         
BE,BAJAJELEC,Bajaj Electricals Limited,06/02/2020, , ,05/02/2020, , ,RIGHTS 13:118@PRM RS308  
BE,DLF,DLF Limited,13/02/2020, , ,12/02/2020, , ,INTERIM DIVIDEND         
BE,ARROWTEX,Arrow Textiles Limited,07/02/2020, , , , , ,SCHEME OF AMALGAMATION   
BE,VINATIORGA,Vinati Organics Limited,06/02/2020, , ,05/02/2020, , ,FV SPLT FRM RS 2 TO RS 1 
BE,DBCORP,D.B.Corp Ltd,04/02/2020, , ,03/02/2020, , ,INT DIV-RS 3.5 PER SH    
BE,ALKALI,Alkali Metals Limited,06/02/2020, , ,05/02/2020, , ,INT DIV-RS 1 PER SH      
BE,RECLTD,Rural Electrification Cor,12/02/2020, , ,11/02/2020, , ,INTERIM DIVIDEND         
BE,VALUEIND,Value Industries Limited, ,28/01/2020,04/02/2020,24/01/2020, , ,ANNUAL GENERAL MEETING   
BE,RBL,Rane Brake Lining Limited,04/02/2020, , ,03/02/2020, , ,INT DIV-RS 6 PER SH      
BE,PERSISTENT,Persistent Systems Ltd,07/02/2020, , ,06/02/2020, , ,INT DIV-RS 9 PER SH      
BE,MANAPPURAM,Manappuram Finance Ltd,07/02/2020, , ,06/02/2020, , ,INT DIV-RS 0.55 PER SHARE
BE,TI,Tilaknagar Industries Ltd,15/02/2020, , ,13/02/2020, , ,EGM                      
BE,MAANALU,Maan Aluminium Limited,20/02/2020, , ,18/02/2020, , ,INTERIM DIVIDEND         
BE,ACCELYA,Accelya Soln India Ltd,06/02/2020, , ,05/02/2020, , ,INT DIV-RS 10 PER SH     
BE,BROOKS,Brooks Lab Limited,12/02/2020, , ,11/02/2020, , ,RIGHTS 9:20@PRM RS 10    
BE,SYMPHONY,Symphony Limited,19/02/2020, , ,17/02/2020, , ,INTERIM DIVIDEND         
BE,VAIBHAVGBL,Vaibhav Gems Ltd,10/02/2020, , ,07/02/2020, , ,INT DIV-RS 7 PER SH      
BE,DCMSHRIRAM,DCM Shriram Limited,07/02/2020, , ,06/02/2020, , ,INT DIV-RS 4.20 PER SH   
BE,SHARDACROP,Sharda Cropchem Limited,03/02/2020, , ,31/01/2020, , ,INT DIV-RS 2 PER SH      
BE,ALKEM,Alkem Laboratories Ltd.,15/02/2020, , ,13/02/2020, , ,INTERIM DIVIDEND         
BE,SHRIPISTON,Shriram Pist. & Ring Ltd,06/02/2020, , ,05/02/2020, , ,INT DIV-RS 3 PER SH      
BE,CONTROLPR,Control Print Limited,05/02/2020, , ,04/02/2020, , ,INT DIV-RS3.5 PER SH     
BE,TCIEXP,TCI Express Limited,04/02/2020, , ,03/02/2020, , ,INT DIV-RS 1.5 PER SH    
BE,VIDHIING,Vidhi Spl Food Ingred Ltd,21/02/2020, , ,18/02/2020, , ,INTERIM DIVIDEND         
BE,GAIL,GAIL (India) Limited,18/02/2020, , ,17/02/2020, , ,INTERIM DIVIDEND         
BE,BSOFT,BIRLASOFT LIMITED,10/02/2020, , ,07/02/2020, , ,INTERIM DIVIDEND         
BE,ORIENTELEC,Orient Electric Limited,07/02/2020, , ,06/02/2020, , ,INT DIV-RS 0.65 PER SHARE
BE,NAM-INDIA,Nippon L I A M Ltd,04/02/2020, , ,03/02/2020, , ,INT DIV-RS 3 PER SH      
BE,KPITTECH,KPIT Technologies Limited,18/02/2020, , ,17/02/2020, , ,INT DIV-RS 0.55 PER SH   
BZ,VALUEIND,Value Industries Limited, ,28/01/2020,04/02/2020,24/01/2020, , ,ANNUAL GENERAL MEETING   
BZ,PRATIBHA,Pratibha Industries Limit, ,03/02/2020,10/02/2020,30/01/2020, , ,ANNUAL GENERAL MEETING   
EQ,SRF,SRF Ltd.,11/02/2020, , ,10/02/2020, , ,INTERIM DIVIDEND         
EQ,DHAMPURSUG,Dhampur Sugar Mills Ltd,13/02/2020, , ,12/02/2020, , ,INTERIM DIVIDEND         
EQ,SIEMENS,Siemens Ltd, ,05/02/2020,11/02/2020,03/02/2020, , ,DIV-RS 7 PER SH          
EQ,AEGISCHEM,Aegis Logistics Ltd,10/02/2020, , ,07/02/2020, , ,INTERIM DIVIDEND         
EQ,GAIL,GAIL (India) Limited,18/02/2020, , ,17/02/2020, , ,INTERIM DIVIDEND         
EQ,BEL,Bharat Electronics Ltd,12/02/2020, , ,11/02/2020, , ,INT DIV-RS 1.40 PER SH   
EQ,ALOKTEXT,Alok Industries Limited,03/02/2020, , , , , ,CAPITAL REDUCTION        
EQ,SHREECEM,SHREE CEMENT LIMITED,25/02/2020, , ,24/02/2020, , ,INTERIM DIVIDEND         
EQ,TVSMOTOR,TVS Motor Company Limited,12/02/2020, , ,11/02/2020, , ,INTERIM DIVIDEND         
EQ,NTPC,NTPC Limited,17/02/2020, , ,14/02/2020, , ,INTERIM DIVIDEND         
EQ,ZENSARTECH,Zensar Technologies -Depo,07/02/2020, , ,06/02/2020, , ,INT DIV-RE 1 PER SH      
EQ,CCL,CCL Products (I) Ltd,07/02/2020, , ,06/02/2020, , ,INT DIV-RS 2 PER SH      
EQ,GODREJCP,Godrej Cons Products Ltd ,06/02/2020, , ,05/02/2020, , ,INT DIV-RS 2 PER SH      
EQ,NIITTECH,NIIT Technologies Limited,10/02/2020, , ,07/02/2020, , ,INT DIV-RS 10 PER SH     
EQ,PRATIBHA,Pratibha Industries Limit, ,03/02/2020,10/02/2020,30/01/2020, , ,ANNUAL GENERAL MEETING   
EQ,MARICO,Marico Limited,07/02/2020, , ,06/02/2020, , ,INT DIV-RS 3.25 PER SH   
EQ,KKCL,Kewal Kiran Clothing Limi,07/02/2020, , ,06/02/2020, , ,INT DIV-RS 15 PER SH     
EQ,CUMMINSIND,Cummins India Limited,10/02/2020, , ,07/02/2020, , ,INT DIV-RS 7 PER SH      
EQ,PAGEIND,Page Industries Limited,22/02/2020, , ,18/02/2020, , ,INTERIM DIVIDEND         
EQ,KPRMILL,K.P.R. Mill Limited,12/02/2020, , ,11/02/2020, , ,INTERIM DIVIDEND         
EQ,MOTILALOFS,Motilal Oswal Financial S,03/02/2020, , ,31/01/2020, , ,INT DIV-RS 4 PER SH      
EQ,SELAN,Selan Exploration Technol,15/02/2020, , ,13/02/2020, , ,INTERIM DIVIDEND         
EQ,TIDEWATER,Tide Water Oil Co. (India,25/02/2020, , ,24/02/2020, , ,INTERIM DIVIDEND         
EQ,BAJAJELEC,Bajaj Electricals Limited,06/02/2020, , ,05/02/2020, , ,RIGHTS 13:118@PRM RS308  
EQ,DLF,DLF Limited,13/02/2020, , ,12/02/2020, , ,INTERIM DIVIDEND         
EQ,ARROWTEX,Arrow Textiles Limited,07/02/2020, , , , , ,SCHEME OF AMALGAMATION   
EQ,VINATIORGA,Vinati Organics Limited,06/02/2020, , ,05/02/2020, , ,FV SPLT FRM RS 2 TO RS 1 
EQ,DBCORP,D.B.Corp Ltd,04/02/2020, , ,03/02/2020, , ,INT DIV-RS 3.5 PER SH    
EQ,ALKALI,Alkali Metals Limited,06/02/2020, , ,05/02/2020, , ,INT DIV-RS 1 PER SH      
EQ,RECLTD,Rural Electrification Cor,12/02/2020, , ,11/02/2020, , ,INTERIM DIVIDEND         
EQ,VALUEIND,Value Industries Limited, ,28/01/2020,04/02/2020,24/01/2020, , ,ANNUAL GENERAL MEETING   
EQ,RBL,Rane Brake Lining Limited,04/02/2020, , ,03/02/2020, , ,INT DIV-RS 6 PER SH      
EQ,PERSISTENT,Persistent Systems Ltd,07/02/2020, , ,06/02/2020, , ,INT DIV-RS 9 PER SH      
EQ,MANAPPURAM,Manappuram Finance Ltd,07/02/2020, , ,06/02/2020, , ,INT DIV-RS 0.55 PER SHARE
EQ,TI,Tilaknagar Industries Ltd,15/02/2020, , ,13/02/2020, , ,EGM                      
EQ,MAANALU,Maan Aluminium Limited,20/02/2020, , ,18/02/2020, , ,INTERIM DIVIDEND         
EQ,ACCELYA,Accelya Soln India Ltd,06/02/2020, , ,05/02/2020, , ,INT DIV-RS 10 PER SH     
EQ,BROOKS,Brooks Lab Limited,12/02/2020, , ,11/02/2020, , ,RIGHTS 9:20@PRM RS 10    
EQ,SYMPHONY,Symphony Limited,19/02/2020, , ,17/02/2020, , ,INTERIM DIVIDEND         
EQ,VAIBHAVGBL,Vaibhav Gems Limited,10/02/2020, , ,07/02/2020, , ,INT DIV-RS 7 PER SH      
EQ,DCMSHRIRAM,DCM Shriram Limited,07/02/2020, , ,06/02/2020, , ,INT DIV-RS 4.20 PER SH   
EQ,SHARDACROP,Sharda Cropchem Limited,03/02/2020, , ,31/01/2020, , ,INT DIV-RS 2 PER SH      
EQ,ALKEM,Alkem Laboratories Ltd.,15/02/2020, , ,13/02/2020, , ,INTERIM DIVIDEND         
EQ,SHRIPISTON,Shriram Pist. & Ring Ltd,06/02/2020, , ,05/02/2020, , ,INT DIV-RS 3 PER SH      
EQ,CONTROLPR,Control Print Limited,05/02/2020, , ,04/02/2020, , ,INT DIV-RS3.5 PER SH     
EQ,TCIEXP,TCI Express Limited,04/02/2020, , ,03/02/2020, , ,INT DIV-RS 1.5 PER SH    
EQ,VIDHIING,Vidhi Spl Food Ingred Ltd,21/02/2020, , ,18/02/2020, , ,INTERIM DIVIDEND         
EQ,ORIENTELEC,Orient Electric Limited,07/02/2020, , ,06/02/2020, , ,INT DIV-RS 0.65 PER SHARE
EQ,NAM-INDIA,Nippon L I A M Ltd,04/02/2020, , ,03/02/2020, , ,INT DIV-RS 3 PER SH      
EQ,KPITTECH,KPIT Technologies Limited,18/02/2020, , ,17/02/2020, , ,INT DIV-RS 0.55 PER SH   
EQ,BSOFT,BIRLASOFT LIMITED,10/02/2020, , ,07/02/2020, , ,INTERIM DIVIDEND         
EQ,SATIA,Satia Industries Limited,22/02/2020, , ,18/02/2020, , ,INTERIM DIVIDEND         
GS,824GS2027,GOI LOAN 8.24%2027,14/02/2020, , ,13/02/2020, , ,INTEREST PAYMENT         
GS,828GS2032,GOI LOAN 8.28%2032,14/02/2020, , ,13/02/2020, , ,INTEREST PAYMENT         
GS,795GS2032,GOI LOAN 7.95% 2032,28/02/2020, , ,27/02/2020, , ,INTEREST PAYMENT         
GS,587GS2022,GOI 5.87% 2022,28/02/2020, , ,27/02/2020, , ,INTEREST PAYMENT         
GS,75GS2034,GOI LOAN 7.50% 2034,07/02/2020, , ,06/02/2020, , ,INTEREST PAYMENT         
GS,82GS2022,GOI LOAN 8.20%2022,14/02/2020, , ,13/02/2020, , ,INTEREST PAYMENT         
IV,IRBINVIT,IRB InvIT Fund,13/02/2020, , ,12/02/2020, , ,DISTRIBUTION             
M2,L&TFINANCE,L,10/02/2020, , ,03/02/2020,03/02/2020,07/02/2020,INTEREST PAYMENT         
M3,L&TFINANCE,L,10/02/2020, , ,03/02/2020,03/02/2020,07/02/2020,INTEREST PAYMENT         
M5,SREINFRA,Sec Red NCD 8.88% Sr. III,11/02/2020, , ,04/02/2020,04/02/2020,10/02/2020,INT PAYMENT/REDEMPTION   
M6,L&TFINANCE,L,10/02/2020, , ,03/02/2020,03/02/2020,07/02/2020,INTEREST PAYMENT         
M6,SREINFRA,Sec Red NCD 9.25% Sr. IV,12/02/2020, , ,05/02/2020,05/02/2020,11/02/2020,INT PAYMENT/REDEMPTION   
M7,L&TFINANCE,L,10/02/2020, , ,03/02/2020,03/02/2020,07/02/2020,INTEREST PAYMENT         
M7,SREINFRA,Sec Red NCD Sr. V,12/02/2020, , ,05/02/2020,05/02/2020,11/02/2020,REDEMPTION               
MB,SRTRANSFIN,BOND 9.71% PA SRN S-V,14/02/2020, , ,13/02/2020, , ,INTEREST PAYMENT         
MF,UFIMIPRRII,UTI-FIIF - MIP - II - RDR,05/02/2020, , , , , ,DIV/STP                  
MF,UFIMIPRPII,UTI-FIIF - MIP - II - RDP,05/02/2020, , , , , ,DIV/STP                  
MF,UFDMIPIPII,UTIAMC - UFDMIPIPII,05/02/2020, , , , , ,DIV/STP                  
MF,UFDMIPIGII,UTIAMC - UFDMIPIGII,05/02/2020, , , , , ,STP                      
MF,UFDS2QPIP5,UTIAMC - UFDS2QPIP5,17/02/2020, , , , , ,DIV/STP                  
MF,UFDS2QPIG5,UTIAMC - UFDS2QPIG5,17/02/2020, , , , , ,STP                      
MF,UTFDMIPIGI,UTIAMC - UTFDMIPIGI,24/02/2020, , , , , ,STP                      
MF,UTFDMIPIPI,UTIAMC - UTFDMIPIPI,24/02/2020, , , , , ,DIV/STP                  
MF,UFIMIPRGII,UTI-FIIF - MIP - II - RG,05/02/2020, , , , , ,STP                      
MF,UFIS2QPRP5,UTI-FIIF II-QIP- V-RDP,17/02/2020, , , , , ,DIV/STP                  
MF,UFIS2QPRR5,UTI-FIIF II-QIP- V-RDR,17/02/2020, , , , , ,DIV/STP                  
MF,UFIS2QPRG5,UTI-FIIF II-QIP- V-RG,17/02/2020, , , , , ,STP                      
MF,UTFIMIPRPI,UTI-FIIF - MIP - I - RDP,24/02/2020, , , , , ,DIV/STP                  
MF,UTFIMIPRRI,UTI-FIIF - MIP - I - RDR,24/02/2020, , , , , ,DIV/STP                  
MF,UTCPOR8GR1,UTIAMC - UTCPOR8GR1,18/02/2020, , , , , ,REDEMPTION               
MF,UTCPOR8DP1,UTIAMC - UTCPOR8DP1,18/02/2020, , , , , ,DIV/REDEMPTION           
MF,UTCPOD8GR1,UTIAMC - UTCPOD8GR1,18/02/2020, , , , , ,REDEMPTION               
MF,UTCPOD8DP1,UTIAMC - UTCPOD8DP1,18/02/2020, , , , , ,DIV/REDEMPTION           
MF,UTFIMIPIPI,UTI-FIIF - MIP - I - IDP,24/02/2020, , , , , ,DIV/STP                  
MF,UTFIMIPRGI,UTI-FIIF - MIP - I - RG,24/02/2020, , , , , ,STP                      
MH,SRTRANSFIN,Sec Red NCD 8.93% Sr. I,25/02/2020, , ,14/02/2020,14/02/2020,24/02/2020,INTEREST PAYMENT         
MI,SRTRANSFIN,Sec Red NCD 9.03% Sr. II,25/02/2020, , ,14/02/2020,14/02/2020,24/02/2020,INTEREST PAYMENT         
MO,SRTRANSFIN,Sec Red NCD 9.12% Sr. I,15/02/2020, , ,13/02/2020, , ,INTEREST PAYMENT         
MP,SRTRANSFIN,Sec Red NCD 9.30% Sr. II,15/02/2020, , ,13/02/2020, , ,INTEREST PAYMENT         
MV,SRTRANSFIN,Shriram Transport Finance,14/02/2020, , ,13/02/2020, , ,INTEREST PAYMENT         
MW,SRTRANSFIN,Shriram Transport Finance,14/02/2020, , ,13/02/2020, , ,INTEREST PAYMENT         
N1,ICFL,Indiabulls Consumer Finan,22/02/2020, , ,18/02/2020, , ,INTEREST PAYMENT         
N1,ERFLNCDI,Sec Red NCD 8.42% Sr. I,14/02/2020, , ,13/02/2020, , ,INTEREST PAYMENT         
N3,ICFL,Indiabulls Consumer Finan,22/02/2020, , ,18/02/2020, , ,INTEREST PAYMENT         
N3,ERFLNCDI,Sec Red NCD 8.65% Sr. III,14/02/2020, , ,13/02/2020, , ,INTEREST PAYMENT         
N4,ICFL,Indiabulls Consumer Finan,22/02/2020, , ,18/02/2020, , ,INTEREST PAYMENT         
N5,ECLFINANCE,ECL NCD 12% Opt I,14/02/2020, , ,13/02/2020, , ,INTEREST PAYMENT         
N5,ERFLNCDI,Sec Red NCD 8.88% Sr. V,14/02/2020, , ,13/02/2020, , ,INTEREST PAYMENT         
N6,ICFL,Indiabulls Consumer Finan,22/02/2020, , ,18/02/2020, , ,INTEREST PAYMENT         
N7,ICFL,Indiabulls Consumer Finan,22/02/2020, , ,18/02/2020, , ,INTEREST PAYMENT         
N7,IBUCCREDIT,SeReNCD8.66%SrIVCIII&IV,10/02/2020, , ,07/02/2020, , ,INTEREST PAYMENT         
N8,IBULHSGFIN,Sec Red NCD 8.65% Sr. V,15/02/2020, , ,13/02/2020, , ,INTEREST PAYMENT         
NA,IBUCCREDIT,SeReNCD8.75%SrVICI&II,10/02/2020, , ,07/02/2020, , ,INTEREST PAYMENT         
NB,ECLFINANCE,ECL NCD 10.15% Opt IV,14/02/2020, , ,13/02/2020, , ,INT PAYMENT/REDEMPTION   
NB,IBUCCREDIT,SeReNCD8.84%SrVICIII&IV,10/02/2020, , ,07/02/2020, , ,INTEREST PAYMENT         
NC,ECLFINANCE,ECL NCD 10.60 % Opt V,14/02/2020, , ,13/02/2020, , ,INT PAYMENT/REDEMPTION   
NC,ICFL,Indiabulls Consumer Finan,12/02/2020, , ,11/02/2020, , ,INTEREST PAYMENT         
NC,IBULHSGFIN,Uns Red NCD 8.79% Sr.VIII,15/02/2020, , ,13/02/2020, , ,INTEREST PAYMENT         
ND,ECLFINANCE,ECL NCD Opt VI,14/02/2020, , ,13/02/2020, , ,INT PAYMENT/REDEMPTION   
NF,IIFLFIN,India Infoline Finance Li,20/02/2020, , ,18/02/2020, , ,INTEREST PAYMENT         
NF,ICFL,Indiabulls Consumer Finan,12/02/2020, , ,11/02/2020, , ,INTEREST PAYMENT         
NG,ECLFINANCE,Sec Red NCD 9.25% Sr. III,14/02/2020, , ,13/02/2020, , ,INTEREST PAYMENT         
NH,IIFLFIN,India Infoline Finance Li,20/02/2020, , ,18/02/2020, , ,INTEREST PAYMENT         
NJ,ECLFINANCE,Sec Red NCD 9.43% Sr. VI,14/02/2020, , ,13/02/2020, , ,INTEREST PAYMENT         
NL,ICFL,Sec Red NCD 9.81% Sr. IV,20/02/2020, , ,18/02/2020, , ,INTEREST PAYMENT         
NN,IIFLFIN,UnSec Red NCD 10% Sr. V,14/02/2020, , ,13/02/2020, , ,INTEREST PAYMENT         
NO,ICFL,Sec Red NCD 10.04% Sr.VII,20/02/2020, , ,18/02/2020, , ,INTEREST PAYMENT         
NO,ECLFINANCE,ECL Finance Limited,14/02/2020, , ,13/02/2020, , ,INTEREST PAYMENT         
NO,SREIBNPNCD,Uns Red NCD 9.25% Sr. I,15/02/2020, , ,13/02/2020, , ,INTEREST PAYMENT         
NP,L&TFINANCE,Se Re NCD 8.48% Sr.IV OpI,03/02/2020, , ,31/01/2020, , ,INTEREST PAYMENT         
NQ,L&TFINANCE,SeReNCD 8.66% Sr.IV OpII,03/02/2020, , ,31/01/2020, , ,INTEREST PAYMENT         
NR,SREIBNPNCD,Uns Red NCD 9.35% Sr. IV,15/02/2020, , ,13/02/2020, , ,INTEREST PAYMENT         
NR,ECLFINANCE,ECL Finance Limited,14/02/2020, , ,13/02/2020, , ,INTEREST PAYMENT         
NU,SREIBNPNCD,Uns Red NCD 9.50% Sr. VII,15/02/2020, , ,13/02/2020, , ,INTEREST PAYMENT         
NV,L&TFINANCE,SeReNCD 8.52% Sr.VII OpI,03/02/2020, , ,31/01/2020, , ,INTEREST PAYMENT         
NW,L&TFINANCE,SeReNCD 8.70% Sr.VII OpII,03/02/2020, , ,31/01/2020, , ,INTEREST PAYMENT         
RR,EMBASSY,Embassy Office Parks REIT,24/02/2020, , ,20/02/2020, , ,DISTRIBUTION             
RT,EMBASSY,Embassy Office Parks REIT,24/02/2020, , ,20/02/2020, , ,DISTRIBUTION             
U1,ICFL,Indiabulls Consumer Finan,22/02/2020, , ,18/02/2020, , ,INTEREST PAYMENT         
U1,ERFLNCDI,Sec Red NCD 8.42% Sr. I,14/02/2020, , ,13/02/2020, , ,INTEREST PAYMENT         
U3,ERFLNCDI,Sec Red NCD 8.65% Sr. III,14/02/2020, , ,13/02/2020, , ,INTEREST PAYMENT         
U3,ICFL,Indiabulls Consumer Finan,22/02/2020, , ,18/02/2020, , ,INTEREST PAYMENT         
U4,ICFL,Indiabulls Consumer Finan,22/02/2020, , ,18/02/2020, , ,INTEREST PAYMENT         
U5,ECLFINANCE,ECL NCD 12% Opt I,14/02/2020, , ,13/02/2020, , ,INTEREST PAYMENT         
U5,ERFLNCDI,Sec Red NCD 8.88% Sr. V,14/02/2020, , ,13/02/2020, , ,INTEREST PAYMENT         
U6,ICFL,Indiabulls Consumer Finan,22/02/2020, , ,18/02/2020, , ,INTEREST PAYMENT         
U7,IBUCCREDIT,SeReNCD8.66%SrIVCIII&IV,10/02/2020, , ,07/02/2020, , ,INTEREST PAYMENT         
U7,ICFL,Indiabulls Consumer Finan,22/02/2020, , ,18/02/2020, , ,INTEREST PAYMENT         
U8,IBULHSGFIN,Sec Red NCD 8.65% Sr. V,15/02/2020, , ,13/02/2020, , ,INTEREST PAYMENT         
UA,IBUCCREDIT,SeReNCD8.75%SrVICI&II,10/02/2020, , ,07/02/2020, , ,INTEREST PAYMENT         
UB,ECLFINANCE,ECL NCD 10.15% Opt IV,14/02/2020, , ,13/02/2020, , ,INT PAYMENT/REDEMPTION   
UB,IBUCCREDIT,SeReNCD8.84%SrVICIII&IV,10/02/2020, , ,07/02/2020, , ,INTEREST PAYMENT         
UC,ECLFINANCE,ECL NCD 10.60 % Opt V,14/02/2020, , ,13/02/2020, , ,INT PAYMENT/REDEMPTION   
UC,ICFL,Indiabulls Consumer Finan,12/02/2020, , ,11/02/2020, , ,INTEREST PAYMENT         
UC,IBULHSGFIN,Uns Red NCD 8.79% Sr.VIII,15/02/2020, , ,13/02/2020, , ,INTEREST PAYMENT         
UD,ECLFINANCE,ECL NCD Opt VI,14/02/2020, , ,13/02/2020, , ,INT PAYMENT/REDEMPTION   
UF,IIFLFIN,India Infoline Finance Li,20/02/2020, , ,18/02/2020, , ,INTEREST PAYMENT         
UF,ICFL,Indiabulls Consumer Finan,12/02/2020, , ,11/02/2020, , ,INTEREST PAYMENT         
UG,ECLFINANCE,Sec Red NCD 9.25% Sr. III,14/02/2020, , ,13/02/2020, , ,INTEREST PAYMENT         
UH,IIFLFIN,India Infoline Finance Li,20/02/2020, , ,18/02/2020, , ,INTEREST PAYMENT         
UJ,ECLFINANCE,Sec Red NCD 9.43% Sr. VI,14/02/2020, , ,13/02/2020, , ,INTEREST PAYMENT         
UL,ICFL,Sec Red NCD 9.81% Sr. IV,20/02/2020, , ,18/02/2020, , ,INTEREST PAYMENT         
UN,IIFLFIN,UnSec Red NCD 10% Sr. V,14/02/2020, , ,13/02/2020, , ,INTEREST PAYMENT         
UO,ECLFINANCE,ECL Finance Limited,14/02/2020, , ,13/02/2020, , ,INTEREST PAYMENT         
UO,SREIBNPNCD,Uns Red NCD 9.25% Sr. I,15/02/2020, , ,13/02/2020, , ,INTEREST PAYMENT         
UO,ICFL,Sec Red NCD 10.04% Sr.VII,20/02/2020, , ,18/02/2020, , ,INTEREST PAYMENT         
UP,L&TFINANCE,Se Re NCD 8.48% Sr.IV OpI,03/02/2020, , ,31/01/2020, , ,INTEREST PAYMENT         
UQ,L&TFINANCE,SeReNCD 8.66% Sr.IV OpII,03/02/2020, , ,31/01/2020, , ,INTEREST PAYMENT         
UR,SREIBNPNCD,Uns Red NCD 9.35% Sr. IV,15/02/2020, , ,13/02/2020, , ,INTEREST PAYMENT         
UR,ECLFINANCE,ECL Finance Limited,14/02/2020, , ,13/02/2020, , ,INTEREST PAYMENT         
UU,SREIBNPNCD,Uns Red NCD 9.50% Sr. VII,15/02/2020, , ,13/02/2020, , ,INTEREST PAYMENT         
UV,L&TFINANCE,SeReNCD 8.52% Sr.VII OpI,03/02/2020, , ,31/01/2020, , ,INTEREST PAYMENT         
UW,L&TFINANCE,SeReNCD 8.70% Sr.VII OpII,03/02/2020, , ,31/01/2020, , ,INTEREST PAYMENT         
Y2,L&TFINANCE,L,10/02/2020, , ,07/02/2020, , ,INTEREST PAYMENT         
Y3,L&TFINANCE,L,10/02/2020, , ,07/02/2020, , ,INTEREST PAYMENT         
Y5,SREINFRA,Sec Red NCD 8.88% Sr. III,11/02/2020, , ,10/02/2020, , ,INT PAYMENT/REDEMPTION   
Y6,SREINFRA,Sec Red NCD 9.25% Sr. IV,12/02/2020, , ,11/02/2020, , ,INT PAYMENT/REDEMPTION   
Y6,L&TFINANCE,L,10/02/2020, , ,07/02/2020, , ,INTEREST PAYMENT         
Y7,SREINFRA,Sec Red NCD Sr. V,12/02/2020, , ,11/02/2020, , ,REDEMPTION               
Y7,L&TFINANCE,L,10/02/2020, , ,07/02/2020, , ,INTEREST PAYMENT         
YB,SRTRANSFIN,BOND 9.71% PA SRN S-V,14/02/2020, , ,13/02/2020, , ,INTEREST PAYMENT         
YH,SRTRANSFIN,Sec Red NCD 8.93% Sr. I,25/02/2020, , ,24/02/2020, , ,INTEREST PAYMENT         
YI,SRTRANSFIN,Sec Red NCD 9.03% Sr. II,25/02/2020, , ,24/02/2020, , ,INTEREST PAYMENT         
YO,SRTRANSFIN,Sec Red NCD 9.12% Sr. I,15/02/2020, , ,13/02/2020, , ,INTEREST PAYMENT         
YP,SRTRANSFIN,Sec Red NCD 9.30% Sr. II,15/02/2020, , ,13/02/2020, , ,INTEREST PAYMENT         
YV,SRTRANSFIN,Shriram Transport Finance,14/02/2020, , ,13/02/2020, , ,INTEREST PAYMENT         
YW,SRTRANSFIN,Shriram Transport Finance,14/02/2020, , ,13/02/2020, , ,INTEREST PAYMENT         
Z3,SRTRANSFIN,Sec Red NCD 9.12% Sr.I,14/02/2020, , ,13/02/2020, , ,INTEREST PAYMENT         
Z4,SRTRANSFIN,Sec Red NCD 9.22% Sr.II,14/02/2020, , ,13/02/2020, , ,INTEREST PAYMENT         
Z5,SRTRANSFIN,Sec Red NCD 9.31% Sr.III,14/02/2020, , ,13/02/2020, , ,INTEREST PAYMENT         

