SYMBOL,SERIES,SECURITY,HIGH/LOW,INDEX FLAG
3PLAND,EQ,3P LAND HOLDINGS LIMITED,H
74GS2035,GS,GOI LOAN 7.40% 2035,H
ADROITINFO,BE,ADROIT INFOTECH LIMITED,H
AGCNET,EQ,AGC NETWORKS LIMITED,H
ALPSINDUS,BE,ALPS INDUSTRIES LTD.,H
ANDHRACEMT,EQ,ANDHRA CEMENTS LIMITED,H
ANKITMETAL,BE,ANKIT MET & POW LTD,H
ANTGRAPHIC,BE,ANTARCTICA LTD,H
ARCOTECH,BE,ARCOTECH LIMITED,H
BAGFILMS,BE,B.A.G FILMS AND MEDIA LTD,H
BARTRONICS,BE,BARTRONICS INDIA LIMITED,H
BCG,BE,BRIGHTCOM GROUP LIMITED,H
BGLOBAL,BE,BHARATIYA GLOBAL INFO LTD,H
BHARATGEAR,BE,BHARAT GEARS LTD,H
BILENERGY,EQ,BIL ENERGY SYSTEMS LTD,H
BRFL,EQ,BOMBAY RAYON FASHIONS LTD,H
BURNPUR,EQ,BURNPUR CEMENT LTD.,H
CASTEXTECH,BE,CASTEX TECHNOLOGIES LTD.,H
CCHHL,BE,COUNTRY CLUB HOSP HOL LTD,H
CELESTIAL,BE,CELESTIAL BIOLABS LTD,H
CEREBRAINT,BE,CEREBRA INT TECH LTD,H
CMMIPL,SM,CMM INFRAPROJECTS LIMITED,H
CONTI,SM,CONTINENTAL SEED CHEM LTD,H
DCM,EQ,DCM LTD,H
DHARSUGAR,EQ,DHARANI SUGARS & CHEMICAL,H
DNAMEDIA,BE,DILIGENT MEDIA CORP LTD.,H
EDUCOMP,BZ,EDUCOMP SOLUTIONS LTD,H
ENERGYDEV,EQ,ENERGY DEVE. CO.LTD,H
EUROCERA,BZ,EURO CERAMICS LTD.,H
EUROMULTI,BE,EURO MULTIVISION LTD,H
EXCEL,BE,EXCEL REALTY N INFRA LTD,H
FCSSOFT,EQ,FCS SOFTWARE SOLN. LTD.,H
GAL,EQ,GYSCOAL ALLOYS LTD,H
GAMMNINFRA,BE,GAMMON INFRA PROJ LTD.,H
GLFL,BE,GUJARAT LEASE FINANCING L,H
GODHA,SM,GODHA CABCON INSULAT LTD,H
GOENKA,BZ,GOENKA DIAMOND&JEWELS LTD,H
GREENPOWER,BE,ORIENT GREEN POWER CO LTD,H
GSS,EQ,GSS INFOTECH LIMITED,H
GTL,EQ,GTL LTD,H
GTLINFRA,EQ,GTL INFRA.LTD,H
GUJRAFFIA,BE,GUJARAT RAFFIA INDUST LTD,H
HDIL,BE,HOUSING DEV & INFRA LTD,H
IITL,EQ,INDUSTRIAL INV TRUST LTD,H
IL&FSTRANS,BZ,IL&FS TRANS NET LTD,H
INDLMETER,BE,IMP POWERS LTD,H
INDOSOLAR,BZ,INDOSOLAR LIMITED,H
JALAN,SM,JALAN TRANSOLU. INDIA LTD,H
JAYNECOIND,EQ,JAYASWAL NECO INDUSTR LTD,H
JBFIND,EQ,JBF INDUSTRIES LTD,H
JIKIND,BE,JIK INDUSTRIES LTD,H
JISLDVREQS,EQ,JAIN DVR EQUITY SHARES,H
JISLJALEQS,EQ,JAIN IRRIGATION SYSTEMS,H
JMTAUTOLTD,EQ,JMT AUTO LIMITED,H
JPASSOCIAT,EQ,JAIPRAKASH ASSOCIATES LTD,H
JPINFRATEC,EQ,JAYPEE INFRATECH LTD,H
JPPOWER,EQ,JAIPRAKASH POWER VEN. LTD,H
JVLAGRO,BZ,JVL AGRO INDUSTRIES LTD,H
KAKATCEM,EQ,KAKATIYA CEM SUGAR &IND L,H
KANANIIND,BE,KANANI INDUSTRIES LTD,H
KECL,EQ,KIRLOSKAR ELECTRIC CO LTD,H
KEYFINSERV,EQ,KEYNOTE FIN SERV LTD.,H
KGL,BZ,KARUTURI GLOBAL LIMITED,H
KRIDHANINF,BE,KRIDHAN INFRA LIMITED,H
KSERASERA,BE,KSS LIMITED,H
KSK,BE,KSK ENERGY VENTURES LTD,H
KWALITY,BE,KWALITY LIMITED,H
LGBFORGE,BE,LGB FORGE LIMITED,H
LYPSAGEMS,BE,LYPSA GEMS & JEWEL LTD,H
MADHUCON,EQ,MADHUCON PROJECTS LTD.,H
MANAKCOAT,EQ,MAN COAT METAL & IND LTD,H
MELSTAR,BE,MELSTAR INFORMATION TECH,H
MERCATOR,EQ,MERCATOR LIMITED,H
METALFORGE,EQ,METALYST FORGINGS LIMITED,H
METKORE,BZ,METKORE ALLOYS & IND LTD,H
MIC,BE,MIC ELECTRONICS LIMITED,H
MSPL,EQ,MSP STEEL & POWER LTD.,H
MTEDUCARE,EQ,MT EDUCARE LTD,H
MTNL,EQ,MAHANAGAR TELEPHONE NIGAM,H
NAGAFERT,BE,NAGARJUN FERT AND CHE LTD,H
NEXTMEDIA,EQ,NEXT MEDIAWORKS LIMITED,H
NILASPACES,EQ,NILA SPACES LIMITED,H
NKIND,EQ,NK INDUSTRIES LTD,H
NTL,BE,NEUEON TOWERS LIMITED,H
OISL,EQ,OCL IRON AND STEEL LTD,H
OMKARCHEM,EQ,OMKAR SPL CHEM LTD,H
ONELIFECAP,EQ,ONELIFE CAP ADVISORS LTD,H
ONEPOINT,EQ,ONE POINT ONE SOL LTD,H
ORTEL,BZ,ORTEL COMMUNICATIONS LTD,H
PARSVNATH,BE,PARSVNATH DEVELOPER LTD,H
PETRONENGG,BE,PETRON ENGG CONSTRUCT LTD,H
PKTEA,BE,THE P K TEA PROD CO LTD,H
PROLIFE,SM,PROLIFE INDUSTRIES LTD,H
PUSHPREALM,SM,PUSHPA REAL AND INFRA LTD,H
RAJRAYON,BZ,RAJ RAYON INDUSTRIES LTD,H
RMDRIP,SM,R M DRIP & SPRINK SYS LTD,H
ROLTA,BE,ROLTA INDIA - DEP SETT,H
RTNINFRA,BE,RATTANINDIA INFRA LIMITED,H
RTNPOWER,EQ,RATTANINDIA POWER LIMITED,H
RUCHI,BE,RUCHI SOYA INDUSTRIES LTD,H
SALSTEEL,BE,S.A.L. STEEL LTD.,H
SANWARIA,EQ,SANWARIA CONSUMER LIMITED,H
SARVESHWAR,SM,SARVESHWAR FOODS LIMITED,H
SCAPDVR,EQ,STAMPEDE CAPITAL LIMITED,H
SECURCRED,SM,SECUR CREDENTIALS LIMITED,H
SELMCL,BE,SEL MANU. CO. LTD.,H
SETUINFRA,EQ,SETUBANDHAN INFRA LTD,H
SHAHALLOYS,EQ,SHAH ALLOYS LIMITED,H
SHAKTIPUMP,EQ,SHAKTI PUMPS (I) LTD,H
SHREERAMA,EQ,SHREE RAMA MULTI TECH LTD,H
SHRIRAMEPC,EQ,SHRIRAM EPC LTD.,H
SHUBHLAXMI,SM,SHUBHLAXMI JEWEL ART LTD,H
SIMPLEXINF,EQ,SIMPLEX INFRASTRUCTURES L,H
SINTEX,BE,SINTEX INDUSTRIES LTD,H
SIRCA,BE,SIRCA PAINT INDIA LIMITED,H
SITINET,BE,SITI NETWORKS LIMITED,H
SPENTEX,BE,SPENTEX IND. LTD,H
SPTL,BE,SINTEX PLASTICS TECH LTD,H
SPYL,BE,SHEKHAWATI POLY-YARN LTD.,H
STAMPEDE,BE,STAMPEDE CAPITAL LTD,H
SUJANAUNI,BE,SUJANA UNI. INDS. LTD.,H
SUMEETINDS,BE,SUMEET IND LIMITED,H
SUMIT,BE,SUMIT WOODS LIMITED,H
SUPERSPIN,BE,SUPER SPINNING MILLS LTD,H
SURANASOL,BE,SURANA SOLAR LIMITED,H
SUVEN,BE,SUVEN LIFE SCIENCES LTD,H
SUZLON,EQ,SUZLON ENERGY LIMITED,H
TANTIACONS,BE,TANTIA CONST LTD,H
THIRUSUGAR,BZ,THIRU AROORAN SUGARS LTD,H
TMRVL,EQ,THE MANDHANA RET VENT LTD,H
TRANSWIND,SM,TRANSWIND INFRA LIMITED,H
UJAAS,EQ,UJAAS ENERGY LIMITED,H
UNIPLY,EQ,UNIPLY INDUSTRIES LIMITED,H
UNITECH,BE,UNITECH LIMITED,H
UNITY,BZ,UNITY INFRAPROJECTS LTD,H
UVSL,EQ,UTTAM VALUE STEELS LTD,H
VAISHALI,EQ,VAISHALI PHARMA LIMITED,H
VASWANI,EQ,VASWANI IND LTD,H
VICEROY,BE,VICEROY HOTELS LIMITED,H
VIDEOIND,BZ,VIDEOCON INDUSTRIES LIMIT,H
VIJIFIN,EQ,VIJI FINANCE LIMITED,H
VIKASPROP,EQ,VIKAS PROP & GRANITE LTD,H
VISESHINFO,BE,VISESH INFOTECNICS LTD,H
ZEELEARN,EQ,ZEE LEARN LIMITED,H
AARVI,SM,AARVI ENCON LIMITED,L
ABINFRA,SM,A B INFRABUILD LIMITED,L
ADLABS,BE,ADLABS ENTERTAINMENT LTD.,L
AGROPHOS,EQ,AGRO PHOS INDIA LIMITED,L
ALANKIT,EQ,ALANKIT LIMITED,L
ALCHEM,BE,ALCHEMIST LTD,L
ALPSINDUS,BE,ALPS INDUSTRIES LTD.,L
ANIKINDS,BE,ANIK INDUSTRIES LTD,L
ANSALAPI,EQ,ANSAL PROP & INFRA LTD,L
ANSALHSG,BE,ANSAL HOUSING LIMITED,L
ANTGRAPHIC,BE,ANTARCTICA LTD,L
ARCHIES,EQ,ARCHIES LTD,L
ARCOTECH,BE,ARCOTECH LIMITED,L
ARROWTEX,BE,ARROW TEXTILES LIMITED,L
ASTRON,EQ,ASTRON PAPER BORD MIL LTD,L
ATLANTA,EQ,ATLANTA LIMITED,L
ATLASCYCLE,BE,ATLAS CYCLE (HARYANA) LTD,L
AUSOMENT,BE,AUSOM ENTERPRISE LIMITED,L
AXISCADES,BE,AXISCADES ENGG TECH LTD,L
BAGFILMS,BE,B.A.G FILMS AND MEDIA LTD,L
BALKRISHNA,BE,BALKRISHNA PAPER MILLS L,L
BALLARPUR,BE,BALLARPUR INDUSTRIES LTD,L
BARTRONICS,BE,BARTRONICS INDIA LIMITED,L
BCG,BE,BRIGHTCOM GROUP LIMITED,L
BEDMUTHA,BE,BEDMUTHA INDUST LTD,L
BFUTILITIE,EQ,BF UTILITIES LIMITED,L
BGLOBAL,BE,BHARATIYA GLOBAL INFO LTD,L
BIGBLOC,BE,BIGBLOC CONSTRUCTION LTD,L
BILENERGY,EQ,BIL ENERGY SYSTEMS LTD,L
BRIGHT,SM,BRIGHT SOLAR LIMITED,L
BURNPUR,EQ,BURNPUR CEMENT LTD.,L
BVCL,BE,BARAK VALLEY CEM. LTD.,L
CALSOFT,EQ,CALIFORNIA SOFTWARE CO LT,L
CANDC,BZ,C&C CONST. LTD,L
CELEBRITY,EQ,CELEBRITY FASHIONS LTD,L
CELESTIAL,BE,CELESTIAL BIOLABS LTD,L
CEREBRAINT,BE,CEREBRA INT TECH LTD,L
CGPOWER,BZ,CG POWER AND IND SOL LTD,L
CKFSL,EQ,COX & KINGS FIN SERV LTD,L
COFFEEDAY,BZ,COFFEE DAY ENTERPRISE LTD,L
COMPINFO,EQ,COMPUAGE INFOCOM LTD,L
COUNCODOS,EQ,COUNTRY CONDO'S LIMITED,L
COX&KINGS,BZ,COX & KINGS LIMITED,L
CURATECH,BE,CURA TECHNOLOGIES LTD,L
DGCONTENT,BE,DIGICONTENT LIMITED,L
DHFL,EQ,DEWAN HOUSING FIN CORP LT,L
DIAPOWER,BZ,DIAMOND POWER INFRA LTD,L
DIGISPICE,EQ,DIGISPICE TECHNOLOGIES LT,L
DIGJAMLTD,BZ,DIGJAM LIMITED,L
DQE,EQ,DQ ENTERTAINMENT INT LTD,L
DUCON,EQ,DUCON INFRATECHNOLOGIES L,L
DWARKESH,EQ,DWARIKESH SUGAR IND LTD,L
E2E,SM,E2E NETWORKS LIMITED,L
EASTSILK,BE,EASTERN SILK INDUSTRIES L,L
EASUNREYRL,BZ,EASUN REYROLLE LTD,L
EDUCOMP,BZ,EDUCOMP SOLUTIONS LTD,L
EMAMIPAP,EQ,EMAMI PAPER MILLS LIMITED,L
EMAMIREAL,BE,EMAMI REALTY LIMITED,L
EMCO,BZ,EMCO LIMITED,L
ENERGYDEV,EQ,ENERGY DEVE. CO.LTD,L
EON,EQ,EON ELECTRIC LIMITED,L
EROSMEDIA,EQ,EROS INTL MEDIA LTD,L
EUROMULTI,BE,EURO MULTIVISION LTD,L
EXCEL,BE,EXCEL REALTY N INFRA LTD,L
FCSSOFT,EQ,FCS SOFTWARE SOLN. LTD.,L
FLEXITUFF,BE,FLEXITUFF VENTURES INT L,L
GAMMNINFRA,BE,GAMMON INFRA PROJ LTD.,L
GANGOTRI,BZ,GANGOTRI TEXTILES LTD.,L
GAYAHWS,BE,GAYATRI HIGHWAYS LIMITED,L
GAYAPROJ,EQ,GAYATRI PROJECTS LTD,L
GENUSPAPER,EQ,GENUS P&B LIMITED,L
GFLLIMITED,EQ,GFL LIMITED,L
GLFL,BE,GUJARAT LEASE FINANCING L,L
GOACARBON,BE,GOA CARBON LIMITED,L
GREENPANEL,EQ,GREENPANEL INDUSTRIES LTD,L
GREENPOWER,BE,ORIENT GREEN POWER CO LTD,L
GROBTEA,BE,THE GROB TEA COMPANY LTD,L
GTL,EQ,GTL LTD,L
GTNIND,BE,GTN INDUSTRIES LIMITED,L
GULPOLY,EQ,GULSHAN POLYOLS LIMITED,L
HCC,EQ,HINDUSTAN CONSTRUCTION CO,L
HCL-INSYS,EQ,HCL INFOSYSTEMS LTD,L
HEXATRADEX,BE,HEXA TRADEX LIMITED,L
HMT,BZ,HMT LTD -,L
IBREALEST,EQ,INDIABULLS REAL EST. LTD,L
IBULISL,EQ,INDIABULLS INTEGR SER LTD,L
IBVENTURES,EQ,INDIABULLS VENTURES LTD,L
IIFLSEC,EQ,IIFL SECURITIES LIMITED,L
IL&FSENGG,BZ,IL&FS ENG AND CONS CO LTD,L
IL&FSTRANS,BZ,IL&FS TRANS NET LTD,L
IMPEXFERRO,BE,IMPEX FERRO TECH LIMITED,L
INDOSOLAR,BZ,INDOSOLAR LIMITED,L
INDOWIND,BE,INDOWIND ENERGY LTD,L
INDSWFTLTD,EQ,IND-SWIFT LIMITED,L
ISFT,EQ,INTRASOFT TECH. LTD,L
ITDCEM,EQ,ITD CEMENTATION INDIA LTD,L
JAINSTUDIO,BE,JAIN STUDIOS LIMITED,L
JETAIRWAYS,BZ,JET AIRWAYS (INDIA) LTD.,L
JETFREIGHT,SM,JET FREIGHT LOGISTICS LTD,L
JIYAECO,EQ,JIYA ECO-PRODUCTS LTD,L
JMTAUTOLTD,EQ,JMT AUTO LIMITED,L
JPASSOCIAT,EQ,JAIPRAKASH ASSOCIATES LTD,L
JPINFRATEC,EQ,JAYPEE INFRATECH LTD,L
JPPOWER,EQ,JAIPRAKASH POWER VEN. LTD,L
JUBLINDS,BE,JUBILANT INDUSTRIES LTD,L
KAKATCEM,EQ,KAKATIYA CEM SUGAR &IND L,L
KAUSHALYA,BE,KAUSHALYA INFRA DEV LTD.,L
KERNEX,BE,KERNEX MICROSYS(I) LTD,L
KHAITANLTD,BE,KHAITAN (INDIA)LTD.,L
KRIDHANINF,BE,KRIDHAN INFRA LIMITED,L
KWALITY,BE,KWALITY LIMITED,L
LASA,BE,LASA SUPERGENERICS LTD,L
LEXUS,SM,LEXUS GRANITO (INDIA) LTD,L
LGBFORGE,BE,LGB FORGE LIMITED,L
LPDC,EQ,LANDMARK PR.DEV.CO.LTD,L
LYPSAGEMS,BE,LYPSA GEMS & JEWEL LTD,L
MADHUCON,EQ,MADHUCON PROJECTS LTD.,L
MAGMA,EQ,MAGMA FINCORP LIMITED,L
MALUPAPER,EQ,MALU PAPER MILLS LIMITED,L
MANAKSTEEL,EQ,MANAKSIA STEELS LTD,L
MANUGRAPH,EQ,MANUGRAPH INDIA LIMITED,L
MCDHOLDING,BE,MCDOWELL HOLDINGS LTD.,L
MCLEODRUSS,EQ,MCLEOD RUSSEL INDIA LTD.,L
MEGASOFT,EQ,MEGASOFT LTD,L
MELSTAR,BE,MELSTAR INFORMATION TECH,L
MERCATOR,EQ,MERCATOR LIMITED,L
METALFORGE,EQ,METALYST FORGINGS LIMITED,L
MIC,BE,MIC ELECTRONICS LIMITED,L
MIRCELECTR,EQ,MIRC ELECTRONICS LTD,L
MOHOTAIND,BE,MOHOTA INDUSTRIES LIMITED,L
MTNL,EQ,MAHANAGAR TELEPHONE NIGAM,L
NAGAFERT,BE,NAGARJUN FERT AND CHE LTD,L
NETWORK18,BE,NETWORK18 MEDIA & INV LTD,L
NILASPACES,EQ,NILA SPACES LIMITED,L
NITCO,EQ,NITCO LIMITED,L
NITINFIRE,BZ,NITIN FIRE PROT IND. LTD.,L
NKIND,EQ,NK INDUSTRIES LTD,L
NOIDATOLL,EQ,NOIDA TOLL BRIDGE CO LTD,L
OILCOUNTUB,BE,OIL COUNTRY TUBULAR LTD.,L
OMKARCHEM,EQ,OMKAR SPL CHEM LTD,L
ONELIFECAP,EQ,ONELIFE CAP ADVISORS LTD,L
ORTEL,BZ,ORTEL COMMUNICATIONS LTD,L
ORTINLABSS,EQ,ORTIN LABORATORIES LTD,L
PAISALO,EQ,PAISALO DIGITAL LIMITED,L
PALASHSECU,BE,PALASH SECURITIES LTD,L
PARABDRUGS,BE,PARABOLIC DRUGS LTD,L
PARSVNATH,BE,PARSVNATH DEVELOPER LTD,L
PATINTLOG,EQ,PATEL INT. LOG. LTD,L
PDMJEPAPER,EQ,PUDUMJEE PAPER PRO. LTD,L
PENINLAND,BE,PENINSULA LAND LIMITED,L
PERFECT,SM,PERFECT INFRAENGINEER LTD,L
PGEL,EQ,PG ELECTROPLAST LTD,L
PODDARHOUS,EQ,PODDAR HOUSE & DVPT LTD,L
PRADIP,BE,PRADIP OVERSEAS LTD,L
PRECAM,BE,PRECISION CAMSHAFTS LTD.,L
PUNJLLOYD,BZ,PUNJ LLOYD LIMITED,L
RAJRAYON,BZ,RAJ RAYON INDUSTRIES LTD,L
RANASUG,BE,RANA SUGARS LTD.,L
RCOM,BE,RELIANCE COMMUNICATIONS L,L
REFEX,EQ,REFEX INDUSTRIES LIMITED,L
RELCAPITAL,EQ,RELIANCE CAPITAL LTD,L
RELIGARE,EQ,RELIGARE ENTER. LTD.,L
RELINFRA,EQ,RELIANCE INFRASTRUCTU LTD,L
RHFL,EQ,RELIANCE HOME FINANCE LTD,L
RMCL,BE,RADHA MADHAV CO. LTD.,L
RNAVAL,BE,RELIANCE NAVAL & ENGG LTD,L
ROLLT,EQ,ROLLATAINERS LIMITED,L
RPOWER,EQ,RELIANCE POWER LTD.,L
RUCHINFRA,BE,RUCHI INFRASTRUCTURE LTD,L
SABTN,EQ,SRI ADHIKARI BROS.,L
SALSTEEL,BE,S.A.L. STEEL LTD.,L
SAMBHAAV,EQ,SAMBHAAV MEDIA LTD,L
SANGAMIND,BE,SANGAM (INDIA) LTD,L
SANWARIA,EQ,SANWARIA CONSUMER LIMITED,L
SARVESHWAR,SM,SARVESHWAR FOODS LIMITED,L
SELMCL,BE,SEL MANU. CO. LTD.,L
SGL,EQ,STL GLOBAL LIMITED,L
SHANKARA,EQ,SHANKARA BLDG PRODUCT LTD,L
SHIRPUR-G,BE,SHIRPUR GOLD REFINERY LTD,L
SHRIRAMEPC,EQ,SHRIRAM EPC LTD.,L
SHYAMCENT,BE,SHYAM CENTURY FERROUS LTD,L
SICAL,EQ,SICAL LOGISTICS LIMITED,L
SIL,BE,STANDARD INDUSTRIES LTD.,L
SINTEX,BE,SINTEX INDUSTRIES LTD,L
SIRCA,BE,SIRCA PAINT INDIA LIMITED,L
SITINET,BE,SITI NETWORKS LIMITED,L
SKIL,BE,SKIL INFRASTRUCTURE LTD.,L
SMPL,BZ,SPLENDID METAL PRODUCTS L,L
SOMATEX,EQ,SOMA TEXTILES & INDUST LT,L
SORILINFRA,EQ,SORIL INFRA RESOURCES LTD,L
SPENTEX,BE,SPENTEX IND. LTD,L
SPMLINFRA,EQ,SPML INFRA LIMITED,L
SPTL,BE,SINTEX PLASTICS TECH LTD,L
SPYL,BE,SHEKHAWATI POLY-YARN LTD.,L
SSINFRA,SM,S S INFRA DEVP CONSL LTD,L
STINDIA,EQ,STI INDIA LTD,L
SUJANAUNI,BE,SUJANA UNI. INDS. LTD.,L
SUMEETINDS,BE,SUMEET IND LIMITED,L
SUPREMEINF,BE,SUPREME INFRA. LTD.,L
SURANASOL,BE,SURANA SOLAR LIMITED,L
TALWALKARS,EQ,TALWALKAR FITNESS LTD,L
TALWGYM,EQ,TALWALKARS HEALTHCLUB LTD,L
TECHNOFAB,BE,TECHNOFAB ENG LTD,L
THEMISMED,BE,THEMIS MEDICARE LTD.,L
THIRUSUGAR,BZ,THIRU AROORAN SUGARS LTD,L
TI,BE,TILAKNAGAR INDUSTRIES LTD,L
TREEHOUSE,EQ,TREE HOUSE EDU LTD,L
UNITY,BZ,UNITY INFRAPROJECTS LTD,L
URJA,BE,URJA GLOBAL LIMITED,L
UTTAMSTL,EQ,UTTAM GALVA STEELS LTD,L
UVSL,EQ,UTTAM VALUE STEELS LTD,L
VENUSREM,EQ,VENUS REMEDIES LIMITED,L
VICEROY,BE,VICEROY HOTELS LIMITED,L
VIKASMCORP,EQ,VIKAS MULTICORP LIMITED,L
VIPCLOTHNG,EQ,VIP CLOTHING LIMITED,L
VISESHINFO,BE,VISESH INFOTECNICS LTD,L
VIVIDHA,BE,VISAGAR POLYTEX LTD,L
WEBELSOLAR,EQ,WEBSOL ENERGY SYSTEM LTD,L
WEIZFOREX,EQ,WEIZMANN FOREX LIMITED,L
WEIZMANIND,EQ,WEIZMANN LTD,L
WILLAMAGOR,EQ,WILLIAMSON MAGOR,L
WINDMACHIN,EQ,WINDSOR MACHINES LIMITED,L
WIPL,BE,THE WESTERN INDIA PLY LTD,L
ZEEMEDIA,BE,ZEE MEDIA CORPORATION LTD,L
ZICOM,BE,ZICOM ELECT SEC SYS LTD,L
