GAIN_LOSS,SECURITY,CLOSE_PRIC,PREV_CL_PR,PERCENT_CG
 ,Nifty 50 Sec., , , 
 , , , , 
G,TATA CONSULTANCY SERV LT,      2164.85,      2079.05,4.13
G,HINDUSTAN UNILEVER LTD.,      2074.90,      2034.25,2
G,TECH MAHINDRA LIMITED,       807.55,       796.60,1.37
G,NESTLE INDIA LIMITED,     15524.75,     15359.45,1.08
G,INFOSYS LIMITED,       779.50,       775.95,.46
G,DR. REDDY'S LABORATORIES,      3123.05,      3114.50,.27
G,BHARTI AIRTEL LIMITED,       497.20,       496.45,.15
G,WIPRO LTD,       236.80,       236.80,0
 , , , , 
L,ITC LTD,       219.00,       235.15,-6.87
L,TATA MOTORS LIMITED,       165.60,       176.60,-6.23
L,HDFC LTD,      2268.25,      2414.00,-6.04
L,ZEE ENTERTAINMENT ENT LTD,       252.95,       269.15,-6.02
L,LARSEN & TOUBRO LTD.,      1287.40,      1369.30,-5.98
L,BAJAJ FINSERV LTD.,      8947.40,      9441.40,-5.23
L,STATE BANK OF INDIA,       302.60,       318.45,-4.98
L,COAL INDIA LTD,       173.50,       181.70,-4.51
L,UPL LIMITED,       503.65,       526.55,-4.35
L,OIL AND NATURAL GAS CORP.,       104.35,       108.95,-4.22
L,INDIAN OIL CORP LTD,       108.90,       113.45,-4.01
L,ICICI BANK LTD.,       504.60,       525.65,-4
L,MAHINDRA & MAHINDRA LTD,       545.20,       567.15,-3.87
L,INDUSIND BANK LIMITED,      1211.10,      1258.85,-3.79
L,YES BANK LIMITED,        37.90,        39.25,-3.44
L,ULTRATECH CEMENT LIMITED,      4265.25,      4416.10,-3.42
L,TATA STEEL LIMITED,       423.80,       438.70,-3.4
L,AXIS BANK LIMITED,       705.45,       729.30,-3.27
L,BRITANNIA INDUSTRIES LTD,      3097.60,      3200.70,-3.22
L,NTPC LTD,       109.30,       112.85,-3.15
L,BHARAT PETROLEUM CORP  LT,       443.50,       456.95,-2.94
L,SUN PHARMACEUTICAL IND L,       422.80,       434.30,-2.65
L,HINDALCO  INDUSTRIES  LTD,       184.40,       189.35,-2.61
L,KOTAK MAHINDRA BANK LTD,      1647.95,      1691.75,-2.59
L,GRASIM INDUSTRIES LTD,       759.40,       778.90,-2.5
L,POWER GRID CORP. LTD.,       182.40,       186.85,-2.38
L,JSW STEEL LIMITED,       244.75,       250.70,-2.37
L,GAIL (INDIA) LTD,       117.70,       120.45,-2.28
L,HDFC BANK LTD,      1198.70,      1226.30,-2.25
L,ASIAN PAINTS LIMITED,      1755.35,      1795.65,-2.24
 , , , , 
 ,Nifty Next 50 Sec., , , 
 , , , , 
G,P&G HYGIENE & HEALTH CARE,     11984.65,     10991.75,9.03
G,BAJAJ HOLDINGS & INVS LTD,      3525.65,      3454.30,2.07
G,DIVI'S LABORATORIES LTD,      1986.90,      1952.30,1.77
G,UNITED BREWERIES LTD,      1279.75,      1264.00,1.25
G,ORACLE FIN SERV SOFT LTD.,      2971.20,      2940.55,1.04
G,UNITED SPIRITS LIMITED,       622.85,       619.00,0.62
 , , , , 
L,DLF LIMITED,       228.90,       260.45,-12.11
L,ICICI PRU LIFE INS CO LTD,       451.35,       510.95,-11.66
L,NMDC LTD.,       104.90,       116.95,-10.3
L,SBI LIFE INSURANCE CO LTD,       893.10,       994.10,-10.16
L,INDIABULLS HSG FIN LTD,       278.30,       306.40,-9.17
L,THE NEW INDIA ASSU CO LTD,       144.05,       155.50,-7.36
L,L&T FINANCE HOLDINGS LTD,       109.95,       117.15,-6.15
L,HDFC LIFE INS CO LTD,       562.40,       599.20,-6.14
L,PIRAMAL ENTERPRISES LTD,      1451.00,      1545.25,-6.1
L,ASHOK LEYLAND LTD,        77.15,        81.95,-5.86
L,SIEMENS LTD,      1416.30,      1500.25,-5.6
L,POWER FIN CORP LTD.,       110.20,       116.65,-5.53
L,ACC LIMITED,      1426.60,      1504.60,-5.18
L,AMBUJA CEMENTS LTD,       195.35,       204.50,-4.47
L,CONTAINER CORP OF IND LTD,       542.75,       567.00,-4.28
L,MOTHERSON SUMI SYSTEMS LT,       128.25,       133.70,-4.08
L,GENERAL INS CORP OF INDIA,       240.35,       250.00,-3.86
L,HDFC AMC LIMITED,      3054.90,      3174.20,-3.76
L,BANK OF BARODA,        89.30,        92.70,-3.67
L,MARICO LIMITED,       304.65,       315.35,-3.39
L,HINDUSTAN PETROLEUM CORP,       224.70,       232.45,-3.33
L,SHRIRAM TRANSPORT FIN CO.,       987.65,      1020.55,-3.22
L,PAGE INDUSTRIES LTD,     23691.85,     24437.75,-3.05
L,AVENUE SUPERMARTS LIMITED,      2072.05,      2133.95,-2.9
L,AUROBINDO PHARMA LTD,       467.50,       481.40,-2.89
L,SHREE CEMENT LIMITED,     22416.10,     23006.90,-2.57
L,NHPC LTD,        23.90,        24.50,-2.45
L,BIOCON LIMITED.,       287.25,       294.35,-2.41
L,PUNJAB NATIONAL BANK,        59.00,        60.45,-2.4
L,BANDHAN BANK LIMITED,       440.75,       450.35,-2.13
 , , , , 
 ,OTHER SECURITIES, , , 
 , , , , 
G,SHAKTI PUMPS (I) LTD,       292.70,       243.95,19.98
G,SEC RED NCD 8.88% SR. 2B,       227.00,       189.90,19.54
G,SEC RED NCD 9.15% SR. 2B,       279.50,       242.00,15.5
G,SEC RED NCD 9.25% SR. 5B,       276.50,       245.00,12.86
G,GTL INFRA.LTD,          .45,          .40,12.5
G,9.35% SRNCD SR V B,       965.90,       861.00,12.18
G,MAHESHWARI LOGISTICS LTD.,       301.05,       270.50,11.29
G,SHILPA MEDICARE LTD,       293.95,       266.15,10.45
G,IDBI BANK LIMITED,        37.25,        33.80,10.21
G,PSL LIMITED,          .55,          .50,10
G,SUNDARMAMC - M17RG,         6.41,         5.84,9.76
G,GRP LIMITED,       908.60,       834.50,8.88
G,HDFCAMC - HDFCSENETF,      4619.26,      4315.24,7.05
G,MADHAV MARBLE & GRANITE,        35.85,        33.60,6.7
G,7.35% TAX FREE TRI SRIIA,      1500.00,      1407.50,6.57
G,BANARAS BEADS LTD,        39.50,        37.15,6.33
G,SYNCOM HEALTHCARE LTD,          .85,          .80,6.25
G,SETUBANDHAN INFRA LTD,          .95,          .90,5.56
G,CIL NOVA PETROCHEM LTD,         7.70,         7.30,5.48
G,HPL ELECTRIC & POWER LTD,        44.60,        42.30,5.44
G,WATERBASE LIMITED,       145.15,       137.85,5.3
G,2.50%GOLDBONDS2027SR-II,      4000.00,      3800.00,5.26
G,MERCATOR LIMITED,         1.00,          .95,5.26
G,GOI LOAN 7.40% 2035,       104.21,        99.25,5
G,KEYNOTE FIN SERV LTD.,        42.20,        40.20,4.98
G,SECUR CREDENTIALS LIMITED,        30.65,        29.20,4.97
G,PROLIFE INDUSTRIES LTD,        28.70,        27.35,4.94
G,SIMPLEX INFRASTRUCTURES L,        42.65,        40.65,4.92
G,JAIN IRRIGATION SYSTEMS,         7.50,         7.15,4.9
G,JAIN DVR EQUITY SHARES,         7.55,         7.20,4.86
 , , , , 
L,PRAKASH STEELAGE LTD,          .20,          .25,-20
L,OMAX AUTOS LTD,        37.35,        45.15,-17.28
L,MAX FINANCIAL SERV LTD,       437.10,       506.40,-13.68
L,FACT LTD,        41.75,        48.20,-13.38
L,COX & KINGS FIN SERV LTD,          .35,          .40,-12.5
L,AJMERA REALTY & INF I LTD,       129.65,       145.25,-10.74
L,MARATHON NXTGEN REALT LTD,        87.95,        98.40,-10.62
L,VINATI ORGANICS LTD,      1988.70,      2223.70,-10.57
L,SAREGAMA INDIA LIMITED,       376.00,       420.25,-10.53
L,SPECIALITY REST LTD,        55.95,        62.50,-10.48
L,SEC RED NCD 9.75% SR. III,       900.10,      1000.00,-9.99
L,GENUS P&B LIMITED,         5.90,         6.55,-9.92
L,KOLTE PATIL DEV. LTD.,       239.35,       265.70,-9.92
L,BOMBAY DYEING & MFG. CO L,        85.15,        94.45,-9.85
L,MADRAS FERTILISERS LTD,        19.10,        21.10,-9.48
L,PURAVANKARA LIMITED,        61.05,        67.40,-9.42
L,SUN PHARMA ADV.RES.CO.LTD,       176.90,       194.80,-9.19
L,TAINWALA CHEMICAL AND PLA,        62.55,        68.80,-9.08
L,PRESTIGE ESTATE LTD,       348.65,       383.30,-9.04
L,RAIL VIKAS NIGAM LIMITED,        24.90,        27.35,-8.96
L,SOMI CONVEYOR BELT. LTD.,        14.65,        16.05,-8.72
L,RPG LIFE SCIENCES LTD,       285.40,       312.10,-8.55
L,MALU PAPER MILLS LIMITED,        31.75,        34.65,-8.37
L,GODREJ PROPERTIES LTD,       989.90,      1080.30,-8.37
L,PAISALO DIGITAL LIMITED,       239.80,       261.65,-8.35
L,SOMANY HOM INNOVATION LTD,       145.25,       158.45,-8.33
L,TITAGARH WAGONS LTD.,        47.45,        51.75,-8.31
L,HINDUSTAN CONSTRUCTION CO,        10.00,        10.90,-8.26
L,SUBEX LIMITED,         5.60,         6.10,-8.2
L,PARAG MILK FOODS LTD.,       127.75,       139.10,-8.16
