SYMBOL,TIMESTAMP,OPEN,HIGH,LOW,CLOSE,TOTTRDQTY
20MICRONS,10-JAN-2019,41.55,42.5,41.55,41.95,13943
21STCENMGM,10-JAN-2019,23.4,23.4,22.6,23.35,640
3IINFOTECH,10-JAN-2019,3.5,3.55,3.45,3.5,747952
3MINDIA,10-JAN-2019,20250.0,20738.0,20250.0,20671.35,1157
3PLAND,10-JAN-2019,11.1,12.0,10.95,11.05,1087
5PAISA,10-JAN-2019,268.8,296.95,268.75,275.4,28419
63MOONS,10-JAN-2019,96.4,96.8,93.15,93.95,174819
8KMILES,10-JAN-2019,158.0,159.4,158.0,159.4,137903
A2ZINFRA,10-JAN-2019,13.0,13.1,12.8,12.95,115326
AARON,10-JAN-2019,43.0,44.25,43.0,44.25,9000
AARTIDRUGS,10-JAN-2019,583.5,594.0,582.65,590.8,8653
AARTIIND,10-JAN-2019,1494.0,1554.95,1492.0,1546.05,176105
AARVEEDEN,10-JAN-2019,27.35,27.35,26.2,26.85,20360
AAVAS,10-JAN-2019,840.05,846.0,838.3,840.95,4463
ABAN,10-JAN-2019,74.85,75.4,73.65,74.25,362814
ABB,10-JAN-2019,1301.2,1304.0,1298.55,1300.6,22787
ABBOTINDIA,10-JAN-2019,8011.0,8200.0,8011.0,8113.65,6160
ABCAPITAL,10-JAN-2019,96.25,97.4,96.0,96.95,905645
ABFRL,10-JAN-2019,212.0,214.9,208.0,212.0,1225545
ABGSHIP,10-JAN-2019,2.0,2.0,1.9,1.9,87203
ABSLNN50ET,10-JAN-2019,296.0,296.0,296.0,296.0,2
ABSLRIF6RG,10-JAN-2019,8.1,8.1,8.1,8.1,3856
ACC,10-JAN-2019,1455.25,1462.8,1444.0,1447.8,277837
ACCELYA,10-JAN-2019,939.15,948.05,928.9,929.7,3871
ACE,10-JAN-2019,98.5,98.95,96.25,97.05,115207
ADANIENT,10-JAN-2019,151.0,151.8,148.5,151.1,3534546
ADANIGAS,10-JAN-2019,101.45,101.7,99.75,100.4,336970
ADANIGREEN,10-JAN-2019,40.95,40.95,40.5,40.65,82567
ADANIPORTS,10-JAN-2019,377.95,381.8,376.95,380.25,1286641
ADANIPOWER,10-JAN-2019,51.1,51.1,50.2,50.5,3496789
ADANITRANS,10-JAN-2019,208.0,218.5,205.65,215.85,236148
ADFFOODS,10-JAN-2019,263.0,264.05,260.0,261.4,10544
ADHUNIK,10-JAN-2019,2.85,2.85,2.65,2.65,49861
ADHUNIKIND,10-JAN-2019,50.5,50.95,48.0,49.45,17975
ADLABS,10-JAN-2019,11.4,11.55,11.05,11.25,139704
ADORWELD,10-JAN-2019,389.9,413.15,385.0,397.05,393307
ADROITINFO,10-JAN-2019,19.9,19.9,18.4,18.9,2770
ADSL,10-JAN-2019,13.85,14.15,13.5,13.9,7656
ADVANIHOTR,10-JAN-2019,74.35,77.5,70.35,73.35,244265
ADVENZYMES,10-JAN-2019,172.85,174.0,171.8,172.25,16769
AEGISCHEM,10-JAN-2019,208.8,210.95,208.5,210.25,38925
AGARIND,10-JAN-2019,184.9,188.95,182.0,183.75,401
AGCNET,10-JAN-2019,106.95,116.8,106.95,116.8,65260
AGLSL,10-JAN-2019,66.0,71.9,64.55,68.75,11455
AGRITECH,10-JAN-2019,64.4,64.4,61.0,62.1,7622
AGROPHOS,10-JAN-2019,51.5,51.7,51.3,51.5,60000
AHLADA,10-JAN-2019,140.0,140.0,140.0,140.0,4000
AHLEAST,10-JAN-2019,254.65,254.65,245.4,246.25,476
AHLUCONT,10-JAN-2019,330.3,330.3,320.45,321.65,11048
AHLWEST,10-JAN-2019,296.0,301.0,296.0,301.0,90
AIAENG,10-JAN-2019,1653.7,1679.9,1653.7,1671.1,9786
AIFL,10-JAN-2019,23.4,23.9,22.9,23.35,241306
AIONJSW,10-JAN-2019,40.95,40.95,39.15,39.5,21582
AISL,10-JAN-2019,63.05,63.05,63.05,63.05,1200
AJANTPHARM,10-JAN-2019,1163.9,1172.0,1150.0,1162.85,187754
AJMERA,10-JAN-2019,170.85,171.9,166.2,167.1,37374
AJOONI,10-JAN-2019,25.25,27.25,24.7,27.05,444000
AKG,10-JAN-2019,31.1,32.5,31.05,32.5,104000
AKSHARCHEM,10-JAN-2019,442.55,442.55,438.1,438.65,1299
AKSHOPTFBR,10-JAN-2019,24.8,25.05,24.4,24.5,642934
AKZOINDIA,10-JAN-2019,1740.9,1768.0,1737.0,1747.0,2624
ALANKIT,10-JAN-2019,25.7,26.35,25.65,26.15,443188
ALBERTDAVD,10-JAN-2019,417.95,417.95,403.0,403.65,3500
ALBK,10-JAN-2019,46.25,46.45,45.45,45.85,2154212
ALCHEM,10-JAN-2019,2.6,2.7,2.6,2.65,25878
ALEMBICLTD,10-JAN-2019,45.75,45.75,45.0,45.35,87762
ALICON,10-JAN-2019,587.65,587.65,575.6,582.15,1186
ALKALI,10-JAN-2019,54.0,54.05,52.8,53.55,4238
ALKEM,10-JAN-2019,1957.35,1984.7,1955.0,1969.95,5277
ALKYLAMINE,10-JAN-2019,792.0,794.95,772.5,779.85,3366
ALLCARGO,10-JAN-2019,110.7,110.7,108.45,110.2,89901
ALLSEC,10-JAN-2019,190.1,194.0,190.1,192.05,2234
ALMONDZ,10-JAN-2019,26.0,26.0,23.15,24.2,180
ALOKTEXT,10-JAN-2019,3.85,3.9,3.75,3.8,1227225
ALPA,10-JAN-2019,26.5,26.5,24.9,25.05,31919
ALPHAGEO,10-JAN-2019,453.1,458.9,453.1,458.3,2695
AMARAJABAT,10-JAN-2019,739.95,763.5,739.6,755.1,1216790
AMBER,10-JAN-2019,905.05,916.7,905.0,914.35,1804
AMBIKCO,10-JAN-2019,1142.0,1152.0,1134.0,1143.95,2951
AMBUJACEM,10-JAN-2019,213.85,215.4,211.3,213.15,2033769
AMDIND,10-JAN-2019,26.7,26.7,25.65,26.25,10870
AMJLAND,10-JAN-2019,22.5,23.0,21.85,22.25,4386
AMJUMBO,10-JAN-2019,60.0,60.0,56.0,56.0,4000
AMRUTANJAN,10-JAN-2019,286.95,296.9,284.95,292.05,79312
ANANTRAJ,10-JAN-2019,35.25,35.95,34.8,35.05,589809
ANDHRABANK,10-JAN-2019,29.7,30.0,29.4,29.6,610248
ANDHRACEMT,10-JAN-2019,5.85,5.95,5.75,5.9,26728
ANDHRSUGAR,10-JAN-2019,334.15,338.7,330.2,332.4,25203
ANGIND,10-JAN-2019,1.25,1.3,1.25,1.3,1318
ANIKINDS,10-JAN-2019,23.9,24.35,23.8,23.9,1972
ANKITMETAL,10-JAN-2019,0.5,0.5,0.4,0.5,17206
ANSALAPI,10-JAN-2019,13.6,13.95,13.1,13.75,404947
ANSALHSG,10-JAN-2019,15.9,16.2,14.5,14.6,719935
ANTGRAPHIC,10-JAN-2019,0.5,0.5,0.45,0.5,33924
APARINDS,10-JAN-2019,624.15,635.3,624.05,625.6,5282
APCL,10-JAN-2019,129.35,132.3,129.35,129.8,105
APCOTEXIND,10-JAN-2019,529.55,529.55,516.7,524.9,2930
APEX,10-JAN-2019,359.1,362.9,356.2,359.8,14718
APLAPOLLO,10-JAN-2019,1116.65,1116.65,1092.0,1098.05,40472
APLLTD,10-JAN-2019,590.0,597.85,590.0,591.3,11518
APOLLO,10-JAN-2019,121.45,123.95,120.0,121.0,11165
APOLLOHOSP,10-JAN-2019,1263.0,1292.25,1256.75,1285.4,428709
APOLLOTYRE,10-JAN-2019,223.0,228.2,222.0,227.25,1371920
APOLSINHOT,10-JAN-2019,1060.0,1120.0,1039.0,1114.5,1000
APTECHT,10-JAN-2019,183.0,184.4,181.05,182.25,105946
ARCHIDPLY,10-JAN-2019,43.95,44.3,42.2,44.1,8785
ARCHIES,10-JAN-2019,29.1,29.3,28.75,28.85,41722
ARCOTECH,10-JAN-2019,7.4,7.5,7.3,7.3,16120
ARIES,10-JAN-2019,101.55,102.95,99.65,100.15,38412
ARIHANT,10-JAN-2019,32.55,35.65,32.55,33.85,7444
ARIHANTSUP,10-JAN-2019,54.55,56.0,53.2,54.7,22622
ARMANFIN,10-JAN-2019,408.7,408.7,390.1,402.85,2432
AROGRANITE,10-JAN-2019,52.75,54.8,52.2,52.5,3229
ARROWGREEN,10-JAN-2019,110.05,119.75,110.05,112.2,10771
ARROWTEX,10-JAN-2019,21.35,21.35,21.05,21.35,10956
ARSHIYA,10-JAN-2019,29.95,34.5,29.25,33.0,889618
ARSSINFRA,10-JAN-2019,34.6,36.5,34.05,34.2,8296
ARVIND,10-JAN-2019,96.0,98.85,96.0,98.3,1673935
ARVSMART,10-JAN-2019,123.0,125.0,122.0,122.65,14257
ASAHIINDIA,10-JAN-2019,255.8,256.9,254.95,255.1,14184
ASAHISONG,10-JAN-2019,217.9,217.95,214.35,217.1,684
ASAL,10-JAN-2019,77.0,77.9,76.3,76.6,8989
ASHAPURMIN,10-JAN-2019,29.8,29.85,29.0,29.15,22159
ASHIANA,10-JAN-2019,120.35,122.45,119.0,119.55,19205
ASHIMASYN,10-JAN-2019,16.75,17.5,16.65,16.8,47853
ASHOKA,10-JAN-2019,133.15,135.15,128.75,133.4,345412
ASHOKLEY,10-JAN-2019,96.6,96.6,94.8,95.0,32312717
ASIANHOTNR,10-JAN-2019,147.65,153.0,147.65,148.15,149
ASIANPAINT,10-JAN-2019,1390.0,1400.0,1388.65,1396.35,1004783
ASIANTILES,10-JAN-2019,149.5,151.7,144.2,145.2,118670
ASPINWALL,10-JAN-2019,168.0,170.0,165.0,169.9,649
ASSAMCO,10-JAN-2019,2.1,2.1,1.95,2.05,224654
ASTEC,10-JAN-2019,522.05,525.3,520.1,524.75,8459
ASTERDM,10-JAN-2019,164.75,164.75,159.8,161.25,70891
ASTRAL,10-JAN-2019,1195.0,1210.0,1174.95,1184.95,93118
ASTRAMICRO,10-JAN-2019,80.3,81.2,79.7,80.85,74231
ASTRAZEN,10-JAN-2019,1485.75,1589.0,1481.3,1573.25,294936
ASTRON,10-JAN-2019,118.5,118.5,114.0,114.45,147935
ATFL,10-JAN-2019,613.7,617.95,600.55,605.45,5613
ATLANTA,10-JAN-2019,23.3,23.3,21.75,22.15,78171
ATLASCYCLE,10-JAN-2019,81.5,82.05,80.2,80.6,1861
ATUL,10-JAN-2019,3461.35,3480.0,3440.5,3474.9,4571
ATULAUTO,10-JAN-2019,351.0,351.0,340.55,343.6,47328
AUBANK,10-JAN-2019,632.8,658.0,630.0,651.75,406708
AURDIS,10-JAN-2019,35.25,35.25,35.15,35.15,4000
AURIONPRO,10-JAN-2019,130.05,131.75,128.5,130.15,1166
AUROPHARMA,10-JAN-2019,756.0,779.0,753.15,776.95,4276190
AUSOMENT,10-JAN-2019,46.05,48.5,45.2,46.0,4512
AUTOAXLES,10-JAN-2019,1280.0,1304.0,1273.0,1278.25,6346
AUTOIND,10-JAN-2019,67.9,68.6,66.45,67.0,19457
AUTOLITIND,10-JAN-2019,40.85,41.0,39.75,40.25,1371
AVADHSUGAR,10-JAN-2019,391.95,395.55,387.0,388.0,22260
AVANTIFEED,10-JAN-2019,382.15,384.7,378.0,380.05,74297
AVG,10-JAN-2019,74.7,74.7,74.7,74.7,1200
AVTNPL,10-JAN-2019,26.9,27.25,26.65,26.95,10486
AXISBANK,10-JAN-2019,668.9,668.9,654.6,663.25,12751327
AXISCADES,10-JAN-2019,81.65,82.75,81.1,81.6,18249
AXISGOLD,10-JAN-2019,2845.0,2850.0,2820.1,2835.0,206
AXISNIFTY,10-JAN-2019,1108.96,1108.96,1097.58,1097.58,26
AYMSYNTEX,10-JAN-2019,40.9,41.25,40.0,40.35,3114
BAFNAPHARM,10-JAN-2019,11.45,11.55,11.25,11.4,7889
BAGFILMS,10-JAN-2019,5.2,5.6,4.85,5.35,445110
BAJAJ-AUTO,10-JAN-2019,2700.0,2729.0,2680.0,2725.3,277585
BAJAJCORP,10-JAN-2019,370.0,385.5,370.0,383.9,384696
BAJAJELEC,10-JAN-2019,488.1,493.9,485.0,488.25,80695
BAJAJFINSV,10-JAN-2019,6425.0,6430.0,6337.7,6371.95,164715
BAJAJHIND,10-JAN-2019,9.1,9.3,9.1,9.2,1805043
BAJAJHLDNG,10-JAN-2019,2999.0,3030.0,2952.35,2969.95,14544
BAJFINANCE,10-JAN-2019,2526.0,2542.45,2504.7,2514.65,910839
BALAJITELE,10-JAN-2019,89.65,90.0,87.05,87.55,26020
BALAMINES,10-JAN-2019,450.0,463.75,446.0,447.75,10954
BALKRISHNA,10-JAN-2019,49.9,50.45,49.1,49.65,9286
BALKRISIND,10-JAN-2019,885.0,894.85,881.25,889.1,404057
BALLARPUR,10-JAN-2019,5.4,5.55,5.35,5.4,370963
BALMLAWRIE,10-JAN-2019,197.2,198.5,196.0,197.25,16434
BALPHARMA,10-JAN-2019,78.8,79.95,78.75,79.35,4648
BALRAMCHIN,10-JAN-2019,108.75,110.5,108.35,109.9,1524091
BANARBEADS,10-JAN-2019,47.6,49.5,47.6,48.85,183
BANARISUG,10-JAN-2019,1465.0,1483.5,1450.3,1473.6,172
BANCOINDIA,10-JAN-2019,183.2,185.0,181.15,182.45,20887
BANDHANBNK,10-JAN-2019,452.0,474.8,451.1,471.55,8091914
BANG,10-JAN-2019,60.2,60.45,57.65,59.1,93540
BANKBARODA,10-JAN-2019,122.5,124.15,121.85,123.45,8763655
BANKBEES,10-JAN-2019,2815.5,2821.5,2803.83,2810.15,2773
BANKINDIA,10-JAN-2019,105.45,107.1,105.15,106.1,6715175
BANSAL,10-JAN-2019,27.3,27.3,27.3,27.3,3000
BANSWRAS,10-JAN-2019,80.25,80.25,79.2,80.2,744
BARTRONICS,10-JAN-2019,7.25,7.4,7.2,7.35,14284
BASF,10-JAN-2019,1517.0,1530.0,1517.0,1518.55,2562
BASML,10-JAN-2019,208.0,209.9,204.0,206.3,82
BATAINDIA,10-JAN-2019,1148.0,1169.9,1143.55,1165.5,1108076
BAYERCROP,10-JAN-2019,4234.35,4249.0,4215.05,4233.55,3190
BBL,10-JAN-2019,1150.05,1155.05,1130.0,1138.2,3693
BBTC,10-JAN-2019,1304.9,1304.9,1288.0,1293.35,43482
BBTCL,10-JAN-2019,49.0,49.0,49.0,49.0,3000
BCG,10-JAN-2019,2.75,3.3,2.75,3.3,3408026
BDL,10-JAN-2019,285.7,291.5,282.85,289.2,34857
BEARDSELL,10-JAN-2019,24.75,25.4,23.75,24.05,1412
BEDMUTHA,10-JAN-2019,21.7,22.8,21.7,22.6,3487
BEL,10-JAN-2019,91.9,93.0,91.5,92.4,5849807
BEML,10-JAN-2019,906.0,911.45,898.5,906.7,1188139
BEPL,10-JAN-2019,88.0,88.7,86.4,86.65,272419
BERGEPAINT,10-JAN-2019,323.35,327.25,322.55,323.9,664254
BETA,10-JAN-2019,83.65,85.1,83.65,84.9,4000
BFINVEST,10-JAN-2019,246.9,249.75,243.5,246.4,51791
BFUTILITIE,10-JAN-2019,230.3,231.65,224.05,226.6,309272
BGLOBAL,10-JAN-2019,3.0,3.0,2.85,2.95,22766
BGRENERGY,10-JAN-2019,60.5,61.95,59.7,61.0,44073
BHAGERIA,10-JAN-2019,286.05,289.65,283.25,287.15,3263
BHAGYANGR,10-JAN-2019,34.35,34.35,33.6,34.0,7292
BHAGYAPROP,10-JAN-2019,29.45,29.55,27.65,29.0,2168
BHANDARI,10-JAN-2019,2.05,2.1,2.0,2.1,93804
BHARATFIN,10-JAN-2019,1019.0,1019.0,983.85,990.5,636011
BHARATFORG,10-JAN-2019,480.0,484.1,475.65,482.35,1618253
BHARATGEAR,10-JAN-2019,162.05,163.65,161.3,162.55,11639
BHARATIDIL,10-JAN-2019,3.0,3.05,2.9,3.0,6846
BHARATRAS,10-JAN-2019,5150.0,5198.0,5115.05,5151.85,306
BHARATWIRE,10-JAN-2019,68.55,68.55,66.45,66.5,66915
BHARTIARTL,10-JAN-2019,336.55,338.65,332.4,337.3,5180570
BHEL,10-JAN-2019,70.25,70.5,68.7,68.85,7810193
BIGBLOC,10-JAN-2019,35.9,35.95,35.0,35.85,6119
BIL,10-JAN-2019,227.7,231.95,226.25,229.6,484
BILENERGY,10-JAN-2019,0.5,0.55,0.5,0.55,25314
BINANIIND,10-JAN-2019,69.0,70.5,68.5,68.75,27210
BINDALAGRO,10-JAN-2019,17.35,18.3,17.3,17.65,50239
BIOCON,10-JAN-2019,631.0,632.25,620.15,630.45,1476768
BIOFILCHEM,10-JAN-2019,6.85,6.85,6.85,6.85,90
BIRLACABLE,10-JAN-2019,190.05,192.0,184.05,186.45,128570
BIRLACORPN,10-JAN-2019,568.85,571.85,561.3,564.1,18146
BIRLAMONEY,10-JAN-2019,56.7,56.7,53.55,54.0,28275
BKMINDST,10-JAN-2019,7.4,7.5,7.1,7.15,1258
BLBLIMITED,10-JAN-2019,5.4,5.6,5.35,5.45,9266
BLISSGVS,10-JAN-2019,169.5,175.0,166.75,167.8,1880466
BLKASHYAP,10-JAN-2019,20.85,21.0,20.5,20.65,53926
BLS,10-JAN-2019,119.05,119.65,116.8,117.5,25686
BLUEBLENDS,10-JAN-2019,4.3,4.35,4.1,4.2,6485
BLUEDART,10-JAN-2019,3291.2,3339.0,3267.0,3286.85,1073
BLUESTARCO,10-JAN-2019,610.2,616.0,607.0,614.65,37946
BODALCHEM,10-JAN-2019,118.9,118.9,116.8,117.2,18514
BOHRA,10-JAN-2019,29.2,29.25,26.65,26.65,154000
BOMDYEING,10-JAN-2019,110.5,115.6,110.1,115.6,1963400
BOROSIL,10-JAN-2019,227.6,232.0,225.45,227.8,30105
BOSCHLTD,10-JAN-2019,19440.0,19739.95,19390.0,19704.0,8856
BPCL,10-JAN-2019,336.9,338.75,333.0,335.6,4886802
BPL,10-JAN-2019,39.55,40.3,38.5,38.95,102380
BRFL,10-JAN-2019,9.35,9.5,9.05,9.35,172514
BRIGADE,10-JAN-2019,211.8,211.9,205.15,206.05,34617
BRIGHT,10-JAN-2019,35.2,35.5,35.0,35.0,15000
BRITANNIA,10-JAN-2019,3100.0,3100.0,3073.0,3088.95,229690
BRNL,10-JAN-2019,97.0,99.0,96.05,97.55,3459
BROOKS,10-JAN-2019,57.75,57.9,56.55,56.75,17519
BSE,10-JAN-2019,595.05,605.7,594.15,597.7,155189
BSELINFRA,10-JAN-2019,2.35,2.35,2.15,2.2,51710
BSHSL,10-JAN-2019,137.0,137.2,137.0,137.2,2000
BSL,10-JAN-2019,44.2,45.0,43.8,44.35,3263
BSLGOLDETF,10-JAN-2019,2965.0,2999.0,2961.0,2999.0,103
BSLNIFTY,10-JAN-2019,114.0,117.18,114.0,117.18,668
BURNPUR,10-JAN-2019,3.95,3.95,3.75,3.85,59963
BUTTERFLY,10-JAN-2019,272.1,272.1,260.2,262.4,27663
BVCL,10-JAN-2019,17.05,17.95,16.5,17.95,3622
BYKE,10-JAN-2019,60.1,60.9,57.55,57.75,101144
CADILAHC,10-JAN-2019,346.9,351.3,345.85,350.0,497887
CADSYS,10-JAN-2019,52.6,52.6,52.6,52.6,2000
CALSOFT,10-JAN-2019,19.85,20.0,19.05,19.85,20357
CAMLINFINE,10-JAN-2019,53.1,53.5,51.8,52.15,101392
CANBK,10-JAN-2019,280.75,283.15,278.3,281.05,3359442
CANDC,10-JAN-2019,28.75,29.8,28.5,28.85,10322
CANFINHOME,10-JAN-2019,275.0,277.6,273.35,275.8,486829
CANTABIL,10-JAN-2019,126.05,127.85,125.95,127.75,19854
CAPACITE,10-JAN-2019,250.55,253.45,248.0,251.25,51484
CAPLIPOINT,10-JAN-2019,384.0,384.0,379.75,380.4,12692
CAPTRUST,10-JAN-2019,194.05,201.2,194.05,200.0,543
CARBORUNIV,10-JAN-2019,365.1,370.0,362.1,365.85,579427
CAREERP,10-JAN-2019,77.05,78.9,75.1,75.6,7319
CARERATING,10-JAN-2019,986.95,1017.85,978.5,1013.9,38932
CASTEXTECH,10-JAN-2019,1.25,1.25,1.2,1.2,360060
CASTROLIND,10-JAN-2019,151.0,151.55,149.25,151.0,479720
CCCL,10-JAN-2019,2.35,2.35,2.2,2.25,67873
CCHHL,10-JAN-2019,7.4,7.6,7.3,7.4,38584
CCL,10-JAN-2019,266.1,270.5,266.1,269.3,14250
CDSL,10-JAN-2019,231.35,234.0,229.7,230.2,108793
CEATLTD,10-JAN-2019,1250.0,1268.95,1250.0,1265.7,295323
CEBBCO,10-JAN-2019,25.65,27.35,25.6,25.75,31012
CELEBRITY,10-JAN-2019,9.5,9.55,9.35,9.5,5896
CELESTIAL,10-JAN-2019,8.25,8.45,8.25,8.35,16990
CENTENKA,10-JAN-2019,260.65,265.6,259.0,262.5,17474
CENTEXT,10-JAN-2019,7.35,7.45,7.05,7.25,188747
CENTRALBK,10-JAN-2019,37.0,37.4,35.7,36.1,2824741
CENTRUM,10-JAN-2019,35.95,35.95,35.0,35.35,52555
CENTUM,10-JAN-2019,374.0,396.25,370.0,382.55,6811
CENTURYPLY,10-JAN-2019,176.25,185.65,174.0,184.55,503189
CENTURYTEX,10-JAN-2019,898.95,901.0,885.0,890.5,303127
CERA,10-JAN-2019,2608.85,2624.0,2600.25,2609.85,1793
CEREBRAINT,10-JAN-2019,28.9,29.3,28.0,28.35,43594
CES1RPG,10-JAN-2019,9.18,9.21,9.18,9.21,7500
CESC,10-JAN-2019,656.0,660.75,652.15,658.4,306740
CGCL,10-JAN-2019,134.7,134.7,131.0,132.55,377384
CGPOWER,10-JAN-2019,45.15,46.05,44.95,45.45,3149571
CHAMBLFERT,10-JAN-2019,158.0,164.9,158.0,163.7,938858
CHEMFAB,10-JAN-2019,148.7,150.45,148.0,148.1,3142
CHENNPETRO,10-JAN-2019,267.95,269.1,264.75,267.55,439041
CHOLAFIN,10-JAN-2019,1205.0,1210.0,1186.8,1194.4,232177
CHROMATIC,10-JAN-2019,1.3,1.3,1.2,1.3,323381
CIGNITITEC,10-JAN-2019,370.0,373.35,363.7,371.15,13611
CIMMCO,10-JAN-2019,38.8,39.95,38.5,39.2,18122
CINELINE,10-JAN-2019,47.25,47.95,46.4,47.05,12471
CINEVISTA,10-JAN-2019,6.1,6.3,6.1,6.2,5528
CIPLA,10-JAN-2019,509.0,514.9,509.0,513.25,1252439
CLEDUCATE,10-JAN-2019,113.05,117.0,112.4,116.55,116975
CLNINDIA,10-JAN-2019,406.05,408.9,401.0,404.35,6290
CMICABLES,10-JAN-2019,154.45,162.45,153.7,157.25,72701
CMMIPL,10-JAN-2019,9.4,9.4,9.4,9.4,12000
CNOVAPETRO,10-JAN-2019,21.35,21.4,21.25,21.25,555
COALINDIA,10-JAN-2019,233.8,233.95,232.05,233.0,2292058
COCHINSHIP,10-JAN-2019,371.8,379.0,366.65,368.4,339212
COFFEEDAY,10-JAN-2019,267.55,268.85,266.05,266.9,54236
COLPAL,10-JAN-2019,1308.95,1330.95,1306.1,1325.9,515428
COMPINFO,10-JAN-2019,22.05,22.2,21.8,22.0,67909
COMPUSOFT,10-JAN-2019,10.9,11.05,10.85,10.9,7626
CONCOR,10-JAN-2019,684.3,692.9,681.7,689.05,472688
CONSOFINVT,10-JAN-2019,50.9,50.9,47.95,48.0,2410
CONTROLPR,10-JAN-2019,300.05,305.95,295.6,297.35,2517
CORALFINAC,10-JAN-2019,14.8,15.3,14.8,14.9,5114
CORDSCABLE,10-JAN-2019,63.0,64.0,62.55,63.15,8577
COROMANDEL,10-JAN-2019,457.05,465.85,457.0,461.55,148242
CORPBANK,10-JAN-2019,29.2,29.2,28.75,28.9,159735
COSMOFILMS,10-JAN-2019,211.9,213.65,209.0,210.45,7732
COUNCODOS,10-JAN-2019,2.3,2.4,2.3,2.4,44836
COX&KINGS,10-JAN-2019,173.3,180.0,169.3,172.05,155807
CPSEETF,10-JAN-2019,23.95,24.05,23.82,23.87,14388749
CREATIVE,10-JAN-2019,113.0,114.0,111.0,111.0,4800
CREATIVEYE,10-JAN-2019,2.8,2.8,2.7,2.7,2100
CREDITACC,10-JAN-2019,386.75,416.8,386.05,414.2,145295
CREST,10-JAN-2019,142.2,143.7,139.3,141.8,2021
CRISIL,10-JAN-2019,1646.95,1659.95,1639.75,1649.1,28809
CRMFGETF,10-JAN-2019,3000.0,3000.0,3000.0,3000.0,3
CROMPTON,10-JAN-2019,229.0,231.75,227.6,229.75,144571
CTE,10-JAN-2019,45.25,47.0,43.05,44.35,10140
CUB,10-JAN-2019,192.95,194.9,191.6,192.15,630182
CUBEXTUB,10-JAN-2019,14.85,15.75,14.85,14.95,2486
CUMMINSIND,10-JAN-2019,861.55,862.75,851.8,854.75,431175
CUPID,10-JAN-2019,154.1,159.0,154.0,154.75,16087
CURATECH,10-JAN-2019,1.0,1.0,1.0,1.0,1
CYBERMEDIA,10-JAN-2019,8.4,8.4,8.3,8.3,500
CYBERTECH,10-JAN-2019,42.25,43.9,42.15,42.5,10529
CYIENT,10-JAN-2019,609.8,609.8,601.5,606.4,37333
DAAWAT,10-JAN-2019,40.85,41.5,40.25,41.0,777561
DABUR,10-JAN-2019,422.5,423.9,418.55,421.15,1089796
DALMIASUG,10-JAN-2019,97.6,100.5,97.45,98.35,193013
DAMODARIND,10-JAN-2019,44.55,45.85,44.1,45.3,1996
DATAMATICS,10-JAN-2019,111.7,113.45,110.55,112.15,58213
DBCORP,10-JAN-2019,182.0,184.7,175.45,177.2,212160
DBL,10-JAN-2019,394.0,397.55,390.05,393.4,158996
DBREALTY,10-JAN-2019,28.6,30.0,28.6,29.1,373701
DCAL,10-JAN-2019,243.45,244.1,236.25,238.9,46560
DCBBANK,10-JAN-2019,177.0,178.85,175.6,177.5,810633
DCM,10-JAN-2019,72.5,73.5,71.8,72.3,3946
DCMFINSERV,10-JAN-2019,1.35,1.35,1.35,1.35,118
DCMSHRIRAM,10-JAN-2019,358.8,361.8,348.1,353.25,65586
DCW,10-JAN-2019,17.95,18.8,17.85,18.4,206470
DECCANCE,10-JAN-2019,389.75,397.05,387.25,388.55,1084
DEEPAKFERT,10-JAN-2019,144.0,147.5,143.5,145.3,339071
DEEPAKNTR,10-JAN-2019,221.85,223.5,220.0,221.85,46839
DEEPIND,10-JAN-2019,124.45,124.95,122.6,123.15,6430
DELTACORP,10-JAN-2019,261.65,264.9,252.5,258.15,3825056
DELTAMAGNT,10-JAN-2019,81.0,81.0,78.65,78.8,291
DEN,10-JAN-2019,69.85,70.35,69.85,70.2,120874
DENABANK,10-JAN-2019,13.9,13.95,13.7,13.75,1813914
DENORA,10-JAN-2019,254.25,260.0,254.25,260.0,481
DEVIT,10-JAN-2019,75.7,75.7,75.7,75.7,4500
DFMFOODS,10-JAN-2019,200.0,201.0,198.0,199.15,2648
DHAMPURSUG,10-JAN-2019,173.2,178.9,173.05,175.65,402094
DHANBANK,10-JAN-2019,17.0,17.2,16.7,17.1,145670
DHANUKA,10-JAN-2019,414.35,425.9,414.25,423.85,10500
DHARSUGAR,10-JAN-2019,12.35,12.35,11.8,12.05,5277
DHFL,10-JAN-2019,227.7,229.65,223.0,224.1,4514692
DHFL,10-JAN-2019,962.0,962.0,958.0,962.0,75
DHFL,10-JAN-2019,930.0,933.0,927.0,930.0,330
DHFL,10-JAN-2019,1000.0,1007.99,1000.0,1007.99,170
DHFL,10-JAN-2019,935.0,935.0,935.0,935.0,15
DHFL,10-JAN-2019,928.0,928.0,926.02,927.76,617
DHFL,10-JAN-2019,920.0,920.0,920.0,920.0,42
DHFL,10-JAN-2019,904.75,904.95,900.0,904.73,4140
DHFL,10-JAN-2019,970.0,970.0,920.0,950.0,27
DHUNINV,10-JAN-2019,257.45,263.3,257.1,261.85,161
DIAMONDYD,10-JAN-2019,1035.65,1060.0,1035.65,1043.5,984
DIAPOWER,10-JAN-2019,1.45,1.5,1.45,1.45,16405
DICIND,10-JAN-2019,372.0,379.0,372.0,377.7,327
DIGJAMLTD,10-JAN-2019,4.7,4.8,4.65,4.75,42967
DISHTV,10-JAN-2019,40.0,40.2,39.4,39.65,3217779
DIVISLAB,10-JAN-2019,1470.7,1525.55,1467.25,1520.45,1072651
DIXON,10-JAN-2019,2076.1,2097.0,2070.1,2077.6,3082
DLF,10-JAN-2019,183.1,187.15,181.35,183.55,9198151
DLINKINDIA,10-JAN-2019,74.6,76.0,74.1,74.55,20526
DMART,10-JAN-2019,1608.0,1614.0,1580.25,1587.8,349037
DNAMEDIA,10-JAN-2019,6.15,6.3,6.0,6.2,13640
DOLLAR,10-JAN-2019,306.85,306.85,296.0,298.4,7437
DOLPHINOFF,10-JAN-2019,51.8,52.65,51.4,51.8,81959
DONEAR,10-JAN-2019,41.0,41.6,39.5,40.0,122131
DPSCLTD,10-JAN-2019,13.5,13.65,13.4,13.5,1431
DQE,10-JAN-2019,8.3,8.3,8.05,8.1,1328
DREDGECORP,10-JAN-2019,451.1,453.4,443.0,444.5,330213
DRREDDY,10-JAN-2019,2598.1,2610.0,2583.15,2600.4,390414
DSSL,10-JAN-2019,35.7,35.7,34.85,35.25,1162
DTIL,10-JAN-2019,257.95,257.95,245.1,249.5,945
DUCON,10-JAN-2019,12.35,12.4,11.85,12.05,119665
DVL,10-JAN-2019,105.0,106.0,104.2,104.5,2042
DWARKESH,10-JAN-2019,23.6,24.15,23.4,23.65,185955
DYNAMATECH,10-JAN-2019,1473.0,1510.0,1469.95,1500.25,366
DYNPRO,10-JAN-2019,124.5,129.3,124.45,126.3,1392
EASTSILK,10-JAN-2019,2.7,2.7,2.5,2.65,4900
EASUNREYRL,10-JAN-2019,7.05,7.05,6.9,7.05,11813
EBANK,10-JAN-2019,2666.48,2666.48,2666.48,2666.48,7
ECEIND,10-JAN-2019,227.85,233.5,226.05,230.6,27
ECLERX,10-JAN-2019,1050.0,1089.0,1050.0,1082.2,3148
ECLFINANCE,10-JAN-2019,1026.5,1030.0,1026.0,1028.05,361
ECLFINANCE,10-JAN-2019,1057.9,1065.0,1057.0,1065.0,360
ECLFINANCE,10-JAN-2019,1003.0,1003.75,1003.0,1003.75,196
ECLFINANCE,10-JAN-2019,1000.0,1000.0,1000.0,1000.0,210
ECLFINANCE,10-JAN-2019,1000.0,1000.0,1000.0,1000.0,3
ECLFINANCE,10-JAN-2019,965.1,965.1,960.0,961.1,252
ECLFINANCE,10-JAN-2019,985.0,985.01,985.0,985.0,350
ECLFINANCE,10-JAN-2019,990.0,993.0,990.0,993.0,55
ECLFINANCE,10-JAN-2019,995.0,995.0,987.04,987.04,358
ECLFINANCE,10-JAN-2019,998.01,998.01,990.0,991.01,295
ECLFINANCE,10-JAN-2019,996.5,998.5,996.4,997.0,3154
ECLFINANCE,10-JAN-2019,998.95,998.95,998.95,998.95,10
EDELWEISS,10-JAN-2019,179.25,180.55,176.5,179.4,596481
EDL,10-JAN-2019,8.9,9.1,8.9,8.9,8699
EDUCOMP,10-JAN-2019,2.6,2.7,2.5,2.65,28736
EHFLNCD,10-JAN-2019,1000.0,1000.0,1000.0,1000.0,100
EHFLNCD,10-JAN-2019,1010.0,1017.5,1010.0,1013.0,825
EICHERMOT,10-JAN-2019,20360.0,20600.0,20345.05,20556.1,102143
EIDPARRY,10-JAN-2019,224.4,227.9,222.15,224.95,88510
EIFFL,10-JAN-2019,116.2,116.2,116.2,116.2,2400
EIHAHOTELS,10-JAN-2019,375.75,392.2,370.55,387.95,7578
EIHOTEL,10-JAN-2019,190.0,190.0,185.4,187.1,50032
EIMCOELECO,10-JAN-2019,398.0,400.0,391.0,392.8,268
EKC,10-JAN-2019,31.55,32.1,31.1,31.35,77628
ELAND,10-JAN-2019,6.05,6.25,6.05,6.25,3078
ELECON,10-JAN-2019,65.75,66.7,65.6,65.9,36768
ELECTCAST,10-JAN-2019,20.55,21.05,20.55,21.0,93246
ELECTHERM,10-JAN-2019,148.0,150.75,147.35,148.3,1669
ELGIEQUIP,10-JAN-2019,251.2,255.0,248.05,252.5,13075
ELGIRUBCO,10-JAN-2019,26.5,27.45,26.15,26.45,2400
EMAMILTD,10-JAN-2019,421.4,426.85,420.3,423.55,68315
EMAMIREAL,10-JAN-2019,148.05,155.7,147.5,151.9,37817
EMCO,10-JAN-2019,7.25,7.45,7.25,7.3,22220
EMKAY,10-JAN-2019,104.6,109.5,104.6,106.25,31657
EMMBI,10-JAN-2019,127.05,127.05,121.95,124.75,3733
EMOFSR1RGG,10-JAN-2019,7.45,7.5,7.31,7.5,14199
ENDURANCE,10-JAN-2019,1208.5,1220.0,1199.75,1206.55,71928
ENERGYDEV,10-JAN-2019,10.35,10.5,10.05,10.5,7697
ENGINERSIN,10-JAN-2019,125.4,127.75,124.3,125.45,771811
ENIL,10-JAN-2019,592.45,597.95,592.0,596.1,1431
EON,10-JAN-2019,44.7,45.5,43.5,43.9,35914
EQ30,10-JAN-2019,282.0,294.98,281.03,294.98,509
EQUITAS,10-JAN-2019,121.75,123.75,120.7,121.9,1003400
ERFLNCDI,10-JAN-2019,925.0,925.0,925.0,925.0,10
ERFLNCDI,10-JAN-2019,965.0,965.0,960.0,961.78,310
ERIS,10-JAN-2019,688.9,689.3,669.0,678.0,9674
EROSMEDIA,10-JAN-2019,84.25,84.85,83.55,84.2,199761
ESABINDIA,10-JAN-2019,894.35,905.0,883.25,895.5,2239
ESCORTS,10-JAN-2019,739.95,747.9,736.6,744.65,1296883
ESSARSHPNG,10-JAN-2019,12.35,13.4,12.35,13.05,87476
ESSDEE,10-JAN-2019,20.1,20.9,19.5,19.55,13810
ESSELPACK,10-JAN-2019,108.9,108.95,106.65,107.55,25554
ESTER,10-JAN-2019,36.25,36.9,36.05,36.1,17815
EUROCERA,10-JAN-2019,1.9,1.9,1.8,1.8,2379
EUROTEXIND,10-JAN-2019,21.5,21.5,21.5,21.5,212
EVEREADY,10-JAN-2019,182.7,182.75,180.5,181.7,44697
EVERESTIND,10-JAN-2019,504.0,504.0,496.0,498.95,7129
EXCEL,10-JAN-2019,2.95,3.0,2.95,3.0,70564
EXCELCROP,10-JAN-2019,3517.05,3520.0,3462.85,3481.8,534
EXCELINDUS,10-JAN-2019,1392.0,1402.45,1369.0,1373.3,8243
EXIDEIND,10-JAN-2019,260.0,263.4,258.85,261.25,501292
FACT,10-JAN-2019,43.95,48.65,43.25,45.8,1168489
FAIRCHEM,10-JAN-2019,344.3,347.7,333.2,337.1,3909
FCL,10-JAN-2019,34.35,34.8,34.15,34.45,78313
FCONSUMER,10-JAN-2019,43.4,43.4,42.8,42.9,1270425
FCSSOFT,10-JAN-2019,0.25,0.25,0.2,0.2,475513
FDC,10-JAN-2019,172.4,176.5,172.05,174.1,33265
FEDERALBNK,10-JAN-2019,97.2,97.2,95.25,95.65,9038333
FEL,10-JAN-2019,36.95,37.5,35.6,37.2,283114
FELDVR,10-JAN-2019,37.0,38.0,36.4,37.7,3628
FIEMIND,10-JAN-2019,518.95,529.2,518.2,528.4,16070
FILATEX,10-JAN-2019,59.7,59.7,56.05,56.3,880090
FINCABLES,10-JAN-2019,447.1,450.1,447.1,449.45,25922
FINEORG,10-JAN-2019,1199.9,1199.95,1175.2,1179.3,1247
FINPIPE,10-JAN-2019,535.9,539.85,530.8,535.9,14539
FIVECORE,10-JAN-2019,110.5,110.5,110.5,110.5,1000
FLEXITUFF,10-JAN-2019,50.05,52.0,50.05,52.0,8971
FLFL,10-JAN-2019,386.0,397.45,386.0,390.2,32997
FMGOETZE,10-JAN-2019,529.95,543.75,521.0,523.05,18377
FMNL,10-JAN-2019,55.5,56.05,54.6,54.9,27756
FORTIS,10-JAN-2019,139.2,140.55,138.3,139.95,1189523
FOSECOIND,10-JAN-2019,1343.8,1367.4,1343.5,1362.65,595
FOURTHDIM,10-JAN-2019,44.65,45.55,44.65,44.65,13000
FRETAIL,10-JAN-2019,451.0,458.95,446.0,449.4,409283
FSC,10-JAN-2019,652.05,655.3,646.9,651.25,1443
FSL,10-JAN-2019,47.4,47.55,46.65,47.05,1272063
GABRIEL,10-JAN-2019,145.05,145.8,141.45,145.25,48766
GAEL,10-JAN-2019,232.75,232.75,226.6,228.5,37628
GAIL,10-JAN-2019,343.0,345.1,339.25,343.9,2754189
GAL,10-JAN-2019,6.65,6.75,6.6,6.6,13535
GALAXYSURF,10-JAN-2019,1215.05,1224.45,1175.55,1195.15,9777
GALLANTT,10-JAN-2019,55.25,56.2,54.8,55.4,13775
GALLISPAT,10-JAN-2019,31.5,33.2,30.85,32.75,54899
GAMMNINFRA,10-JAN-2019,0.7,0.7,0.65,0.7,2153437
GANDHITUBE,10-JAN-2019,379.4,379.4,370.35,375.25,833
GANECOS,10-JAN-2019,291.35,291.35,284.6,286.3,1492
GANESHHOUC,10-JAN-2019,70.65,71.3,69.1,69.8,25250
GANGAFORGE,10-JAN-2019,24.25,24.25,24.25,24.25,12000
GANGESSECU,10-JAN-2019,51.8,51.8,47.75,49.0,379
GANGOTRI,10-JAN-2019,2.0,2.0,2.0,2.0,23703
GARDENSILK,10-JAN-2019,23.7,24.5,23.3,23.6,30198
GARFIBRES,10-JAN-2019,1209.9,1209.9,1186.0,1188.9,20095
GATI,10-JAN-2019,83.45,83.6,82.25,82.7,192654
GAYAHWS,10-JAN-2019,0.95,1.05,0.95,1.0,103841
GAYAPROJ,10-JAN-2019,175.1,176.1,173.45,174.6,6688
GDL,10-JAN-2019,118.0,119.05,116.0,116.25,85981
GEECEE,10-JAN-2019,125.0,126.1,121.0,122.8,6375
GEMINI,10-JAN-2019,0.2,0.2,0.15,0.2,38265
GENESYS,10-JAN-2019,136.3,143.7,135.0,142.25,23303
GENUSPAPER,10-JAN-2019,9.1,9.2,8.95,9.0,172584
GENUSPOWER,10-JAN-2019,28.75,29.1,28.35,28.45,179523
GEOJITFSL,10-JAN-2019,46.25,46.35,45.55,45.85,27172
GEPIL,10-JAN-2019,810.15,827.0,808.95,813.5,7274
GESHIP,10-JAN-2019,318.0,329.9,315.5,324.95,333913
GET&D,10-JAN-2019,295.25,316.0,295.25,312.2,80138
GHCL,10-JAN-2019,245.45,250.95,244.05,246.25,154790
GICHSGFIN,10-JAN-2019,264.0,274.0,262.95,265.35,121787
GICRE,10-JAN-2019,260.15,266.0,260.1,262.65,59144
GILLANDERS,10-JAN-2019,56.1,57.65,56.1,56.2,2418
GILLETTE,10-JAN-2019,6498.85,6499.85,6466.0,6495.6,3026
GINNIFILA,10-JAN-2019,17.0,17.0,16.75,16.85,9715
GIPCL,10-JAN-2019,79.8,80.1,78.6,78.75,16835
GKWLIMITED,10-JAN-2019,900.05,905.0,895.1,905.0,71
GLAXO,10-JAN-2019,1465.0,1496.8,1446.35,1483.0,12102
GLENMARK,10-JAN-2019,655.9,670.0,652.0,667.85,571292
GLOBALVECT,10-JAN-2019,65.45,67.0,62.0,63.65,1699
GLOBOFFS,10-JAN-2019,13.45,14.15,13.4,13.55,888
GLOBUSSPR,10-JAN-2019,153.25,154.95,151.8,152.3,23321
GMBREW,10-JAN-2019,581.0,597.9,576.8,590.15,132731
GMDCLTD,10-JAN-2019,87.35,88.6,87.3,87.75,31378
GMMPFAUDLR,10-JAN-2019,1205.0,1217.0,1180.0,1203.2,4065
GMRINFRA,10-JAN-2019,16.9,17.25,16.6,16.75,22063352
GNA,10-JAN-2019,362.45,369.0,359.0,367.1,23349
GNFC,10-JAN-2019,350.0,364.8,348.65,359.0,768702
GOACARBON,10-JAN-2019,540.0,568.55,518.95,531.3,643775
GOCLCORP,10-JAN-2019,280.8,280.85,274.05,276.1,1867
GODFRYPHLP,10-JAN-2019,909.8,909.8,886.05,891.25,75058
GODREJAGRO,10-JAN-2019,496.05,499.0,496.05,498.05,24359
GODREJCP,10-JAN-2019,776.8,783.2,769.05,779.5,793139
GODREJIND,10-JAN-2019,536.85,545.0,532.05,543.25,192236
GODREJPROP,10-JAN-2019,745.15,745.95,726.8,735.35,181594
GOENKA,10-JAN-2019,0.35,0.4,0.3,0.3,76984
GOKEX,10-JAN-2019,75.75,76.65,75.75,76.1,9555
GOKUL,10-JAN-2019,13.4,13.95,13.4,13.9,7100
GOKULAGRO,10-JAN-2019,13.9,14.1,13.25,14.05,11280
GOLDBEES,10-JAN-2019,2850.1,2861.9,2847.5,2857.9,15268
GOLDENTOBC,10-JAN-2019,55.5,55.5,55.5,55.5,321
GOLDIAM,10-JAN-2019,84.05,84.1,80.6,80.9,2683
GOLDSHARE,10-JAN-2019,2860.1,2875.0,2860.1,2865.2,1440
GOLDTECH,10-JAN-2019,16.0,16.35,15.6,16.0,6974
GOODLUCK,10-JAN-2019,71.0,81.35,71.0,78.75,2442063
GPIL,10-JAN-2019,253.0,254.0,247.6,250.05,55905
GPPL,10-JAN-2019,96.0,96.0,93.05,93.4,72074
GPTINFRA,10-JAN-2019,53.75,53.75,51.1,53.0,3110
GRANULES,10-JAN-2019,90.7,91.35,89.5,90.55,505800
GRAPHITE,10-JAN-2019,726.0,734.95,720.3,724.85,474585
GRASIM,10-JAN-2019,834.6,837.45,819.0,820.2,819813
GRAVITA,10-JAN-2019,72.35,73.6,72.1,72.35,16165
GREAVESCOT,10-JAN-2019,121.1,122.4,120.7,122.0,274153
GREENLAM,10-JAN-2019,879.35,898.0,865.0,886.5,2358
GREENPLY,10-JAN-2019,141.65,145.0,138.0,143.5,88375
GREENPOWER,10-JAN-2019,6.15,6.25,6.05,6.15,48407
GRETEX,10-JAN-2019,9.95,9.95,9.95,9.95,6000
GRINDWELL,10-JAN-2019,557.2,557.85,546.85,551.7,3875
GROBTEA,10-JAN-2019,565.6,579.95,561.5,563.75,96
GRPLTD,10-JAN-2019,1070.0,1070.0,1031.5,1070.0,306
GRSE,10-JAN-2019,93.45,95.4,92.35,92.95,5742
GRUH,10-JAN-2019,234.4,244.5,233.5,240.55,17924386
GSCLCEMENT,10-JAN-2019,24.5,25.05,24.0,24.8,25862
GSFC,10-JAN-2019,112.1,114.4,112.1,112.65,1428626
GSKCONS,10-JAN-2019,7497.0,7550.0,7453.4,7524.4,8988
GSPL,10-JAN-2019,171.0,172.5,168.6,170.05,740826
GSS,10-JAN-2019,128.4,133.0,127.5,128.45,89165
GTL,10-JAN-2019,6.45,7.5,6.3,7.5,1534240
GTLINFRA,10-JAN-2019,1.1,1.1,0.9,1.1,22916713
GTNIND,10-JAN-2019,9.9,9.9,9.5,9.5,4016
GTNTEX,10-JAN-2019,10.2,10.2,10.2,10.2,56
GTPL,10-JAN-2019,84.95,85.0,83.0,83.8,3602
GUFICBIO,10-JAN-2019,93.9,93.95,92.65,92.95,324542
GUJALKALI,10-JAN-2019,530.2,535.95,527.0,528.15,25190
GUJAPOLLO,10-JAN-2019,157.15,164.7,157.1,162.0,1368
GUJFLUORO,10-JAN-2019,953.0,965.0,946.1,953.25,127844
GUJGASLTD,10-JAN-2019,664.9,672.0,658.0,669.7,36669
GUJRAFFIA,10-JAN-2019,15.65,15.65,15.65,15.65,150
GULFOILLUB,10-JAN-2019,823.6,844.55,822.55,842.35,4347
GULFPETRO,10-JAN-2019,63.15,65.75,63.0,63.7,12637
GULPOLY,10-JAN-2019,69.85,69.85,68.6,68.9,22484
GVKPIL,10-JAN-2019,7.9,7.9,7.6,7.7,1106151
H1190M36RG,10-JAN-2019,11.48,12.09,11.48,12.09,2310
H1309S37RQ,10-JAN-2019,10.7,10.7,10.7,10.7,18000
HAL,10-JAN-2019,778.65,787.95,775.0,775.85,12944
HARITASEAT,10-JAN-2019,522.05,542.45,522.05,534.8,2622
HARRMALAYA,10-JAN-2019,81.85,82.4,81.3,81.6,18942
HATHWAY,10-JAN-2019,30.8,31.25,30.8,31.1,502674
HATSUN,10-JAN-2019,520.0,520.0,520.0,520.0,1
HATSUN,10-JAN-2019,674.95,684.0,669.0,680.35,5374
HAVELLS,10-JAN-2019,682.95,690.55,676.0,688.05,985376
HAVISHA,10-JAN-2019,0.65,0.75,0.65,0.75,4807
HBLPOWER,10-JAN-2019,28.05,29.4,28.0,28.6,207484
HBSL,10-JAN-2019,9.5,9.5,8.7,9.5,2100
HCC,10-JAN-2019,12.6,13.8,12.4,13.4,17751826
HCG,10-JAN-2019,190.6,195.8,188.8,194.7,7423
HCL-INSYS,10-JAN-2019,24.9,25.35,24.75,24.85,600193
HCLTECH,10-JAN-2019,943.0,943.0,932.0,935.85,916048
HDFC,10-JAN-2019,1993.0,1993.0,1971.3,1980.1,2138302
HDFCAMC,10-JAN-2019,1496.05,1512.65,1492.45,1507.5,50444
HDFCBANK,10-JAN-2019,2117.0,2123.8,2092.65,2108.5,1922885
HDFCLIFE,10-JAN-2019,396.65,409.35,395.05,406.7,1539299
HDFCMFGETF,10-JAN-2019,2915.0,2937.0,2915.0,2924.9,1483
HDFCNIFETF,10-JAN-2019,1122.56,1122.87,1118.9,1121.36,604
HDFCSENETF,10-JAN-2019,3784.67,3790.66,3752.52,3784.61,36
HDIL,10-JAN-2019,28.45,28.95,27.8,28.05,7670703
HEG,10-JAN-2019,3650.0,3700.0,3630.0,3661.8,90349
HEIDELBERG,10-JAN-2019,150.7,150.7,148.2,149.8,41559
HERCULES,10-JAN-2019,126.0,132.0,122.65,124.5,1408020
HERITGFOOD,10-JAN-2019,527.95,530.95,520.3,524.5,17070
HEROMOTOCO,10-JAN-2019,2932.0,2949.95,2912.55,2919.5,452293
HESTERBIO,10-JAN-2019,1138.95,1153.45,1138.95,1142.1,245
HEXATRADEX,10-JAN-2019,23.1,24.7,23.1,24.7,3510
HEXAWARE,10-JAN-2019,328.5,330.8,319.3,320.35,1314604
HFCL,10-JAN-2019,22.75,23.6,22.75,23.15,3792881
HGINFRA,10-JAN-2019,211.0,211.0,201.15,203.55,81082
HGS,10-JAN-2019,646.05,648.5,640.2,645.05,1484
HIGHGROUND,10-JAN-2019,9.1,9.15,8.5,8.65,571477
HIKAL,10-JAN-2019,152.7,157.5,152.0,156.1,127255
HIL,10-JAN-2019,2026.7,2026.7,1985.4,2012.2,2163
HILTON,10-JAN-2019,20.65,21.9,20.65,21.5,1911
HIMATSEIDE,10-JAN-2019,209.1,212.5,208.05,211.1,35237
HINDALCO,10-JAN-2019,206.0,206.65,203.05,204.0,9291967
HINDCOMPOS,10-JAN-2019,279.95,285.8,279.95,281.7,31276
HINDCOPPER,10-JAN-2019,49.65,49.65,49.05,49.2,375422
HINDMOTORS,10-JAN-2019,8.3,8.45,8.2,8.35,141339
HINDNATGLS,10-JAN-2019,88.05,99.0,88.05,93.45,19352
HINDOILEXP,10-JAN-2019,124.9,124.9,121.1,121.7,457912
HINDPETRO,10-JAN-2019,236.55,237.95,231.2,232.9,7617369
HINDUJAVEN,10-JAN-2019,401.35,401.35,390.05,395.55,895
HINDUNILVR,10-JAN-2019,1785.0,1799.1,1779.0,1786.2,1313981
HINDZINC,10-JAN-2019,274.95,277.6,272.85,275.95,449963
HIRECT,10-JAN-2019,112.0,113.0,110.7,112.4,22175
HISARMETAL,10-JAN-2019,44.0,45.0,42.65,44.45,3695
HITECH,10-JAN-2019,199.95,203.05,195.05,196.35,6460
HITECHCORP,10-JAN-2019,113.0,115.5,113.0,115.5,110
HITECHGEAR,10-JAN-2019,326.2,332.0,324.0,329.6,605
HMT,10-JAN-2019,19.3,19.95,19.3,19.45,700
HMVL,10-JAN-2019,129.5,131.75,128.25,129.35,48214
HNGSNGBEES,10-JAN-2019,3144.0,3144.0,3100.02,3126.4,10
HONAUT,10-JAN-2019,22150.0,22150.0,21852.1,21938.2,1052
HONDAPOWER,10-JAN-2019,1072.5,1090.0,1071.05,1075.7,1264
HOTELEELA,10-JAN-2019,15.35,15.4,14.95,15.15,137048
HOTELRUGBY,10-JAN-2019,1.7,1.7,1.7,1.7,5
HOVS,10-JAN-2019,173.0,193.65,170.1,181.05,617596
HPL,10-JAN-2019,61.15,61.8,60.4,61.3,42426
HSCL,10-JAN-2019,129.7,129.95,128.55,129.55,238593
HSIL,10-JAN-2019,241.0,249.8,239.6,246.8,250102
HTMEDIA,10-JAN-2019,50.25,50.7,46.1,46.9,3398208
HUBTOWN,10-JAN-2019,40.55,41.9,40.5,40.75,22176
HUDCO,10-JAN-2019,43.15,45.0,43.0,43.7,2238238
HUDCO,10-JAN-2019,1183.0,1213.99,1183.0,1185.1,145
HUDCO,10-JAN-2019,1100.0,1100.0,1093.31,1093.31,61
HUDCO,10-JAN-2019,1140.0,1140.0,1140.0,1140.0,50
HUDCO,10-JAN-2019,1174.0,1194.95,1173.0,1194.95,435
HUDCO,10-JAN-2019,1185.5,1185.5,1184.0,1184.0,427
HUDCO,10-JAN-2019,1300.0,1308.99,1300.0,1300.0,105
IBREALEST,10-JAN-2019,87.9,90.2,87.55,88.7,2343464
IBUCCREDIT,10-JAN-2019,963.1,963.1,963.0,963.0,40
IBULHSGFIN,10-JAN-2019,822.0,828.7,810.6,814.25,2883533
IBULHSGFIN,10-JAN-2019,999.0,999.0,999.0,999.0,1
IBULHSGFIN,10-JAN-2019,901.25,901.25,900.92,901.03,188
IBULISL,10-JAN-2019,324.9,341.75,317.5,341.25,155331
IBVENTURES,10-JAN-2019,245.0,245.0,225.0,229.9,10852
IBVENTURES,10-JAN-2019,388.95,393.1,381.3,384.0,293336
ICICI500,10-JAN-2019,149.0,150.89,145.92,146.26,110
ICICIB22,10-JAN-2019,35.56,35.84,35.31,35.65,305133
ICICIBANK,10-JAN-2019,380.95,382.15,376.05,379.5,14497154
ICICIGI,10-JAN-2019,861.0,893.0,861.0,890.4,635230
ICICIGOLD,10-JAN-2019,28.8,29.15,28.8,29.0,40394
ICICILOVOL,10-JAN-2019,86.45,86.57,86.34,86.34,120
ICICIMCAP,10-JAN-2019,66.7,66.87,66.58,66.67,7037
ICICINF100,10-JAN-2019,120.0,120.0,117.08,117.49,1268
ICICINIFTY,10-JAN-2019,112.25,113.04,112.25,112.65,46439
ICICINV20,10-JAN-2019,52.04,52.1,51.9,52.04,10907
ICICINXT50,10-JAN-2019,28.7,28.8,27.6,27.8,7280
ICICIPRULI,10-JAN-2019,338.0,354.0,337.3,348.5,3816361
ICICISENSX,10-JAN-2019,382.21,382.4,382.0,382.01,83
ICIL,10-JAN-2019,54.95,56.0,54.25,55.2,72410
ICRA,10-JAN-2019,3169.1,3199.0,3169.1,3196.45,386
IDBI,10-JAN-2019,64.3,64.9,62.4,62.7,3624448
IDBIGOLD,10-JAN-2019,2980.0,3066.0,2980.0,2986.0,80
IDEA,10-JAN-2019,37.0,37.6,36.8,37.1,10158441
IDFC,10-JAN-2019,43.3,43.75,42.7,42.95,3688826
IDFCBANK,10-JAN-2019,46.0,47.45,45.75,46.95,17758764
IDFCBANK,10-JAN-2019,5000.0,5000.0,4885.01,4904.0,20
IDFCBANK,10-JAN-2019,9050.0,9054.0,9047.0,9054.0,19
IDFCBANK,10-JAN-2019,8575.51,8725.0,8575.51,8725.0,11
IDFCBANK,10-JAN-2019,5175.0,5175.0,5175.0,5175.0,1
IDFCBANK,10-JAN-2019,8785.02,8790.0,8785.02,8790.0,12
IDFCBANK,10-JAN-2019,8901.0,8901.0,8901.0,8901.0,1
IDFCBANK,10-JAN-2019,4965.0,4965.0,4965.0,4965.0,7
IDFCBANK,10-JAN-2019,8887.0,8887.0,8887.0,8887.0,8
IDFCBANK,10-JAN-2019,5185.0,5210.0,5185.0,5210.0,16
IDFCBANK,10-JAN-2019,8540.0,8541.05,8540.0,8541.05,12
IDFCBANK,10-JAN-2019,5150.0,5150.0,5150.0,5150.0,1
IDFNIFTYET,10-JAN-2019,111.0,115.5,106.34,106.34,31
IEX,10-JAN-2019,163.0,166.4,159.0,160.3,936112
IFBAGRO,10-JAN-2019,595.9,595.9,581.65,589.25,492
IFBIND,10-JAN-2019,833.05,840.0,826.15,832.8,1837
IFCI,10-JAN-2019,14.75,14.85,14.6,14.65,1633628
IFCI,10-JAN-2019,1005.0,1005.0,1005.0,1005.0,110
IFCI,10-JAN-2019,1450.25,1498.0,1450.25,1463.89,56
IFCI,10-JAN-2019,995.0,999.49,994.5,995.76,750
IFCI,10-JAN-2019,1405.1,1405.1,1405.1,1405.1,9
IFGLEXPOR,10-JAN-2019,241.7,248.8,237.7,243.75,140879
IGARASHI,10-JAN-2019,547.5,556.4,547.0,548.35,1280
IGL,10-JAN-2019,265.8,268.0,265.25,266.5,434905
IGPL,10-JAN-2019,387.45,387.45,380.5,384.6,8458
IIFCL,10-JAN-2019,1074.6,1100.0,1074.6,1100.0,170
IIFCL,10-JAN-2019,1247.0,1247.0,1247.0,1247.0,56
IIFL,10-JAN-2019,482.0,490.75,475.0,475.85,40352
IIHFL,10-JAN-2019,1050.0,1050.0,1038.0,1039.56,164
IIHFL,10-JAN-2019,1735.0,1737.5,1730.0,1734.0,417
IITL,10-JAN-2019,74.0,74.0,74.0,74.0,200
IL&FSENGG,10-JAN-2019,14.75,15.3,14.55,14.8,27985
IL&FSTRANS,10-JAN-2019,11.9,12.1,11.45,11.55,789128
IMFA,10-JAN-2019,237.0,237.3,233.0,235.1,13735
IMPAL,10-JAN-2019,886.15,889.0,870.25,888.1,2328
INDBANK,10-JAN-2019,10.0,10.3,10.0,10.1,15989
INDHOTEL,10-JAN-2019,142.45,143.6,140.75,141.3,1309629
INDIACEM,10-JAN-2019,88.2,89.25,87.5,88.1,3852097
INDIAGLYCO,10-JAN-2019,323.7,325.8,315.6,317.85,91770
INDIANB,10-JAN-2019,254.0,255.5,251.0,251.65,914568
INDIANCARD,10-JAN-2019,101.0,101.7,100.5,101.65,750
INDIANHUME,10-JAN-2019,353.6,368.45,347.0,363.05,64461
INDIGO,10-JAN-2019,1089.95,1102.7,1085.9,1097.0,767815
INDIGRID,10-JAN-2019,88.2,88.2,87.95,88.0,71442
INDLMETER,10-JAN-2019,48.5,49.0,48.3,48.65,779
INDNIPPON,10-JAN-2019,430.8,436.5,418.85,424.15,13546
INDOCO,10-JAN-2019,217.4,220.6,216.95,219.8,8431
INDORAMA,10-JAN-2019,31.15,32.15,29.9,31.95,98407
INDOSOLAR,10-JAN-2019,2.0,2.15,2.0,2.05,98178
INDOSTAR,10-JAN-2019,353.85,357.4,347.9,356.1,17991
INDOTECH,10-JAN-2019,123.0,126.75,116.25,117.6,8315
INDOTHAI,10-JAN-2019,34.6,34.6,33.6,33.95,9899
INDOWIND,10-JAN-2019,5.85,5.85,5.6,5.8,28349
INDRAMEDCO,10-JAN-2019,40.1,40.8,40.0,40.45,30923
INDSWFTLAB,10-JAN-2019,47.7,49.45,46.5,47.65,14129
INDSWFTLTD,10-JAN-2019,6.35,6.55,6.25,6.25,1988
INDTERRAIN,10-JAN-2019,138.6,139.2,135.35,136.95,1045
INDUSINDBK,10-JAN-2019,1607.85,1607.85,1554.0,1565.9,4377060
INEOSSTYRO,10-JAN-2019,682.5,689.95,681.9,688.35,147
INFIBEAM,10-JAN-2019,44.8,44.95,43.35,43.7,5327392
INFRABEES,10-JAN-2019,327.0,337.0,318.0,323.0,1258
INFRATEL,10-JAN-2019,290.1,290.4,281.6,285.05,3672383
INFY,10-JAN-2019,681.6,682.0,672.55,679.7,9572493
INGERRAND,10-JAN-2019,585.0,589.5,576.8,577.8,7131
INNOVANA,10-JAN-2019,358.1,362.0,358.1,360.0,1200
INNOVATIVE,10-JAN-2019,23.3,23.3,23.05,23.05,18000
INOXLEISUR,10-JAN-2019,253.15,253.15,249.65,250.1,100140
INOXWIND,10-JAN-2019,75.1,76.7,74.6,75.0,25614
INSECTICID,10-JAN-2019,602.0,602.0,586.35,592.2,9729
INSPIRISYS,10-JAN-2019,55.3,56.4,52.35,55.75,7990
INTELLECT,10-JAN-2019,222.9,223.95,219.7,220.4,88410
INTENTECH,10-JAN-2019,38.05,39.75,38.05,38.75,820
INVENTURE,10-JAN-2019,13.8,13.8,13.6,13.8,1673
IOB,10-JAN-2019,14.65,14.85,14.6,14.7,230413
IOC,10-JAN-2019,131.1,131.8,129.45,129.9,10687270
IOLCP,10-JAN-2019,199.5,206.8,198.2,201.75,1003969
IPAPPM,10-JAN-2019,460.0,464.05,455.65,457.1,15842
IPCALAB,10-JAN-2019,779.5,794.0,775.0,782.1,89333
IRB,10-JAN-2019,157.0,159.5,156.1,157.35,820346
IRBINVIT,10-JAN-2019,68.99,68.99,68.63,68.84,40000
IRCON,10-JAN-2019,412.7,421.8,412.0,414.0,63624
IREDA,10-JAN-2019,1250.0,1250.0,1250.0,1250.0,38
IREDA,10-JAN-2019,1299.2,1299.2,1299.2,1299.2,154
IRFC,10-JAN-2019,1069.0,1080.0,1066.9,1079.95,3772
IRFC,10-JAN-2019,1140.0,1140.0,1140.0,1140.0,4
IRFC,10-JAN-2019,1351.0,1351.0,1130.16,1130.16,20
IRFC,10-JAN-2019,1249.0,1249.0,1249.0,1249.0,540
IRFC,10-JAN-2019,1102.0,1106.0,1102.0,1106.0,390
IRFC,10-JAN-2019,1116.0,1118.0,1115.55,1118.0,275
IRISDOREME,10-JAN-2019,100.0,107.0,99.0,102.65,8000
ISEC,10-JAN-2019,265.7,269.5,265.55,267.65,17817
ISFT,10-JAN-2019,181.5,182.8,172.05,174.65,5851
ISMTLTD,10-JAN-2019,7.7,7.9,7.65,7.65,7461
ITC,10-JAN-2019,290.75,293.7,288.9,289.6,10288580
ITDC,10-JAN-2019,318.1,322.9,313.0,315.2,14146
ITDCEM,10-JAN-2019,117.85,118.9,117.1,117.8,170751
ITI,10-JAN-2019,91.2,94.5,90.8,93.05,1192080
IVC,10-JAN-2019,6.8,7.0,6.8,6.9,208984
IVP,10-JAN-2019,125.25,129.9,125.25,129.85,352
IVRCLINFRA,10-JAN-2019,1.0,1.05,0.95,1.0,604062
IVZINGOLD,10-JAN-2019,2910.0,2950.0,2910.0,2940.0,396
IVZINNIFTY,10-JAN-2019,1335.0,1335.0,1112.0,1144.3,1756
IZMO,10-JAN-2019,67.7,71.0,67.7,68.75,76612
J&KBANK,10-JAN-2019,37.05,37.1,36.6,36.7,343440
JAGRAN,10-JAN-2019,118.0,118.3,115.0,115.85,173806
JAGSNPHARM,10-JAN-2019,31.2,31.9,30.4,30.95,6330
JAIBALAJI,10-JAN-2019,18.95,18.95,17.9,18.35,4920
JAICORPLTD,10-JAN-2019,111.8,112.9,110.5,111.25,889459
JAIHINDPRO,10-JAN-2019,2.45,2.45,2.4,2.4,250
JAINSTUDIO,10-JAN-2019,5.65,5.8,5.65,5.8,998
JAKHARIA,10-JAN-2019,182.0,182.0,182.0,182.0,3200
JAMNAAUTO,10-JAN-2019,62.4,62.65,61.6,61.75,479829
JAYAGROGN,10-JAN-2019,227.75,227.75,216.05,220.05,2849
JAYBARMARU,10-JAN-2019,303.7,303.7,297.0,298.45,7411
JAYNECOIND,10-JAN-2019,5.85,6.25,5.85,5.95,41395
JAYSREETEA,10-JAN-2019,85.25,86.0,84.0,84.25,57166
JBCHEPHARM,10-JAN-2019,302.4,304.0,298.9,300.65,18720
JBFIND,10-JAN-2019,22.45,22.45,21.5,21.85,38642
JBMA,10-JAN-2019,293.7,293.7,288.0,288.55,9172
JCHAC,10-JAN-2019,1782.3,1782.3,1750.05,1752.7,766
JETAIRWAYS,10-JAN-2019,241.0,248.55,239.25,242.8,4422435
JETFREIGHT,10-JAN-2019,24.5,24.5,24.5,24.5,4000
JHS,10-JAN-2019,31.55,32.3,31.5,31.85,60354
JIKIND,10-JAN-2019,0.45,0.45,0.45,0.45,300
JINDALPHOT,10-JAN-2019,31.5,31.55,31.1,31.15,2129
JINDALPOLY,10-JAN-2019,240.45,241.55,236.2,240.05,10072
JINDALSAW,10-JAN-2019,81.2,82.25,80.6,80.9,177716
JINDALSTEL,10-JAN-2019,152.4,153.6,148.85,149.7,9809472
JINDCOT,10-JAN-2019,5.65,5.65,4.9,5.4,64469
JINDRILL,10-JAN-2019,113.3,113.45,111.65,112.6,5551
JINDWORLD,10-JAN-2019,75.0,75.25,73.5,74.25,172908
JISLDVREQS,10-JAN-2019,49.35,49.5,48.4,48.8,180096
JISLJALEQS,10-JAN-2019,66.8,68.0,66.45,67.65,4126063
JITFINFRA,10-JAN-2019,17.0,17.0,16.25,16.75,1120
JKCEMENT,10-JAN-2019,698.0,711.9,695.45,704.65,15253
JKIL,10-JAN-2019,126.4,134.5,126.05,129.05,645303
JKLAKSHMI,10-JAN-2019,302.3,302.3,295.1,295.8,41380
JKPAPER,10-JAN-2019,149.5,150.5,148.55,149.1,335047
JKTYRE,10-JAN-2019,102.5,102.5,101.15,101.7,249254
JMA,10-JAN-2019,172.0,172.0,172.0,172.0,10
JMCPROJECT,10-JAN-2019,89.45,91.85,89.1,89.95,135452
JMFINANCIL,10-JAN-2019,88.7,89.45,87.55,88.1,276164
JMTAUTOLTD,10-JAN-2019,3.6,3.75,3.55,3.6,77441
JOCIL,10-JAN-2019,123.7,125.0,121.05,121.3,681
JPASSOCIAT,10-JAN-2019,7.45,7.5,7.35,7.4,4485474
JPINFRATEC,10-JAN-2019,3.8,3.85,3.75,3.8,504010
JPOLYINVST,10-JAN-2019,36.2,37.7,36.15,36.25,841
JPPOWER,10-JAN-2019,2.0,2.1,2.0,2.05,1624608
JSL,10-JAN-2019,33.0,33.05,32.45,32.95,192285
JSLHISAR,10-JAN-2019,84.0,85.75,83.5,84.35,166574
JSWENERGY,10-JAN-2019,70.0,70.15,69.5,69.9,261997
JSWHL,10-JAN-2019,2720.0,2844.75,2600.0,2776.15,10499
JSWSTEEL,10-JAN-2019,290.0,292.7,287.65,289.3,4352095
JSWSTEEL,10-JAN-2019,5.85,5.9,5.85,5.85,4408
JTEKTINDIA,10-JAN-2019,101.95,102.0,100.05,100.95,34108
JUBILANT,10-JAN-2019,714.05,737.9,711.7,716.95,261771
JUBLFOOD,10-JAN-2019,1236.85,1243.2,1223.75,1233.8,853461
JUBLINDS,10-JAN-2019,103.35,104.0,101.5,102.25,25566
JUNIORBEES,10-JAN-2019,285.0,286.82,284.22,286.64,60489
JUSTDIAL,10-JAN-2019,487.95,494.95,487.0,490.65,971984
JVLAGRO,10-JAN-2019,5.1,5.2,4.85,4.95,65203
JYOTHYLAB,10-JAN-2019,205.0,205.0,201.0,201.95,23845
JYOTISTRUC,10-JAN-2019,1.95,1.95,1.9,1.9,24340
KABRAEXTRU,10-JAN-2019,75.05,76.3,74.0,74.55,6169
KAJARIACER,10-JAN-2019,516.0,525.55,513.25,524.4,496095
KAKATCEM,10-JAN-2019,196.35,198.9,194.5,198.0,9991
KALPATPOWR,10-JAN-2019,382.5,382.5,377.05,380.4,14856
KALYANIFRG,10-JAN-2019,299.85,299.85,286.5,287.6,205
KAMATHOTEL,10-JAN-2019,48.2,50.0,47.2,48.2,287253
KAMDHENU,10-JAN-2019,171.0,171.0,165.6,166.45,12884
KANANIIND,10-JAN-2019,5.0,5.0,5.0,5.0,290
KANORICHEM,10-JAN-2019,66.0,78.4,66.0,77.8,1502206
KANSAINER,10-JAN-2019,450.0,452.75,443.0,449.45,84528
KARDA,10-JAN-2019,202.0,203.95,201.75,202.35,22720
KARMAENG,10-JAN-2019,21.15,21.15,18.5,19.2,1314
KARURVYSYA,10-JAN-2019,92.75,93.25,92.1,93.1,360001
KAUSHALYA,10-JAN-2019,1.0,1.0,1.0,1.0,9043
KAVVERITEL,10-JAN-2019,8.15,8.15,7.85,7.9,664
KAYA,10-JAN-2019,735.05,749.0,730.05,743.7,3962
KCP,10-JAN-2019,90.0,91.5,89.25,91.1,16220
KCPSUGIND,10-JAN-2019,19.0,19.1,18.45,18.55,84812
KDDL,10-JAN-2019,490.0,524.9,490.0,495.1,1730
KEC,10-JAN-2019,285.9,289.8,284.15,288.85,154154
KECL,10-JAN-2019,22.95,22.95,19.0,20.45,532994
KEI,10-JAN-2019,360.0,362.5,355.2,359.6,191290
KELLTONTEC,10-JAN-2019,45.3,47.8,45.15,45.8,181044
KERNEX,10-JAN-2019,21.7,23.5,21.7,23.3,3526
KESARENT,10-JAN-2019,29.0,30.5,29.0,29.05,1463
KESORAMIND,10-JAN-2019,82.95,84.1,81.5,82.15,125217
KEYCORPSER,10-JAN-2019,49.0,50.9,49.0,50.85,12
KGL,10-JAN-2019,1.7,1.7,1.6,1.65,419269
KHADIM,10-JAN-2019,517.15,520.5,514.0,519.3,6783
KHAITANLTD,10-JAN-2019,36.0,36.5,35.85,36.5,95
KICL,10-JAN-2019,1804.75,1804.75,1763.6,1772.6,203
KILITCH,10-JAN-2019,212.5,217.0,201.5,213.5,318151
KINGFA,10-JAN-2019,769.95,769.95,745.15,761.55,1695
KIOCL,10-JAN-2019,149.05,153.25,149.0,150.9,14133
KIRIINDUS,10-JAN-2019,478.6,483.7,466.55,469.9,180958
KIRLOSBROS,10-JAN-2019,152.8,155.0,151.0,153.0,66107
KIRLOSENG,10-JAN-2019,198.0,202.0,195.0,200.05,14013
KIRLOSIND,10-JAN-2019,866.1,900.0,866.05,880.7,296
KITEX,10-JAN-2019,109.0,111.0,108.0,110.4,38379
KKCL,10-JAN-2019,1212.0,1219.8,1205.75,1207.95,60
KMSUGAR,10-JAN-2019,8.8,8.8,8.05,8.4,83174
KNRCON,10-JAN-2019,215.0,217.75,210.15,216.6,78097
KOHINOOR,10-JAN-2019,33.8,34.4,33.7,34.05,82109
KOKUYOCMLN,10-JAN-2019,107.05,108.4,106.5,107.15,11745
KOLTEPATIL,10-JAN-2019,267.0,268.95,259.5,262.45,84770
KOPRAN,10-JAN-2019,37.9,39.65,37.35,39.25,137661
KOTAKBANK,10-JAN-2019,1239.0,1242.0,1216.35,1219.55,1651443
KOTAKBKETF,10-JAN-2019,282.2,282.31,280.39,281.38,7258
KOTAKGOLD,10-JAN-2019,281.15,282.95,281.1,282.2,12352
KOTAKNIFTY,10-JAN-2019,111.05,111.49,110.71,111.13,65633
KOTAKNV20,10-JAN-2019,53.0,53.2,52.8,52.84,4895
KOTAKPSUBK,10-JAN-2019,318.99,319.0,315.0,316.25,6920
KOTARISUG,10-JAN-2019,10.1,10.4,10.1,10.25,24105
KOTHARIPET,10-JAN-2019,22.2,22.85,22.0,22.0,2690
KOTHARIPRO,10-JAN-2019,97.95,100.0,97.95,98.35,2910
KPIT,10-JAN-2019,207.35,209.0,204.45,205.25,670036
KPRMILL,10-JAN-2019,535.1,538.3,531.55,533.1,14896
KRBL,10-JAN-2019,293.05,297.45,291.1,292.5,40993
KREBSBIO,10-JAN-2019,113.0,113.0,110.2,110.3,110
KRIDHANINF,10-JAN-2019,46.3,47.25,46.1,46.35,43774
KRISHANA,10-JAN-2019,56.5,56.5,56.5,56.5,4000
KSB,10-JAN-2019,756.0,763.0,750.1,756.55,7545
KSCL,10-JAN-2019,548.0,559.0,541.85,556.9,328836
KSERASERA,10-JAN-2019,0.15,0.15,0.1,0.15,716323
KSHITIJPOL,10-JAN-2019,28.9,28.9,28.8,28.8,16000
KSK,10-JAN-2019,1.55,1.6,1.5,1.55,808555
KSL,10-JAN-2019,217.65,218.5,215.75,216.35,8036
KTIL,10-JAN-2019,66.1,66.8,65.05,65.6,1076
KTKBANK,10-JAN-2019,114.0,115.7,113.2,115.3,2057320
KWALITY,10-JAN-2019,7.85,8.1,7.85,7.9,915344
L&TFH,10-JAN-2019,144.65,146.0,143.25,144.3,2483786
L&TFINANCE,10-JAN-2019,1039.0,1039.0,1037.0,1037.06,50
L&TINFRA,10-JAN-2019,973.5,973.5,973.5,973.5,20
L&TINFRA,10-JAN-2019,1770.0,1771.5,1770.0,1771.5,610
L&TINFRA,10-JAN-2019,970.1,972.1,970.1,972.1,75
L&TINFRA,10-JAN-2019,1737.51,1741.0,1737.15,1738.8,177
L&TINFRA,10-JAN-2019,1033.01,1035.05,1033.01,1035.05,1020
L&TINFRA,10-JAN-2019,1815.0,1830.0,1815.0,1816.0,3782
LAGNAM,10-JAN-2019,13.4,13.7,13.4,13.7,9000
LAKPRE,10-JAN-2019,12.0,12.0,11.6,11.6,640
LAKSHVILAS,10-JAN-2019,77.0,80.85,75.7,79.25,930513
LALPATHLAB,10-JAN-2019,949.05,978.95,945.35,973.6,231156
LAMBODHARA,10-JAN-2019,43.4,43.9,42.35,43.3,2451
LAOPALA,10-JAN-2019,217.55,219.25,215.8,216.25,14072
LASA,10-JAN-2019,27.15,29.9,27.1,29.9,61690
LAURUSLABS,10-JAN-2019,382.0,382.0,370.1,373.0,20814
LAXMICOT,10-JAN-2019,13.0,13.0,13.0,13.0,6000
LAXMIMACH,10-JAN-2019,5719.05,5750.0,5712.0,5742.65,566
LEEL,10-JAN-2019,50.0,50.3,46.75,47.7,313355
LEMONTREE,10-JAN-2019,68.9,70.8,66.2,70.3,324307
LEXUS,10-JAN-2019,22.45,22.8,22.45,22.8,8000
LGBBROSLTD,10-JAN-2019,412.05,417.3,406.4,407.95,3461
LIBERTSHOE,10-JAN-2019,172.0,172.5,168.6,169.65,81400
LICHSGFIN,10-JAN-2019,478.0,485.25,474.0,483.45,961932
LICNETFGSC,10-JAN-2019,17.95,17.95,17.95,17.95,101
LICNETFN50,10-JAN-2019,114.99,114.99,112.0,112.0,53
LICNETFSEN,10-JAN-2019,360.0,360.0,360.0,360.0,13
LINCOLN,10-JAN-2019,220.6,226.95,220.1,222.4,26894
LINCPEN,10-JAN-2019,265.45,265.5,261.0,261.15,187
LINDEINDIA,10-JAN-2019,688.95,774.9,683.0,744.2,2214069
LIQUIDBEES,10-JAN-2019,1000.0,1000.01,999.9,1000.0,461258
LIQUIDETF,10-JAN-2019,1000.01,1000.01,999.99,1000.01,2473
LOKESHMACH,10-JAN-2019,45.3,46.8,45.25,45.6,4604
LOTUSEYE,10-JAN-2019,27.2,28.95,27.0,27.1,11040
LOVABLE,10-JAN-2019,114.55,115.85,113.0,113.6,13556
LPDC,10-JAN-2019,4.2,4.5,4.2,4.5,5886
LSIL,10-JAN-2019,1.15,1.15,1.1,1.15,333580
LT,10-JAN-2019,1388.0,1398.9,1383.25,1392.6,1063647
LTI,10-JAN-2019,1777.0,1822.0,1758.6,1789.9,301057
LTTS,10-JAN-2019,1650.25,1660.0,1635.6,1642.45,79898
LUMAXIND,10-JAN-2019,1678.65,1695.75,1671.5,1681.25,407
LUMAXTECH,10-JAN-2019,170.0,172.0,166.9,167.35,30921
LUPIN,10-JAN-2019,836.6,842.9,833.5,838.0,737445
LUXIND,10-JAN-2019,1218.0,1222.4,1129.0,1140.55,94419
LYKALABS,10-JAN-2019,29.95,29.95,29.0,29.2,14801
LYPSAGEMS,10-JAN-2019,9.0,9.0,8.55,8.9,21144
M&M,10-JAN-2019,728.0,734.85,722.8,733.2,2550750
M&MFIN,10-JAN-2019,459.5,461.45,454.7,459.5,986643
M&MFIN,10-JAN-2019,1038.49,1038.49,1038.49,1038.49,5
M100,10-JAN-2019,18.44,18.45,18.2,18.36,12187
M50,10-JAN-2019,105.44,105.44,104.55,104.55,289
MAANALU,10-JAN-2019,101.3,106.05,100.5,102.2,1461
MACPOWER,10-JAN-2019,145.0,145.0,144.8,145.0,9500
MADHAV,10-JAN-2019,43.6,44.3,43.1,44.0,2597
MADHUCON,10-JAN-2019,6.8,6.85,6.65,6.75,8966
MADRASFERT,10-JAN-2019,23.7,28.0,23.7,26.25,1962688
MAGADSUGAR,10-JAN-2019,88.4,91.5,88.05,90.55,1252
MAGMA,10-JAN-2019,107.75,109.05,106.85,107.45,78827
MAGNUM,10-JAN-2019,6.9,7.0,6.9,6.9,21645
MAHABANK,10-JAN-2019,15.2,15.2,15.05,15.05,425809
MAHAPEXLTD,10-JAN-2019,116.5,119.9,115.0,119.85,436
MAHASTEEL,10-JAN-2019,75.0,76.8,74.0,76.15,12932
MAHESHWARI,10-JAN-2019,189.0,189.0,189.0,189.0,1000
MAHINDCIE,10-JAN-2019,241.35,244.0,239.5,242.0,43146
MAHLIFE,10-JAN-2019,392.0,395.85,385.2,389.05,51812
MAHLOG,10-JAN-2019,504.0,509.1,502.0,507.85,4393
MAHSCOOTER,10-JAN-2019,3225.0,3450.0,3225.0,3311.45,54881
MAHSEAMLES,10-JAN-2019,495.95,495.95,486.95,488.35,12356
MAITHANALL,10-JAN-2019,483.5,483.5,458.05,471.85,48512
MAJESCO,10-JAN-2019,489.95,502.85,486.45,497.15,7381
MALUPAPER,10-JAN-2019,38.3,38.35,37.1,37.3,5693
MANAKALUCO,10-JAN-2019,8.3,8.5,8.2,8.2,5804
MANAKCOAT,10-JAN-2019,7.4,7.5,7.0,7.2,833
MANAKSIA,10-JAN-2019,42.05,42.75,42.0,42.35,3276
MANAKSTEEL,10-JAN-2019,19.55,19.75,19.1,19.75,11285
MANALIPETC,10-JAN-2019,31.05,31.05,30.1,30.25,301727
MANAPPURAM,10-JAN-2019,95.2,99.0,95.15,98.75,3651127
MANDHANA,10-JAN-2019,4.9,4.95,4.7,4.7,9057
MANGALAM,10-JAN-2019,71.45,72.3,71.0,71.6,7775
MANGCHEFER,10-JAN-2019,43.3,44.8,43.3,43.9,90901
MANGLMCEM,10-JAN-2019,226.75,231.55,224.45,229.6,5498
MANGTIMBER,10-JAN-2019,19.85,20.4,19.7,19.85,13455
MANINDS,10-JAN-2019,71.25,71.25,69.5,70.4,34060
MANINFRA,10-JAN-2019,37.45,38.5,37.45,37.85,82582
MANPASAND,10-JAN-2019,84.5,85.8,84.5,85.5,97319
MANUGRAPH,10-JAN-2019,29.75,33.15,29.75,31.1,4087
MARALOVER,10-JAN-2019,30.45,30.45,28.05,28.85,6732
MARATHON,10-JAN-2019,118.0,122.7,118.0,120.15,3261
MARICO,10-JAN-2019,385.1,388.85,383.8,387.1,1236628
MARINE,10-JAN-2019,80.15,84.25,80.15,83.4,24000
MARKSANS,10-JAN-2019,27.65,28.6,27.5,28.1,1427568
MARSHALL,10-JAN-2019,35.0,35.0,35.0,35.0,6000
MARUTI,10-JAN-2019,7500.0,7511.0,7360.15,7391.6,452699
MASFIN,10-JAN-2019,537.55,545.0,530.25,536.7,4012
MASTEK,10-JAN-2019,429.25,430.3,421.6,429.2,19027
MATRIMONY,10-JAN-2019,495.95,495.95,469.0,473.45,10162
MAWANASUG,10-JAN-2019,45.95,46.55,45.15,45.5,41841
MAXINDIA,10-JAN-2019,85.6,85.7,84.0,85.25,152029
MAXVIL,10-JAN-2019,53.6,54.8,53.35,53.45,11474
MAYURUNIQ,10-JAN-2019,393.0,394.8,387.1,393.95,13103
MAZDA,10-JAN-2019,294.8,297.95,291.3,292.1,124
MBAPL,10-JAN-2019,46.0,46.0,46.0,46.0,3000
MBECL,10-JAN-2019,8.9,9.45,8.8,8.85,68195
MBLINFRA,10-JAN-2019,14.6,14.65,14.15,14.35,64543
MCDHOLDING,10-JAN-2019,29.45,29.45,27.85,28.8,10237
MCDOWELL-N,10-JAN-2019,594.6,594.6,582.5,586.55,1375874
MCLEODRUSS,10-JAN-2019,112.7,115.4,112.7,112.95,120819
MCX,10-JAN-2019,748.6,755.0,741.0,751.35,205786
MEGASOFT,10-JAN-2019,7.1,7.4,7.0,7.15,19270
MEGH,10-JAN-2019,56.5,57.5,55.9,56.25,322513
MENONBE,10-JAN-2019,87.75,87.75,84.55,86.8,34049
MEP,10-JAN-2019,48.55,49.3,47.7,47.9,119655
MERCATOR,10-JAN-2019,11.7,11.85,11.5,11.55,155463
MERCK,10-JAN-2019,3280.0,3399.9,3272.95,3347.9,37522
METALFORGE,10-JAN-2019,11.3,11.3,10.65,11.15,6313
METKORE,10-JAN-2019,1.25,1.25,1.2,1.25,6210
MFSL,10-JAN-2019,441.0,463.8,438.8,458.55,1454372
MGL,10-JAN-2019,901.9,904.45,893.65,899.75,82160
MHHL,10-JAN-2019,27.3,28.1,27.0,27.0,57000
MHRIL,10-JAN-2019,207.65,215.5,206.65,214.25,117570
MIC,10-JAN-2019,1.15,1.2,1.15,1.15,2651482
MIDHANI,10-JAN-2019,139.0,139.85,137.65,138.2,136527
MINDACORP,10-JAN-2019,151.15,151.75,150.05,151.05,47922
MINDAIND,10-JAN-2019,317.0,319.55,312.05,316.0,112824
MINDTECK,10-JAN-2019,41.0,42.9,39.8,40.9,3796
MINDTREE,10-JAN-2019,823.5,827.0,810.0,812.25,1017956
MIRCELECTR,10-JAN-2019,25.9,26.3,25.6,25.7,82563
MIRZAINT,10-JAN-2019,81.25,83.3,81.2,81.6,103189
MITTAL,10-JAN-2019,62.5,63.25,62.5,63.25,30000
MKPL,10-JAN-2019,79.7,79.7,73.5,73.5,12000
MMFL,10-JAN-2019,595.0,599.85,580.0,590.9,5959
MMP,10-JAN-2019,209.0,209.0,209.0,209.0,1200
MMTC,10-JAN-2019,28.8,29.2,28.6,29.0,503542
MODIRUBBER,10-JAN-2019,41.1,41.1,41.1,41.1,20
MOHITIND,10-JAN-2019,9.65,10.05,9.25,9.9,23160
MOHOTAIND,10-JAN-2019,81.0,82.95,78.25,79.05,68112
MOIL,10-JAN-2019,168.3,168.3,167.0,167.3,54244
MOLDTECH,10-JAN-2019,44.75,45.0,43.8,44.6,7479
MOLDTKPAC,10-JAN-2019,262.05,264.2,261.0,263.1,9418
MONSANTO,10-JAN-2019,2604.05,2649.4,2590.45,2602.8,2094
MONTECARLO,10-JAN-2019,381.0,384.0,381.0,383.55,10521
MORARJEE,10-JAN-2019,25.35,25.35,24.3,24.8,726
MOREPENLAB,10-JAN-2019,21.75,22.25,21.5,21.8,377062
MOTHERSUMI,10-JAN-2019,162.05,162.9,160.5,161.95,3423750
MOTILALOFS,10-JAN-2019,684.05,694.45,680.75,686.4,40351
MOTOGENFIN,10-JAN-2019,49.0,50.0,48.3,49.0,4878
MPHASIS,10-JAN-2019,904.0,917.1,890.0,903.55,375233
MPSLTD,10-JAN-2019,475.1,483.0,471.25,480.65,959
MRF,10-JAN-2019,66249.0,67094.95,65909.0,66700.7,4018
MRO-TEK,10-JAN-2019,44.9,45.25,42.2,43.95,152
MRPL,10-JAN-2019,71.9,71.9,70.05,71.0,1114366
MSPL,10-JAN-2019,12.85,12.9,12.6,12.65,5527
MTEDUCARE,10-JAN-2019,64.05,64.1,56.7,61.2,47161
MTNL,10-JAN-2019,15.2,15.6,15.15,15.3,1332884
MUKANDENGG,10-JAN-2019,22.7,22.95,22.05,22.55,395
MUKANDLTD,10-JAN-2019,59.55,60.5,59.0,60.05,23271
MUKANDLTD,10-JAN-2019,7.1,8.4,7.1,7.1,255
MUKTAARTS,10-JAN-2019,39.0,40.9,38.15,39.85,33704
MUNJALAU,10-JAN-2019,57.95,58.5,57.5,57.8,43741
MUNJALSHOW,10-JAN-2019,180.5,180.5,177.6,178.8,7166
MURUDCERA,10-JAN-2019,24.15,24.5,23.3,23.9,70395
MUTHOOTCAP,10-JAN-2019,928.75,933.25,912.0,918.2,5191
MUTHOOTFIN,10-JAN-2019,516.7,529.9,515.7,524.55,1543255
MVL,10-JAN-2019,0.2,0.25,0.2,0.25,99507
N100,10-JAN-2019,458.0,461.0,440.0,449.27,14070
NABARD,10-JAN-2019,1151.11,1152.5,1150.0,1151.23,6006
NACLIND,10-JAN-2019,27.8,28.25,27.6,27.85,44161
NAGAFERT,10-JAN-2019,8.65,9.55,8.65,9.2,1207468
NAGAROIL,10-JAN-2019,0.7,0.75,0.7,0.7,168971
NAGREEKCAP,10-JAN-2019,16.0,16.4,15.65,15.95,7605
NAGREEKEXP,10-JAN-2019,30.9,30.9,26.25,26.75,15097
NAHARCAP,10-JAN-2019,92.6,94.7,92.05,93.55,830
NAHARINDUS,10-JAN-2019,53.5,53.7,51.4,52.55,6346
NAHARPOLY,10-JAN-2019,38.05,41.05,38.05,39.45,14658
NAHARSPING,10-JAN-2019,90.2,91.5,90.1,90.4,2454
NANDANI,10-JAN-2019,30.2,32.0,30.1,32.0,12000
NATCOPHARM,10-JAN-2019,689.85,694.85,685.0,685.7,75318
NATHBIOGEN,10-JAN-2019,420.25,420.25,414.25,415.9,7323
NATIONALUM,10-JAN-2019,62.65,63.05,62.35,62.75,3118288
NATNLSTEEL,10-JAN-2019,6.95,6.95,6.7,6.8,24847
NAUKRI,10-JAN-2019,1634.9,1719.95,1573.15,1586.0,397172
NAVINFLUOR,10-JAN-2019,683.6,695.9,675.0,678.4,124088
NAVKARCORP,10-JAN-2019,51.0,51.0,50.0,50.2,120433
NAVNETEDUL,10-JAN-2019,109.65,109.75,108.0,109.25,9699
NBCC,10-JAN-2019,61.45,62.15,60.9,61.25,5474309
NBIFIN,10-JAN-2019,1220.0,1247.25,1192.15,1240.0,389
NBVENTURES,10-JAN-2019,116.35,116.75,114.5,114.9,143351
NCC,10-JAN-2019,90.8,93.25,90.0,92.7,12740442
NCLIND,10-JAN-2019,137.9,137.9,131.0,132.65,13055
NDGL,10-JAN-2019,825.0,837.0,808.0,813.0,102
NDL,10-JAN-2019,60.5,62.0,59.0,59.95,77103
NDTV,10-JAN-2019,39.35,39.75,37.9,37.9,39041
NECCLTD,10-JAN-2019,9.4,9.6,9.4,9.45,9372
NECLIFE,10-JAN-2019,20.45,20.55,20.2,20.25,76156
NELCAST,10-JAN-2019,81.5,81.85,80.35,80.6,48949
NELCO,10-JAN-2019,275.4,286.55,272.55,283.95,118197
NESCO,10-JAN-2019,479.6,484.5,473.0,477.05,10065
NESTLEIND,10-JAN-2019,11320.0,11447.8,11139.6,11416.6,76915
NETF,10-JAN-2019,108.59,108.59,108.59,108.59,1
NETWORK18,10-JAN-2019,39.8,40.15,39.6,39.9,163248
NEULANDLAB,10-JAN-2019,505.05,513.75,502.4,509.2,4954
NEWGEN,10-JAN-2019,295.0,308.7,295.0,305.9,54621
NEXTMEDIA,10-JAN-2019,25.35,25.35,24.85,24.95,56003
NFL,10-JAN-2019,35.35,38.7,35.3,36.8,2146422
NH,10-JAN-2019,208.0,208.05,200.7,206.15,17937
NHAI,10-JAN-2019,1079.0,1079.99,1075.01,1076.72,3988
NHAI,10-JAN-2019,1169.0,1169.8,1160.01,1160.8,724
NHAI,10-JAN-2019,1200.0,1200.0,1200.0,1200.0,50
NHAI,10-JAN-2019,1240.6,1242.0,1239.1,1240.0,3568
NHAI,10-JAN-2019,1150.0,1151.98,1147.0,1150.97,5029
NHAI,10-JAN-2019,1122.75,1122.75,1120.0,1120.0,533
NHBTF2014,10-JAN-2019,6499.0,6499.0,6499.0,6499.0,1
NHPC,10-JAN-2019,25.95,26.0,25.35,25.55,2782061
NHPC,10-JAN-2019,1379.92,1489.0,1379.92,1489.0,2
NIACL,10-JAN-2019,178.25,180.05,178.15,179.05,22003
NIBL,10-JAN-2019,24.25,24.25,23.0,23.0,7393
NIFTYBEES,10-JAN-2019,1136.0,1136.0,1128.7,1132.48,45633
NIFTYEES,10-JAN-2019,12871.03,13345.0,12871.03,12961.0,5
NIITLTD,10-JAN-2019,85.05,86.2,82.65,83.1,772839
NIITTECH,10-JAN-2019,1163.3,1168.4,1148.3,1151.95,447760
NILAINFRA,10-JAN-2019,7.7,7.7,7.55,7.6,84368
NILASPACES,10-JAN-2019,2.65,2.85,2.65,2.75,318756
NILKAMAL,10-JAN-2019,1446.1,1458.8,1441.05,1446.0,9203
NIPPOBATRY,10-JAN-2019,705.4,719.25,705.4,715.25,252
NITCO,10-JAN-2019,41.95,42.8,41.55,42.15,78765
NITESHEST,10-JAN-2019,7.0,7.1,6.25,6.6,295223
NITINFIRE,10-JAN-2019,1.8,1.8,1.7,1.75,100398
NITINSPIN,10-JAN-2019,90.65,91.7,88.0,88.25,23729
NKIND,10-JAN-2019,47.0,47.0,46.75,46.75,2082
NLCINDIA,10-JAN-2019,68.1,68.5,66.4,67.35,711587
NMDC,10-JAN-2019,91.1,91.8,90.8,91.1,6126238
NOCIL,10-JAN-2019,171.0,171.0,165.15,166.1,465535
NOIDATOLL,10-JAN-2019,7.1,7.5,7.1,7.25,108320
NORBTEAEXP,10-JAN-2019,5.1,5.25,5.1,5.2,450
NRAIL,10-JAN-2019,409.2,409.9,398.05,399.8,7000
NRBBEARING,10-JAN-2019,201.35,204.4,200.35,203.05,49962
NSIL,10-JAN-2019,1026.0,1074.0,1018.35,1044.95,1720
NTL,10-JAN-2019,1.0,1.0,1.0,1.0,29
NTPC,10-JAN-2019,146.95,149.55,146.75,148.1,12784001
NTPC,10-JAN-2019,1175.0,1182.55,1175.0,1182.55,37
NTPC,10-JAN-2019,1225.0,1240.01,1225.0,1240.01,35
NTPC,10-JAN-2019,1310.0,1349.99,1275.0,1275.0,1032
NTPC,10-JAN-2019,13.2,13.28,13.2,13.27,22966
NTPC,10-JAN-2019,1080.0,1080.0,1080.0,1080.0,50
NTPC,10-JAN-2019,1135.3,1149.99,1135.25,1149.99,243
NUCLEUS,10-JAN-2019,379.45,379.95,372.0,374.75,5148
NUTEK,10-JAN-2019,0.35,0.4,0.35,0.4,8369
OBEROIRLTY,10-JAN-2019,459.4,467.85,453.2,460.05,309824
OCCL,10-JAN-2019,1139.0,1170.85,1138.95,1149.1,2582
OFSS,10-JAN-2019,3619.0,3647.0,3570.75,3635.6,22784
OIL,10-JAN-2019,176.0,176.3,173.4,173.75,510036
OILCOUNTUB,10-JAN-2019,16.5,16.5,15.5,15.7,54442
OISL,10-JAN-2019,2.85,2.95,2.8,2.95,11138
OLECTRA,10-JAN-2019,232.0,232.0,224.5,226.0,44163
OMAXAUTO,10-JAN-2019,93.0,93.0,88.0,90.25,31034
OMAXE,10-JAN-2019,212.8,213.9,212.55,212.9,275285
OMKARCHEM,10-JAN-2019,25.25,25.25,24.25,25.0,69040
OMMETALS,10-JAN-2019,37.0,40.0,36.25,39.3,89854
ONELIFECAP,10-JAN-2019,16.05,17.6,16.05,17.4,1553
ONGC,10-JAN-2019,145.9,147.0,143.0,143.25,7131028
ONMOBILE,10-JAN-2019,39.2,40.0,38.0,38.3,375560
ONWARDTEC,10-JAN-2019,67.8,68.0,65.4,65.55,8040
OPTIEMUS,10-JAN-2019,137.0,138.55,133.0,133.9,105553
OPTOCIRCUI,10-JAN-2019,9.1,9.35,9.1,9.15,255894
ORBTEXP,10-JAN-2019,122.05,124.95,120.5,121.0,3147
ORCHIDPHAR,10-JAN-2019,4.5,4.7,4.5,4.7,17808
ORICONENT,10-JAN-2019,31.45,32.5,31.45,31.7,42780
ORIENTABRA,10-JAN-2019,29.05,29.45,28.15,28.7,14601
ORIENTALTL,10-JAN-2019,11.25,11.9,11.15,11.4,5709
ORIENTBANK,10-JAN-2019,99.3,100.35,98.3,99.0,2781703
ORIENTBELL,10-JAN-2019,191.05,193.05,185.05,187.1,40232
ORIENTCEM,10-JAN-2019,80.15,80.4,78.25,78.55,42154
ORIENTELEC,10-JAN-2019,150.25,152.15,149.05,150.1,27994
ORIENTHOT,10-JAN-2019,45.0,45.35,44.95,45.0,12803
ORIENTLTD,10-JAN-2019,165.0,171.65,162.45,166.0,1055
ORIENTPPR,10-JAN-2019,43.2,43.5,42.85,43.2,244851
ORIENTREF,10-JAN-2019,234.7,234.7,228.0,229.05,18146
ORISSAMINE,10-JAN-2019,925.0,935.0,902.0,905.6,4847
ORTEL,10-JAN-2019,3.45,3.75,3.45,3.7,45470
ORTINLABSS,10-JAN-2019,15.25,15.25,15.0,15.05,976
OSWALAGRO,10-JAN-2019,9.45,9.45,8.65,8.85,8210
OSWALSEEDS,10-JAN-2019,26.45,26.7,26.45,26.55,16000
PAEL,10-JAN-2019,2.35,2.35,2.35,2.35,85
PAGEIND,10-JAN-2019,23300.0,23399.0,22900.0,23176.35,34167
PAISALO,10-JAN-2019,304.15,307.65,303.7,307.65,221
PALASHSECU,10-JAN-2019,38.0,41.45,38.0,39.25,1876
PALREDTEC,10-JAN-2019,43.35,44.0,41.2,41.9,6390
PANACEABIO,10-JAN-2019,152.9,159.65,151.95,156.65,20780
PANACHE,10-JAN-2019,86.0,87.0,84.0,84.0,4800
PANAMAPET,10-JAN-2019,131.85,132.0,126.45,127.35,7209
PAPERPROD,10-JAN-2019,186.45,187.15,184.6,184.85,28832
PARABDRUGS,10-JAN-2019,2.5,2.5,2.35,2.35,610
PARACABLES,10-JAN-2019,12.85,13.15,12.8,12.9,55560
PARAGMILK,10-JAN-2019,243.7,245.0,241.5,242.55,89433
PARIN,10-JAN-2019,67.0,67.0,67.0,67.0,2000
PARSVNATH,10-JAN-2019,8.1,8.3,7.9,8.0,817812
PATELENG,10-JAN-2019,36.1,36.7,35.8,35.95,193061
PATINTLOG,10-JAN-2019,46.9,48.0,46.0,46.25,11699
PATSPINLTD,10-JAN-2019,12.5,12.7,12.5,12.6,1518
PBAINFRA,10-JAN-2019,7.1,7.3,7.0,7.1,1272
PCJEWELLER,10-JAN-2019,82.0,82.6,80.4,80.8,7305947
PDMJEPAPER,10-JAN-2019,22.2,22.3,22.0,22.2,10038
PDPL,10-JAN-2019,9.0,9.1,8.5,8.9,7331
PDSMFL,10-JAN-2019,274.0,274.0,273.0,273.0,124
PEARLPOLY,10-JAN-2019,15.2,15.2,14.0,14.25,1468
PEL,10-JAN-2019,2340.0,2344.95,2280.55,2305.05,266252
PENIND,10-JAN-2019,41.75,42.5,39.2,41.1,1055255
PENINLAND,10-JAN-2019,11.2,11.4,11.0,11.2,477354
PENPEBS,10-JAN-2019,63.1,63.1,60.3,61.35,43995
PERSISTENT,10-JAN-2019,565.05,569.35,559.0,562.3,105368
PETRONENGG,10-JAN-2019,37.1,38.15,37.1,37.25,542
PETRONET,10-JAN-2019,214.4,214.8,210.8,214.05,3435172
PFC,10-JAN-2019,108.25,110.3,107.4,108.05,8814468
PFC,10-JAN-2019,1132.0,1140.0,1132.0,1133.0,491
PFC,10-JAN-2019,1175.1,1175.1,1175.1,1175.1,425
PFC,10-JAN-2019,1260.3,1270.0,1260.3,1268.0,535
PFIZER,10-JAN-2019,2725.0,2770.0,2717.3,2748.65,18948
PFOCUS,10-JAN-2019,61.4,63.6,60.05,61.8,18084
PFS,10-JAN-2019,17.7,18.6,17.6,17.75,597320
PGEL,10-JAN-2019,114.95,122.0,114.95,118.45,234326
PGHH,10-JAN-2019,10049.8,10111.0,9940.05,9995.65,3926
PGIL,10-JAN-2019,136.0,136.8,135.0,135.95,272
PHILIPCARB,10-JAN-2019,207.0,208.5,205.1,206.8,329978
PHOENIXLTD,10-JAN-2019,579.9,582.0,552.0,568.3,1282875
PIDILITIND,10-JAN-2019,1095.0,1127.25,1087.0,1115.15,847082
PIIND,10-JAN-2019,858.65,869.9,855.0,858.25,36902
PILANIINVS,10-JAN-2019,2048.95,2095.0,1995.95,2062.4,700
PILITA,10-JAN-2019,8.0,8.5,7.85,8.0,4342
PIONDIST,10-JAN-2019,170.0,170.0,165.5,167.05,1814
PIONEEREMB,10-JAN-2019,25.95,27.75,25.65,26.55,41651
PIRPHYTO,10-JAN-2019,29.0,31.85,28.85,28.85,8926
PITTIENG,10-JAN-2019,65.55,70.6,64.7,65.8,320504
PKTEA,10-JAN-2019,166.1,172.0,166.1,168.0,132
PLASTIBLEN,10-JAN-2019,177.05,179.0,176.5,177.9,864
PNB,10-JAN-2019,80.3,81.65,80.1,81.25,15125630
PNBGILTS,10-JAN-2019,34.1,34.2,33.1,33.4,135912
PNBHOUSING,10-JAN-2019,888.05,916.0,880.0,908.55,119079
PNC,10-JAN-2019,16.95,17.25,16.4,16.45,2857
PNCINFRA,10-JAN-2019,147.5,148.0,145.5,147.45,15765
POCHIRAJU,10-JAN-2019,2.85,2.85,2.85,2.85,100
PODDARHOUS,10-JAN-2019,536.85,536.85,511.1,526.95,363
PODDARMENT,10-JAN-2019,183.0,187.4,183.0,184.3,1339
POKARNA,10-JAN-2019,157.95,159.5,155.6,156.55,4093
POLYMED,10-JAN-2019,225.2,225.2,222.0,222.35,1334
POLYPLEX,10-JAN-2019,509.4,519.7,500.55,503.5,24516
PONNIERODE,10-JAN-2019,135.1,139.5,135.1,139.25,150
POWERFUL,10-JAN-2019,24.0,24.0,21.4,21.4,12000
POWERGRID,10-JAN-2019,197.45,197.45,194.9,195.65,2019221
POWERMECH,10-JAN-2019,962.3,968.0,925.0,949.55,2770
PPAP,10-JAN-2019,348.0,355.25,345.2,348.5,2755
PRABHAT,10-JAN-2019,95.75,95.75,93.0,93.85,65967
PRADIP,10-JAN-2019,1.3,1.3,1.25,1.25,118
PRAENG,10-JAN-2019,8.5,8.95,8.2,8.65,18094
PRAJIND,10-JAN-2019,144.5,146.8,136.6,137.9,7558122
PRAKASH,10-JAN-2019,92.15,94.75,91.3,94.4,1165806
PRAKASHCON,10-JAN-2019,4.25,4.35,4.1,4.2,134605
PRAKASHSTL,10-JAN-2019,0.3,0.35,0.3,0.35,93252
PRAXIS,10-JAN-2019,169.05,170.5,169.0,169.9,105537
PRECAM,10-JAN-2019,66.6,68.8,65.0,67.2,2514
PRECOT,10-JAN-2019,62.1,63.05,62.1,63.05,1187
PRECWIRE,10-JAN-2019,232.75,234.85,230.55,233.55,3313
PREMEXPLN,10-JAN-2019,238.15,239.7,237.0,237.65,2496
PREMIER,10-JAN-2019,7.45,7.8,7.45,7.8,6421
PREMIERPOL,10-JAN-2019,29.55,30.15,28.6,28.95,13963
PRESSMN,10-JAN-2019,31.7,31.9,30.9,31.65,8776
PRESTIGE,10-JAN-2019,228.4,231.45,217.5,220.5,282439
PRICOLLTD,10-JAN-2019,49.4,50.3,49.3,50.0,22267
PRIMESECU,10-JAN-2019,41.05,42.9,40.0,40.45,53499
PROSEED,10-JAN-2019,1.0,1.0,1.0,1.0,24881
PROVOGE,10-JAN-2019,2.8,2.8,2.8,2.8,1721
PROZONINTU,10-JAN-2019,30.3,31.45,30.05,30.35,51932
PRSMJOHNSN,10-JAN-2019,86.5,88.7,86.0,88.15,102412
PSB,10-JAN-2019,33.75,33.75,32.65,32.75,85773
PSL,10-JAN-2019,1.65,1.65,1.55,1.55,170875
PSPPROJECT,10-JAN-2019,438.0,438.5,430.65,435.95,15343
PSUBNKBEES,10-JAN-2019,350.8,355.5,348.01,351.82,1415
PTC,10-JAN-2019,91.0,92.95,89.55,91.75,480546
PTL,10-JAN-2019,41.9,42.5,41.15,41.7,5151
PUNJABCHEM,10-JAN-2019,723.45,729.0,716.5,719.2,5017
PUNJLLOYD,10-JAN-2019,4.05,4.1,4.0,4.05,453920
PURVA,10-JAN-2019,84.5,86.0,81.2,82.2,167715
PUSHPREALM,10-JAN-2019,27.5,28.0,27.0,27.0,6000
PVP,10-JAN-2019,3.8,3.9,3.75,3.75,86885
PVR,10-JAN-2019,1613.0,1644.8,1605.0,1636.25,553487
QGOLDHALF,10-JAN-2019,1405.15,1423.0,1405.0,1422.7,944
QNIFTY,10-JAN-2019,1102.0,1102.0,1099.0,1099.0,11
QUESS,10-JAN-2019,711.0,737.5,701.45,730.8,93548
QUICKHEAL,10-JAN-2019,212.4,212.5,209.35,210.45,46016
RADAAN,10-JAN-2019,3.9,3.9,3.6,3.9,26314
RADICO,10-JAN-2019,411.5,413.25,406.95,410.1,266744
RADIOCITY,10-JAN-2019,305.0,305.0,298.5,299.9,7629
RAIN,10-JAN-2019,115.9,119.5,115.75,117.15,896128
RAINBOWPAP,10-JAN-2019,1.0,1.1,1.0,1.0,11894
RAJESHEXPO,10-JAN-2019,571.5,575.45,567.0,569.4,186261
RAJMET,10-JAN-2019,25.6,25.85,25.6,25.85,16000
RAJRAYON,10-JAN-2019,0.15,0.15,0.1,0.1,303031
RAJSREESUG,10-JAN-2019,22.75,24.25,22.75,23.2,2662
RAJTV,10-JAN-2019,44.75,46.95,44.2,46.6,5660
RAJVIR,10-JAN-2019,21.45,21.45,21.45,21.45,235
RALLIS,10-JAN-2019,169.9,171.95,167.5,167.95,329640
RAMANEWS,10-JAN-2019,30.9,30.9,29.7,30.0,45485
RAMASTEEL,10-JAN-2019,98.5,99.0,98.0,98.15,29065
RAMCOCEM,10-JAN-2019,620.3,632.45,618.15,630.05,207259
RAMCOIND,10-JAN-2019,221.25,227.0,219.65,226.0,113966
RAMCOSYS,10-JAN-2019,274.8,274.8,269.25,271.75,18099
RAMKY,10-JAN-2019,151.8,155.05,147.0,148.75,73357
RAMSARUP,10-JAN-2019,0.25,0.25,0.25,0.25,2700
RANASUG,10-JAN-2019,3.5,3.5,3.4,3.4,46455
RANEENGINE,10-JAN-2019,452.0,454.0,450.2,450.7,9
RANEHOLDIN,10-JAN-2019,1235.0,1244.0,1182.25,1188.7,4219
RATNAMANI,10-JAN-2019,906.1,915.0,902.0,908.85,664
RAYMOND,10-JAN-2019,797.0,817.4,792.7,809.2,495685
RBL,10-JAN-2019,563.0,568.25,558.05,561.2,4366
RBLBANK,10-JAN-2019,580.0,584.0,570.25,579.25,787468
RCF,10-JAN-2019,62.85,67.8,62.3,66.85,8239349
RCOM,10-JAN-2019,13.9,14.0,13.65,13.85,51883452
RECLTD,10-JAN-2019,121.0,124.65,120.85,122.85,9190816
RECLTD,10-JAN-2019,1194.0,1194.0,1194.0,1194.0,100
RECLTD,10-JAN-2019,1144.0,1144.0,1142.0,1142.99,3500
REDINGTON,10-JAN-2019,85.7,86.55,82.25,83.05,141634
REFEX,10-JAN-2019,19.25,20.0,18.7,19.0,4556
REGENCERAM,10-JAN-2019,4.7,4.9,4.7,4.9,1122
RELAXO,10-JAN-2019,741.0,758.1,740.0,753.5,14885
RELCAPITAL,10-JAN-2019,217.5,222.5,216.45,217.75,4292256
RELCNX100,10-JAN-2019,113.5,113.5,113.19,113.19,125
RELCONS,10-JAN-2019,52.0,52.21,51.81,52.0,1814
RELDIVOPP,10-JAN-2019,29.0,29.0,28.78,28.98,239
RELIABLE,10-JAN-2019,53.5,53.5,53.5,53.5,2000
RELIANCE,10-JAN-2019,1107.75,1111.0,1103.0,1107.5,4080283
RELIGARE,10-JAN-2019,28.35,29.2,27.45,27.8,138252
RELINFRA,10-JAN-2019,302.0,312.0,301.1,305.95,4522648
RELNV20,10-JAN-2019,535.83,535.83,531.0,531.0,614
REMSONSIND,10-JAN-2019,114.85,114.85,108.0,109.95,941
RENUKA,10-JAN-2019,11.25,11.5,11.1,11.3,505619
REPCOHOME,10-JAN-2019,423.75,428.95,417.8,419.4,454848
REPL,10-JAN-2019,47.5,49.4,47.5,48.2,15000
REPRO,10-JAN-2019,593.0,594.2,584.2,592.95,2038
RESPONIND,10-JAN-2019,95.15,96.75,95.0,95.55,93195
REVATHI,10-JAN-2019,399.05,399.05,398.3,398.3,17
RHFL,10-JAN-2019,39.75,40.5,39.6,39.95,176795
RHFL,10-JAN-2019,964.0,964.0,964.0,964.0,10
RHFL,10-JAN-2019,887.0,887.0,880.0,880.0,271
RICOAUTO,10-JAN-2019,69.9,71.75,69.1,70.8,170884
RIIL,10-JAN-2019,336.85,340.8,335.3,336.75,168891
RITES,10-JAN-2019,259.0,269.5,257.15,267.55,449646
RJL,10-JAN-2019,311.15,315.55,309.45,310.75,7045
RKDL,10-JAN-2019,9.65,9.9,9.55,9.7,7124
RKFORGE,10-JAN-2019,516.05,520.05,515.5,516.0,10719
RMCL,10-JAN-2019,24.3,24.95,24.0,24.45,137012
RML,10-JAN-2019,494.9,495.0,488.0,489.35,1894
RNAM,10-JAN-2019,157.15,157.4,155.8,156.5,26715
RNAVAL,10-JAN-2019,13.7,13.8,13.6,13.7,706709
ROHITFERRO,10-JAN-2019,1.5,1.5,1.5,1.5,6658
ROHLTD,10-JAN-2019,128.3,131.35,127.0,129.3,17271
ROLLT,10-JAN-2019,2.95,2.95,2.85,2.85,10129
ROLTA,10-JAN-2019,7.75,7.95,7.65,7.85,1685365
ROSSELLIND,10-JAN-2019,84.1,86.7,82.25,82.6,3318
RPGLIFE,10-JAN-2019,237.2,238.0,231.45,236.35,9375
RPOWER,10-JAN-2019,29.65,30.2,29.5,29.7,4945517
RPPINFRA,10-JAN-2019,125.8,125.8,122.65,123.05,2598
RRSLGETF,10-JAN-2019,18.13,18.13,18.09,18.12,176
RSSOFTWARE,10-JAN-2019,34.75,34.75,33.5,33.7,14755
RSWM,10-JAN-2019,221.45,232.7,219.95,227.8,28855
RSYSTEMS,10-JAN-2019,53.6,54.8,51.6,53.5,100212
RTNINFRA,10-JAN-2019,3.7,3.85,3.7,3.75,504364
RTNPOWER,10-JAN-2019,3.6,3.7,3.55,3.6,1200396
RUBYMILLS,10-JAN-2019,316.0,322.4,285.05,287.45,114705
RUCHINFRA,10-JAN-2019,4.05,4.05,3.75,3.9,57612
RUCHIRA,10-JAN-2019,126.65,128.45,126.1,126.7,26553
RUCHISOYA,10-JAN-2019,8.3,8.4,7.9,8.15,713791
RUPA,10-JAN-2019,346.75,346.75,339.35,342.15,30625
RUSHIL,10-JAN-2019,598.05,598.05,586.5,590.1,951
SABTN,10-JAN-2019,6.1,6.35,5.7,6.2,36206
SADBHAV,10-JAN-2019,222.0,228.3,217.55,226.65,134155
SADBHIN,10-JAN-2019,96.05,98.5,94.1,94.5,7887
SAGARDEEP,10-JAN-2019,83.95,86.95,83.9,86.95,54000
SAGCEM,10-JAN-2019,664.35,674.9,653.7,664.3,1974
SAIL,10-JAN-2019,52.6,52.8,51.95,52.45,7453857
SAKAR,10-JAN-2019,58.0,58.85,58.0,58.85,18000
SAKHTISUG,10-JAN-2019,13.0,13.15,12.7,12.75,101097
SAKSOFT,10-JAN-2019,289.9,289.9,280.1,282.8,3308
SAKUMA,10-JAN-2019,34.4,34.9,33.9,34.45,736067
SALASAR,10-JAN-2019,288.65,288.65,281.0,282.35,1802
SALONA,10-JAN-2019,72.05,73.85,71.25,73.4,297
SALSTEEL,10-JAN-2019,6.5,6.8,6.5,6.5,37730
SALZERELEC,10-JAN-2019,134.05,135.85,132.75,133.6,2319
SAMBHAAV,10-JAN-2019,4.75,5.05,4.75,4.95,18614
SANCO,10-JAN-2019,14.65,15.0,14.3,14.8,10450
SANDESH,10-JAN-2019,928.8,967.7,863.0,877.6,135949
SANDHAR,10-JAN-2019,285.1,289.95,280.55,284.6,9427
SANGAMIND,10-JAN-2019,69.3,69.9,68.0,68.25,31502
SANGHIIND,10-JAN-2019,60.8,60.85,60.35,60.65,31361
SANGHVIFOR,10-JAN-2019,26.1,26.95,25.5,26.15,329
SANGHVIMOV,10-JAN-2019,108.75,110.45,104.5,106.05,9038
SANGINITA,10-JAN-2019,58.75,58.75,58.75,58.75,1000
SANOFI,10-JAN-2019,6262.85,6342.1,6211.8,6231.4,2292
SANWARIA,10-JAN-2019,10.1,10.3,10.05,10.15,859123
SARDAEN,10-JAN-2019,262.45,265.0,260.2,262.05,7593
SAREGAMA,10-JAN-2019,598.8,611.0,589.0,601.9,19132
SARLAPOLY,10-JAN-2019,29.5,30.05,29.1,29.95,117233
SARVESHWAR,10-JAN-2019,27.05,27.05,26.15,26.65,20800
SASKEN,10-JAN-2019,675.0,686.65,666.05,671.3,1877
SASTASUNDR,10-JAN-2019,90.15,92.9,90.15,91.65,39
SATHAISPAT,10-JAN-2019,9.55,9.6,9.3,9.4,4058
SATIN,10-JAN-2019,235.5,235.6,228.0,232.35,61938
SBIETFQLTY,10-JAN-2019,96.0,97.0,93.1,93.58,2226
SBILIFE,10-JAN-2019,642.1,648.4,631.0,634.75,165683
SBIN,10-JAN-2019,305.1,307.5,303.5,305.55,16295468
SBIN,10-JAN-2019,11565.0,11600.0,11550.0,11580.44,112
SCAPDVR,10-JAN-2019,0.5,0.5,0.5,0.5,31262
SCHAEFFLER,10-JAN-2019,5689.35,5702.0,5645.45,5681.1,965
SCHAND,10-JAN-2019,215.6,217.5,211.85,213.15,10494
SCHNEIDER,10-JAN-2019,99.5,99.9,98.4,98.75,27711
SCI,10-JAN-2019,45.65,46.25,45.1,45.25,235131
SDBL,10-JAN-2019,159.7,159.7,153.5,154.5,18752
SEAMECLTD,10-JAN-2019,213.15,219.0,212.5,215.85,17936
SECURCRED,10-JAN-2019,103.0,104.0,103.0,104.0,1800
SELAN,10-JAN-2019,188.3,189.9,186.0,187.5,81853
SELMCL,10-JAN-2019,1.35,1.4,1.35,1.35,67833
SEPOWER,10-JAN-2019,4.9,4.9,4.5,4.5,1523
SEQUENT,10-JAN-2019,66.3,73.4,66.1,72.85,1722405
SESHAPAPER,10-JAN-2019,1060.75,1084.0,1047.55,1070.85,3547
SETCO,10-JAN-2019,35.55,35.6,35.2,35.4,39415
SETF10GILT,10-JAN-2019,171.0,171.0,171.0,171.0,1
SETFGOLD,10-JAN-2019,2891.0,2909.9,2891.0,2907.35,5561
SETFNIF50,10-JAN-2019,112.5,112.5,109.99,110.19,12889
SETFNIFBK,10-JAN-2019,278.0,278.96,277.45,277.77,682
SETFNN50,10-JAN-2019,281.99,282.5,281.0,282.33,14427
SFL,10-JAN-2019,1382.3,1382.3,1332.55,1361.2,29747
SGBAUG24,10-JAN-2019,2950.0,2998.0,2950.0,2979.28,583
SGBDEC25,10-JAN-2019,2865.0,2900.0,2865.0,2900.0,6
SGBFEB24,10-JAN-2019,2911.0,2950.0,2908.1,2950.0,132
SGBJUL25,10-JAN-2019,2924.0,2939.0,2905.22,2935.76,105
SGBMAR24,10-JAN-2019,2898.1,2898.1,2898.1,2898.1,1
SGBMAR25,10-JAN-2019,2900.0,2948.0,2900.0,2945.57,458
SGBMAY25,10-JAN-2019,2915.0,2939.82,2906.08,2919.55,68
SGBMAY26,10-JAN-2019,2874.0,2912.0,2874.0,2912.0,6
SGBNOV23,10-JAN-2019,2997.99,2997.99,2931.2,2931.2,3
SGBNOV24,10-JAN-2019,2907.09,2945.0,2907.09,2945.0,640
SGBNOV25,10-JAN-2019,2900.0,2900.0,2900.0,2900.0,8
SGBNOV258,10-JAN-2019,2825.0,2825.0,2825.0,2825.0,10
SGBNOV25IX,10-JAN-2019,2860.0,2860.0,2860.0,2860.0,10
SGBNOV25VI,10-JAN-2019,2900.0,2900.0,2900.0,2900.0,12
SGBOCT25,10-JAN-2019,2900.0,2900.0,2900.0,2900.0,2
SGBOCT25IV,10-JAN-2019,2924.0,2925.0,2924.0,2925.0,55
SGBOCT25V,10-JAN-2019,2870.0,2876.1,2870.0,2876.1,11
SGBSEP24,10-JAN-2019,2976.0,2976.5,2976.0,2976.0,392
SGFL,10-JAN-2019,1.05,1.05,1.05,1.05,25
SGL,10-JAN-2019,8.15,8.4,7.85,8.2,1365
SHAHALLOYS,10-JAN-2019,18.75,20.4,18.75,20.0,1763
SHAKTIPUMP,10-JAN-2019,417.7,441.0,417.7,425.2,212417
SHALBY,10-JAN-2019,145.8,148.6,144.85,147.05,14698
SHALPAINTS,10-JAN-2019,69.8,70.25,66.3,66.55,639097
SHANKARA,10-JAN-2019,520.45,538.95,516.6,519.55,87911
SHANTIGEAR,10-JAN-2019,123.7,129.0,122.55,127.1,43446
SHARDACROP,10-JAN-2019,296.25,300.65,292.3,299.9,7456
SHARDAMOTR,10-JAN-2019,1476.0,1495.0,1466.0,1471.5,840
SHARIABEES,10-JAN-2019,246.0,246.0,237.0,239.61,77
SHARONBIO,10-JAN-2019,5.0,5.15,4.75,4.75,14367
SHEMAROO,10-JAN-2019,442.45,454.0,435.0,444.05,5501
SHILPAMED,10-JAN-2019,385.05,391.45,382.7,384.5,4682
SHILPI,10-JAN-2019,1.85,1.9,1.8,1.8,22399
SHIRPUR-G,10-JAN-2019,84.5,86.0,84.1,86.0,471
SHIVAMAUTO,10-JAN-2019,45.0,45.1,43.75,43.95,68922
SHIVAMILLS,10-JAN-2019,64.05,64.05,60.05,62.0,6243
SHIVATEX,10-JAN-2019,196.05,209.9,195.7,203.35,1819
SHK,10-JAN-2019,172.25,181.5,171.25,175.1,391654
SHOPERSTOP,10-JAN-2019,501.05,529.95,501.0,526.25,56913
SHREECEM,10-JAN-2019,16470.0,16600.0,16299.8,16496.15,9641
SHREEPUSHK,10-JAN-2019,164.85,168.0,161.6,163.0,41576
SHREERAMA,10-JAN-2019,6.3,6.35,5.9,6.0,17149
SHRENIK,10-JAN-2019,94.5,94.5,92.5,93.0,165625
SHREYANIND,10-JAN-2019,147.35,147.5,142.1,142.8,8741
SHREYAS,10-JAN-2019,211.0,211.05,202.55,206.95,20187
SHRIPISTON,10-JAN-2019,1145.0,1150.0,1106.0,1117.1,80
SHRIRAMCIT,10-JAN-2019,1578.45,1605.0,1570.05,1596.85,2421
SHRIRAMEPC,10-JAN-2019,11.6,11.75,11.3,11.6,39575
SHUBHLAXMI,10-JAN-2019,37.15,37.15,37.1,37.1,8000
SHYAMCENT,10-JAN-2019,6.25,6.8,6.25,6.7,26150
SHYAMTEL,10-JAN-2019,8.05,8.1,7.65,7.75,2927
SICAGEN,10-JAN-2019,27.0,27.0,25.1,25.95,5462
SICAL,10-JAN-2019,146.75,148.55,144.7,146.7,3707
SIEMENS,10-JAN-2019,1058.0,1075.0,1052.0,1071.05,355342
SIGIND,10-JAN-2019,43.5,43.5,38.2,41.7,6102
SIIL,10-JAN-2019,54.0,54.0,54.0,54.0,26000
SIL,10-JAN-2019,15.8,15.85,15.2,15.55,12494
SILINV,10-JAN-2019,224.9,232.0,214.05,224.95,51709
SILLYMONKS,10-JAN-2019,71.1,71.1,68.1,68.1,3600
SILVERTUC,10-JAN-2019,124.05,125.0,124.05,125.0,4000
SIMBHALS,10-JAN-2019,11.4,11.45,11.0,11.1,17331
SIMPLEXINF,10-JAN-2019,191.0,192.7,190.05,191.15,21909
SINTERCOM,10-JAN-2019,62.0,62.0,62.0,62.0,2000
SINTEX,10-JAN-2019,11.75,11.75,11.55,11.6,1008453
SIRCA,10-JAN-2019,240.0,240.0,240.0,240.0,2400
SIS,10-JAN-2019,760.1,761.95,755.0,756.15,2468
SITASHREE,10-JAN-2019,0.7,0.7,0.6,0.7,11669
SITINET,10-JAN-2019,10.5,10.75,10.15,10.4,75999
SIYSIL,10-JAN-2019,360.85,361.45,355.0,358.7,3187
SJVN,10-JAN-2019,25.15,25.6,24.7,24.8,1985789
SKFINDIA,10-JAN-2019,1938.05,1941.0,1928.35,1935.3,237461
SKIL,10-JAN-2019,13.55,14.45,13.55,13.9,809
SKIPPER,10-JAN-2019,85.0,85.45,82.95,83.2,34149
SKMEGGPROD,10-JAN-2019,67.6,68.0,66.5,66.75,20990
SMARTLINK,10-JAN-2019,86.9,87.0,85.75,86.25,1103
SMLISUZU,10-JAN-2019,649.9,649.9,629.5,635.25,5559
SMPL,10-JAN-2019,0.5,0.5,0.45,0.5,56494
SMSLIFE,10-JAN-2019,752.0,756.3,680.75,680.75,129590
SMSPHARMA,10-JAN-2019,71.45,72.15,69.35,70.6,28907
SMVD,10-JAN-2019,18.0,18.0,18.0,18.0,2000
SNOWMAN,10-JAN-2019,34.8,35.1,34.4,34.55,60349
SOBHA,10-JAN-2019,487.5,494.0,469.0,475.5,303377
SOFTTECH,10-JAN-2019,42.0,42.0,42.0,42.0,1600
SOLARA,10-JAN-2019,310.0,323.0,309.0,319.4,44236
SOLARINDS,10-JAN-2019,1044.55,1058.6,1041.3,1055.1,1163
SOMANYCERA,10-JAN-2019,364.0,374.0,359.0,363.5,53266
SOMATEX,10-JAN-2019,5.0,5.0,4.8,4.85,1709
SOMICONVEY,10-JAN-2019,33.4,33.4,32.15,32.15,1036
SONAMCLOCK,10-JAN-2019,39.75,39.75,39.75,39.75,3000
SONATSOFTW,10-JAN-2019,306.7,306.7,296.25,298.15,77409
SORILINFRA,10-JAN-2019,339.0,353.25,330.0,353.25,146537
SOTL,10-JAN-2019,1040.05,1040.05,1025.0,1028.3,367
SOUTHBANK,10-JAN-2019,15.5,16.15,15.35,15.85,42508365
SOUTHWEST,10-JAN-2019,45.95,45.95,45.95,45.95,1600
SPAL,10-JAN-2019,233.35,238.8,233.35,236.1,1638
SPARC,10-JAN-2019,187.0,188.95,186.0,188.1,315801
SPCENET,10-JAN-2019,0.75,0.75,0.75,0.75,1000
SPECIALITY,10-JAN-2019,80.4,81.05,79.6,80.8,13178
SPENTEX,10-JAN-2019,1.75,1.75,1.7,1.75,6710
SPIC,10-JAN-2019,27.95,29.65,27.85,29.0,218839
SPICEMOBI,10-JAN-2019,11.05,11.2,10.95,11.2,5612
SPLIL,10-JAN-2019,72.0,72.85,70.0,72.8,297476
SPMLINFRA,10-JAN-2019,38.25,39.9,37.45,38.6,4274
SPTL,10-JAN-2019,25.25,25.45,24.6,24.75,1320611
SPYL,10-JAN-2019,0.25,0.3,0.2,0.25,51710
SQSBFSI,10-JAN-2019,456.9,456.9,440.4,446.25,2968
SREEL,10-JAN-2019,234.95,236.0,227.35,231.2,24373
SREIBNPNCD,10-JAN-2019,1050.0,1050.0,1007.0,1007.0,2
SREIBNPNCD,10-JAN-2019,970.0,970.0,970.0,970.0,24
SREIBNPNCD,10-JAN-2019,971.0,971.0,970.0,970.01,67
SREIBNPNCD,10-JAN-2019,955.0,955.0,955.0,955.0,10
SREIBNPNCD,10-JAN-2019,930.0,930.0,930.0,930.0,61
SREIBNPNCD,10-JAN-2019,980.1,980.1,980.1,980.1,5
SREINFRA,10-JAN-2019,36.05,36.95,35.5,35.75,3285621
SREINFRA,10-JAN-2019,1051.0,1090.05,1051.0,1090.05,2
SREINFRA,10-JAN-2019,1005.0,1025.0,1005.0,1025.0,30
SREINFRA,10-JAN-2019,960.0,985.0,955.0,985.0,245
SRF,10-JAN-2019,2041.0,2055.0,2016.0,2050.0,380385
SRHHYPOLTD,10-JAN-2019,161.0,165.6,157.7,161.75,11858
SRIPIPES,10-JAN-2019,181.1,181.7,179.0,180.85,13663
SRIRAM,10-JAN-2019,13.75,14.4,13.75,14.35,18000
SRSLTD,10-JAN-2019,0.3,0.35,0.3,0.3,75925
SRTRANSFIN,10-JAN-2019,1208.0,1220.85,1180.0,1186.35,876768
SRTRANSFIN,10-JAN-2019,1125.0,1125.0,1125.0,1125.0,50
SRTRANSFIN,10-JAN-2019,1059.0,1059.0,1059.0,1059.0,30
SRTRANSFIN,10-JAN-2019,1040.0,1040.0,1040.0,1040.0,50
SRTRANSFIN,10-JAN-2019,1639.0,1639.0,1617.0,1617.0,22
SRTRANSFIN,10-JAN-2019,994.9,994.9,990.0,990.0,997
SRTRANSFIN,10-JAN-2019,997.85,997.9,997.1,997.1,170
SRTRANSFIN,10-JAN-2019,1017.0,1030.0,1015.0,1030.0,75
SRTRANSFIN,10-JAN-2019,1020.01,1020.01,1020.01,1020.01,10
SRTRANSFIN,10-JAN-2019,1010.7,1010.7,1010.7,1010.7,90
SRTRANSFIN,10-JAN-2019,998.0,998.0,998.0,998.0,36
SRTRANSFIN,10-JAN-2019,1005.0,1005.0,1005.0,1005.0,93
SSWL,10-JAN-2019,917.9,917.9,900.0,901.4,2897
STAMPEDE,10-JAN-2019,1.05,1.1,1.05,1.05,170563
STAN,10-JAN-2019,49.45,50.6,49.3,49.7,4339
STAR,10-JAN-2019,479.8,483.0,470.2,480.05,1478612
STARCEMENT,10-JAN-2019,103.25,103.45,100.85,101.75,7511
STARPAPER,10-JAN-2019,155.75,156.1,153.8,154.2,12923
STCINDIA,10-JAN-2019,133.5,134.1,131.3,132.0,95798
STEELCITY,10-JAN-2019,64.0,64.0,64.0,64.0,2000
STEELXIND,10-JAN-2019,14.75,14.85,14.0,14.15,9066
STEL,10-JAN-2019,106.0,106.1,105.6,105.9,2157
STERTOOLS,10-JAN-2019,342.45,345.6,335.95,343.9,8867
STRTECH,10-JAN-2019,288.05,294.65,287.15,290.3,1561868
SUBEX,10-JAN-2019,5.7,5.9,5.7,5.75,779233
SUBROS,10-JAN-2019,267.3,268.0,262.55,266.6,8213
SUDARSCHEM,10-JAN-2019,349.65,350.0,345.6,346.65,4463
SUJANAUNI,10-JAN-2019,0.35,0.35,0.35,0.35,200
SUMEETINDS,10-JAN-2019,3.8,3.95,3.75,3.95,388348
SUMMITSEC,10-JAN-2019,551.85,551.85,540.0,540.95,177
SUNCLAYLTD,10-JAN-2019,3380.0,3400.0,3380.0,3387.45,323
SUNDARAM,10-JAN-2019,2.05,2.1,2.0,2.05,137499
SUNDARMFIN,10-JAN-2019,1493.7,1509.7,1486.0,1496.4,18566
SUNDARMHLD,10-JAN-2019,91.95,93.0,90.5,90.9,13519
SUNDRMBRAK,10-JAN-2019,370.25,380.0,370.25,374.95,649
SUNDRMFAST,10-JAN-2019,518.05,527.0,515.0,517.05,38582
SUNFLAG,10-JAN-2019,53.5,54.4,52.8,53.25,107509
SUNILHITEC,10-JAN-2019,1.45,1.5,1.4,1.4,152563
SUNPHARMA,10-JAN-2019,445.1,448.0,440.45,444.6,3672333
SUNTECK,10-JAN-2019,344.75,344.8,335.0,339.35,118616
SUNTV,10-JAN-2019,588.0,597.7,588.0,590.05,727989
SUPERHOUSE,10-JAN-2019,138.0,140.4,136.05,138.8,21044
SUPERSPIN,10-JAN-2019,7.95,7.95,7.6,7.6,6835
SUPPETRO,10-JAN-2019,198.15,200.7,197.1,197.95,3631
SUPRAJIT,10-JAN-2019,223.95,223.95,218.0,218.8,12048
SUPREMEENG,10-JAN-2019,26.5,26.95,26.3,26.95,80000
SUPREMEIND,10-JAN-2019,1050.0,1084.55,1049.85,1077.95,72113
SUPREMEINF,10-JAN-2019,22.5,23.5,22.0,22.7,83461
SURANASOL,10-JAN-2019,8.8,9.0,8.8,8.9,1716
SURANAT&P,10-JAN-2019,4.55,4.8,4.55,4.7,16166
SURYALAXMI,10-JAN-2019,43.0,43.0,41.1,42.05,2009
SURYAROSNI,10-JAN-2019,244.0,244.6,237.65,239.9,79583
SUTLEJTEX,10-JAN-2019,42.25,42.7,41.9,42.25,7633
SUULD,10-JAN-2019,26.0,27.75,26.0,27.75,16000
SUVEN,10-JAN-2019,225.4,228.9,224.0,226.5,136917
SUZLON,10-JAN-2019,5.35,5.5,5.3,5.45,16730278
SVLL,10-JAN-2019,74.4,76.35,74.4,76.35,6000
SWANENERGY,10-JAN-2019,99.3,101.8,97.4,99.6,227875
SWARAJENG,10-JAN-2019,1509.4,1511.0,1482.0,1503.65,1386
SWELECTES,10-JAN-2019,272.05,274.1,270.6,271.8,1072
SYMPHONY,10-JAN-2019,1148.0,1148.0,1125.0,1133.55,8939
SYNCOM,10-JAN-2019,3.25,3.5,3.2,3.4,157766
SYNDIBANK,10-JAN-2019,40.5,41.1,40.0,40.45,2655663
SYNGENE,10-JAN-2019,565.85,577.0,536.45,548.1,463046
TAINWALCHM,10-JAN-2019,72.5,72.5,72.45,72.45,490
TAJGVK,10-JAN-2019,180.0,182.85,178.05,180.65,25335
TAKE,10-JAN-2019,148.05,149.55,148.05,148.75,45429
TALBROAUTO,10-JAN-2019,238.55,242.9,237.0,237.95,2997
TALWALKARS,10-JAN-2019,41.6,42.6,41.2,41.55,31107
TALWGYM,10-JAN-2019,117.85,125.0,116.1,118.15,69839
TANLA,10-JAN-2019,30.3,30.6,30.15,30.3,61492
TANTIACONS,10-JAN-2019,4.35,4.75,4.35,4.65,8425
TARAJEWELS,10-JAN-2019,1.45,1.5,1.4,1.4,54854
TARAPUR,10-JAN-2019,3.65,3.65,3.65,3.65,266
TARMAT,10-JAN-2019,43.45,43.45,40.2,40.9,18347
TASTYBITE,10-JAN-2019,8737.95,8800.0,8681.0,8705.4,80
TATACHEM,10-JAN-2019,695.1,701.15,695.1,699.25,204863
TATACOFFEE,10-JAN-2019,97.1,99.55,97.0,99.15,280757
TATACOMM,10-JAN-2019,520.85,524.85,512.05,518.05,281157
TATAELXSI,10-JAN-2019,973.0,977.0,966.0,969.5,473621
TATAGLOBAL,10-JAN-2019,212.05,215.2,212.05,214.15,715378
TATAINVEST,10-JAN-2019,865.0,865.0,852.8,857.85,52966
TATAMETALI,10-JAN-2019,641.3,651.05,637.0,648.1,44078
TATAMOTORS,10-JAN-2019,183.65,186.85,183.55,185.75,16961888
TATAMTRDVR,10-JAN-2019,97.05,98.5,96.95,98.05,3309742
TATAPOWER,10-JAN-2019,74.25,75.1,73.9,74.9,1704653
TATASPONGE,10-JAN-2019,832.0,844.0,823.55,833.7,131476
TATASTEEL,10-JAN-2019,53.4,53.4,53.4,53.4,42238
TATASTEEL,10-JAN-2019,480.0,484.15,477.5,480.4,7081000
TATASTLBSL,10-JAN-2019,36.0,37.2,36.0,37.2,397714
TBZ,10-JAN-2019,65.25,65.8,64.1,64.35,41460
TCFSL,10-JAN-2019,1020.0,1020.0,1020.0,1020.0,50
TCFSL,10-JAN-2019,1093.0,1093.0,1085.0,1085.0,35
TCFSL,10-JAN-2019,1624.3,1624.3,1620.0,1620.97,815
TCFSL,10-JAN-2019,1016.6,1018.3,1016.6,1017.61,545
TCFSL,10-JAN-2019,1020.0,1020.0,1018.15,1018.24,2432
TCFSL,10-JAN-2019,1025.05,1029.0,1025.0,1029.0,539
TCI,10-JAN-2019,287.1,292.85,286.05,291.8,23101
TCIDEVELOP,10-JAN-2019,362.0,362.0,347.05,347.05,13
TCIEXP,10-JAN-2019,631.4,644.9,625.05,634.75,3723
TCIFINANCE,10-JAN-2019,16.9,16.9,14.8,14.85,11721
TCNSBRANDS,10-JAN-2019,705.55,720.0,704.25,718.55,22850
TCPLPACK,10-JAN-2019,433.95,433.95,425.1,428.05,699
TCS,10-JAN-2019,1890.0,1905.0,1872.1,1888.55,3053461
TDPOWERSYS,10-JAN-2019,127.1,129.5,126.0,127.9,31111
TEAMLEASE,10-JAN-2019,2787.85,2851.6,2754.05,2820.25,5699
TECHIN,10-JAN-2019,6.25,6.25,6.0,6.0,182
TECHM,10-JAN-2019,695.0,696.95,689.15,694.55,1454656
TECHNOE,10-JAN-2019,248.95,248.95,241.15,245.0,4051
TECHNOFAB,10-JAN-2019,136.45,141.5,136.4,141.15,3131
TEJASNET,10-JAN-2019,218.8,222.2,215.05,221.1,39045
TERASOFT,10-JAN-2019,53.2,54.9,47.8,48.95,437180
TEXINFRA,10-JAN-2019,55.4,57.35,55.0,56.15,12589
TEXMOPIPES,10-JAN-2019,20.85,21.45,20.75,21.2,48973
TEXRAIL,10-JAN-2019,57.9,58.25,57.15,57.9,120923
TFCILTD,10-JAN-2019,124.1,126.3,124.05,125.05,104088
TFL,10-JAN-2019,5.3,5.3,4.95,5.2,381
TGBHOTELS,10-JAN-2019,16.1,17.9,16.1,16.95,745392
THANGAMAYL,10-JAN-2019,374.05,374.45,358.0,362.7,2612
THEINVEST,10-JAN-2019,168.5,168.5,163.25,164.3,2027
THEMISMED,10-JAN-2019,325.35,332.75,320.0,323.1,474
THERMAX,10-JAN-2019,1136.7,1157.95,1136.7,1144.8,9038
THIRUSUGAR,10-JAN-2019,29.9,30.6,28.35,29.05,14918
THOMASCOOK,10-JAN-2019,233.5,234.9,232.6,233.95,68972
THOMASCOTT,10-JAN-2019,7.95,8.0,7.95,8.0,27
THYROCARE,10-JAN-2019,548.85,550.0,547.0,549.8,6179
TI,10-JAN-2019,15.9,16.25,15.9,16.05,20020
TIDEWATER,10-JAN-2019,5359.35,5405.0,5356.3,5370.7,301
TIFIN,10-JAN-2019,475.7,484.0,460.1,469.05,47164
TIIL,10-JAN-2019,600.3,600.3,591.2,592.5,1498
TIINDIA,10-JAN-2019,335.45,339.65,323.0,324.5,75675
TIJARIA,10-JAN-2019,21.3,21.65,20.55,20.7,27749
TIL,10-JAN-2019,263.55,269.45,263.5,264.8,1461
TIMESGTY,10-JAN-2019,31.8,31.8,31.2,31.2,2
TIMETECHNO,10-JAN-2019,99.8,102.25,99.65,100.75,130272
TIMKEN,10-JAN-2019,588.35,610.0,584.95,590.5,48677
TINPLATE,10-JAN-2019,153.55,157.25,152.65,154.25,798746
TIPSINDLTD,10-JAN-2019,60.05,60.7,59.45,59.6,5006
TIRUMALCHM,10-JAN-2019,107.95,111.0,107.15,109.9,265157
TIRUPATIFL,10-JAN-2019,43.2,43.2,43.2,43.2,2000
TITAN,10-JAN-2019,950.4,969.4,948.55,966.7,2450895
TMRVL,10-JAN-2019,35.2,35.35,34.25,34.95,6269
TNPETRO,10-JAN-2019,40.1,41.0,40.05,40.25,101498
TNPL,10-JAN-2019,240.15,240.7,233.7,236.45,27784
TNTELE,10-JAN-2019,1.6,1.6,1.6,1.6,6458
TODAYS,10-JAN-2019,0.2,0.2,0.2,0.2,80
TOKYOPLAST,10-JAN-2019,49.05,50.0,49.0,49.6,1444
TORNTPHARM,10-JAN-2019,1835.0,1881.0,1828.8,1856.5,595646
TORNTPOWER,10-JAN-2019,261.0,264.9,259.15,260.25,838857
TPLPLASTEH,10-JAN-2019,149.9,155.4,146.2,149.4,21123
TRANSWIND,10-JAN-2019,13.9,13.9,13.9,13.9,4000
TREEHOUSE,10-JAN-2019,4.75,4.75,4.45,4.6,9921
TREJHARA,10-JAN-2019,42.0,42.0,42.0,42.0,8103
TRENT,10-JAN-2019,348.6,356.3,346.0,354.1,38984
TRF,10-JAN-2019,133.0,139.9,131.0,133.75,110991
TRIDENT,10-JAN-2019,68.75,71.7,68.5,70.95,3217527
TRIGYN,10-JAN-2019,86.5,87.9,85.2,86.15,24897
TRIL,10-JAN-2019,13.9,14.2,13.85,13.9,16479
TRITURBINE,10-JAN-2019,112.9,115.9,111.65,113.0,168468
TRIVENI,10-JAN-2019,48.75,49.5,48.5,48.7,261781
TTKHLTCARE,10-JAN-2019,756.0,775.0,750.0,751.75,973
TTKPRESTIG,10-JAN-2019,7498.6,7630.0,7498.6,7532.9,3802
TTL,10-JAN-2019,64.6,66.8,64.55,65.65,1285
TTML,10-JAN-2019,3.95,3.95,3.85,3.95,613674
TV18BRDCST,10-JAN-2019,37.9,38.25,37.6,38.15,1843168
TVSELECT,10-JAN-2019,194.25,198.0,190.1,191.7,36705
TVSMOTOR,10-JAN-2019,540.0,545.8,537.75,540.15,653168
TVSSRICHAK,10-JAN-2019,2447.65,2466.0,2440.0,2459.25,417
TVTODAY,10-JAN-2019,372.75,372.75,367.0,368.75,3916
TVVISION,10-JAN-2019,4.75,5.2,4.75,5.2,37927
TWL,10-JAN-2019,78.05,78.1,76.5,77.15,250693
UBL,10-JAN-2019,1381.0,1385.7,1367.3,1378.45,620011
UCALFUEL,10-JAN-2019,180.1,180.1,178.0,178.45,4364
UCL,10-JAN-2019,51.0,57.5,51.0,57.5,4000
UCOBANK,10-JAN-2019,21.15,21.15,20.7,20.8,609814
UFLEX,10-JAN-2019,267.15,271.95,266.35,269.25,32509
UFO,10-JAN-2019,258.0,260.9,257.0,257.45,29261
UGARSUGAR,10-JAN-2019,13.8,13.95,13.55,13.6,27380
UJAAS,10-JAN-2019,7.7,7.85,7.65,7.7,117148
UJJIVAN,10-JAN-2019,286.2,288.55,284.55,287.1,887944
ULTRACEMCO,10-JAN-2019,3820.0,3847.0,3804.05,3818.2,138524
UMANGDAIRY,10-JAN-2019,59.85,59.85,57.05,58.4,3192
UNICHEMLAB,10-JAN-2019,193.35,197.5,193.0,195.85,23142
UNIENTER,10-JAN-2019,95.55,109.05,94.95,104.0,91235
UNIINFO,10-JAN-2019,25.75,27.85,25.6,27.0,28000
UNIONBANK,10-JAN-2019,91.8,93.55,91.15,92.8,5790987
UNIPLY,10-JAN-2019,57.2,57.85,57.0,57.35,25043
UNITECH,10-JAN-2019,2.05,2.1,2.0,2.05,3066224
UNITEDBNK,10-JAN-2019,12.0,12.0,11.7,11.8,199895
UNITEDTEA,10-JAN-2019,349.5,349.5,341.05,348.05,743
UNITY,10-JAN-2019,1.55,1.55,1.55,1.55,477
UNIVASTU,10-JAN-2019,84.0,84.0,83.9,83.95,3000
UNIVCABLES,10-JAN-2019,265.0,268.35,260.0,260.95,67567
UPL,10-JAN-2019,765.8,780.0,765.05,773.1,2401210
URJA,10-JAN-2019,3.35,3.35,3.15,3.15,2045803
USHAMART,10-JAN-2019,32.6,33.2,32.3,32.65,565876
USHERAGRO,10-JAN-2019,2.3,2.4,2.2,2.2,4580
UTIFEFRGR4,10-JAN-2019,8.22,8.22,8.21,8.21,3500
UTINEXT50,10-JAN-2019,279.15,284.9,277.05,279.31,83977
UTINIFTETF,10-JAN-2019,1133.0,1133.0,1100.03,1126.0,127
UTISENSETF,10-JAN-2019,374.79,375.3,373.8,375.29,409
UTTAMSTL,10-JAN-2019,10.3,10.4,10.15,10.25,68082
UTTAMSUGAR,10-JAN-2019,99.8,103.0,95.1,99.5,74572
UVSL,10-JAN-2019,0.15,0.15,0.1,0.1,3485426
UWCSL,10-JAN-2019,17.4,17.4,15.6,15.8,28000
V2RETAIL,10-JAN-2019,267.95,272.0,265.0,268.1,29058
VADILALIND,10-JAN-2019,529.65,535.95,516.05,519.7,10294
VAIBHAVGBL,10-JAN-2019,727.3,727.3,714.0,719.0,7253
VAKRANGEE,10-JAN-2019,37.85,37.85,37.85,37.85,1801343
VARDHACRLC,10-JAN-2019,45.0,45.8,44.55,45.55,32094
VARDMNPOLY,10-JAN-2019,11.65,11.65,11.3,11.35,1492
VARROC,10-JAN-2019,735.0,738.2,718.0,719.85,5431
VASCONEQ,10-JAN-2019,18.1,19.8,18.05,18.55,545352
VASWANI,10-JAN-2019,12.45,12.95,11.7,12.05,9321
VBL,10-JAN-2019,824.9,827.2,811.0,820.4,26598
VEDL,10-JAN-2019,195.0,196.2,193.45,195.45,8256271
VENKEYS,10-JAN-2019,2369.0,2370.0,2333.0,2337.35,22761
VENUSREM,10-JAN-2019,43.3,44.5,43.2,44.1,10040
VERTOZ,10-JAN-2019,187.0,187.3,186.95,187.1,14400
VESUVIUS,10-JAN-2019,1173.45,1180.45,1162.1,1164.5,526
VETO,10-JAN-2019,70.75,71.9,70.3,71.0,7658
VGUARD,10-JAN-2019,205.45,208.0,205.2,207.35,458021
VHL,10-JAN-2019,2540.0,2625.0,2528.0,2529.55,2186
VICEROY,10-JAN-2019,4.9,4.9,4.65,4.9,13428
VIDEOIND,10-JAN-2019,3.1,3.15,3.05,3.1,72242
VIDHIING,10-JAN-2019,83.7,85.9,83.05,84.4,23647
VIJAYABANK,10-JAN-2019,49.85,49.9,49.35,49.45,358826
VIJIFIN,10-JAN-2019,1.85,1.85,1.85,1.85,244098
VIJSHAN,10-JAN-2019,7.65,7.65,6.95,7.45,11763
VIKASECO,10-JAN-2019,15.1,15.5,14.5,14.95,6313346
VIMTALABS,10-JAN-2019,288.85,295.25,272.55,274.1,38522
VINATIORGA,10-JAN-2019,1616.0,1638.0,1590.0,1602.35,9246
VINDHYATEL,10-JAN-2019,1820.05,1833.0,1769.95,1781.1,11734
VINYLINDIA,10-JAN-2019,79.95,82.8,78.5,80.95,7320
VIPCLOTHNG,10-JAN-2019,28.6,28.7,28.05,28.1,23392
VIPIND,10-JAN-2019,498.1,506.9,494.3,499.1,144759
VIPULLTD,10-JAN-2019,34.0,34.5,32.5,33.55,13125
VISAKAIND,10-JAN-2019,427.2,436.8,426.05,435.1,15628
VISASTEEL,10-JAN-2019,8.5,8.85,8.5,8.65,4408
VISESHINFO,10-JAN-2019,0.1,0.1,0.05,0.1,2445471
VISHNU,10-JAN-2019,154.55,157.0,154.25,156.3,1011
VIVIDHA,10-JAN-2019,0.7,0.7,0.65,0.65,42654
VIVIMEDLAB,10-JAN-2019,34.5,34.85,34.3,34.6,104672
VLSFINANCE,10-JAN-2019,56.8,57.75,56.0,57.1,15920
VMART,10-JAN-2019,2385.0,2385.0,2280.05,2294.3,16464
VOLTAMP,10-JAN-2019,1092.55,1102.7,1080.0,1090.15,5515
VOLTAS,10-JAN-2019,535.25,542.5,533.5,539.35,1070036
VRLLOG,10-JAN-2019,279.1,286.8,275.75,283.55,29420
VSSL,10-JAN-2019,97.1,97.8,95.1,96.15,6378
VSTIND,10-JAN-2019,3194.85,3210.0,3149.9,3189.55,886
VSTTILLERS,10-JAN-2019,1585.65,1585.7,1575.0,1576.55,7034
VTL,10-JAN-2019,1070.1,1095.0,1070.1,1088.4,3721
WABAG,10-JAN-2019,279.4,325.0,277.25,320.35,2329782
WABCOINDIA,10-JAN-2019,6378.0,6509.85,6375.05,6482.55,3406
WALCHANNAG,10-JAN-2019,98.7,98.9,97.2,97.75,119685
WANBURY,10-JAN-2019,19.45,19.45,18.25,18.45,4244
WEBELSOLAR,10-JAN-2019,27.05,27.65,27.05,27.2,19588
WEIZFOREX,10-JAN-2019,511.0,517.9,508.0,510.85,229731
WEIZMANIND,10-JAN-2019,45.8,45.9,44.0,45.2,1741
WELCORP,10-JAN-2019,134.65,135.15,133.05,134.05,71416
WELENT,10-JAN-2019,110.05,110.25,108.25,109.15,42548
WELINV,10-JAN-2019,149.0,149.0,149.0,149.0,1
WELSPUNIND,10-JAN-2019,61.1,61.9,61.0,61.55,255807
WENDT,10-JAN-2019,3099.3,3115.95,3033.0,3055.45,300
WHEELS,10-JAN-2019,894.95,895.0,869.05,874.0,1113
WHIRLPOOL,10-JAN-2019,1454.85,1507.05,1445.0,1468.55,68181
WILLAMAGOR,10-JAN-2019,53.85,56.5,53.05,53.5,2980
WINDMACHIN,10-JAN-2019,66.05,67.05,65.0,65.3,178720
WINSOME,10-JAN-2019,1.0,1.0,0.95,1.0,785
WIPL,10-JAN-2019,75.6,75.6,75.6,75.6,3008
WIPRO,10-JAN-2019,330.8,331.05,323.0,325.75,3099392
WOCKPHARMA,10-JAN-2019,510.35,520.5,507.0,517.1,868139
WONDERLA,10-JAN-2019,262.0,270.0,262.0,265.75,22254
WSTCSTPAPR,10-JAN-2019,299.15,299.15,289.25,291.45,68923
XCHANGING,10-JAN-2019,46.4,46.4,45.55,45.7,2148
XLENERGY,10-JAN-2019,1.0,1.0,1.0,1.0,1555
XPROINDIA,10-JAN-2019,43.9,43.9,41.6,41.8,1400
YESBANK,10-JAN-2019,188.0,188.9,184.2,186.9,36296992
ZEEL,10-JAN-2019,452.5,455.5,448.8,451.35,3412584
ZEEL,10-JAN-2019,7.6,7.6,7.55,7.55,573458
ZEELEARN,10-JAN-2019,34.35,35.15,34.35,34.8,36790
ZEEMEDIA,10-JAN-2019,24.4,24.5,23.85,24.25,132049
ZENITHBIR,10-JAN-2019,0.8,0.8,0.8,0.8,16601
ZENITHEXPO,10-JAN-2019,40.25,40.25,40.0,40.0,41
ZENSARTECH,10-JAN-2019,232.0,236.0,231.95,233.95,50409
ZENTEC,10-JAN-2019,74.65,74.8,73.0,73.2,38336
ZICOM,10-JAN-2019,6.75,6.75,6.45,6.5,19381
ZODIACLOTH,10-JAN-2019,136.35,140.8,136.2,139.0,1668
ZODJRDMKJ,10-JAN-2019,41.2,41.8,40.95,41.75,1137
ZOTA,10-JAN-2019,251.5,253.1,250.75,251.0,72500
ZUARI,10-JAN-2019,244.45,252.0,238.0,238.9,62500
ZUARIGLOB,10-JAN-2019,126.85,130.4,126.6,127.45,83799
ZYDUSWELL,10-JAN-2019,1333.15,1343.9,1323.6,1332.9,2845
ZYLOG,10-JAN-2019,0.8,0.85,0.8,0.8,6770
