SYMBOL,TIMESTAMP,OPEN,HIGH,LOW,CLOSE,TOTTRDQTY,TOTALTRADES,PREVCLOSE
20MICRONS,23-MAY-2016,32.2,34.0,29.3,30.9,80690,665,31.8
3IINFOTECH,23-MAY-2016,4.2,4.25,4.15,4.2,664286,241,4.2
3MINDIA,23-MAY-2016,12800.0,13040.0,12600.0,12979.95,3901,610,12716.3
8KMILES,23-MAY-2016,1767.25,1790.0,1701.1,1729.65,62128,6273,1739.5
A2ZINFRA,23-MAY-2016,26.65,26.7,24.75,25.25,157591,1208,26.15
AARTIDRUGS,23-MAY-2016,481.75,481.75,459.0,474.9,17238,857,481.7
AARTIIND,23-MAY-2016,507.3,507.3,500.1,501.25,8556,696,507.3
AARVEEDEN,23-MAY-2016,58.85,58.85,56.15,56.65,2747,37,56.8
ABAN,23-MAY-2016,206.45,207.0,194.6,196.65,1997536,26924,204.9
ABB,23-MAY-2016,1218.45,1230.0,1201.65,1219.6,41184,5168,1209.0
ABBOTINDIA,23-MAY-2016,4651.05,4717.0,4502.0,4587.35,4210,1187,4685.85
ABFRL,23-MAY-2016,150.7,152.15,147.3,148.75,198097,3781,151.0
ABGSHIP,23-MAY-2016,27.9,28.0,24.4,24.75,1070929,5631,27.4
ABIRLANUVO,23-MAY-2016,1010.0,1033.95,987.25,992.4,495238,19944,1000.8
ACC,23-MAY-2016,1393.25,1428.0,1390.0,1418.0,321582,9740,1393.45
ACCELYA,23-MAY-2016,1099.0,1120.0,1090.0,1100.0,2925,156,1099.1
ACE,23-MAY-2016,42.9,42.9,40.5,40.8,51084,452,41.65
ACROPETAL,23-MAY-2016,2.6,2.6,2.55,2.55,10146,29,2.65
ADANIENT,23-MAY-2016,69.5,71.4,69.25,69.7,2284836,9483,68.9
ADANIPORTS,23-MAY-2016,179.25,182.45,178.0,181.1,10109957,97585,177.95
ADANIPOWER,23-MAY-2016,28.65,28.7,27.9,28.0,2392939,5109,28.5
ADANITRANS,23-MAY-2016,28.8,30.25,28.75,29.85,766832,1647,28.65
ADFFOODS,23-MAY-2016,86.5,88.85,86.25,87.9,28784,476,86.45
ADHUNIK,23-MAY-2016,7.65,7.85,7.3,7.4,89417,226,7.65
ADI,23-MAY-2016,271.0,293.0,270.1,287.05,8273,313,270.2
ADLABS,23-MAY-2016,86.0,86.4,81.9,82.4,106266,1779,85.45
ADORWELD,23-MAY-2016,288.95,293.9,279.0,289.9,48015,768,284.1
ADSL,23-MAY-2016,40.6,40.6,37.65,38.1,114265,1088,39.85
ADVANIHOTR,23-MAY-2016,53.95,53.95,48.65,50.1,5636,44,49.1
ADVANTA,23-MAY-2016,592.8,595.75,581.0,586.4,6480,892,587.35
AEGISCHEM,23-MAY-2016,113.4,113.4,109.45,110.25,158471,2175,111.1
AFL,23-MAY-2016,58.0,59.2,54.6,54.85,16669,103,57.45
AGARIND,23-MAY-2016,127.0,128.0,117.0,118.6,2615,84,121.95
AGCNET,23-MAY-2016,66.15,66.85,65.3,66.05,3093,40,66.35
AGRODUTCH,23-MAY-2016,2.55,2.7,2.5,2.55,19162,31,2.65
AHLEAST,23-MAY-2016,147.05,151.0,147.05,150.65,167,10,149.6
AHLUCONT,23-MAY-2016,270.85,273.8,270.0,270.5,3599,411,270.85
AIAENG,23-MAY-2016,944.0,944.9,927.0,930.85,22851,2084,932.9
AICHAMP,23-MAY-2016,25.9,25.9,25.9,25.9,1,1,25.0
AIFL,23-MAY-2016,252.55,254.05,245.35,251.85,30301,310,253.4
AIL,23-MAY-2016,605.1,614.85,605.1,610.45,4109,342,607.1
AJANTPHARM,23-MAY-2016,1581.85,1581.85,1474.1,1487.3,204791,10829,1569.35
AJMERA,23-MAY-2016,161.0,162.8,154.95,155.95,71248,1408,159.55
AKSHOPTFBR,23-MAY-2016,15.4,15.65,14.85,14.95,701394,1379,15.2
AKZOINDIA,23-MAY-2016,1429.15,1452.0,1421.0,1428.15,11028,1285,1429.15
ALANKIT,23-MAY-2016,108.6,113.9,108.6,110.0,379727,515,110.55
ALBK,23-MAY-2016,50.75,51.3,49.35,50.25,1830976,7378,50.4
ALCHEM,23-MAY-2016,22.3,22.45,21.05,21.35,4804,57,21.7
ALEMBICLTD,23-MAY-2016,35.9,36.55,35.1,35.15,103399,824,35.75
ALICON,23-MAY-2016,350.0,356.0,343.0,348.1,1639,84,350.0
ALKALI,23-MAY-2016,41.5,44.0,41.0,42.15,1836,44,41.95
ALKEM,23-MAY-2016,1243.0,1258.0,1236.0,1252.7,94824,4871,1233.15
ALKYLAMINE,23-MAY-2016,315.0,315.0,311.0,312.85,2910,106,307.85
ALLCARGO,23-MAY-2016,160.9,163.4,158.7,159.2,303064,6780,157.4
ALLSEC,23-MAY-2016,210.0,213.7,189.5,198.5,246319,4515,196.95
ALMONDZ,23-MAY-2016,11.75,11.75,10.6,11.65,1951,10,11.0
ALOKTEXT,23-MAY-2016,3.95,3.95,3.8,3.85,1657918,18053,3.9
ALPA,23-MAY-2016,36.25,36.25,36.25,36.25,9330,30,34.55
ALPHAGEO,23-MAY-2016,523.8,535.0,500.2,506.15,35022,1752,537.65
ALPSINDUS,23-MAY-2016,4.75,5.25,4.6,5.0,48291,74,4.9
ALSTOMT&D,23-MAY-2016,340.95,344.25,332.1,334.75,27220,1482,338.75
AMARAJABAT,23-MAY-2016,950.35,966.4,915.0,921.8,373296,14961,947.75
AMBIKCO,23-MAY-2016,863.0,863.0,844.0,858.45,2760,218,854.6
AMBUJACEM,23-MAY-2016,210.3,213.45,208.85,212.6,1347184,15149,208.85
AMDIND,23-MAY-2016,29.0,29.7,28.65,29.0,3615,14,29.0
AMRUTANJAN,23-MAY-2016,410.0,410.35,403.15,405.25,4325,371,408.85
AMTEKAUTO,23-MAY-2016,33.95,34.35,33.5,33.7,582528,2191,33.8
AMTL,23-MAY-2016,31.95,33.0,29.5,30.25,21994,90,31.0
ANANDAMRUB,23-MAY-2016,16.0,16.0,16.0,16.0,50,1,16.8
ANANTRAJ,23-MAY-2016,39.75,40.25,38.65,39.05,438170,2850,39.7
ANDHRABANK,23-MAY-2016,47.65,47.9,46.55,46.65,1839584,11740,47.5
ANDHRACEMT,23-MAY-2016,8.0,8.15,7.7,7.75,107554,181,8.0
ANDHRSUGAR,23-MAY-2016,188.0,201.9,187.05,199.55,649733,9585,185.65
ANGIND,23-MAY-2016,18.2,19.1,18.2,19.1,80414,254,18.2
ANIKINDS,23-MAY-2016,33.0,33.0,32.9,32.9,250,3,31.7
ANKITMETAL,23-MAY-2016,1.7,1.75,1.6,1.65,34327,30,1.7
ANSALAPI,23-MAY-2016,18.3,19.05,18.3,18.9,166251,322,18.6
ANSALHSG,23-MAY-2016,20.4,20.4,19.95,20.05,6738,51,20.1
ANTGRAPHIC,23-MAY-2016,0.8,0.8,0.75,0.75,11308,6,0.8
APARINDS,23-MAY-2016,486.25,501.95,475.15,487.25,7551,594,486.25
APCOTEXIND,23-MAY-2016,283.0,284.95,279.1,282.3,5087,257,282.55
APLAPOLLO,23-MAY-2016,878.0,878.0,850.05,855.45,8068,817,854.8
APLLTD,23-MAY-2016,573.9,573.9,546.2,549.85,105959,3622,564.6
APOLLOHOSP,23-MAY-2016,1335.0,1363.3,1334.85,1358.6,192837,22792,1329.2
APOLLOTYRE,23-MAY-2016,151.9,152.9,150.75,151.5,1663293,14433,152.3
APOLSINHOT,23-MAY-2016,235.0,235.0,235.0,235.0,127,4,235.0
APTECHT,23-MAY-2016,62.85,64.05,62.0,62.4,192995,1851,61.55
ARCHIDPLY,23-MAY-2016,47.65,49.35,47.35,47.65,10771,113,48.05
ARCHIES,23-MAY-2016,24.25,24.5,23.85,23.95,48316,303,23.85
ARCOTECH,23-MAY-2016,372.85,372.85,359.85,364.5,152010,2010,361.95
ARIES,23-MAY-2016,125.75,125.85,122.0,122.95,23896,625,123.35
ARIHANT,23-MAY-2016,40.9,41.2,40.0,40.0,300,3,40.45
AROGRANITE,23-MAY-2016,44.95,44.95,42.2,43.05,3507,75,43.9
ARROWGREEN,23-MAY-2016,506.4,514.05,488.0,494.0,3921,452,505.9
ARROWTEX,23-MAY-2016,41.0,42.5,38.0,38.6,47443,473,40.65
ARSHIYA,23-MAY-2016,24.0,24.9,23.45,23.6,51286,477,23.95
ARSSINFRA,23-MAY-2016,40.0,40.65,38.6,39.35,76025,792,39.3
ARVIND,23-MAY-2016,302.95,308.9,299.75,301.95,1742876,24461,301.0
ARVINDREM,23-MAY-2016,5.35,5.35,5.0,5.35,18145,43,5.1
ARVINFRA,23-MAY-2016,90.0,90.0,83.55,85.0,77259,876,88.85
ASAHIINDIA,23-MAY-2016,148.95,150.0,147.3,149.1,3717,77,146.35
ASAHISONG,23-MAY-2016,138.0,142.8,138.0,140.2,1302,59,138.15
ASAL,23-MAY-2016,41.0,41.05,39.3,40.05,2914,28,39.65
ASHAPURMIN,23-MAY-2016,76.4,78.3,75.0,75.5,87534,981,76.05
ASHIANA,23-MAY-2016,152.2,160.0,151.5,157.85,12932,454,152.7
ASHIMASYN,23-MAY-2016,14.0,15.3,13.85,14.85,925939,2334,13.95
ASHOKA,23-MAY-2016,140.1,141.0,134.2,136.35,416458,2648,138.4
ASHOKLEY,23-MAY-2016,100.0,101.6,99.05,100.0,6662120,23773,99.45
ASIANHOTNR,23-MAY-2016,103.0,106.0,102.15,103.0,100,21,105.6
ASIANPAINT,23-MAY-2016,959.9,960.0,943.65,946.6,726047,46256,956.0
ASIANTILES,23-MAY-2016,174.0,174.0,165.2,166.2,12722,310,170.5
ASSAMCO,23-MAY-2016,6.0,6.15,5.9,5.9,563803,680,5.95
ASTEC,23-MAY-2016,234.95,239.0,227.25,229.65,12434,288,231.0
ASTRAL,23-MAY-2016,421.05,434.0,421.05,425.8,19878,271,425.35
ASTRAMICRO,23-MAY-2016,113.0,113.65,111.1,111.65,96211,1215,112.0
ASTRAZEN,23-MAY-2016,1086.0,1100.0,1081.4,1091.8,2803,555,1085.75
ATFL,23-MAY-2016,475.0,496.95,475.0,494.95,294912,120,479.35
ATLANTA,23-MAY-2016,32.75,33.2,32.4,32.5,4140,61,32.55
ATLASCYCLE,23-MAY-2016,205.3,206.3,201.4,201.9,3919,203,203.55
ATNINTER,23-MAY-2016,0.45,0.45,0.45,0.45,5,1,0.4
ATUL,23-MAY-2016,1895.0,1910.0,1838.0,1851.4,6687,933,1874.5
ATULAUTO,23-MAY-2016,474.5,482.75,469.8,480.1,16661,783,474.5
AURIONPRO,23-MAY-2016,149.8,149.8,144.05,145.0,4603,111,146.2
AUROPHARMA,23-MAY-2016,776.0,780.0,754.0,759.7,1214979,43052,770.1
AUSTRAL,23-MAY-2016,0.3,0.35,0.3,0.35,90390,21,0.3
AUTOAXLES,23-MAY-2016,624.0,626.0,606.15,611.95,1922,229,602.05
AUTOIND,23-MAY-2016,39.0,40.15,38.5,39.65,8220,86,38.8
AUTOLITIND,23-MAY-2016,52.7,53.5,51.75,52.5,10573,27,53.25
AVANTIFEED,23-MAY-2016,475.0,480.0,465.0,469.25,60338,2596,463.4
AVTNPL,23-MAY-2016,32.0,32.15,31.2,31.5,21250,159,31.85
AXISBANK,23-MAY-2016,495.4,495.4,485.0,486.5,4700955,86961,490.6
AXISCADES,23-MAY-2016,266.5,270.0,259.0,262.0,55429,2147,263.55
AXISGOLD,23-MAY-2016,2723.05,2738.8,2706.0,2718.75,161,40,2733.3
AYMSYNTEX,23-MAY-2016,109.0,109.05,102.65,105.6,9602,199,107.8
BAFNAPHARM,23-MAY-2016,29.65,29.95,29.2,29.45,19520,271,30.1
BAGFILMS,23-MAY-2016,3.95,4.0,3.9,4.0,15153,28,3.95
BAJAJ-AUTO,23-MAY-2016,2461.0,2464.0,2408.6,2421.8,270512,16904,2453.0
BAJAJCORP,23-MAY-2016,395.0,395.95,388.0,390.25,17594,1903,392.4
BAJAJELEC,23-MAY-2016,227.65,237.5,226.55,236.15,253276,3821,226.05
BAJAJFINSV,23-MAY-2016,1823.0,1855.95,1794.0,1806.15,38996,3646,1804.8
BAJAJHIND,23-MAY-2016,19.0,19.25,18.5,18.6,2279972,3844,18.7
BAJAJHLDNG,23-MAY-2016,1494.0,1502.85,1480.0,1493.7,4778,1031,1481.8
BAJFINANCE,23-MAY-2016,7801.0,7835.0,7502.65,7653.7,105532,16696,7770.5
BALAJITELE,23-MAY-2016,107.1,109.35,107.0,107.25,31937,366,107.1
BALAMINES,23-MAY-2016,230.0,237.8,225.5,230.35,438603,9293,218.15
BALKRISIND,23-MAY-2016,675.25,687.0,664.2,669.85,39502,2627,672.65
BALLARPUR,23-MAY-2016,16.9,17.5,16.9,17.2,712164,883,17.15
BALMLAWRIE,23-MAY-2016,589.9,589.9,570.0,572.3,8117,690,574.4
BALPHARMA,23-MAY-2016,97.9,99.0,95.1,95.6,48331,566,96.75
BALRAMCHIN,23-MAY-2016,112.0,113.9,109.3,110.0,2138306,14922,110.85
BANARBEADS,23-MAY-2016,45.45,46.0,45.0,45.1,951,18,45.8
BANARISUG,23-MAY-2016,1747.0,1773.25,1745.0,1745.6,425,55,1744.45
BANCOINDIA,23-MAY-2016,126.2,127.9,125.0,126.05,8580,254,127.4
BANG,23-MAY-2016,15.7,17.0,15.55,17.0,375,4,16.35
BANKBARODA,23-MAY-2016,135.8,136.4,131.3,131.8,11239891,74583,135.05
BANKBEES,23-MAY-2016,1654.01,1664.0,1643.0,1646.23,4682,208,1651.48
BANKINDIA,23-MAY-2016,81.8,82.05,79.4,80.85,3642944,20109,81.25
BANSWRAS,23-MAY-2016,135.85,143.0,134.0,138.3,53619,652,132.45
BARTRONICS,23-MAY-2016,9.05,9.2,8.9,8.95,11727,55,9.0
BASF,23-MAY-2016,970.0,970.0,938.4,942.35,11300,1017,960.6
BASML,23-MAY-2016,224.9,225.0,224.0,224.0,400,7,220.9
BATAINDIA,23-MAY-2016,567.95,568.0,553.0,554.45,420072,14396,565.0
BAYERCROP,23-MAY-2016,4011.0,4011.0,3880.05,3911.15,3828,898,3910.0
BBL,23-MAY-2016,861.0,876.95,825.0,831.85,17062,1808,856.45
BBTC,23-MAY-2016,403.55,403.55,355.55,365.35,78345,2321,407.95
BEDMUTHA,23-MAY-2016,17.9,17.9,16.55,16.65,22114,70,17.1
BEL,23-MAY-2016,1105.8,1125.0,1092.35,1098.65,161731,10440,1100.1
BEML,23-MAY-2016,865.25,876.0,840.05,849.5,216972,11311,862.4
BEPL,23-MAY-2016,20.65,20.65,19.8,20.45,21044,78,20.0
BERGEPAINT,23-MAY-2016,281.9,284.05,276.1,277.55,75810,2192,280.35
BFINVEST,23-MAY-2016,113.2,116.4,110.6,111.65,26523,790,114.2
BFUTILITIE,23-MAY-2016,554.4,556.2,540.0,542.75,256798,7494,551.25
BGLOBAL,23-MAY-2016,5.8,5.8,5.3,5.7,1204,7,5.55
BGRENERGY,23-MAY-2016,107.55,108.5,106.25,106.6,86135,1226,106.8
BHAGERIA,23-MAY-2016,148.65,151.8,148.65,151.45,1374,33,150.5
BHAGYNAGAR,23-MAY-2016,17.65,17.7,16.85,17.15,13951,67,16.8
BHARATFORG,23-MAY-2016,723.2,724.95,710.0,712.5,487564,12780,718.6
BHARATGEAR,23-MAY-2016,80.3,82.0,80.25,80.65,5006,65,81.35
BHARATIDIL,23-MAY-2016,25.5,25.5,22.75,23.75,18670,170,24.6
BHARATRAS,23-MAY-2016,1100.4,1169.4,1100.4,1112.0,449,38,1120.0
BHARATWIRE,23-MAY-2016,42.3,42.3,40.15,40.6,5229,40,40.3
BHARTIARTL,23-MAY-2016,346.7,348.75,341.5,345.85,1660748,24063,341.95
BHEL,23-MAY-2016,120.0,120.25,118.1,118.75,2957391,15998,119.3
BHUSANSTL,23-MAY-2016,35.85,36.4,35.1,35.65,93001,658,35.85
BIL,23-MAY-2016,522.0,542.0,503.35,509.55,8505,258,520.15
BILENERGY,23-MAY-2016,0.85,0.85,0.85,0.85,150,1,0.85
BINANIIND,23-MAY-2016,66.15,66.8,64.4,64.65,10631,159,65.85
BINDALAGRO,23-MAY-2016,27.0,27.0,26.0,26.15,42304,249,26.65
BIOCON,23-MAY-2016,626.1,643.45,622.9,640.85,929258,21054,622.05
BIRLACORPN,23-MAY-2016,379.0,379.0,370.0,370.6,798588,319,377.0
BIRLACOT,23-MAY-2016,0.1,0.1,0.05,0.05,815321,149,0.1
BIRLAERIC,23-MAY-2016,37.0,37.65,36.0,36.2,5508,36,37.05
BIRLAMONEY,23-MAY-2016,21.9,22.25,21.3,21.55,20077,115,21.4
BLBLIMITED,23-MAY-2016,4.4,4.4,3.95,4.1,9435,36,4.0
BLISSGVS,23-MAY-2016,105.65,106.8,101.1,102.55,594946,2171,104.1
BLKASHYAP,23-MAY-2016,19.0,19.5,18.55,18.6,84054,349,18.65
BLUEBLENDS,23-MAY-2016,83.0,88.4,82.25,85.0,10330,402,84.35
BLUECHIP,23-MAY-2016,0.5,0.5,0.5,0.5,8025,4,0.5
BLUEDART,23-MAY-2016,5430.0,5475.95,5345.0,5372.15,14127,717,5420.95
BLUEDART,23-MAY-2016,10.31,10.31,10.31,10.31,500,1,10.35
BLUESTARCO,23-MAY-2016,425.0,434.85,424.25,428.3,23104,2913,425.8
BLUESTINFO,23-MAY-2016,290.15,292.0,286.0,288.0,4818,131,288.5
BODALCHEM,23-MAY-2016,90.3,91.2,88.15,88.55,319043,3028,89.2
BOMDYEING,23-MAY-2016,46.6,47.0,45.55,45.7,184078,1458,46.5
BOSCHLTD,23-MAY-2016,21114.0,21394.0,20866.4,21057.3,11884,3532,21049.55
BPCL,23-MAY-2016,926.8,932.1,911.0,921.9,732070,29970,920.5
BPL,23-MAY-2016,27.05,27.6,26.4,26.75,22231,118,27.05
BRFL,23-MAY-2016,135.4,145.0,135.4,141.05,16772,255,135.6
BRIGADE,23-MAY-2016,151.4,153.75,149.0,149.9,9975,255,151.95
BRITANNIA,23-MAY-2016,2850.0,2850.0,2661.0,2682.5,760904,56271,2930.7
BROADCAST,23-MAY-2016,3.45,3.45,3.45,3.45,199,2,3.6
BROOKS,23-MAY-2016,79.95,79.95,75.4,76.3,31292,660,78.4
BSELINFRA,23-MAY-2016,2.95,3.4,2.85,2.9,58698,71,2.95
BSL,23-MAY-2016,68.0,68.95,65.1,65.75,16921,277,68.8
BSLGOLDETF,23-MAY-2016,2828.1,2828.1,2811.0,2813.0,7,6,2800.0
BSLIMITED,23-MAY-2016,11.4,11.8,11.3,11.45,83527,274,11.4
BSLNIFTY,23-MAY-2016,92.0,93.4,87.4,88.34,530,19,93.0
BURNPUR,23-MAY-2016,9.75,9.75,9.55,9.55,70845,123,9.6
BUTTERFLY,23-MAY-2016,173.0,174.8,168.0,168.95,12126,465,172.35
BVCL,23-MAY-2016,15.9,16.0,15.85,15.85,1107,9,16.1
BYKE,23-MAY-2016,165.15,168.2,165.15,166.15,261335,2203,164.4
CADILAHC,23-MAY-2016,323.7,326.5,319.55,324.6,402821,8071,321.55
CAIRN,23-MAY-2016,138.4,139.25,136.65,138.05,1929727,12364,136.7
CALSOFT,23-MAY-2016,7.8,7.8,7.45,7.5,7560,14,7.8
CAMLINFINE,23-MAY-2016,94.5,95.85,92.75,94.0,94526,1640,94.0
CANBK,23-MAY-2016,185.4,185.4,178.9,180.8,1970517,23035,183.55
CANDC,23-MAY-2016,9.0,9.3,8.3,8.8,25356,84,8.8
CANFINHOME,23-MAY-2016,1195.0,1203.6,1160.8,1166.4,16957,1690,1185.7
CANTABIL,23-MAY-2016,91.45,91.5,82.65,85.1,23696,553,88.5
CAPF,23-MAY-2016,495.25,505.0,495.0,501.7,108508,3257,497.45
CAPLIPOINT,23-MAY-2016,976.35,990.0,965.0,974.45,3221,380,976.3
CARBORUNIV,23-MAY-2016,210.05,213.0,205.5,211.0,19749,364,210.5
CAREERP,23-MAY-2016,114.0,116.0,112.2,113.2,69487,2698,112.4
CARERATING,23-MAY-2016,1005.0,1005.0,985.7,989.75,10771,1214,995.05
CASTEXTECH,23-MAY-2016,6.7,6.85,6.45,6.55,882388,736,6.75
CASTROLIND,23-MAY-2016,374.25,376.6,369.05,370.3,761602,16613,374.25
CCCL,23-MAY-2016,4.0,4.0,3.25,3.35,27562,39,3.4
CCHHL,23-MAY-2016,11.9,11.9,11.65,11.7,14813,66,11.65
CCL,23-MAY-2016,230.5,230.5,217.6,221.25,95103,2240,228.25
CEATLTD,23-MAY-2016,952.0,959.8,923.0,926.95,365497,11477,946.2
CEBBCO,23-MAY-2016,17.45,17.85,16.75,17.05,29941,191,17.5
CELEBRITY,23-MAY-2016,8.3,8.85,8.25,8.85,6772,17,8.7
CELESTIAL,23-MAY-2016,21.4,22.95,20.65,20.9,29146,272,22.15
CENTENKA,23-MAY-2016,205.35,207.05,202.6,203.8,18231,449,203.65
CENTEXT,23-MAY-2016,1.9,1.9,1.9,1.9,40706,18,1.85
CENTRALBK,23-MAY-2016,76.75,77.0,74.7,75.35,259431,1253,76.6
CENTUM,23-MAY-2016,554.0,556.1,519.95,538.25,4950,283,547.0
CENTURYPLY,23-MAY-2016,163.2,163.2,158.4,158.85,86919,1687,162.05
CENTURYTEX,23-MAY-2016,597.2,602.55,592.75,594.7,300181,6444,593.8
CERA,23-MAY-2016,2040.0,2040.0,1977.5,2022.15,3423,401,1997.6
CEREBRAINT,23-MAY-2016,13.3,13.5,13.15,13.4,1724355,1304,13.3
CESC,23-MAY-2016,562.4,571.95,546.75,567.8,384221,11757,555.15
CGCL,23-MAY-2016,134.5,136.5,134.1,136.05,2185,24,134.5
CHAMBLFERT,23-MAY-2016,65.4,65.4,62.35,62.7,218209,2658,64.95
CHEMFALKAL,23-MAY-2016,91.0,94.85,83.05,84.9,26163,536,92.2
CHENNPETRO,23-MAY-2016,208.0,210.35,201.25,203.4,671582,9367,204.75
CHOLAFIN,23-MAY-2016,898.25,898.25,872.0,876.6,25396,654,881.25
CHROMATIC,23-MAY-2016,3.2,3.3,3.2,3.25,133340,122,3.2
CIGNITITEC,23-MAY-2016,450.0,451.5,445.0,446.85,12152,197,445.45
CIMMCO,23-MAY-2016,71.75,71.8,68.0,68.85,3315,59,69.8
CINELINE,23-MAY-2016,33.2,33.7,31.8,32.15,28591,272,32.6
CINEVISTA,23-MAY-2016,3.9,4.0,3.75,4.0,2505,12,4.0
CIPLA,23-MAY-2016,510.0,510.0,494.8,497.4,2021694,36666,507.1
CLNINDIA,23-MAY-2016,720.0,731.55,675.1,679.65,18813,1744,709.2
CMAHENDRA,23-MAY-2016,1.8,1.8,1.8,1.8,30343,7,1.75
CNOVAPETRO,23-MAY-2016,36.35,36.35,35.2,35.2,200,2,34.65
COALINDIA,23-MAY-2016,281.0,281.5,278.2,280.5,2035863,17872,279.0
COFFEEDAY,23-MAY-2016,268.0,269.9,258.1,261.15,62836,2012,262.45
COLPAL,23-MAY-2016,810.0,815.0,799.2,811.2,293041,13644,808.9
COMPUSOFT,23-MAY-2016,9.45,9.65,9.45,9.45,7296,28,9.55
CONCOR,23-MAY-2016,1337.9,1395.3,1337.9,1371.55,198859,20055,1336.4
CONSOFINVT,23-MAY-2016,62.9,62.9,60.95,61.85,12558,118,62.5
CORDSCABLE,23-MAY-2016,48.2,48.2,45.55,45.95,20254,126,46.35
COREEDUTEC,23-MAY-2016,1.7,1.8,1.7,1.8,6000,4,1.75
COROMANDEL,23-MAY-2016,223.5,228.9,221.85,226.3,114166,2614,222.0
CORPBANK,23-MAY-2016,35.25,35.5,34.6,34.95,89505,808,35.2
COSMOFILMS,23-MAY-2016,343.95,345.75,332.2,335.5,103285,3006,341.1
COUNCODOS,23-MAY-2016,4.55,4.85,4.55,4.85,10816,19,4.65
COX&KINGS,23-MAY-2016,170.0,172.55,148.15,149.75,2135058,33418,174.3
CPSEETF,23-MAY-2016,19.6,19.84,19.39,19.54,60390,196,19.61
CREATIVEYE,23-MAY-2016,3.25,3.45,3.25,3.45,50,2,3.5
CREST,23-MAY-2016,58.0,58.0,52.7,53.2,3516,42,53.05
CRISIL,23-MAY-2016,2097.95,2097.95,2060.6,2085.85,6692,1206,2088.85
CRMFGETF,23-MAY-2016,2825.0,2825.0,2825.0,2825.0,1,1,2845.0
CROMPGREAV,23-MAY-2016,61.5,62.5,61.5,62.25,3241855,8077,61.3
CROMPTON,23-MAY-2016,137.0,138.5,132.05,136.55,3453429,1303,138.05
CTE,23-MAY-2016,78.4,78.4,78.4,78.4,1399,11,79.95
CUB,23-MAY-2016,98.95,103.9,95.75,103.05,2292261,15937,98.0
CUMMINSIND,23-MAY-2016,869.7,882.0,869.5,871.7,245707,6558,864.5
CYBERMEDIA,23-MAY-2016,7.6,7.95,7.25,7.95,902,5,7.6
CYBERTECH,23-MAY-2016,53.45,53.45,48.4,49.25,55804,1000,52.75
CYIENT,23-MAY-2016,456.6,469.0,454.75,456.35,10157,1352,455.75
DAAWAT,23-MAY-2016,245.0,250.5,241.0,248.15,17546,550,240.4
DABUR,23-MAY-2016,279.85,286.3,275.5,285.6,1445721,29204,277.1
DALMIABHA,23-MAY-2016,871.0,886.0,854.0,860.05,12196,1348,872.95
DALMIASUG,23-MAY-2016,93.55,95.0,92.5,93.75,101496,1055,92.4
DATAMATICS,23-MAY-2016,55.7,58.45,55.1,56.2,62581,908,55.7
DBCORP,23-MAY-2016,328.0,330.5,315.35,329.0,20773,605,322.9
DBREALTY,23-MAY-2016,48.5,52.3,46.55,51.75,1525768,8929,47.7
DBSTOCKBRO,23-MAY-2016,19.85,19.9,19.75,19.9,6052,202,19.75
DCBBANK,23-MAY-2016,90.15,90.45,88.1,88.45,308881,3596,89.1
DCM,23-MAY-2016,94.1,94.9,91.25,91.95,20038,345,93.95
DCMSHRIRAM,23-MAY-2016,179.0,180.0,168.35,169.1,106766,2809,174.6
DCW,23-MAY-2016,29.15,29.6,28.75,29.3,658475,2049,28.9
DECCANCE,23-MAY-2016,740.0,748.5,717.55,733.65,18608,1481,738.55
DEEPAKFERT,23-MAY-2016,156.55,159.75,152.15,153.9,45256,1119,156.55
DEEPAKNTR,23-MAY-2016,83.0,87.6,82.95,85.65,178205,2540,82.4
DEEPIND,23-MAY-2016,169.15,169.2,162.5,163.05,142655,2166,168.0
DELTACORP,23-MAY-2016,82.0,83.05,80.0,80.25,515647,3187,81.45
DELTAMAGNT,23-MAY-2016,25.6,26.2,25.6,26.2,65,3,25.5
DEN,23-MAY-2016,89.05,91.95,88.0,90.55,219096,1745,88.9
DENABANK,23-MAY-2016,28.6,29.4,28.2,28.4,334838,1214,28.5
DENORA,23-MAY-2016,325.0,337.4,316.0,321.85,8008,491,331.35
DHAMPURSUG,23-MAY-2016,87.15,87.9,85.05,85.7,333885,2339,86.3
DHANBANK,23-MAY-2016,18.0,18.0,17.55,17.6,88780,376,17.8
DHANUKA,23-MAY-2016,631.0,631.05,612.0,618.15,6681,326,631.05
DHARSUGAR,23-MAY-2016,31.8,31.8,30.05,30.65,12771,102,29.85
DHFL,23-MAY-2016,188.0,190.5,185.8,186.45,891733,11132,186.7
DHUNINV,23-MAY-2016,140.1,141.8,137.0,139.05,579,25,142.0
DIAPOWER,23-MAY-2016,48.0,49.85,47.5,49.85,841790,1395,47.5
DICIND,23-MAY-2016,564.95,579.85,555.5,560.45,524,115,564.75
DISHMAN,23-MAY-2016,157.1,157.85,151.65,152.65,569162,15260,156.35
DISHTV,23-MAY-2016,95.0,98.0,87.35,88.25,26363228,97793,93.9
DIVISLAB,23-MAY-2016,1046.0,1053.9,1028.3,1034.7,175588,12458,1043.25
DLF,23-MAY-2016,123.75,124.3,120.35,121.25,7524569,26820,122.7
DLINKINDIA,23-MAY-2016,123.4,123.4,119.0,119.3,17514,336,120.4
DOLPHINOFF,23-MAY-2016,91.15,92.45,89.85,90.65,39421,675,91.55
DONEAR,23-MAY-2016,28.5,28.7,27.55,27.8,34030,275,27.7
DPL,23-MAY-2016,83.0,85.35,83.0,83.7,29476,240,82.45
DPSCLTD,23-MAY-2016,18.0,18.2,16.4,17.5,22957,53,17.8
DQE,23-MAY-2016,26.9,27.8,25.3,25.95,179567,1146,26.5
DREDGECORP,23-MAY-2016,384.95,385.3,378.0,380.1,12096,1014,381.4
DRREDDY,23-MAY-2016,3020.0,3047.3,3019.05,3029.8,239049,10083,3033.8
DSKULKARNI,23-MAY-2016,75.1,76.6,74.05,75.6,6473,106,75.3
DSSL,23-MAY-2016,12.1,12.5,12.1,12.5,1200,6,12.5
DTIL,23-MAY-2016,304.0,305.0,287.0,287.1,5988,135,296.35
DUCON,23-MAY-2016,14.55,15.3,14.55,14.8,25034,67,15.15
DUNCANSLTD,23-MAY-2016,12.35,12.35,12.35,12.35,1,1,12.35
DWARKESH,23-MAY-2016,192.45,194.5,183.7,185.2,89717,1504,191.85
DYNAMATECH,23-MAY-2016,2025.05,2040.0,1932.6,2025.25,2150,392,2023.85
EASTSILK,23-MAY-2016,2.15,2.35,2.1,2.25,6995,38,2.15
EASUNREYRL,23-MAY-2016,31.1,31.8,31.05,31.15,5694,39,31.55
EBANK,23-MAY-2016,1641.0,1641.0,1640.0,1640.0,10,2,1685.0
ECEIND,23-MAY-2016,170.0,171.9,165.15,166.85,4489,27,173.9
ECLERX,23-MAY-2016,1401.05,1433.0,1384.3,1397.5,62913,8750,1409.95
ECLFINANCE,23-MAY-2016,1013.5,1016.5,1010.0,1012.0,1296,35,1013.1
ECLFINANCE,23-MAY-2016,1101.0,1101.5,1085.2,1094.91,1092,11,1090.0
ECLFINANCE,23-MAY-2016,1355.11,1355.11,1355.1,1355.11,51,3,1366.11
ECLFINANCE,23-MAY-2016,1096.0,1096.0,1095.0,1095.0,470,17,1095.11
ECLFINANCE,23-MAY-2016,1010.0,1010.05,1010.0,1010.0,140,4,1004.25
ECLFINANCE,23-MAY-2016,1025.1,1040.0,1025.1,1025.1,12,3,1049.9
EDELWEISS,23-MAY-2016,69.0,71.8,65.0,66.15,2151017,21400,68.3
EDL,23-MAY-2016,65.75,68.45,62.9,65.25,54290,1695,65.35
EDUCOMP,23-MAY-2016,13.2,14.45,13.0,13.7,6143641,14885,12.85
EICHERMOT,23-MAY-2016,18380.0,18440.0,18200.0,18268.1,28228,6121,18280.65
EIDPARRY,23-MAY-2016,238.75,244.8,232.5,233.85,128595,3574,237.25
EIHAHOTELS,23-MAY-2016,305.05,314.45,302.6,302.6,194,23,306.25
EIHOTEL,23-MAY-2016,109.1,110.5,106.7,110.05,65315,871,109.1
EIMCOELECO,23-MAY-2016,369.0,369.9,364.0,364.0,40,4,363.55
EKC,23-MAY-2016,15.35,15.6,14.9,15.2,42542,198,15.2
ELAND,23-MAY-2016,34.1,34.45,32.0,34.45,140232,441,32.85
ELDERPHARM,23-MAY-2016,26.15,26.15,26.15,26.15,1257,14,27.5
ELECON,23-MAY-2016,61.9,61.9,59.55,59.7,70196,1241,60.75
ELECTCAST,23-MAY-2016,18.25,18.45,17.95,18.05,105280,275,18.25
ELECTHERM,23-MAY-2016,67.95,67.95,58.6,59.3,9793,188,61.7
ELGIEQUIP,23-MAY-2016,162.75,162.8,157.2,159.0,5555,187,159.35
ELGIRUBCO,23-MAY-2016,37.4,37.85,35.1,35.5,27478,181,36.45
EMAMIINFRA,23-MAY-2016,41.0,41.8,38.8,39.25,8687,76,41.25
EMAMILTD,23-MAY-2016,1097.8,1097.8,1062.25,1068.45,52927,4097,1089.45
EMCO,23-MAY-2016,25.45,25.45,24.75,25.05,10659,69,24.85
EMKAY,23-MAY-2016,59.5,66.0,58.05,59.0,31785,328,57.0
EMKAYTOOLS,23-MAY-2016,329.9,330.0,329.9,330.0,2400,2,335.0
EMMBI,23-MAY-2016,103.0,104.2,97.0,98.35,160086,2571,99.9
ENERGYDEV,23-MAY-2016,67.0,68.6,64.15,66.25,570978,1783,67.5
ENGINERSIN,23-MAY-2016,178.05,180.0,175.15,176.25,294229,3592,177.6
ENIL,23-MAY-2016,714.0,719.0,670.7,673.1,6520,544,708.75
ENTEGRA,23-MAY-2016,2.65,2.7,2.65,2.7,7962,13,2.75
EON,23-MAY-2016,78.1,90.0,78.0,80.6,843440,10050,77.95
EQUITAS,23-MAY-2016,148.2,148.9,146.0,146.65,842451,7099,148.1
ERAINFRA,23-MAY-2016,1.7,1.7,1.7,1.7,1200,3,1.75
EROSMEDIA,23-MAY-2016,182.3,188.25,175.6,176.5,575073,11201,180.75
ESABINDIA,23-MAY-2016,590.0,593.0,554.3,559.85,3245,154,586.7
ESCORTS,23-MAY-2016,173.0,173.95,166.65,167.05,582561,5205,171.6
ESL,23-MAY-2016,3.25,3.25,2.95,3.0,5055178,1067,3.3
ESSARSHPNG,23-MAY-2016,26.8,27.4,26.4,26.7,46368,121,27.1
ESSDEE,23-MAY-2016,85.8,91.9,82.5,88.4,546589,6844,84.45
ESSELPACK,23-MAY-2016,195.0,198.0,190.05,195.05,103930,1834,192.15
ESTER,23-MAY-2016,58.0,59.7,58.0,58.75,32171,484,58.45
EUROCERA,23-MAY-2016,3.0,3.05,2.9,3.0,71792,43,2.95
EUROTEXIND,23-MAY-2016,27.0,27.0,24.0,24.45,3304,16,25.45
EVEREADY,23-MAY-2016,236.55,237.85,232.8,235.25,27882,634,235.65
EVERESTIND,23-MAY-2016,285.0,292.05,285.0,287.8,5568,358,287.1
EVERONN,23-MAY-2016,23.9,25.8,22.5,23.6,980612,4778,21.95
EXCEL,23-MAY-2016,42.9,42.9,40.4,40.8,52838,265,43.6
EXCELCROP,23-MAY-2016,1143.0,1175.0,1121.0,1141.55,11431,856,1103.2
EXCELINDUS,23-MAY-2016,280.05,286.05,280.0,281.9,4796,244,280.2
EXIDEIND,23-MAY-2016,154.35,154.95,151.65,153.1,1107079,10495,153.3
FACT,23-MAY-2016,24.05,24.25,23.05,23.35,76840,369,23.6
FAGBEARING,23-MAY-2016,3906.85,3911.85,3879.9,3900.1,638,70,3884.4
FARMAXIND,23-MAY-2016,0.15,0.15,0.1,0.15,316707,28,0.15
FCEL,23-MAY-2016,21.9,22.55,21.4,22.25,2790595,5139,21.7
FCL,23-MAY-2016,30.5,30.5,29.6,30.0,158498,207,30.05
FCSSOFT,23-MAY-2016,0.35,0.35,0.3,0.3,147613,82,0.3
FDC,23-MAY-2016,184.65,184.7,181.1,182.95,31219,242,182.65
FEDDERLOYD,23-MAY-2016,80.2,81.0,78.05,78.7,60419,746,79.5
FEDERALBNK,23-MAY-2016,50.4,51.2,49.25,49.55,7252042,20832,50.6
FEL,23-MAY-2016,25.1,25.1,25.1,25.1,46255,174,23.95
FELDVR,23-MAY-2016,17.0,17.65,17.0,17.65,521,3,16.85
FIEMIND,23-MAY-2016,808.0,809.9,765.0,770.7,23985,1314,803.85
FILATEX,23-MAY-2016,66.0,68.0,64.85,65.45,108309,1461,64.8
FINANTECH,23-MAY-2016,79.05,82.9,79.05,79.85,279983,3653,78.55
FINCABLES,23-MAY-2016,288.0,293.5,282.55,288.2,43974,1378,283.7
FINPIPE,23-MAY-2016,420.35,422.0,396.1,400.05,418946,15647,395.0
FLEXITUFF,23-MAY-2016,200.0,203.5,193.1,195.3,21037,243,198.25
FLFL,23-MAY-2016,110.55,114.8,109.95,111.6,64695,991,111.65
FMGOETZE,23-MAY-2016,320.6,320.6,309.0,310.65,3070,319,317.85
FMNL,23-MAY-2016,27.6,27.6,25.35,25.55,7944,46,25.3
FORTIS,23-MAY-2016,169.15,170.1,166.05,167.25,250127,4162,167.65
FOSECOIND,23-MAY-2016,1385.0,1385.0,1335.0,1340.7,1468,195,1385.75
FOURTHDIM,23-MAY-2016,52.75,52.75,52.75,52.75,12000,3,55.5
FSL,23-MAY-2016,38.3,39.65,38.3,39.45,2484759,5951,38.3
GABRIEL,23-MAY-2016,91.4,92.65,89.2,90.1,276066,3110,90.2
GAEL,23-MAY-2016,57.0,58.2,55.5,55.7,143484,982,55.7
GAIL,23-MAY-2016,374.65,380.0,368.0,370.75,804519,15796,371.55
GAL,23-MAY-2016,42.5,42.5,38.0,38.3,45680,173,40.9
GALLANTT,23-MAY-2016,35.0,35.0,32.4,33.9,5184,62,33.9
GALLISPAT,23-MAY-2016,568.1,578.9,567.0,576.45,33015,778,567.35
GAMMNINFRA,23-MAY-2016,4.15,4.2,4.05,4.1,141263,178,4.1
GAMMONIND,23-MAY-2016,11.35,11.35,11.1,11.15,147187,274,11.25
GANDHITUBE,23-MAY-2016,245.0,245.0,235.5,235.75,1972,63,246.9
GANECOS,23-MAY-2016,178.95,184.0,176.0,178.85,22243,237,181.05
GANESHHOUC,23-MAY-2016,109.0,110.8,109.0,109.75,9900,78,110.1
GANGOTRI,23-MAY-2016,1.2,1.2,1.2,1.2,375,1,1.15
GARDENSILK,23-MAY-2016,26.7,27.4,25.25,25.6,10655,106,25.7
GARWALLROP,23-MAY-2016,339.95,345.0,330.6,338.85,8625,519,334.95
GATI,23-MAY-2016,133.0,133.6,127.6,128.4,1533460,13251,131.25
GAYAPROJ,23-MAY-2016,525.35,535.0,511.5,519.05,4906,511,525.0
GDL,23-MAY-2016,294.75,299.2,280.0,285.3,26063,1635,294.75
GEECEE,23-MAY-2016,130.0,133.0,121.05,123.7,11374,351,128.6
GEINDSYS,23-MAY-2016,7.2,7.2,7.2,7.2,100,1,7.55
GEMINI,23-MAY-2016,2.5,2.5,2.3,2.35,10981,30,2.4
GENESYS,23-MAY-2016,64.5,67.4,64.5,65.9,16416,135,64.15
GENUSPAPER,23-MAY-2016,4.45,4.45,4.4,4.45,3998,17,4.45
GENUSPOWER,23-MAY-2016,54.75,54.75,53.25,53.5,171538,1043,54.0
GEOJITBNPP,23-MAY-2016,38.45,39.2,38.0,38.5,41833,218,38.9
GEOMETRIC,23-MAY-2016,213.0,218.75,210.3,214.9,380020,6730,212.75
GESHIP,23-MAY-2016,314.0,318.55,301.65,309.0,115121,7319,313.75
GHCL,23-MAY-2016,157.3,164.85,156.0,163.8,1374004,14857,155.15
GICHSGFIN,23-MAY-2016,258.55,260.05,245.0,252.35,45195,1821,257.45
GILLANDERS,23-MAY-2016,63.6,65.0,63.5,63.7,864,25,64.1
GILLETTE,23-MAY-2016,4708.0,4728.05,4631.0,4659.35,2461,543,4708.0
GINNIFILA,23-MAY-2016,21.1,21.9,20.6,20.9,73373,370,21.35
GIPCL,23-MAY-2016,82.85,83.45,82.1,82.7,11080,145,83.3
GISOLUTION,23-MAY-2016,5.55,5.55,5.55,5.55,50,1,5.35
GITANJALI,23-MAY-2016,35.4,35.7,34.25,34.7,79164,937,35.4
GKWLIMITED,23-MAY-2016,592.55,616.95,592.55,595.05,69,17,606.4
GLAXO,23-MAY-2016,3400.0,3406.95,3352.35,3378.3,2593,717,3390.9
GLENMARK,23-MAY-2016,864.05,869.3,850.85,858.15,819659,9537,861.45
GLOBALVECT,23-MAY-2016,95.5,95.5,85.5,87.75,19213,399,90.9
GLOBOFFS,23-MAY-2016,176.8,176.8,167.5,169.5,7794,401,169.65
GLOBUSSPR,23-MAY-2016,64.55,65.4,62.55,62.75,26508,347,64.3
GMBREW,23-MAY-2016,709.0,750.0,702.2,714.45,89327,6019,701.75
GMDCLTD,23-MAY-2016,67.05,68.75,66.0,67.5,236584,1912,65.1
GMRINFRA,23-MAY-2016,11.25,11.35,10.9,10.95,13434197,7741,11.25
GNFC,23-MAY-2016,128.95,129.8,124.5,125.45,262332,3645,128.3
GOACARBON,23-MAY-2016,80.95,81.6,78.3,78.85,24819,440,80.8
GOCLCORP,23-MAY-2016,171.5,172.0,168.1,169.6,14624,180,171.75
GODFRYPHLP,23-MAY-2016,879.9,890.0,866.95,871.4,38894,2140,872.05
GODREJCP,23-MAY-2016,1380.0,1383.35,1355.2,1361.45,105856,11689,1370.0
GODREJIND,23-MAY-2016,341.8,343.75,337.85,338.85,168476,2975,340.25
GODREJPROP,23-MAY-2016,332.4,332.4,319.55,320.65,146884,2958,330.35
GOKEX,23-MAY-2016,70.0,70.2,66.5,67.4,88468,813,69.35
GOKUL,23-MAY-2016,12.7,13.0,12.6,12.65,2597,14,12.85
GOKULAGRO,23-MAY-2016,11.6,12.0,11.0,11.15,11130,48,11.3
GOLDBEES,23-MAY-2016,2715.0,2722.55,2706.35,2718.7,7676,741,2722.55
GOLDENTOBC,23-MAY-2016,44.5,46.0,43.7,44.15,13942,151,43.8
GOLDIAM,23-MAY-2016,51.9,52.5,51.2,51.8,14569,100,52.15
GOLDINFRA,23-MAY-2016,18.3,18.3,17.5,17.55,12692,23,18.25
GOLDSHARE,23-MAY-2016,2693.0,2707.65,2688.9,2697.6,1254,307,2712.35
GOLDTECH,23-MAY-2016,6.4,6.4,6.1,6.1,1314,11,6.4
GOODLUCK,23-MAY-2016,98.9,100.35,98.55,98.75,37392,196,98.7
GPIL,23-MAY-2016,64.65,65.95,61.55,63.1,466109,321,65.2
GPPL,23-MAY-2016,158.1,161.5,156.1,159.95,98369,3649,157.45
GRANULES,23-MAY-2016,130.6,130.6,127.3,128.25,914437,8341,129.7
GRAPHITE,23-MAY-2016,73.0,75.4,73.0,74.1,47487,446,72.6
GRASIM,23-MAY-2016,4224.8,4259.0,4191.3,4211.15,27189,2942,4206.75
GRAVITA,23-MAY-2016,23.3,23.55,22.85,23.0,51062,435,23.45
GREAVESCOT,23-MAY-2016,138.0,139.45,135.5,135.8,50284,1341,137.7
GREENFIRE,23-MAY-2016,1.65,1.75,1.65,1.75,22261,9,1.6
GREENLAM,23-MAY-2016,610.0,619.0,596.5,616.15,1183,67,592.0
GREENPLY,23-MAY-2016,198.75,203.0,195.0,201.25,43415,1287,197.0
GREENPOWER,23-MAY-2016,11.1,11.35,10.95,11.05,90499,260,11.15
GRINDWELL,23-MAY-2016,659.95,659.95,626.0,637.7,1014,132,637.5
GRPLTD,23-MAY-2016,1149.0,1149.0,1091.0,1101.5,292,27,1148.0
GRUH,23-MAY-2016,259.5,272.95,257.45,270.0,1781845,8710,259.85
GSCLCEMENT,23-MAY-2016,25.5,25.9,24.8,25.05,45460,320,25.3
GSFC,23-MAY-2016,78.9,79.8,77.2,78.8,433986,2615,78.3
GSKCONS,23-MAY-2016,5847.5,5874.7,5795.05,5810.15,11620,3322,5815.8
GSPL,23-MAY-2016,134.5,134.5,131.25,132.95,223850,10659,133.7
GSS,23-MAY-2016,26.95,26.95,23.65,24.0,7414,38,23.6
GTL,23-MAY-2016,11.15,11.45,11.05,11.15,22873,116,11.1
GTLINFRA,23-MAY-2016,1.9,1.95,1.8,1.85,286231,185,1.9
GTNIND,23-MAY-2016,10.95,10.95,10.9,10.9,126,3,11.9
GTNTEX,23-MAY-2016,9.15,9.9,9.15,9.5,256,5,9.5
GTOFFSHORE,23-MAY-2016,42.65,43.2,41.0,41.25,17358,311,42.65
GUFICBIO,23-MAY-2016,39.35,43.1,39.35,42.45,83348,612,40.1
GUJALKALI,23-MAY-2016,196.25,201.4,193.8,194.7,11307,488,198.0
GUJAPOLLO,23-MAY-2016,128.65,128.65,123.0,123.05,961,11,123.0
GUJFLUORO,23-MAY-2016,480.0,497.0,477.0,495.35,27040,1862,480.5
GUJGASLTD,23-MAY-2016,502.7,508.0,490.05,495.05,25014,1324,501.55
GUJNRECOKE,23-MAY-2016,2.9,2.9,2.65,2.75,1489254,607,2.85
GUJNREDVR,23-MAY-2016,1.85,1.9,1.75,1.8,73547,41,1.85
GULFOILLUB,23-MAY-2016,539.0,550.0,524.1,544.15,5717,256,539.8
GULFPETRO,23-MAY-2016,63.55,68.7,61.9,65.05,788922,4949,63.55
GULPOLY,23-MAY-2016,328.4,344.95,328.4,335.65,2462,385,340.7
GVKPIL,23-MAY-2016,6.0,6.0,5.4,5.45,7239053,9224,6.0
HANUNG,23-MAY-2016,7.05,7.3,6.95,7.0,15357,71,7.1
HARITASEAT,23-MAY-2016,548.0,636.45,543.05,602.85,205406,10046,530.4
HARRMALAYA,23-MAY-2016,60.5,64.3,60.5,61.35,115591,1220,60.9
HATHWAY,23-MAY-2016,32.05,32.25,31.1,31.5,104133,1314,32.05
HATSUN,23-MAY-2016,427.0,438.45,425.65,428.1,4185,137,426.4
HAVELLS,23-MAY-2016,369.75,369.75,361.4,366.3,2038549,43843,365.5
HBLPOWER,23-MAY-2016,33.95,34.15,32.55,32.75,113953,2062,33.75
HBSTOCK,23-MAY-2016,8.0,8.45,7.6,8.1,653,10,8.0
HCC,23-MAY-2016,18.9,18.9,18.45,18.5,1223869,2270,18.65
HCG,23-MAY-2016,181.9,182.9,178.1,180.05,15249,814,180.8
HCIL,23-MAY-2016,20.8,21.35,20.5,20.8,2418116,3539,20.35
HCL-INSYS,23-MAY-2016,40.2,40.6,39.85,40.05,584140,3588,40.2
HCLTECH,23-MAY-2016,738.35,739.85,732.0,733.55,1038296,66470,736.65
HDFC,23-MAY-2016,1184.0,1187.25,1158.4,1160.25,1882187,59311,1179.55
HDFCBANK,23-MAY-2016,1141.95,1149.95,1133.2,1136.75,865883,20544,1140.9
HDFCMFGETF,23-MAY-2016,2782.0,2788.0,2766.05,2777.45,1094,188,2785.1
HDFCNIFETF,23-MAY-2016,779.68,779.68,779.5,779.65,42,5,782.09
HDIL,23-MAY-2016,94.75,95.7,92.3,93.95,15706032,48434,93.9
HEG,23-MAY-2016,158.95,160.15,155.0,155.45,3975,190,158.75
HEIDELBERG,23-MAY-2016,92.55,95.7,91.55,93.9,109642,1633,92.4
HERCULES,23-MAY-2016,154.75,155.0,152.1,152.35,5165,141,153.85
HERITGFOOD,23-MAY-2016,522.3,534.0,513.15,516.95,219166,7133,518.0
HEROMOTOCO,23-MAY-2016,2902.0,2904.7,2869.0,2887.55,434783,30644,2896.7
HESTERBIO,23-MAY-2016,638.55,645.0,635.0,640.3,4395,332,640.7
HEXATRADEX,23-MAY-2016,14.2,14.5,13.9,13.95,2079,30,14.85
HEXAWARE,23-MAY-2016,209.8,212.1,208.6,209.55,1212978,14491,208.4
HFCL,23-MAY-2016,16.5,16.7,16.05,16.1,2126554,2943,16.2
HGS,23-MAY-2016,397.5,399.0,389.0,389.8,3324,254,391.5
HIKAL,23-MAY-2016,155.0,158.95,148.3,149.3,47585,967,155.65
HIL,23-MAY-2016,518.45,521.9,506.45,512.6,2617,171,519.15
HILTON,23-MAY-2016,16.2,16.95,15.4,16.2,158,8,16.25
HIMATSEIDE,23-MAY-2016,227.0,232.8,218.3,222.75,767766,9022,221.6
HINDALCO,23-MAY-2016,87.95,88.45,86.3,86.9,6339823,21608,86.95
HINDCOMPOS,23-MAY-2016,1130.0,1135.0,1051.0,1087.05,1510,230,1121.4
HINDCOPPER,23-MAY-2016,50.5,51.1,46.95,47.3,208021,1943,50.4
HINDDORROL,23-MAY-2016,9.9,9.9,9.0,9.35,55877,150,9.6
HINDMOTORS,23-MAY-2016,4.85,4.95,4.85,4.9,42700,92,4.85
HINDNATGLS,23-MAY-2016,77.25,82.8,77.0,80.0,3083,7,79.15
HINDOILEXP,23-MAY-2016,33.8,33.8,33.05,33.4,220214,1506,33.6
HINDPETRO,23-MAY-2016,835.0,843.75,817.6,829.15,511915,19086,832.2
HINDSYNTEX,23-MAY-2016,16.25,16.95,16.25,16.95,1045,4,17.1
HINDUJAFO,23-MAY-2016,37.65,39.0,37.0,37.25,4799,23,38.85
HINDUJAVEN,23-MAY-2016,398.0,403.1,398.0,400.45,3930,145,399.1
HINDUNILVR,23-MAY-2016,817.0,825.75,813.05,819.6,1118741,31288,812.4
HINDZINC,23-MAY-2016,163.0,167.35,160.85,166.6,1238431,13057,161.45
HIRECT,23-MAY-2016,65.15,65.15,61.0,62.8,3805,98,62.85
HITACHIHOM,23-MAY-2016,1355.0,1367.5,1330.25,1348.7,38165,1459,1341.55
HITECH,23-MAY-2016,90.5,90.5,87.0,88.9,15000,5,86.0
HITECHGEAR,23-MAY-2016,251.55,255.0,247.0,249.65,4760,200,251.85
HITECHPLAS,23-MAY-2016,162.7,167.0,162.7,164.05,19189,546,161.6
HMT,23-MAY-2016,43.0,43.0,41.4,41.9,36918,201,41.65
HMVL,23-MAY-2016,278.0,280.0,274.45,278.55,22764,1896,278.1
HOCL,23-MAY-2016,15.7,16.0,15.1,15.25,25699,168,15.75
HONAUT,23-MAY-2016,9023.0,9124.95,8811.0,8840.7,723,260,9023.3
HONDAPOWER,23-MAY-2016,1279.35,1288.95,1213.05,1230.7,12596,594,1279.55
HOTELEELA,23-MAY-2016,17.9,17.9,17.25,17.3,40027,165,17.35
HOTELRUGBY,23-MAY-2016,6.3,6.3,6.3,6.3,1250,3,6.0
HOVS,23-MAY-2016,93.7,96.7,92.55,96.7,23858,461,92.1
HSIL,23-MAY-2016,311.5,314.0,306.2,311.45,87060,2678,307.55
HTMEDIA,23-MAY-2016,89.5,89.5,86.25,86.5,10178,297,87.6
HUBTOWN,23-MAY-2016,102.0,102.95,98.4,102.3,5496,157,101.65
HUDCO,23-MAY-2016,1078.5,1083.0,1078.5,1083.0,3989,21,1079.05
HUDCO,23-MAY-2016,1033.65,1038.0,1033.65,1038.0,20,2,1033.65
HUDCO,23-MAY-2016,1079.99,1079.99,1079.99,1079.99,50,1,1079.99
IBREALEST,23-MAY-2016,91.2,91.95,87.6,90.55,16081573,42244,91.25
IBULHSGFIN,23-MAY-2016,693.3,708.95,686.2,691.3,923404,34644,687.8
IBVENTURES,23-MAY-2016,19.7,20.65,18.7,19.05,1506759,3852,19.45
IBWSL,23-MAY-2016,25.0,25.0,25.0,25.0,73999,140,26.3
ICICIBANK,23-MAY-2016,222.1,223.9,220.35,221.1,12944977,74152,220.1
ICIL,23-MAY-2016,920.0,921.55,890.25,899.55,48598,4537,907.3
ICNX100,23-MAY-2016,82.0,82.0,81.13,81.39,338,12,81.55
ICRA,23-MAY-2016,4280.0,4280.0,4131.2,4187.6,312,109,4217.6
ICSA,23-MAY-2016,2.25,2.25,2.15,2.25,29140,58,2.25
IDBI,23-MAY-2016,63.2,66.35,63.05,64.45,6640132,19129,64.1
IDBIGOLD,23-MAY-2016,2833.95,2833.95,2780.05,2780.25,80,14,2802.05
IDEA,23-MAY-2016,109.75,111.0,108.65,110.2,3785059,26268,109.15
IDFC,23-MAY-2016,47.6,48.0,46.3,46.9,2974129,5065,47.55
IDFCBANK,23-MAY-2016,47.2,47.5,47.0,47.1,811842,3783,47.2
IDFCBANK,23-MAY-2016,5011.0,5090.0,5011.0,5031.0,42,13,5011.0
IDFCBANK,23-MAY-2016,7231.0,7260.0,7215.0,7216.01,44,13,7231.0
IDFCBANK,23-MAY-2016,4800.0,4800.0,4750.0,4750.0,7,3,4840.0
IDFCBANK,23-MAY-2016,6850.0,6861.0,6850.0,6861.0,8,3,6870.0
IDFCBANK,23-MAY-2016,7000.0,7000.0,6920.01,6999.0,15,5,6900.1
IDFCBANK,23-MAY-2016,6701.0,6705.0,6701.0,6702.2,16,5,6800.0
IFBAGRO,23-MAY-2016,398.0,409.75,388.0,390.6,2894,150,403.55
IFBIND,23-MAY-2016,375.0,375.0,348.1,354.3,30878,986,370.0
IFCI,23-MAY-2016,23.55,23.6,23.2,23.25,3890518,4559,23.45
IFCI,23-MAY-2016,1020.0,1020.0,1020.0,1020.0,10,1,1005.31
IFCI,23-MAY-2016,1110.11,1110.11,1110.11,1110.11,10,1,1100.1
IFCI,23-MAY-2016,1025.0,1025.0,1022.0,1022.14,100,12,1022.73
IFCI,23-MAY-2016,1100.0,1100.0,1100.0,1100.0,15,2,1100.5
IFGLREFRAC,23-MAY-2016,103.55,105.6,100.5,103.3,6744,139,103.95
IGARASHI,23-MAY-2016,635.65,635.9,611.55,615.0,16107,979,630.15
IGL,23-MAY-2016,571.05,574.25,566.5,567.9,267092,15128,570.0
IGOLD,23-MAY-2016,2818.0,2818.0,2751.25,2759.05,196,31,2785.05
IGPL,23-MAY-2016,141.8,144.35,139.05,141.85,52922,1036,139.15
IIFL,23-MAY-2016,201.05,206.1,200.0,201.3,15614,610,202.4
IIFLFIN,23-MAY-2016,1022.95,1025.0,1022.95,1024.0,75,4,1022.18
IIFLFIN,23-MAY-2016,1085.99,1088.0,1084.01,1086.65,1074,23,1084.12
IIFLFIN,23-MAY-2016,1050.0,1050.0,1050.0,1050.0,10,1,1060.0
IIFLFIN,23-MAY-2016,1618.51,1618.51,1618.51,1618.51,45,4,1618.02
IIFLFIN,23-MAY-2016,1012.5,1015.0,1010.51,1011.51,2315,65,1017.98
IIFLFIN,23-MAY-2016,1025.9,1025.9,1025.9,1025.9,50,1,1034.63
IIFLFIN,23-MAY-2016,1086.0,1091.5,1081.0,1082.05,1214,22,1085.0
IIFLFIN,23-MAY-2016,1058.0,1058.0,1058.0,1058.0,10,1,1058.0
IIHFL,23-MAY-2016,1064.0,1069.0,1055.1,1059.0,835,15,1059.0
IIHFL,23-MAY-2016,1101.0,1101.0,1093.0,1093.0,1921,34,1097.0
IL&FSENGG,23-MAY-2016,40.6,41.55,40.05,40.7,27419,219,40.65
IL&FSTRANS,23-MAY-2016,71.7,71.8,69.3,69.75,86776,947,70.4
IMFA,23-MAY-2016,115.6,122.5,115.6,119.6,5522,102,114.8
IMPAL,23-MAY-2016,670.45,677.8,670.0,670.0,610,20,670.05
IMPEXFERRO,23-MAY-2016,1.2,1.25,1.15,1.2,19238,21,1.2
INDBANK,23-MAY-2016,6.9,7.05,6.8,6.95,15960,39,7.0
INDHOTEL,23-MAY-2016,113.1,115.5,110.25,115.05,351224,6067,112.8
INDIACEM,23-MAY-2016,85.0,85.5,83.0,84.0,2556808,12891,84.45
INDIAGLYCO,23-MAY-2016,85.5,85.7,82.4,83.15,9150,301,84.9
INDIANB,23-MAY-2016,91.15,91.95,90.0,90.4,102151,1473,90.15
INDIANCARD,23-MAY-2016,241.45,243.0,237.0,239.55,3318,55,242.7
INDIANHUME,23-MAY-2016,335.0,335.0,322.4,324.8,4298,88,331.9
INDIGO,23-MAY-2016,974.0,997.85,964.15,992.2,372105,19885,962.5
INDLMETER,23-MAY-2016,105.1,112.8,102.1,109.0,2810,113,104.15
INDNIPPON,23-MAY-2016,408.15,410.3,405.5,405.95,5539,41,408.2
INDOCO,23-MAY-2016,264.9,272.7,260.4,268.15,22091,691,259.15
INDORAMA,23-MAY-2016,31.65,31.65,29.85,30.2,95157,660,31.2
INDOSOLAR,23-MAY-2016,8.2,8.45,8.0,8.1,558080,914,8.15
INDOTECH,23-MAY-2016,187.4,189.4,185.25,185.5,5540,160,185.85
INDOTHAI,23-MAY-2016,25.0,25.35,24.55,25.1,3326,13,24.45
INDOWIND,23-MAY-2016,3.7,3.7,3.6,3.65,17731,26,3.7
INDRAMEDCO,23-MAY-2016,53.5,53.8,52.1,52.45,139948,3089,54.35
INDSWFTLAB,23-MAY-2016,39.0,39.55,37.3,37.6,53966,913,38.3
INDSWFTLTD,23-MAY-2016,4.25,4.6,4.25,4.45,2561,6,4.45
INDTERRAIN,23-MAY-2016,134.5,139.9,134.5,137.15,9167,138,137.65
INDUSINDBK,23-MAY-2016,1072.35,1079.95,1050.3,1056.3,1038361,29690,1070.45
INEOSSTYRO,23-MAY-2016,621.95,622.0,600.05,604.35,9618,426,616.05
INFIBEAM,23-MAY-2016,510.0,513.8,496.1,509.5,688500,4557,491.25
INFINITE,23-MAY-2016,216.9,217.0,205.0,206.6,41885,1024,212.25
INFOMEDIA,23-MAY-2016,5.05,5.55,5.05,5.3,32051,99,5.4
INFRABEES,23-MAY-2016,262.0,265.0,259.74,260.0,355,19,261.15
INFRATEL,23-MAY-2016,378.0,387.75,375.6,383.5,1258672,34487,377.55
INFY,23-MAY-2016,1203.4,1205.15,1185.0,1188.0,2292973,65785,1201.6
INGERRAND,23-MAY-2016,697.0,701.0,685.85,690.95,6257,627,689.95
INIFTY,23-MAY-2016,86.6,86.6,77.9,77.93,784,14,78.0
INNOIND,23-MAY-2016,5.1,5.1,5.1,5.1,50,1,4.9
INOXLEISUR,23-MAY-2016,193.6,199.9,193.6,194.9,99954,3580,194.75
INOXWIND,23-MAY-2016,234.65,236.3,231.9,235.0,195776,5366,232.4
INSECTICID,23-MAY-2016,450.55,452.0,435.05,438.25,12576,878,453.15
INTEGRA,23-MAY-2016,2.0,2.0,2.0,2.0,725,3,2.1
INTELLECT,23-MAY-2016,210.35,212.4,206.55,207.7,416558,6211,209.05
INVENTURE,23-MAY-2016,23.0,24.3,23.0,23.5,47454,241,23.75
IOB,23-MAY-2016,29.0,29.1,28.1,28.35,675410,1961,28.8
IOC,23-MAY-2016,410.45,413.3,403.2,404.4,329415,8915,409.5
IOLCP,23-MAY-2016,117.9,119.6,116.5,118.85,130116,1330,116.25
IPAPPM,23-MAY-2016,293.6,294.7,288.4,289.0,54604,195,293.2
IPCALAB,23-MAY-2016,452.5,453.5,440.95,446.45,155078,12879,449.65
IRB,23-MAY-2016,217.15,218.45,211.55,212.35,862628,10982,216.25
IREDA,23-MAY-2016,1202.0,1202.0,1201.0,1201.0,55,2,1171.72
IRFC,23-MAY-2016,1104.0,1112.9,1100.0,1109.0,2305,19,1115.0
IRFC,23-MAY-2016,1141.6,1159.0,1141.0,1155.2,1824,14,1159.0
IRFC,23-MAY-2016,1138.99,1138.99,1138.99,1138.99,20,1,1138.99
IRFC,23-MAY-2016,1195.0,1199.9,1189.0,1199.9,457,6,1195.0
IRFC,23-MAY-2016,1110.01,1130.0,1110.01,1130.0,200,2,1100.01
IRFC,23-MAY-2016,1215.0,1216.0,1215.0,1216.0,650,5,1215.0
IRFC,23-MAY-2016,1073.0,1073.0,1072.0,1072.0,396,2,1077.0
IRFC,23-MAY-2016,1075.0,1084.0,1075.0,1083.5,1110,8,1081.75
IRFC,23-MAY-2016,1065.0,1065.0,1065.0,1065.0,10,1,1020.0
IRFC,23-MAY-2016,1067.0,1068.5,1064.0,1065.42,4342,36,1068.95
ISENSEX,23-MAY-2016,260.0,264.25,256.25,257.17,2206,22,261.02
ISFT,23-MAY-2016,379.85,388.0,370.0,371.7,31038,1574,371.6
ISMTLTD,23-MAY-2016,10.55,10.75,9.75,9.95,356330,817,10.55
ITC,23-MAY-2016,349.65,354.5,339.5,346.85,35212403,255229,330.35
ITDCEM,23-MAY-2016,122.45,126.6,122.45,123.05,110127,2572,122.0
ITI,23-MAY-2016,24.75,26.45,24.1,26.05,517540,3233,24.3
IVC,23-MAY-2016,16.95,17.35,16.9,17.25,233384,318,16.9
IVP,23-MAY-2016,89.5,90.5,88.0,89.0,1386,29,89.55
IVRCLINFRA,23-MAY-2016,4.45,4.45,4.15,4.25,1014848,791,4.35
IZMO,23-MAY-2016,54.55,55.8,52.45,54.75,30651,295,54.1
J&KBANK,23-MAY-2016,60.3,61.95,59.85,61.25,538100,8082,60.1
JAGRAN,23-MAY-2016,178.8,178.8,168.55,171.05,140423,4941,170.0
JAGSNPHARM,23-MAY-2016,35.4,35.4,32.9,33.1,13828,211,34.25
JAIBALAJI,23-MAY-2016,6.7,6.7,6.5,6.7,127,4,6.7
JAICORPLTD,23-MAY-2016,68.65,68.85,67.5,68.05,489418,3176,68.2
JAIHINDPRO,23-MAY-2016,6.8,6.8,6.8,6.8,5,1,7.1
JAMNAAUTO,23-MAY-2016,150.75,153.4,146.1,147.95,632492,7280,144.0
JAYAGROGN,23-MAY-2016,188.25,194.0,185.0,187.95,17296,426,190.35
JAYBARMARU,23-MAY-2016,157.0,157.7,147.55,150.0,14209,286,153.3
JAYNECOIND,23-MAY-2016,7.4,7.7,6.65,7.55,75708,192,7.4
JAYSREETEA,23-MAY-2016,82.25,83.7,80.35,80.65,53473,725,82.1
JBCHEPHARM,23-MAY-2016,260.0,261.8,247.7,248.5,71186,2643,257.15
JBFIND,23-MAY-2016,205.55,206.1,201.7,203.05,42416,757,203.7
JBMA,23-MAY-2016,162.0,162.0,156.0,157.25,5886,151,162.85
JENSONICOL,23-MAY-2016,8.0,8.15,7.8,7.95,29479,133,7.9
JETAIRWAYS,23-MAY-2016,607.1,613.7,602.0,607.15,1643904,31542,603.85
JHS,23-MAY-2016,35.0,37.4,34.3,34.55,71916,561,35.65
JINDALPHOT,23-MAY-2016,84.8,84.8,80.65,80.8,607,9,80.8
JINDALPOLY,23-MAY-2016,489.7,491.6,472.7,475.85,32421,1263,486.75
JINDALSAW,23-MAY-2016,41.1,41.1,39.8,40.35,266894,2649,40.85
JINDALSTEL,23-MAY-2016,60.35,60.6,58.6,59.3,5289519,16097,59.95
JINDCOT,23-MAY-2016,9.0,9.0,8.7,8.85,5186,38,8.9
JINDRILL,23-MAY-2016,167.15,168.95,162.5,163.95,10218,621,166.35
JINDWORLD,23-MAY-2016,150.0,150.0,150.0,150.0,200,1,150.0
JISLDVREQS,23-MAY-2016,42.7,43.35,41.65,42.0,132466,460,42.65
JISLJALEQS,23-MAY-2016,64.4,64.5,62.8,63.05,1369709,5616,63.9
JKCEMENT,23-MAY-2016,590.15,604.0,581.25,592.85,15265,1586,586.4
JKIL,23-MAY-2016,238.9,238.95,227.0,229.15,384045,1367,234.75
JKLAKSHMI,23-MAY-2016,353.5,353.75,344.15,348.3,46920,2052,349.9
JKPAPER,23-MAY-2016,51.5,51.95,51.3,51.55,99056,1210,51.5
JKTYRE,23-MAY-2016,82.4,82.4,79.65,80.1,426880,5946,81.9
JMA,23-MAY-2016,176.4,180.0,176.0,179.0,505,9,180.05
JMCPROJECT,23-MAY-2016,269.8,276.0,265.05,272.25,5322,187,271.4
JMFINANCIL,23-MAY-2016,44.5,45.7,43.95,44.75,368317,1550,45.05
JMTAUTOLTD,23-MAY-2016,47.75,48.1,46.0,46.1,26180,347,46.9
JOCIL,23-MAY-2016,198.7,198.8,190.0,191.65,3587,72,192.9
JPASSOCIAT,23-MAY-2016,6.25,6.3,6.05,6.05,16023860,36636,6.25
JPINFRATEC,23-MAY-2016,6.0,6.05,5.7,5.85,2559378,17023,5.95
JPOLYINVST,23-MAY-2016,84.5,89.85,79.0,79.85,3158,68,79.95
JPPOWER,23-MAY-2016,4.25,4.25,4.05,4.15,1014042,9826,4.2
JSL,23-MAY-2016,17.25,17.25,16.55,16.6,108045,278,16.9
JSLHISAR,23-MAY-2016,39.4,41.3,38.6,40.1,146928,803,39.0
JSWENERGY,23-MAY-2016,68.0,68.5,66.9,67.2,1535467,16367,68.0
JSWHL,23-MAY-2016,1010.35,1025.0,1000.2,1018.85,5495,383,1009.8
JSWSTEEL,23-MAY-2016,1314.9,1328.0,1294.0,1318.55,661358,21462,1305.0
JSWSTEEL,23-MAY-2016,7.2,7.25,7.2,7.25,3435,12,7.25
JUBILANT,23-MAY-2016,375.6,380.0,368.55,370.45,268841,10600,371.7
JUBLFOOD,23-MAY-2016,1122.0,1137.75,1105.2,1112.0,221931,17591,1119.9
JUBLINDS,23-MAY-2016,163.0,167.0,160.1,162.6,9855,205,160.3
JUNIORBEES,23-MAY-2016,194.4,194.4,192.0,192.15,2810,120,192.6
JUSTDIAL,23-MAY-2016,782.35,808.0,689.0,697.55,7119574,142482,750.8
JVLAGRO,23-MAY-2016,18.7,19.0,18.15,18.35,53714,213,18.75
JYOTHYLAB,23-MAY-2016,309.65,310.2,296.65,298.35,335996,5953,307.6
JYOTISTRUC,23-MAY-2016,9.35,9.7,8.8,8.9,266251,1187,9.35
KABRAEXTRU,23-MAY-2016,93.15,95.0,93.1,93.1,1137,11,93.0
KAJARIACER,23-MAY-2016,1079.0,1079.0,1051.15,1057.2,19822,1682,1069.55
KAKATCEM,23-MAY-2016,528.3,528.3,528.3,528.3,5621,128,556.1
KALINDEE,23-MAY-2016,102.45,103.25,102.15,102.4,71145,1005,102.45
KALPATPOWR,23-MAY-2016,225.4,231.9,221.25,223.85,28832,852,225.45
KALYANIFRG,23-MAY-2016,241.0,241.0,240.5,240.5,19,2,241.0
KAMATHOTEL,23-MAY-2016,32.65,32.65,31.7,31.8,6711,32,32.4
KAMDHENU,23-MAY-2016,52.7,53.4,51.1,51.5,8192,105,50.7
KANANIIND,23-MAY-2016,15.0,15.4,14.4,14.6,60825,118,14.85
KANORICHEM,23-MAY-2016,69.2,69.95,66.6,67.55,35420,420,68.55
KANSAINER,23-MAY-2016,289.6,290.8,285.6,287.6,258461,3268,290.65
KARMAENG,23-MAY-2016,17.4,17.9,17.0,17.4,371,4,17.5
KARURVYSYA,23-MAY-2016,473.5,490.0,460.85,478.75,182336,6302,470.85
KAUSHALYA,23-MAY-2016,4.05,4.15,4.05,4.15,3531,17,4.45
KAVVERITEL,23-MAY-2016,15.25,15.25,15.25,15.25,7,1,14.7
KAYA,23-MAY-2016,904.9,957.35,904.9,921.0,46149,3291,909.05
KCP,23-MAY-2016,79.85,80.7,77.55,78.05,65698,542,77.8
KCPSUGIND,23-MAY-2016,29.2,29.4,28.5,28.9,189855,723,28.8
KDDL,23-MAY-2016,169.8,169.8,165.0,165.0,683,15,168.7
KEC,23-MAY-2016,129.9,130.4,127.0,127.25,159007,3557,128.75
KECL,23-MAY-2016,37.05,38.6,36.45,37.7,84411,540,37.2
KEI,23-MAY-2016,114.8,115.9,111.65,113.45,357595,5440,112.0
KELLTONTEC,23-MAY-2016,175.1,175.75,163.55,166.7,105215,1234,173.05
KEMROCK,23-MAY-2016,7.15,7.15,6.55,6.9,949,5,6.85
KERNEX,23-MAY-2016,33.0,33.5,32.1,32.95,11552,49,33.05
KESARENT,23-MAY-2016,37.6,41.3,37.6,40.75,1514,18,39.1
KESORAMIND,23-MAY-2016,108.65,108.9,106.7,107.1,171722,1160,107.9
KGL,23-MAY-2016,1.7,1.75,1.7,1.7,477490,74,1.75
KHAITANELE,23-MAY-2016,33.4,35.5,32.2,35.0,756,17,34.25
KHAITANLTD,23-MAY-2016,9.85,10.8,9.85,10.8,1050,3,10.3
KICL,23-MAY-2016,1679.9,1679.9,1540.0,1562.7,275,81,1621.55
KILITCH,23-MAY-2016,39.75,39.75,36.7,37.1,7116,121,38.4
KIRIINDUS,23-MAY-2016,193.9,197.4,192.0,192.6,97993,1548,192.45
KIRLOSBROS,23-MAY-2016,128.05,129.65,125.5,126.7,24074,386,127.45
KIRLOSENG,23-MAY-2016,248.45,248.45,242.0,243.15,10532,789,248.4
KIRLOSIND,23-MAY-2016,614.0,634.95,614.0,625.0,39,15,628.9
KITEX,23-MAY-2016,470.0,473.6,456.15,459.8,43518,1449,468.6
KKCL,23-MAY-2016,1800.0,1830.0,1800.0,1814.4,13465,106,1798.55
KMSUGAR,23-MAY-2016,7.25,7.9,7.25,7.7,458493,319,7.55
KNRCON,23-MAY-2016,521.05,536.8,515.55,519.2,1854,207,515.8
KOHINOOR,23-MAY-2016,57.65,63.25,57.65,62.0,333373,3118,57.6
KOKUYOCMLN,23-MAY-2016,78.65,78.65,76.0,76.6,21961,457,77.95
KOLTEPATIL,23-MAY-2016,126.2,127.75,120.6,122.5,44505,855,126.2
KOPRAN,23-MAY-2016,51.05,51.4,49.55,49.95,192895,1725,50.65
KOTAKBANK,23-MAY-2016,706.0,710.65,701.0,703.15,1437987,53362,702.15
KOTAKBKETF,23-MAY-2016,167.0,167.17,165.65,165.71,6939,23,166.22
KOTAKGOLD,23-MAY-2016,269.5,269.5,267.0,267.3,3959,229,268.65
KOTAKNIFTY,23-MAY-2016,782.64,782.64,775.72,777.31,3042,69,779.41
KOTAKNV20,23-MAY-2016,35.0,35.0,34.8,34.8,73,3,34.9
KOTAKPSUBK,23-MAY-2016,223.0,223.0,218.2,220.47,8353,70,223.13
KOTARISUG,23-MAY-2016,13.6,14.15,13.5,13.7,63230,138,13.45
KOTHARIPET,23-MAY-2016,19.8,23.0,19.8,22.15,92262,426,19.5
KOTHARIPRO,23-MAY-2016,168.9,169.0,165.0,165.35,6507,243,169.45
KPIT,23-MAY-2016,163.5,165.45,160.1,161.25,413392,11636,163.85
KPRMILL,23-MAY-2016,892.0,918.8,890.0,902.05,9063,1362,909.85
KRBL,23-MAY-2016,277.3,281.15,273.15,276.35,223546,5258,274.5
KRIDHANINF,23-MAY-2016,79.55,85.05,78.5,79.75,31479,386,80.9
KSBPUMPS,23-MAY-2016,675.5,680.0,670.0,673.55,1704,223,677.55
KSCL,23-MAY-2016,433.9,439.85,427.3,430.65,480738,6558,428.75
KSERASERA,23-MAY-2016,0.25,0.25,0.15,0.2,614154,76,0.2
KSK,23-MAY-2016,31.35,31.85,31.0,31.4,84550,478,31.1
KSL,23-MAY-2016,158.6,161.05,155.6,160.35,57579,833,156.9
KTIL,23-MAY-2016,408.6,428.0,408.05,416.2,1234,149,422.1
KTKBANK,23-MAY-2016,121.0,124.0,118.5,120.95,7324503,37965,119.95
KWALITY,23-MAY-2016,112.8,113.2,108.0,108.5,1002745,5734,112.35
L&TFH,23-MAY-2016,71.75,72.3,71.1,71.35,1670673,5742,71.35
L&TFINANCE,23-MAY-2016,1888.0,1892.0,1888.0,1892.0,398,5,1892.0
L&TFINANCE,23-MAY-2016,1090.0,1090.0,1085.0,1088.86,80,9,1085.55
L&TINFRA,23-MAY-2016,965.01,981.0,965.01,980.0,92,5,951.01
L&TINFRA,23-MAY-2016,1404.0,1405.0,1391.0,1391.0,186,18,1404.0
L&TINFRA,23-MAY-2016,970.0,974.0,970.0,974.0,52,5,965.01
L&TINFRA,23-MAY-2016,1355.0,1364.9,1355.0,1358.01,248,24,1363.73
L&TINFRA,23-MAY-2016,975.0,982.0,972.11,975.01,145,8,975.09
L&TINFRA,23-MAY-2016,1436.2,1460.0,1436.2,1456.27,2276,52,1463.2
LAKPRE,23-MAY-2016,42.0,45.0,39.25,40.3,18166,240,42.4
LAKSHMIEFL,23-MAY-2016,19.6,21.6,19.35,21.2,201428,904,19.35
LAKSHVILAS,23-MAY-2016,79.8,81.5,79.0,81.05,436208,3820,79.25
LALPATHLAB,23-MAY-2016,987.8,987.8,961.0,963.0,27940,915,974.95
LAMBODHARA,23-MAY-2016,107.7,111.35,105.0,107.25,91559,1462,105.95
LAOPALA,23-MAY-2016,534.95,534.95,514.0,518.7,38377,1353,523.5
LAXMIMACH,23-MAY-2016,3405.15,3424.95,3344.0,3373.95,977,306,3401.3
LCCINFOTEC,23-MAY-2016,0.3,0.3,0.3,0.3,1000,1,0.25
LFIC,23-MAY-2016,40.2,40.2,40.2,40.2,800,1,38.3
LGBBROSLTD,23-MAY-2016,475.05,476.0,470.0,475.95,865,48,476.25
LGBFORGE,23-MAY-2016,4.7,4.95,4.6,4.8,118020,111,4.75
LIBERTSHOE,23-MAY-2016,184.75,186.0,178.35,180.15,56261,1586,183.1
LICHSGFIN,23-MAY-2016,448.0,448.7,434.0,435.2,1875863,58256,444.45
LICNETFGSC,23-MAY-2016,15.12,15.14,15.12,15.13,12149,7,15.12
LINCOLN,23-MAY-2016,147.7,147.7,140.95,141.8,35163,1769,144.8
LINCPEN,23-MAY-2016,189.9,191.95,186.4,189.25,1982,49,187.55
LINDEINDIA,23-MAY-2016,261.9,264.35,259.2,261.15,9494,265,260.7
LIQUIDBEES,23-MAY-2016,999.99,1000.01,999.99,1000.0,652957,1597,999.99
LITL,23-MAY-2016,4.35,4.4,4.2,4.25,823496,405,4.35
LLOYDELENG,23-MAY-2016,269.15,269.15,259.0,261.7,125285,2333,263.3
LML,23-MAY-2016,6.95,7.05,6.8,6.85,145679,244,6.8
LOKESHMACH,23-MAY-2016,77.4,78.85,76.0,78.05,6035,86,78.0
LOTUSEYE,23-MAY-2016,16.7,16.95,15.2,15.7,39405,133,16.8
LOVABLE,23-MAY-2016,239.7,242.3,234.0,234.95,15602,672,237.75
LPDC,23-MAY-2016,4.0,4.0,3.6,3.65,2121,23,3.7
LT,23-MAY-2016,1263.65,1265.85,1238.0,1241.2,1465840,47698,1255.1
LUMAXAUTO,23-MAY-2016,37.5,38.95,36.65,36.75,2126,35,38.5
LUMAXIND,23-MAY-2016,512.9,521.85,494.0,499.95,21227,1231,501.45
LUMAXTECH,23-MAY-2016,324.0,329.9,315.3,322.05,3459,330,323.6
LUPIN,23-MAY-2016,1521.5,1526.5,1451.0,1465.05,2351450,104561,1504.8
LUXIND,23-MAY-2016,3317.55,3444.55,3317.55,3361.35,1707,422,3305.15
LYCOS,23-MAY-2016,16.25,16.35,15.5,15.85,357805,487,15.9
LYKALABS,23-MAY-2016,72.75,75.2,71.0,71.45,38814,433,72.15
LYPSAGEMS,23-MAY-2016,88.7,91.0,85.1,87.05,19768,183,88.05
M&M,23-MAY-2016,1301.0,1301.05,1280.15,1284.95,366074,15197,1293.1
M&MFIN,23-MAY-2016,297.5,300.0,292.3,294.4,999379,19943,295.6
M100,23-MAY-2016,13.55,13.7,13.41,13.53,28195,73,13.49
M50,23-MAY-2016,74.73,75.0,73.65,75.0,1802,49,73.67
MAANALU,23-MAY-2016,32.0,32.0,31.5,31.65,4626,17,32.0
MADHAV,23-MAY-2016,46.0,47.3,44.0,44.2,6969,124,45.6
MADHUCON,23-MAY-2016,49.0,51.7,49.0,50.5,85241,521,48.3
MADRASFERT,23-MAY-2016,13.7,13.8,12.9,13.1,31611,141,13.6
MAGMA,23-MAY-2016,92.0,92.0,86.75,87.55,40424,727,88.95
MAGNUM,23-MAY-2016,2.85,3.0,2.85,3.0,75,5,3.0
MAHABANK,23-MAY-2016,28.0,28.25,27.65,27.75,49554,380,28.0
MAHINDCIE,23-MAY-2016,187.9,189.6,184.5,185.35,52142,1391,186.5
MAHLIFE,23-MAY-2016,448.0,448.0,436.1,438.2,6555,416,443.85
MAHSCOOTER,23-MAY-2016,1275.0,1324.85,1248.95,1262.0,298918,2173,1265.45
MAHSEAMLES,23-MAY-2016,222.5,230.0,220.5,226.4,117791,2377,221.95
MAITHANALL,23-MAY-2016,270.0,277.0,251.95,253.3,28574,999,271.45
MAJESCO,23-MAY-2016,563.6,563.6,540.3,543.25,63094,2780,556.35
MALUPAPER,23-MAY-2016,11.65,11.65,11.65,11.65,1725,4,12.0
MANAKALUCO,23-MAY-2016,3.75,3.95,3.6,3.7,9976,27,3.65
MANAKCOAT,23-MAY-2016,7.75,7.75,7.2,7.25,28172,81,7.05
MANAKINDST,23-MAY-2016,3.95,4.0,3.6,3.75,15220,28,3.8
MANAKSIA,23-MAY-2016,42.0,42.0,39.65,39.65,45,10,40.75
MANAKSTEEL,23-MAY-2016,8.5,9.25,8.5,8.95,556,5,8.95
MANALIPETC,23-MAY-2016,31.6,31.6,30.15,30.45,421815,1381,31.1
MANAPPURAM,23-MAY-2016,49.0,55.15,49.0,52.95,12217317,44727,48.65
MANAPPURAM,23-MAY-2016,1020.0,1020.0,1020.0,1020.0,47,3,1020.0
MANDHANA,23-MAY-2016,323.95,323.95,316.2,321.15,12695,457,319.2
MANGALAM,23-MAY-2016,175.1,182.0,174.8,174.8,144463,1920,183.95
MANGCHEFER,23-MAY-2016,47.0,47.25,45.1,45.7,24806,83,46.05
MANGLMCEM,23-MAY-2016,243.05,243.05,236.1,238.25,37625,878,245.4
MANGTIMBER,23-MAY-2016,25.3,27.8,23.6,27.8,225423,1244,25.3
MANINDS,23-MAY-2016,61.85,62.05,58.3,59.15,135734,1175,61.65
MANINFRA,23-MAY-2016,37.0,37.2,35.1,35.25,456659,2163,36.6
MANPASAND,23-MAY-2016,508.95,515.5,501.1,506.8,5914,625,505.4
MANUGRAPH,23-MAY-2016,51.3,53.0,49.0,49.55,9457,217,51.1
MARALOVER,23-MAY-2016,27.35,27.7,26.1,26.5,10884,77,27.4
MARICO,23-MAY-2016,244.35,248.5,240.05,247.55,527564,10063,243.15
MARKSANS,23-MAY-2016,45.65,46.3,45.1,45.45,1607600,8637,44.8
MARUTI,23-MAY-2016,3964.0,3968.3,3900.0,3913.85,348354,34901,3944.95
MASTEK,23-MAY-2016,136.9,137.8,134.6,135.25,201201,2135,134.65
MAWANASUG,23-MAY-2016,41.4,43.6,41.4,41.4,156959,748,43.55
MAXWELL,23-MAY-2016,51.4,51.4,49.65,49.9,70300,537,50.2
MAYURUNIQ,23-MAY-2016,399.0,399.0,394.0,395.55,2425,185,393.1
MBECL,23-MAY-2016,76.0,77.45,75.35,76.25,9346,147,76.15
MBLINFRA,23-MAY-2016,128.8,131.7,125.5,126.3,118387,985,128.75
MCDHOLDING,23-MAY-2016,24.9,25.95,24.6,25.25,20851,135,24.95
MCDOWELL-N,23-MAY-2016,2455.0,2488.8,2402.0,2466.55,236629,15231,2445.55
MCLEODRUSS,23-MAY-2016,184.0,184.55,178.2,179.65,505154,7662,182.75
MCX,23-MAY-2016,889.0,934.0,889.0,920.45,1359708,55084,857.05
MEGASOFT,23-MAY-2016,10.6,10.85,10.35,10.35,54178,102,10.85
MEGH,23-MAY-2016,41.5,42.6,38.0,38.95,4505812,21036,41.0
MENONBE,23-MAY-2016,68.8,68.8,63.0,63.15,29632,753,67.8
MEP,23-MAY-2016,40.6,42.95,40.6,42.05,372667,1505,39.95
MERCATOR,23-MAY-2016,26.75,27.2,26.2,27.05,782345,2415,26.6
MERCK,23-MAY-2016,708.5,716.0,698.7,703.15,9043,575,705.35
METALFORGE,23-MAY-2016,51.95,51.95,49.5,50.5,34822,381,50.8
METKORE,23-MAY-2016,2.8,2.8,2.7,2.75,4085,6,2.8
MFSL,23-MAY-2016,374.65,377.0,370.4,372.55,173903,6450,368.15
MHRIL,23-MAY-2016,400.6,409.9,397.0,398.9,15935,817,398.7
MIC,23-MAY-2016,19.0,19.2,18.3,18.35,189692,753,18.7
MICROSEC,23-MAY-2016,75.0,75.0,72.55,72.65,19656,116,73.35
MINDACORP,23-MAY-2016,112.9,115.5,112.7,113.15,11798,285,112.7
MINDAIND,23-MAY-2016,1225.0,1240.0,1150.0,1155.8,144815,7434,1105.45
MINDTREE,23-MAY-2016,633.0,644.0,632.5,640.85,697284,26059,630.45
MIRCELECTR,23-MAY-2016,12.2,12.5,12.05,12.15,96701,358,12.15
MIRZAINT,23-MAY-2016,99.9,100.15,95.8,96.55,260185,2509,98.8
MMFL,23-MAY-2016,455.0,457.7,450.2,456.8,808,124,461.1
MMTC,23-MAY-2016,37.15,37.25,36.25,36.35,160153,1186,36.75
MOHITIND,23-MAY-2016,80.1,81.45,75.95,80.25,294170,1370,79.9
MOIL,23-MAY-2016,228.0,238.95,225.05,232.0,28615,908,227.2
MOLDTKPAC,23-MAY-2016,158.05,159.9,153.5,156.95,6139,159,157.6
MOMAI,23-MAY-2016,79.2,79.5,79.1,79.3,9600,6,79.5
MONNETISPA,23-MAY-2016,22.45,22.9,22.3,22.4,33398,421,22.7
MONSANTO,23-MAY-2016,2292.9,2295.0,2052.0,2071.8,365205,31036,2270.4
MONTECARLO,23-MAY-2016,433.65,434.6,422.1,424.1,4696,309,430.05
MORARJEE,23-MAY-2016,42.8,42.8,41.3,41.65,9685,87,42.1
MOREPENLAB,23-MAY-2016,25.4,25.7,24.9,25.05,913381,1977,25.2
MOSERBAER,23-MAY-2016,8.85,9.0,8.3,8.35,635231,1381,8.85
MOTHERSUMI,23-MAY-2016,269.0,270.1,262.0,264.05,1995811,27120,267.85
MOTILALOFS,23-MAY-2016,305.5,319.7,300.2,308.8,33638,1130,305.5
MOTOGENFIN,23-MAY-2016,36.75,36.75,36.75,36.75,1,1,35.0
MPHASIS,23-MAY-2016,470.2,483.9,466.8,480.3,142977,7219,466.6
MPSLTD,23-MAY-2016,660.0,670.1,648.0,656.8,11230,635,652.7
MRF,23-MAY-2016,32205.0,32354.95,31720.0,31783.8,5300,2374,32005.8
MRO-TEK,23-MAY-2016,40.1,40.75,39.6,40.0,35684,81,40.1
MRPL,23-MAY-2016,65.7,67.0,64.9,65.4,756349,5813,64.7
MSPL,23-MAY-2016,12.0,12.0,11.1,11.4,3360,33,11.4
MTEDUCARE,23-MAY-2016,178.55,184.4,178.5,181.65,229435,2963,177.6
MTNL,23-MAY-2016,17.5,17.5,17.2,17.3,419606,2333,17.35
MUKANDENGG,23-MAY-2016,27.9,29.45,25.65,27.2,48256,466,25.5
MUKANDLTD,23-MAY-2016,34.7,40.7,33.75,37.9,594755,4001,34.75
MUKANDLTD,23-MAY-2016,3.35,3.35,3.35,3.35,8,1,2.8
MUKTAARTS,23-MAY-2016,64.6,66.25,63.0,63.25,33274,321,64.05
MUNJALAU,23-MAY-2016,78.55,79.45,78.1,78.2,16411,157,78.75
MUNJALSHOW,23-MAY-2016,180.3,189.0,178.0,180.85,36404,949,180.15
MURLIIND,23-MAY-2016,1.65,1.65,1.65,1.65,200,1,1.7
MURUDCERA,23-MAY-2016,22.75,22.75,21.85,22.0,32405,42,22.15
MUTHOOTCAP,23-MAY-2016,181.0,181.4,178.1,180.35,556,14,180.25
MUTHOOTFIN,23-MAY-2016,215.3,221.75,212.95,217.15,171459,4331,213.85
MUTHOOTFIN,23-MAY-2016,1086.2,1087.0,1086.0,1086.37,908,16,1086.2
MUTHOOTFIN,23-MAY-2016,1022.6,1022.6,1022.6,1022.6,2,1,1025.27
MUTHOOTFIN,23-MAY-2016,1555.1,1860.0,1555.0,1611.71,233,14,1550.0
MVL,23-MAY-2016,0.35,0.35,0.3,0.3,96071,26,0.35
MYSOREBANK,23-MAY-2016,426.15,435.0,411.2,426.0,10109,769,426.2
N100,23-MAY-2016,301.8,301.8,296.21,298.32,1345,76,296.15
NAGAROIL,23-MAY-2016,4.3,4.4,4.2,4.2,97466,184,4.3
NAGREEKEXP,23-MAY-2016,28.8,28.8,27.1,28.65,1140,12,27.05
NAHARCAP,23-MAY-2016,67.0,69.0,67.0,68.55,2781,24,67.3
NAHARINDUS,23-MAY-2016,67.65,70.4,67.65,69.9,18014,89,68.1
NAHARPOLY,23-MAY-2016,48.0,52.85,47.0,47.85,89577,779,47.9
NAHARSPING,23-MAY-2016,117.9,119.75,116.0,117.65,49756,662,116.65
NAKODA,23-MAY-2016,0.3,0.3,0.25,0.3,41363,13,0.3
NATCOPHARM,23-MAY-2016,453.25,458.65,453.25,456.2,53479,1817,453.25
NATHBIOGEN,23-MAY-2016,87.8,88.0,85.0,86.0,3985,95,87.6
NATIONALUM,23-MAY-2016,42.55,43.6,41.2,41.55,1915966,11287,40.55
NATNLSTEEL,23-MAY-2016,11.45,12.0,11.45,12.0,713,6,11.7
NAUKRI,23-MAY-2016,750.0,750.0,733.1,747.1,31395,2378,749.65
NAVINFLUOR,23-MAY-2016,2030.0,2030.0,1955.0,1966.65,3230,797,1999.5
NAVKARCORP,23-MAY-2016,185.0,200.65,180.5,186.9,69119,2041,184.1
NAVNETEDUL,23-MAY-2016,90.9,92.7,88.0,88.65,90646,1326,88.55
NBCC,23-MAY-2016,973.5,976.95,953.0,957.95,61481,3100,967.55
NBVENTURES,23-MAY-2016,160.95,160.95,157.25,157.35,7667,121,157.25
NCC,23-MAY-2016,74.35,74.6,72.4,72.6,2978337,13419,73.95
NCLIND,23-MAY-2016,125.4,128.0,124.25,125.4,119778,1460,124.4
NDL,23-MAY-2016,150.1,157.95,146.4,153.45,246625,3330,151.0
NDTV,23-MAY-2016,98.4,98.4,95.55,96.15,25653,417,96.35
NECCLTD,23-MAY-2016,37.9,37.9,33.35,35.8,4471,32,35.5
NECLIFE,23-MAY-2016,38.0,38.45,37.3,37.45,277644,1868,37.95
NELCAST,23-MAY-2016,61.5,61.75,60.1,60.3,7527,104,62.1
NELCO,23-MAY-2016,88.55,89.9,86.4,86.9,68684,1026,87.75
NEPCMICON,23-MAY-2016,1.4,1.4,1.35,1.4,6235,7,1.4
NESCO,23-MAY-2016,1505.45,1518.0,1495.3,1501.25,629,124,1500.45
NESTLEIND,23-MAY-2016,6003.0,6048.8,5933.0,5966.55,17554,3853,6005.7
NET4,23-MAY-2016,1.85,1.9,1.85,1.9,100,2,1.9
NETWORK18,23-MAY-2016,41.9,42.6,41.35,41.55,170303,892,41.25
NEULANDLAB,23-MAY-2016,817.0,821.05,765.25,785.1,72556,2549,838.85
NEXTMEDIA,23-MAY-2016,22.45,23.4,21.8,22.0,149129,630,22.55
NEYVELILIG,23-MAY-2016,69.45,69.45,68.0,68.25,38579,710,68.6
NFL,23-MAY-2016,33.5,34.4,32.5,33.4,398632,1215,32.95
NGCT,23-MAY-2016,1.45,1.45,1.45,1.45,770,2,1.5
NH,23-MAY-2016,328.3,328.3,320.0,323.9,45792,2832,324.3
NHAI,23-MAY-2016,1110.0,1153.0,1080.0,1147.0,345,8,1152.0
NHAI,23-MAY-2016,1160.01,1190.0,1160.01,1190.0,172,7,1171.84
NHAI,23-MAY-2016,1113.7,1113.7,1113.7,1113.7,100,1,1169.99
NHAI,23-MAY-2016,1215.0,1215.0,1211.0,1211.0,1402,12,1215.0
NHAI,23-MAY-2016,1050.0,1052.0,1042.05,1051.0,318,15,1057.73
NHAI,23-MAY-2016,1064.25,1064.5,1060.2,1062.06,6126,44,1064.04
NHAI,23-MAY-2016,1065.0,1065.0,1065.0,1065.0,40,1,1060.0
NHAI,23-MAY-2016,1073.0,1075.0,1073.0,1074.0,1107,5,1073.0
NHBTF2014,23-MAY-2016,6274.0,6274.0,6274.0,6274.0,10,1,6225.94
NHBTF2023,23-MAY-2016,5950.0,6000.0,5950.0,6000.0,55,7,6000.0
NHPC,23-MAY-2016,21.75,21.85,21.55,21.8,6786838,19839,21.65
NHPC,23-MAY-2016,1057.15,1057.15,1057.15,1057.15,5,1,1057.15
NIBL,23-MAY-2016,40.05,42.55,40.05,42.35,203,4,41.0
NICCO,23-MAY-2016,0.7,0.7,0.6,0.7,20037,6,0.65
NIFTYBEES,23-MAY-2016,789.29,789.9,783.77,784.56,21363,1073,787.09
NIFTYEES,23-MAY-2016,7985.0,7985.0,7985.0,7985.0,1,1,7985.0
NIITLTD,23-MAY-2016,80.85,81.65,78.15,78.55,1616123,11011,80.15
NIITTECH,23-MAY-2016,473.8,479.0,472.7,475.2,35300,1937,474.9
NILAINFRA,23-MAY-2016,12.85,12.85,12.0,12.15,137749,264,12.6
NILKAMAL,23-MAY-2016,1220.35,1224.9,1177.0,1189.1,45086,3137,1208.75
NIPPOBATRY,23-MAY-2016,899.0,899.0,725.5,757.65,16501,1094,863.75
NIRVIKARA,23-MAY-2016,37.05,38.85,37.05,37.65,4309,61,37.3
NITCO,23-MAY-2016,42.6,44.3,41.2,42.25,56033,601,42.75
NITESHEST,23-MAY-2016,13.1,13.15,12.55,12.6,95766,410,12.9
NITINFIRE,23-MAY-2016,32.0,32.15,31.0,31.1,439084,1790,31.7
NITINSPIN,23-MAY-2016,63.95,63.95,61.0,61.35,37728,571,61.15
NMDC,23-MAY-2016,91.65,92.5,88.5,88.7,1358211,11636,91.6
NOCIL,23-MAY-2016,52.0,52.35,51.0,51.2,521881,2476,51.7
NOESISIND,23-MAY-2016,0.4,0.4,0.4,0.4,354,2,0.35
NOIDATOLL,23-MAY-2016,23.15,23.15,22.8,22.9,103116,606,22.95
NRBBEARING,23-MAY-2016,116.0,118.1,113.0,113.0,704921,185,115.15
NSIL,23-MAY-2016,635.0,650.0,622.05,624.35,1382,72,631.2
NTPC,23-MAY-2016,137.25,138.0,135.3,135.7,2462998,18031,136.9
NTPC,23-MAY-2016,1116.1,1116.1,1116.1,1116.1,1,1,1151.6
NTPC,23-MAY-2016,1254.9,1254.9,1246.25,1253.66,7,3,1255.0
NTPC,23-MAY-2016,12.8,12.85,12.8,12.82,1110013,102,12.86
NUCLEUS,23-MAY-2016,203.85,209.8,201.2,202.75,52209,1169,203.1
NUTEK,23-MAY-2016,0.65,0.65,0.55,0.65,20004,14,0.65
OBEROIRLTY,23-MAY-2016,268.8,275.0,264.2,266.9,64746,2562,267.05
OCCL,23-MAY-2016,473.05,480.0,463.05,466.45,2703,81,472.15
OCL,23-MAY-2016,600.05,604.95,582.0,584.8,4100,355,595.95
OFSS,23-MAY-2016,3489.0,3489.0,3376.4,3387.45,10416,3308,3413.5
OIL,23-MAY-2016,339.15,342.75,337.3,339.55,195697,3805,339.15
OILCOUNTUB,23-MAY-2016,30.0,30.45,29.95,30.0,15338,117,29.85
OISL,23-MAY-2016,12.3,12.3,10.55,11.05,3669,30,10.9
OMAXAUTO,23-MAY-2016,60.5,63.75,60.0,61.75,7259,104,60.95
OMAXE,23-MAY-2016,151.5,151.8,150.4,150.6,842347,5426,151.3
OMKARCHEM,23-MAY-2016,181.95,184.0,175.3,179.95,52527,2047,177.9
OMMETALS,23-MAY-2016,44.6,44.6,43.6,43.85,28788,167,44.55
OMNITECH,23-MAY-2016,3.3,3.55,3.3,3.35,5811,17,3.4
ONELIFECAP,23-MAY-2016,27.05,28.85,26.0,27.05,21012,175,26.9
ONGC,23-MAY-2016,214.2,214.5,207.5,208.15,3897089,31811,213.1
ONMOBILE,23-MAY-2016,113.25,119.75,110.25,111.9,159491,6984,111.95
ONWARDTEC,23-MAY-2016,70.15,72.4,67.4,68.0,4251,64,70.8
OPTOCIRCUI,23-MAY-2016,9.45,9.45,9.0,9.05,582119,2185,9.3
ORBITCORP,23-MAY-2016,6.0,6.1,5.8,5.85,84385,144,5.9
ORBTEXP,23-MAY-2016,280.0,283.0,260.2,262.45,8877,359,273.7
ORCHIDPHAR,23-MAY-2016,38.7,39.0,37.65,37.95,185396,1874,38.3
ORICONENT,23-MAY-2016,57.9,58.9,57.3,57.65,108290,805,57.9
ORIENTABRA,23-MAY-2016,45.3,47.0,45.25,45.45,11696,178,45.65
ORIENTALTL,23-MAY-2016,12.4,12.4,12.4,12.4,200,1,13.05
ORIENTBANK,23-MAY-2016,79.2,79.5,77.65,78.1,1651270,9168,78.7
ORIENTBELL,23-MAY-2016,164.95,166.95,160.55,162.95,6332,223,162.45
ORIENTCEM,23-MAY-2016,157.0,157.0,152.0,152.0,21740,395,155.25
ORIENTHOT,23-MAY-2016,23.2,23.2,21.8,21.9,40160,116,23.55
ORIENTPPR,23-MAY-2016,49.9,50.7,49.0,49.1,352642,1791,49.05
ORIENTREF,23-MAY-2016,82.05,83.25,82.05,82.6,18287,80,82.1
ORISSAMINE,23-MAY-2016,1885.0,1910.0,1815.0,1853.75,1183,341,1869.95
ORTEL,23-MAY-2016,180.4,188.0,175.4,179.4,211,11,181.0
ORTINLABSS,23-MAY-2016,15.8,16.75,15.0,15.6,42877,256,16.2
OUDHSUG,23-MAY-2016,84.9,85.85,80.05,81.05,164668,1853,83.25
PAEL,23-MAY-2016,12.0,12.5,11.65,11.8,1098,15,11.9
PAGEIND,23-MAY-2016,13200.0,13229.0,12840.0,12960.9,4728,1677,13047.9
PALREDTEC,23-MAY-2016,91.65,91.65,85.6,85.85,3124,79,88.05
PANACEABIO,23-MAY-2016,88.5,89.0,87.5,88.25,20220,142,89.25
PANAMAPET,23-MAY-2016,69.0,69.0,61.75,62.3,10998,186,69.8
PANORAMUNI,23-MAY-2016,12.9,13.0,12.4,12.6,2949,10,12.45
PAPERPROD,23-MAY-2016,261.55,264.05,255.3,257.2,15602,567,262.7
PARABDRUGS,23-MAY-2016,4.6,4.75,4.5,4.7,28835,62,4.65
PARACABLES,23-MAY-2016,2.5,2.75,2.5,2.65,8975,40,2.6
PARAGMILK,23-MAY-2016,246.0,246.5,226.5,230.4,495162,7739,245.15
PARAPRINT,23-MAY-2016,1.0,1.0,1.0,1.0,5000,1,1.0
PARASPETRO,23-MAY-2016,0.2,0.2,0.2,0.2,10204,5,0.25
PARRYSUGAR,23-MAY-2016,40.15,42.75,39.45,39.8,19239,156,41.5
PARSVNATH,23-MAY-2016,18.0,18.2,17.65,17.75,111847,390,17.95
PATELENG,23-MAY-2016,56.1,58.4,54.55,55.35,1938351,15970,50.35
PATINTLOG,23-MAY-2016,103.45,104.75,97.5,99.45,116260,1989,102.1
PATSPINLTD,23-MAY-2016,10.0,10.0,8.8,8.9,1526,19,9.0
PBAINFRA,23-MAY-2016,16.55,16.95,16.25,16.25,6421,45,16.45
PCJEWELLER,23-MAY-2016,345.7,347.55,341.1,344.2,81691,3231,343.45
PDMJEPAPER,23-MAY-2016,14.0,14.95,14.0,14.3,28706,37,14.7
PDPL,23-MAY-2016,34.5,35.7,33.2,33.6,6237,108,35.25
PDSMFL,23-MAY-2016,170.2,173.0,169.2,172.25,5367,33,170.2
PDUMJEIND,23-MAY-2016,10.85,10.85,9.5,9.85,11962,25,10.3
PDUMJEPULP,23-MAY-2016,15.2,16.1,15.1,15.55,5195,50,15.35
PEARLPOLY,23-MAY-2016,16.45,16.45,16.45,16.45,400,2,16.85
PEL,23-MAY-2016,1429.0,1469.0,1410.0,1418.75,233444,5986,1419.85
PENIND,23-MAY-2016,47.45,47.9,45.1,45.4,190537,870,46.75
PENINLAND,23-MAY-2016,20.65,21.2,20.6,20.9,65422,232,20.75
PENPEBS,23-MAY-2016,148.0,149.9,145.25,146.05,1781,15,147.3
PERSISTENT,23-MAY-2016,727.0,733.75,722.6,728.3,23011,3943,724.85
PETRONENGG,23-MAY-2016,198.1,198.95,192.7,195.45,1947,308,200.35
PETRONET,23-MAY-2016,264.0,265.75,258.5,259.6,1017232,26509,264.3
PFC,23-MAY-2016,169.5,170.85,166.8,167.75,940273,11982,167.9
PFIZER,23-MAY-2016,1769.75,1779.8,1755.0,1769.75,6907,1048,1763.6
PFOCUS,23-MAY-2016,51.1,52.45,50.45,50.65,3947,53,51.15
PFS,23-MAY-2016,36.6,37.1,35.6,35.75,681004,3095,36.15
PGEL,23-MAY-2016,125.0,129.0,120.95,125.3,4229,171,122.2
PGHH,23-MAY-2016,6448.75,6448.75,6350.0,6380.1,2923,575,6411.95
PGIL,23-MAY-2016,234.95,236.5,233.0,233.35,3330,62,234.95
PHILIPCARB,23-MAY-2016,119.35,122.8,118.15,118.45,157307,1444,118.65
PHOENIXLL,23-MAY-2016,118.5,121.85,116.0,117.3,313580,1252,118.0
PHOENIXLTD,23-MAY-2016,301.15,303.95,299.0,300.0,77650,1266,300.05
PIDILITIND,23-MAY-2016,659.75,659.75,644.1,651.15,936423,22687,653.7
PIIND,23-MAY-2016,630.05,639.9,625.6,629.45,28809,1249,630.1
PILANIINVS,23-MAY-2016,1290.0,1310.0,1290.0,1290.0,105,20,1277.75
PILITA,23-MAY-2016,15.4,15.75,15.4,15.7,268052,314,15.55
PIONDIST,23-MAY-2016,141.0,143.85,134.2,136.85,17621,501,138.85
PIONEEREMB,23-MAY-2016,47.0,47.5,46.5,46.9,7785,93,46.4
PIRPHYTO,23-MAY-2016,79.0,83.0,78.45,79.8,41642,609,78.85
PITTILAM,23-MAY-2016,36.3,36.3,31.7,32.1,110607,972,37.5
PKTEA,23-MAY-2016,149.5,149.5,130.05,130.05,41,7,139.85
PLASTIBLEN,23-MAY-2016,444.0,445.0,429.0,433.9,11222,595,439.3
PNB,23-MAY-2016,73.8,73.95,72.05,72.25,5762911,20357,73.35
PNBGILTS,23-MAY-2016,23.0,23.3,22.65,22.75,67324,223,23.0
PNC,23-MAY-2016,13.75,14.35,13.65,14.0,955,12,14.1
PNCINFRA,23-MAY-2016,575.0,575.0,554.25,566.15,3901,337,563.55
PNEUMATIC,23-MAY-2016,799.95,799.95,710.0,711.0,164,18,701.0
POCHIRAJU,23-MAY-2016,10.6,10.6,9.7,9.85,42576,160,10.4
POLARIS,23-MAY-2016,200.6,205.8,198.3,199.15,67566,2997,198.6
POLYMED,23-MAY-2016,360.0,368.0,350.0,356.1,7059,229,353.1
POLYPLEX,23-MAY-2016,233.05,236.6,229.65,230.05,3264,79,230.5
PONNIERODE,23-MAY-2016,188.2,197.4,180.3,191.2,3684,245,188.2
POWERGRID,23-MAY-2016,145.6,148.9,145.0,148.15,5677502,41795,144.8
POWERMECH,23-MAY-2016,600.55,610.95,592.1,608.25,4035,119,604.6
PPAP,23-MAY-2016,136.0,137.0,132.0,132.8,2662,100,136.9
PRABHAT,23-MAY-2016,102.6,102.6,98.5,98.95,19624,312,100.2
PRAENG,23-MAY-2016,6.65,6.8,6.45,6.6,55129,88,6.55
PRAJIND,23-MAY-2016,92.0,92.4,85.3,85.9,570217,8285,91.6
PRAKASH,23-MAY-2016,37.5,38.0,36.75,36.95,90096,399,37.35
PRAKASHCON,23-MAY-2016,6.3,6.45,6.05,6.3,169022,29,6.2
PRAKASHSTL,23-MAY-2016,4.9,4.9,4.65,4.7,106769,146,4.85
PRATIBHA,23-MAY-2016,31.35,31.9,31.15,31.3,44004,281,31.35
PRECAM,23-MAY-2016,141.5,141.5,136.0,136.35,15273,667,139.9
PRECOT,23-MAY-2016,48.5,48.5,48.3,48.5,374,5,48.25
PRECWIRE,23-MAY-2016,97.5,98.25,94.0,94.35,49011,653,94.4
PREMIER,23-MAY-2016,33.85,34.85,31.5,34.0,9451,138,34.2
PREMIERPOL,23-MAY-2016,20.5,20.5,19.05,19.05,130,2,19.55
PRESSMN,23-MAY-2016,46.3,47.5,45.35,46.35,3695,31,46.3
PRESTIGE,23-MAY-2016,176.6,176.6,168.55,169.95,147169,2326,173.3
PRICOL,23-MAY-2016,51.0,52.0,50.65,51.3,170038,1194,50.9
PRIMESECU,23-MAY-2016,7.9,7.9,7.9,7.9,7637,21,7.55
PRISMCEM,23-MAY-2016,90.0,91.7,89.5,90.5,207493,4322,89.5
PROVOGE,23-MAY-2016,3.7,3.85,3.7,3.85,100567,135,3.7
PROZONINTU,23-MAY-2016,25.1,25.45,24.35,24.6,51833,265,25.0
PSB,23-MAY-2016,37.55,40.95,37.55,39.25,297275,2185,37.6
PSL,23-MAY-2016,6.8,6.9,6.5,6.55,28067,126,6.5
PSUBNKBEES,23-MAY-2016,242.58,242.58,238.1,238.25,1305,65,242.8
PTC,23-MAY-2016,67.0,67.7,66.4,66.65,1034118,4693,67.0
PTL,23-MAY-2016,114.05,118.0,114.0,114.45,18362,302,114.2
PUNJABCHEM,23-MAY-2016,171.5,171.5,166.35,168.5,3691,83,169.3
PUNJLLOYD,23-MAY-2016,21.4,21.45,21.0,21.05,344583,1213,21.15
PURVA,23-MAY-2016,48.5,50.6,48.5,50.05,217310,1662,47.75
PVP,23-MAY-2016,4.8,4.85,4.6,4.7,78126,65,4.7
PVR,23-MAY-2016,876.4,878.65,836.1,842.6,75744,9237,870.6
QGOLDHALF,23-MAY-2016,1351.0,1355.85,1342.0,1349.0,333,72,1350.7
QNIFTY,23-MAY-2016,912.2,912.2,825.2,825.2,15,4,825.1
QUICKHEAL,23-MAY-2016,243.0,244.7,198.0,223.85,408141,7658,241.45
QUINTEGRA,23-MAY-2016,0.85,0.85,0.85,0.85,5,1,0.85
RADAAN,23-MAY-2016,1.75,1.75,1.75,1.75,600,2,1.8
RADICO,23-MAY-2016,87.5,88.35,85.45,85.65,112056,2263,87.1
RAIN,23-MAY-2016,34.0,34.0,33.0,33.75,204014,1089,34.0
RAINBOWPAP,23-MAY-2016,4.5,4.5,4.25,4.25,79418,77,4.45
RAIREKMOH,23-MAY-2016,100.0,106.0,100.0,102.0,56,8,102.0
RAJESHEXPO,23-MAY-2016,554.85,564.9,545.0,557.8,189401,8407,551.85
RAJOIL,23-MAY-2016,1.2,1.25,1.15,1.2,23172,18,1.15
RAJRAYON,23-MAY-2016,0.35,0.45,0.35,0.35,5941,7,0.4
RAJSREESUG,23-MAY-2016,46.25,47.95,46.05,46.8,34668,284,45.85
RAJTV,23-MAY-2016,72.95,75.0,68.2,69.3,614925,6054,72.0
RALLIS,23-MAY-2016,209.0,210.05,204.15,205.45,104938,1976,205.95
RAMANEWS,23-MAY-2016,21.65,22.8,21.65,22.3,17896,87,21.9
RAMASTEEL,23-MAY-2016,91.5,92.55,90.9,91.5,67943,384,91.1
RAMCOCEM,23-MAY-2016,498.0,510.0,486.0,488.25,346615,6999,492.7
RAMCOIND,23-MAY-2016,116.05,120.5,114.0,114.8,79644,1106,113.15
RAMCOSYS,23-MAY-2016,733.0,740.0,709.05,715.35,11132,1201,717.1
RAMKY,23-MAY-2016,60.05,61.5,58.55,59.6,55569,186,59.4
RANASUG,23-MAY-2016,7.05,7.25,6.8,7.0,695787,864,6.9
RANEENGINE,23-MAY-2016,450.5,480.0,450.5,459.5,762,32,466.8
RANEHOLDIN,23-MAY-2016,540.0,547.0,532.0,544.6,738,39,542.45
RASOYPR,23-MAY-2016,0.2,0.25,0.2,0.25,1576523,84,0.2
RATNAMANI,23-MAY-2016,520.5,535.95,515.0,518.6,4185,248,527.3
RAYMOND,23-MAY-2016,473.3,473.3,451.1,456.25,61436,2308,471.0
RBL,23-MAY-2016,365.8,400.0,360.0,388.8,10942,594,365.85
RCF,23-MAY-2016,45.7,45.75,44.05,44.2,874543,5267,45.4
RCOM,23-MAY-2016,50.55,50.75,49.5,49.65,6344703,24878,50.05
RDEL,23-MAY-2016,62.7,63.0,61.25,61.65,414590,2794,62.25
RECLTD,23-MAY-2016,155.7,157.6,153.75,154.15,1817612,22389,155.25
RECLTD,23-MAY-2016,1054.0,1054.0,1054.0,1054.0,110,2,1054.0
RECLTD,23-MAY-2016,1075.0,1075.0,1075.0,1075.0,5,1,1075.0
RECLTD,23-MAY-2016,1110.0,1110.0,1110.0,1110.0,50,1,1130.0
RECLTD,23-MAY-2016,1207.1,1207.1,1207.1,1207.1,120,3,1209.0
REDINGTON,23-MAY-2016,112.7,112.7,108.65,108.9,76327,2553,111.25
REFEX,23-MAY-2016,7.1,7.4,6.75,7.05,10133,35,7.45
REGENCERAM,23-MAY-2016,3.4,3.4,3.4,3.4,160,2,3.4
REIAGROLTD,23-MAY-2016,0.4,0.45,0.4,0.4,233252,65,0.45
REISIXTEN,23-MAY-2016,0.4,0.4,0.4,0.4,10,1,0.4
RELAXO,23-MAY-2016,482.5,486.0,456.0,458.95,22210,1478,481.55
RELBANK,23-MAY-2016,1790.58,1790.58,1781.0,1781.0,22,3,1794.45
RELCAPITAL,23-MAY-2016,393.45,394.1,384.55,387.95,2046771,31253,389.9
RELCNX100,23-MAY-2016,79.77,79.77,79.63,79.63,1015,2,81.01
RELCONS,23-MAY-2016,35.85,35.95,35.85,35.95,12,2,35.66
RELGOLD,23-MAY-2016,2606.35,2617.7,2600.1,2601.95,869,197,2620.0
RELIANCE,23-MAY-2016,937.35,940.7,925.65,930.0,4198098,119010,934.2
RELIFIN,23-MAY-2016,1595.5,1595.5,1595.5,1595.5,10,1,1597.0
RELIGARE,23-MAY-2016,277.85,279.95,275.05,276.45,1329,72,276.5
RELIGAREGO,23-MAY-2016,2750.0,2868.0,2750.0,2769.25,449,37,2765.0
RELINFRA,23-MAY-2016,508.25,510.9,500.5,504.1,1739861,28472,504.95
RELNIFTY,23-MAY-2016,80.37,80.37,80.0,80.0,24,3,80.24
REMSONSIND,23-MAY-2016,47.0,47.0,42.8,43.45,280,6,43.2
RENUKA,23-MAY-2016,13.35,13.55,13.2,13.25,2405088,2642,13.15
REPCOHOME,23-MAY-2016,669.65,678.0,656.05,670.65,27360,2012,664.85
REPRO,23-MAY-2016,388.0,397.8,388.0,394.35,1266,101,388.45
RESPONIND,23-MAY-2016,78.0,79.0,77.55,77.55,522,12,79.1
REVATHI,23-MAY-2016,678.0,689.0,622.0,682.0,165,22,690.0
RICOAUTO,23-MAY-2016,35.0,35.8,34.25,34.95,142943,1602,34.95
RIIL,23-MAY-2016,401.0,404.2,396.15,397.95,168176,4464,399.2
RJL,23-MAY-2016,130.0,130.05,126.25,127.5,3648,122,126.65
RKDL,23-MAY-2016,9.35,9.4,8.6,8.95,14134,72,8.8
RKFORGE,23-MAY-2016,356.65,382.5,352.45,375.3,207625,1866,366.2
RMCL,23-MAY-2016,12.35,13.75,12.35,13.75,355726,1329,12.5
RML,23-MAY-2016,340.15,340.15,297.0,301.2,29644,367,340.8
RMMIL,23-MAY-2016,0.8,0.9,0.8,0.85,29340,20,0.85
ROHITFERRO,23-MAY-2016,4.25,4.35,4.2,4.3,10455,29,4.25
ROHLTD,23-MAY-2016,77.6,81.45,77.6,79.1,32004,456,77.9
ROLTA,23-MAY-2016,78.2,78.2,75.4,75.75,396328,3087,77.7
ROSSELLIND,23-MAY-2016,105.0,105.95,101.55,102.1,1695,38,104.45
RPGLIFE,23-MAY-2016,255.85,261.0,254.0,255.05,18902,550,256.1
RPOWER,23-MAY-2016,48.15,48.5,47.75,47.9,1442851,4432,48.1
RPPINFRA,23-MAY-2016,157.0,162.0,155.0,155.6,35378,410,158.3
RSSOFTWARE,23-MAY-2016,87.7,99.8,85.0,97.15,2050050,23756,87.7
RSWM,23-MAY-2016,394.6,409.9,392.0,400.0,55775,1582,392.7
RSWM,23-MAY-2016,13.05,13.05,13.05,13.05,100,1,16.0
RSYSTEMS,23-MAY-2016,60.2,60.2,56.35,56.6,12613,247,57.9
RTNINFRA,23-MAY-2016,3.75,3.85,3.7,3.75,530859,128,3.8
RTNPOWER,23-MAY-2016,9.55,9.7,9.45,9.6,1786671,752,9.4
RUBYMILLS,23-MAY-2016,399.35,399.7,383.05,386.05,6658,505,394.75
RUCHINFRA,23-MAY-2016,6.95,6.95,6.35,6.35,520,2,6.65
RUCHIRA,23-MAY-2016,64.3,65.8,60.75,65.15,83111,877,63.8
RUCHISOYA,23-MAY-2016,22.7,23.85,21.75,21.9,365313,3918,22.45
RUPA,23-MAY-2016,295.15,295.65,290.0,290.65,3259,148,295.85
RUSHIL,23-MAY-2016,330.2,337.8,328.0,333.95,345255,4541,333.8
SABTN,23-MAY-2016,270.0,270.0,268.9,270.0,20002,170,268.65
SADBHAV,23-MAY-2016,263.7,278.0,263.55,274.65,324812,4596,260.85
SADBHIN,23-MAY-2016,98.0,101.95,98.0,98.9,10415,105,98.1
SAGCEM,23-MAY-2016,635.05,660.0,624.3,630.2,25549,1750,635.4
SAIL,23-MAY-2016,39.95,40.1,39.0,39.1,2527821,6145,39.6
SAKHTISUG,23-MAY-2016,34.5,34.9,32.25,33.45,158169,1027,34.1
SAKSOFT,23-MAY-2016,212.5,216.95,212.0,212.75,2102,53,217.2
SAKUMA,23-MAY-2016,79.5,83.0,79.5,80.35,211529,2041,76.85
SALORAINTL,23-MAY-2016,46.0,46.0,43.45,43.85,1981,35,45.5
SALSTEEL,23-MAY-2016,2.5,2.75,2.4,2.5,5591,16,2.65
SALZERELEC,23-MAY-2016,206.55,206.55,202.0,202.85,15030,308,205.75
SAMBHAAV,23-MAY-2016,5.25,5.25,4.0,4.3,12515,36,4.4
SAMTEL,23-MAY-2016,0.6,0.65,0.6,0.65,5000,3,0.65
SANCO,23-MAY-2016,45.8,45.9,45.8,45.8,88000,11,46.3
SANDESH,23-MAY-2016,743.95,755.65,725.4,741.05,893,291,745.45
SANGAMIND,23-MAY-2016,278.45,278.6,269.0,270.9,25477,1094,277.7
SANGHIIND,23-MAY-2016,71.3,71.8,70.75,70.95,46233,347,70.6
SANGHVIFOR,23-MAY-2016,45.75,45.75,42.3,42.8,16022,118,43.55
SANGHVIMOV,23-MAY-2016,284.0,286.0,282.1,284.65,10565,357,284.05
SANOFI,23-MAY-2016,4180.0,4238.95,4160.0,4170.25,1475,529,4208.45
SANWARIA,23-MAY-2016,5.4,5.6,5.25,5.4,27863,72,5.4
SARDAEN,23-MAY-2016,99.45,103.75,98.05,100.55,14323,301,99.2
SAREGAMA,23-MAY-2016,303.6,308.9,298.0,300.1,8674,377,303.5
SARLAPOLY,23-MAY-2016,65.4,69.9,65.4,67.85,24577,409,65.95
SASKEN,23-MAY-2016,323.5,327.8,318.0,320.25,38342,2448,320.75
SATHAISPAT,23-MAY-2016,67.0,68.6,63.1,64.5,31331,261,66.6
SATIN,23-MAY-2016,306.7,323.85,306.7,311.5,15330,453,303.55
SBBJ,23-MAY-2016,480.0,481.2,466.5,468.75,16355,1042,475.9
SBIN,23-MAY-2016,172.3,172.7,168.2,168.4,16193112,99857,171.35
SBIN,23-MAY-2016,11000.0,11000.0,11000.0,11000.0,1,1,10927.5
SBIN,23-MAY-2016,11429.99,11450.0,11406.0,11437.99,154,21,11405.0
SBT,23-MAY-2016,383.05,387.95,365.0,379.2,16412,652,385.6
SCHNEIDER,23-MAY-2016,134.85,135.7,130.45,131.05,54971,1206,133.7
SCI,23-MAY-2016,70.0,70.9,68.3,68.95,510249,6127,69.35
SDBL,23-MAY-2016,166.0,166.85,155.3,163.4,21270,162,165.0
SEAMECLTD,23-MAY-2016,85.8,88.9,85.05,86.05,1921,86,86.35
SEINV,23-MAY-2016,175.0,180.8,165.1,180.75,433,22,180.95
SELAN,23-MAY-2016,185.5,190.2,181.0,186.05,30998,1104,184.1
SELMCL,23-MAY-2016,3.1,3.15,3.0,3.0,134000,126,3.1
SEPOWER,23-MAY-2016,7.25,7.25,6.4,6.6,651,9,6.85
SEQUENT,23-MAY-2016,136.0,145.4,110.0,138.95,66909,1672,135.1
SESHAPAPER,23-MAY-2016,240.0,243.9,229.1,239.5,2640,93,241.0
SETFGOLD,23-MAY-2016,2757.95,2761.95,2744.7,2748.55,2003,298,2761.35
SETFNIF50,23-MAY-2016,78.6,78.64,78.24,78.29,2450,39,78.4
SETFNIFBK,23-MAY-2016,167.5,168.15,165.75,165.86,474,17,166.96
SETFNN50,23-MAY-2016,196.0,196.0,196.0,196.0,119,2,197.1
SEZAL,23-MAY-2016,7.3,8.0,7.3,7.4,6165,13,7.65
SFCL,23-MAY-2016,106.8,109.0,101.6,107.95,8063,123,104.1
SGJHL,23-MAY-2016,6.6,6.75,6.35,6.35,7435,36,6.5
SGL,23-MAY-2016,3.8,3.95,3.5,3.55,1821,7,3.6
SHAHALLOYS,23-MAY-2016,9.3,9.3,8.75,9.0,440,9,9.2
SHAKTIPUMP,23-MAY-2016,159.4,165.0,155.05,156.8,21318,660,157.3
SHALPAINTS,23-MAY-2016,138.0,145.0,138.0,143.15,87399,1447,137.05
SHANTIGEAR,23-MAY-2016,96.35,100.9,96.35,100.15,32241,407,96.75
SHARDACROP,23-MAY-2016,289.3,297.6,281.5,282.35,13793,535,289.3
SHARDAMOTR,23-MAY-2016,900.0,909.0,863.0,876.0,360,23,871.0
SHARIABEES,23-MAY-2016,180.0,182.48,180.0,181.24,200,5,182.75
SHARONBIO,23-MAY-2016,11.15,11.6,11.15,11.15,139954,343,11.2
SHEMAROO,23-MAY-2016,327.75,345.3,325.0,327.55,110078,2618,325.2
SHILPAMED,23-MAY-2016,464.05,464.9,451.0,451.95,12561,753,461.55
SHILPI,23-MAY-2016,92.1,94.95,91.0,93.2,308161,2509,91.75
SHIRPUR-G,23-MAY-2016,86.3,89.35,82.5,84.35,282672,3108,87.7
SHIVAMAUTO,23-MAY-2016,49.0,49.0,46.3,46.6,37386,331,48.3
SHIVTEX,23-MAY-2016,94.3,97.9,94.0,95.45,1103,20,94.4
SHK,23-MAY-2016,230.9,230.9,224.0,226.1,37483,1397,227.8
SHOPERSTOP,23-MAY-2016,361.05,368.4,359.95,364.9,3884,265,361.35
SHREECEM,23-MAY-2016,13250.0,13750.0,13027.55,13095.55,6805,2929,13007.05
SHREEPUSHK,23-MAY-2016,122.65,124.7,119.05,119.95,28301,513,119.8
SHREERAMA,23-MAY-2016,6.05,6.05,5.85,5.85,2100,5,5.9
SHRENUJ,23-MAY-2016,2.85,2.85,2.85,2.85,268048,95,3.0
SHREYAS,23-MAY-2016,270.1,276.0,252.0,256.15,17835,988,272.35
SHRIASTER,23-MAY-2016,2.85,3.15,2.85,3.15,9510,14,3.0
SHRIRAMCIT,23-MAY-2016,1539.5,1540.0,1504.0,1525.05,267873,802,1531.55
SHRIRAMCIT,23-MAY-2016,1042.0,1042.0,1042.0,1042.0,74,20,1047.99
SHRIRAMCIT,23-MAY-2016,1532.0,1532.0,1530.0,1530.22,243,11,1539.68
SHRIRAMCIT,23-MAY-2016,1046.0,1046.0,1040.0,1046.0,130,6,1046.0
SHRIRAMCIT,23-MAY-2016,1330.71,1330.71,1330.71,1330.71,10,1,1330.5
SHRIRAMEPC,23-MAY-2016,24.35,25.15,24.35,24.85,19121,82,24.85
SHYAMCENT,23-MAY-2016,6.55,7.0,6.5,6.6,752,6,6.8
SHYAMTEL,23-MAY-2016,28.9,32.45,27.5,29.6,79279,450,29.0
SICAGEN,23-MAY-2016,17.75,18.35,17.3,17.35,2165,37,17.3
SICAL,23-MAY-2016,137.15,139.4,135.1,136.05,61602,772,135.0
SIEMENS,23-MAY-2016,1136.65,1145.0,1121.6,1127.85,257813,9034,1134.4
SIGNET,23-MAY-2016,30.7,31.85,30.0,30.2,152489,963,30.5
SIIL,23-MAY-2016,66.55,70.7,66.55,70.7,6000,3,71.75
SIL,23-MAY-2016,22.6,22.6,21.9,22.5,10717,11,22.35
SILINV,23-MAY-2016,84.0,84.4,83.0,83.5,571,9,84.6
SIMBHALS,23-MAY-2016,31.5,33.5,30.55,32.45,68906,782,30.75
SIMPLEX,23-MAY-2016,25.15,25.25,24.7,24.9,10732,34,25.45
SIMPLEXINF,23-MAY-2016,267.1,269.95,260.0,262.85,17211,300,265.0
SINTEX,23-MAY-2016,75.3,75.4,72.5,72.7,1138789,9619,74.8
SITASHREE,23-MAY-2016,10.3,10.4,9.75,10.4,3665,11,9.95
SITICABLE,23-MAY-2016,37.95,39.25,37.6,37.95,197933,1328,38.2
SIYSIL,23-MAY-2016,1039.0,1061.05,1012.25,1020.15,1777,303,1061.05
SJVN,23-MAY-2016,27.75,27.75,27.3,27.55,244324,719,27.55
SKFINDIA,23-MAY-2016,1217.05,1224.75,1180.1,1190.35,8213,945,1212.55
SKIL,23-MAY-2016,23.95,23.95,20.45,20.95,170457,575,22.95
SKIPPER,23-MAY-2016,140.05,141.0,138.4,139.25,34151,603,138.55
SKMEGGPROD,23-MAY-2016,79.85,79.85,74.0,74.35,90635,1350,77.15
SKSMICRO,23-MAY-2016,620.0,621.0,601.1,603.05,949891,20900,618.2
SMARTLINK,23-MAY-2016,92.5,95.15,92.1,93.95,14718,167,92.5
SMLISUZU,23-MAY-2016,953.0,956.7,915.3,922.9,33698,2009,947.05
SMPL,23-MAY-2016,2.05,2.15,2.05,2.1,61605,39,2.1
SMSPHARMA,23-MAY-2016,90.9,93.35,89.55,90.95,48701,553,90.1
SNOWMAN,23-MAY-2016,59.15,59.4,57.4,57.6,517973,3830,58.65
SOBHA,23-MAY-2016,299.0,303.0,294.5,296.95,32863,1384,299.9
SOLARINDS,23-MAY-2016,3305.0,3305.0,3263.0,3279.5,584,306,3261.35
SOMANYCERA,23-MAY-2016,439.0,496.35,439.0,474.5,158441,9951,426.0
SOMATEX,23-MAY-2016,5.95,5.95,5.5,5.5,10952,23,5.5
SONASTEER,23-MAY-2016,44.95,45.4,44.0,44.25,44695,411,44.6
SONATSOFTW,23-MAY-2016,152.7,154.9,146.95,150.0,147237,4502,150.1
SOTL,23-MAY-2016,550.2,555.15,545.0,553.35,410,52,555.15
SOUTHBANK,23-MAY-2016,18.25,18.3,18.0,18.05,2235080,1541,18.15
SPARC,23-MAY-2016,290.95,292.45,285.5,289.5,124619,3366,289.6
SPECIALITY,23-MAY-2016,89.7,90.0,88.2,88.45,6236,232,89.45
SPENTEX,23-MAY-2016,3.25,3.25,2.9,3.0,23478,39,3.1
SPHEREGSL,23-MAY-2016,60.75,60.75,58.0,59.95,12016,39,59.0
SPIC,23-MAY-2016,23.4,24.1,23.1,23.2,158042,552,23.55
SPICEMOBI,23-MAY-2016,13.6,14.4,13.25,13.55,31607,89,13.8
SPLIL,23-MAY-2016,25.55,28.95,25.55,28.0,2803,22,27.6
SPMLINFRA,23-MAY-2016,63.6,63.6,61.1,62.05,1037,12,63.0
SPYL,23-MAY-2016,1.25,1.35,1.2,1.2,24505,22,1.25
SQSBFSI,23-MAY-2016,1178.0,1178.0,1140.0,1146.45,6654,738,1144.25
SREINFRA,23-MAY-2016,54.5,54.7,52.35,52.85,330984,2470,53.7
SREINFRA,23-MAY-2016,1035.0,1035.0,1035.0,1035.0,5,1,1030.0
SREINFRA,23-MAY-2016,1033.0,1034.0,1033.0,1034.0,225,4,1034.8
SRF,23-MAY-2016,1210.05,1217.8,1175.5,1185.2,215144,15895,1200.85
SRGINFOTEC,23-MAY-2016,0.25,0.25,0.25,0.25,10060,6,0.25
SRHHYPOLTD,23-MAY-2016,72.9,74.5,72.9,73.25,1571,14,73.8
SRIPIPES,23-MAY-2016,247.75,247.9,238.1,240.3,75900,1472,245.8
SRSLTD,23-MAY-2016,9.6,10.0,9.5,9.55,442136,876,9.55
SRTRANSFIN,23-MAY-2016,1090.0,1123.0,1077.9,1115.15,787181,37648,1072.6
SRTRANSFIN,23-MAY-2016,1016.5,1016.5,1015.0,1015.31,400,8,1015.9
SRTRANSFIN,23-MAY-2016,1020.0,1020.0,1020.0,1020.0,200,1,1020.0
SRTRANSFIN,23-MAY-2016,1030.0,1030.0,1030.0,1030.0,400,4,1029.0
SRTRANSFIN,23-MAY-2016,1009.0,1009.0,1009.0,1009.0,7,4,1009.0
SRTRANSFIN,23-MAY-2016,1039.5,1039.5,1038.55,1039.13,120,3,1042.47
SRTRANSFIN,23-MAY-2016,1037.99,1040.0,1030.0,1030.0,415,15,1028.0
SRTRANSFIN,23-MAY-2016,1325.11,1340.0,1325.0,1330.0,386,10,1325.2
SRTRANSFIN,23-MAY-2016,1330.0,1349.8,1330.0,1349.8,295,15,1345.2
SRTRANSFIN,23-MAY-2016,1015.0,1015.0,1015.0,1015.0,1,1,1022.0
SRTRANSFIN,23-MAY-2016,1085.0,1085.0,1070.0,1070.0,205,10,1080.0
SRTRANSFIN,23-MAY-2016,1300.21,1300.21,1300.21,1300.21,30,1,1300.11
SRTRANSFIN,23-MAY-2016,1085.4,1095.0,1085.4,1095.0,224,9,1095.0
SRTRANSFIN,23-MAY-2016,1186.0,1186.0,1176.6,1177.05,160,13,1185.0
SRTRANSFIN,23-MAY-2016,1031.0,1031.0,1015.1,1015.1,90,2,1018.0
SRTRANSFIN,23-MAY-2016,1056.0,1056.0,1056.0,1056.0,65,4,1069.9
SSWL,23-MAY-2016,406.7,414.8,400.0,403.4,21428,1118,403.95
STAN,23-MAY-2016,50.15,51.25,50.15,50.95,6248,65,51.5
STAR,23-MAY-2016,1086.0,1115.9,1042.0,1054.0,455749,16363,1077.2
STARPAPER,23-MAY-2016,39.1,40.6,38.8,39.5,18312,70,39.15
STCINDIA,23-MAY-2016,94.1,94.35,88.0,88.4,198964,3177,93.3
STEL,23-MAY-2016,29.0,29.0,28.65,28.75,470,9,29.0
STERLINBIO,23-MAY-2016,3.8,3.85,3.75,3.75,265866,147,3.75
STERTOOLS,23-MAY-2016,495.0,504.95,460.0,466.5,4982,292,507.1
STOREONE,23-MAY-2016,140.15,140.15,140.15,140.15,16723,99,147.5
STRTECH,23-MAY-2016,87.8,91.2,87.1,88.85,885950,5745,87.0
SUBEX,23-MAY-2016,9.95,10.5,9.8,10.05,8488887,22367,9.85
SUBROS,23-MAY-2016,103.65,104.75,95.1,96.9,134021,1916,102.85
SUDAR,23-MAY-2016,2.7,2.85,2.7,2.75,14225,36,2.75
SUDARSCHEM,23-MAY-2016,118.35,119.7,115.15,116.45,51541,889,116.75
SUJANATWR,23-MAY-2016,9.0,9.1,8.9,8.9,9574,32,9.05
SUJANAUNI,23-MAY-2016,1.1,1.2,1.1,1.15,38740,25,1.1
SUMEETINDS,23-MAY-2016,12.3,12.9,12.2,12.35,308750,761,12.15
SUMMITSEC,23-MAY-2016,320.0,324.9,306.7,318.6,1164,67,316.85
SUNCLAYLTD,23-MAY-2016,1988.0,2011.5,1971.0,1984.35,214,56,1988.75
SUNDARAM,23-MAY-2016,2.5,2.6,2.35,2.35,135022,102,2.45
SUNDARMFIN,23-MAY-2016,1330.0,1347.0,1310.4,1314.85,10278,974,1330.8
SUNDRMBRAK,23-MAY-2016,244.95,245.0,244.95,245.0,210,13,243.15
SUNDRMFAST,23-MAY-2016,164.0,165.4,161.5,162.45,240445,3440,160.5
SUNFLAG,23-MAY-2016,25.9,26.0,25.55,25.65,67786,194,25.75
SUNILHITEC,23-MAY-2016,197.5,197.5,193.1,193.8,5162,260,195.4
SUNPHARMA,23-MAY-2016,793.0,793.7,779.3,784.55,2403975,69696,791.35
SUNTECK,23-MAY-2016,220.0,220.0,210.0,213.75,17038,190,215.45
SUNTV,23-MAY-2016,374.5,380.0,364.5,365.95,1543420,18250,374.7
SUPERHOUSE,23-MAY-2016,157.0,157.0,150.0,151.05,3993,140,153.9
SUPERSPIN,23-MAY-2016,7.5,7.8,7.35,7.35,4386,31,7.5
SUPPETRO,23-MAY-2016,168.85,169.55,163.5,163.9,48215,876,167.85
SUPRAJIT,23-MAY-2016,162.1,166.0,160.0,162.15,53991,1860,162.05
SUPREMEIND,23-MAY-2016,893.0,908.9,879.4,905.5,42527,4149,884.2
SUPREMEINF,23-MAY-2016,94.85,94.85,89.0,89.5,13967,242,92.25
SUPREMETEX,23-MAY-2016,3.35,3.4,3.2,3.3,9626,20,3.35
SURANACORP,23-MAY-2016,1.1,1.1,1.05,1.05,12305,7,1.1
SURANAIND,23-MAY-2016,6.0,6.2,6.0,6.15,5974,12,6.1
SURANASOL,23-MAY-2016,24.25,25.0,22.5,23.7,193287,1232,24.15
SURANAT&P,23-MAY-2016,4.75,4.95,4.55,4.55,11538,32,4.85
SURYAJYOTI,23-MAY-2016,7.55,8.15,7.55,8.15,4364,17,7.9
SURYALAXMI,23-MAY-2016,146.95,149.0,143.55,148.25,60915,1097,144.0
SURYAROSNI,23-MAY-2016,151.2,156.2,150.45,151.55,106034,1958,149.45
SUTLEJTEX,23-MAY-2016,575.0,582.0,566.0,568.4,7079,902,571.65
SUVEN,23-MAY-2016,208.0,214.3,204.1,206.3,406041,7353,207.3
SUZLON,23-MAY-2016,15.2,15.3,14.8,14.85,14489751,10837,15.05
SVOGL,23-MAY-2016,4.0,4.05,3.8,4.05,11573,24,4.0
SWANENERGY,23-MAY-2016,58.4,58.45,57.9,58.1,153071,305,58.05
SWARAJENG,23-MAY-2016,1125.0,1125.0,1100.0,1101.6,884,180,1106.9
SWELECTES,23-MAY-2016,423.2,426.65,412.0,414.9,5591,310,427.25
SYMPHONY,23-MAY-2016,2300.05,2323.7,2275.15,2314.9,29207,4304,2267.75
SYNCOM,23-MAY-2016,6.35,6.4,6.0,6.15,105133,153,6.3
SYNDIBANK,23-MAY-2016,63.9,64.0,61.15,61.45,2427183,10820,63.4
SYNGENE,23-MAY-2016,386.25,388.5,376.6,377.7,29583,914,382.8
TAINWALCHM,23-MAY-2016,45.5,49.0,45.1,45.15,5902,58,44.05
TAJGVK,23-MAY-2016,92.9,93.0,89.15,89.6,23149,298,91.5
TAKE,23-MAY-2016,148.0,150.0,143.7,147.75,307675,4250,146.8
TALBROAUTO,23-MAY-2016,117.5,117.5,104.2,105.95,76803,1469,118.45
TALWALKARS,23-MAY-2016,199.95,207.9,197.2,206.25,298708,5870,198.45
TANLA,23-MAY-2016,38.0,38.0,36.0,36.25,180599,607,37.45
TANTIACONS,23-MAY-2016,16.4,16.8,15.95,16.0,5772,39,16.55
TARAJEWELS,23-MAY-2016,37.9,38.4,37.0,37.3,45131,258,37.55
TARAPUR,23-MAY-2016,5.4,6.0,4.85,5.05,25216,48,5.0
TARMAT,23-MAY-2016,31.3,33.05,31.3,32.3,824,8,32.95
TATACHEM,23-MAY-2016,415.5,417.55,413.0,415.3,160239,2996,414.95
TATACOFFEE,23-MAY-2016,88.0,88.4,86.75,87.05,152264,1427,87.65
TATACOMM,23-MAY-2016,447.5,453.25,444.35,449.65,308437,9505,446.1
TATAELXSI,23-MAY-2016,1851.0,1861.6,1832.05,1834.9,177547,9338,1844.95
TATAGLOBAL,23-MAY-2016,120.5,124.1,119.7,120.4,1396870,8327,120.05
TATAINVEST,23-MAY-2016,527.45,532.35,517.1,525.3,24623,1406,527.2
TATAMETALI,23-MAY-2016,217.0,223.85,208.5,223.85,973941,3713,203.5
TATAMOTORS,23-MAY-2016,388.55,389.95,380.1,381.75,8153090,89566,384.45
TATAMTRDVR,23-MAY-2016,265.7,266.35,259.1,259.9,1332245,30518,263.1
TATAPOWER,23-MAY-2016,71.2,71.4,70.25,70.65,4459879,22519,69.4
TATASPONGE,23-MAY-2016,585.3,612.0,584.15,589.6,596416,18567,582.0
TATASTEEL,23-MAY-2016,324.7,325.75,312.5,313.55,6397200,77835,322.65
TBZ,23-MAY-2016,63.8,63.8,61.1,61.5,86552,791,62.2
TCFSL,23-MAY-2016,1076.0,1076.0,1075.0,1075.0,280,3,1100.0
TCI,23-MAY-2016,277.95,279.9,272.1,273.3,20855,604,275.15
TCIFINANCE,23-MAY-2016,19.8,20.5,19.25,19.45,4611,30,20.0
TCS,23-MAY-2016,2544.0,2545.9,2480.2,2491.45,766508,27319,2529.3
TDPOWERSYS,23-MAY-2016,224.45,224.45,216.05,220.3,6362,335,220.3
TEAMLEASE,23-MAY-2016,923.9,962.5,915.0,945.85,70640,5092,915.35
TECHM,23-MAY-2016,478.1,481.0,472.8,476.45,1069529,12266,475.85
TECHNO,23-MAY-2016,515.0,525.05,500.35,518.1,3577,343,515.65
TECHNOFAB,23-MAY-2016,149.8,149.8,143.05,146.6,1739,48,143.6
TECPRO,23-MAY-2016,5.75,5.75,5.75,5.75,150,1,6.05
TEXINFRA,23-MAY-2016,30.0,30.0,29.05,29.3,30130,120,29.5
TEXMOPIPES,23-MAY-2016,34.7,34.7,31.0,31.3,170616,1012,33.55
TEXRAIL,23-MAY-2016,100.05,100.65,99.0,99.2,50006,669,99.3
TFCILTD,23-MAY-2016,36.5,36.85,35.2,35.45,236340,1443,36.35
TFL,23-MAY-2016,7.1,7.8,7.1,7.8,3106,9,7.45
TGBHOTELS,23-MAY-2016,72.5,73.8,71.25,72.15,3611,150,72.45
THANGAMAYL,23-MAY-2016,197.0,205.0,190.0,197.4,642,41,192.0
THEMISMED,23-MAY-2016,473.35,496.95,435.05,489.0,4054,262,478.0
THERMAX,23-MAY-2016,709.35,719.6,699.4,705.25,17182,1944,705.75
THIRUSUGAR,23-MAY-2016,60.2,63.0,57.5,58.85,18899,330,62.7
THOMASCOOK,23-MAY-2016,179.9,179.9,175.1,177.4,70154,2701,176.8
THOMASCOTT,23-MAY-2016,8.3,8.3,8.3,8.3,25,1,8.7
THYROCARE,23-MAY-2016,605.4,619.0,599.95,608.0,187330,6269,603.35
TI,23-MAY-2016,16.2,16.5,15.95,16.0,93125,265,16.1
TIDEWATER,23-MAY-2016,5816.05,5877.9,5752.6,5778.9,1405,483,5814.4
TIIL,23-MAY-2016,247.95,247.95,238.0,238.25,21349,290,244.95
TIJARIA,23-MAY-2016,5.5,5.5,5.0,5.05,12635,30,5.25
TIL,23-MAY-2016,292.0,294.9,285.1,287.9,3999,327,291.5
TIMETECHNO,23-MAY-2016,47.55,48.65,46.4,48.0,611647,1960,47.4
TIMKEN,23-MAY-2016,556.0,563.0,542.0,546.15,32880,1738,538.85
TINPLATE,23-MAY-2016,69.55,72.8,69.0,70.9,217556,2629,69.95
TIPSINDLTD,23-MAY-2016,59.8,59.8,56.35,57.45,46276,112,59.9
TIRUMALCHM,23-MAY-2016,258.55,264.0,251.1,252.55,15117,803,255.1
TITAN,23-MAY-2016,366.4,368.85,361.0,362.6,791265,31414,366.05
TNPETRO,23-MAY-2016,21.15,21.5,20.4,20.95,52897,212,20.85
TNPL,23-MAY-2016,255.05,259.9,253.25,255.0,69889,1847,254.45
TODAYS,23-MAY-2016,2.9,3.0,2.9,2.9,531,4,2.9
TOKYOPLAST,23-MAY-2016,46.4,46.5,45.5,46.0,2730,32,45.15
TORNTPHARM,23-MAY-2016,1340.0,1355.0,1315.0,1329.55,71973,6383,1325.05
TORNTPOWER,23-MAY-2016,193.0,195.45,184.0,185.3,1103472,19064,194.95
TPLPLASTEH,23-MAY-2016,513.5,524.85,480.0,491.55,40684,2163,509.55
TREEHOUSE,23-MAY-2016,75.3,76.8,74.6,75.2,143645,2048,74.15
TRENT,23-MAY-2016,1760.05,1775.0,1735.1,1752.95,2084,181,1759.85
TRF,23-MAY-2016,311.45,312.6,296.25,298.55,38430,1641,308.7
TRICOM,23-MAY-2016,1.75,1.75,1.45,1.45,15638,20,1.6
TRIDENT,23-MAY-2016,49.4,49.4,47.6,48.0,298014,3444,48.55
TRIGYN,23-MAY-2016,111.7,117.75,111.0,112.8,723121,8786,109.3
TRIL,23-MAY-2016,324.9,325.0,290.5,302.6,26028,1049,318.5
TRITURBINE,23-MAY-2016,109.95,110.0,106.9,107.1,52493,697,108.55
TRIVENI,23-MAY-2016,50.2,51.7,50.05,50.3,618499,2538,50.15
TTKHLTCARE,23-MAY-2016,986.0,986.0,960.0,960.05,747,33,980.0
TTKPRESTIG,23-MAY-2016,4360.6,4738.0,4360.6,4625.15,104286,20029,4348.7
TTL,23-MAY-2016,48.0,48.0,47.75,47.75,2788,16,48.0
TTML,23-MAY-2016,6.55,6.65,6.4,6.45,425159,555,6.5
TUBEINVEST,23-MAY-2016,436.9,440.0,435.0,436.8,21389,1272,435.9
TULSI,23-MAY-2016,4.15,4.3,4.05,4.3,10863,26,4.25
TV18BRDCST,23-MAY-2016,39.75,39.9,38.35,38.7,3736813,7825,39.5
TVSELECT,23-MAY-2016,97.3,97.35,92.75,93.5,41039,933,96.05
TVSMOTOR,23-MAY-2016,301.0,301.0,291.9,295.1,1865679,12114,297.5
TVSSRICHAK,23-MAY-2016,2330.0,2370.05,2302.0,2309.25,2033,610,2334.85
TVTODAY,23-MAY-2016,322.25,324.1,317.1,320.75,56288,957,321.7
TWL,23-MAY-2016,89.0,89.6,86.9,87.15,264033,2688,88.4
UBHOLDINGS,23-MAY-2016,20.1,20.25,19.2,19.5,67758,330,19.95
UBL,23-MAY-2016,732.1,735.55,711.05,715.5,158704,7624,731.9
UCALFUEL,23-MAY-2016,108.3,112.6,106.6,106.85,26661,485,109.25
UCOBANK,23-MAY-2016,33.35,33.5,32.35,32.45,1863592,5759,33.1
UFLEX,23-MAY-2016,183.0,187.2,182.2,184.15,206996,4638,181.75
UFO,23-MAY-2016,505.0,518.05,504.0,510.15,3893,291,507.8
UGARSUGAR,23-MAY-2016,30.0,33.65,30.0,30.5,907001,4260,28.2
UJAAS,23-MAY-2016,24.0,26.4,24.0,24.45,2480757,6942,22.0
UJJIVAN,23-MAY-2016,262.5,263.5,256.55,257.15,681504,6281,262.0
ULTRACEMCO,23-MAY-2016,3136.4,3156.6,3110.1,3122.4,127994,19273,3134.0
UMANGDAIRY,23-MAY-2016,62.4,63.75,62.2,63.0,2448,61,62.25
UNICHEMLAB,23-MAY-2016,267.9,272.0,265.5,269.95,114181,2991,264.2
UNIENTER,23-MAY-2016,44.2,45.4,43.6,44.65,8266,79,44.5
UNIONBANK,23-MAY-2016,106.2,107.25,104.5,105.35,2859185,15441,105.7
UNIPLY,23-MAY-2016,159.7,160.95,153.05,157.25,27404,310,158.15
UNITECH,23-MAY-2016,4.0,4.05,3.9,3.95,15523390,35888,3.95
UNITEDBNK,23-MAY-2016,17.9,17.95,16.75,16.95,518960,2016,17.85
UNITEDTEA,23-MAY-2016,432.4,452.7,430.0,440.95,841,76,466.95
UNITY,23-MAY-2016,10.3,10.3,9.8,9.85,28909,111,10.0
UNIVCABLES,23-MAY-2016,86.1,88.4,81.05,82.25,24514,441,85.65
UPERGANGES,23-MAY-2016,178.05,185.0,175.0,176.55,84639,2156,176.2
UPL,23-MAY-2016,579.4,585.4,568.1,570.7,1146103,28796,576.3
USHAMART,23-MAY-2016,13.45,13.5,12.75,12.75,136080,283,13.4
USHERAGRO,23-MAY-2016,33.95,34.1,32.0,32.2,117668,567,33.35
UTINIFTETF,23-MAY-2016,785.5,785.5,785.05,785.05,3,2,783.3
UTISENSETF,23-MAY-2016,254.5,254.5,254.5,254.5,3,3,257.9
UTTAMSTL,23-MAY-2016,28.55,28.55,28.0,28.1,25691,233,28.3
UTTAMSUGAR,23-MAY-2016,50.4,52.8,49.9,51.35,194938,1630,49.95
V2RETAIL,23-MAY-2016,68.1,72.55,67.75,69.8,625987,6370,66.35
VADILALIND,23-MAY-2016,703.5,704.8,650.1,660.85,62135,3128,696.8
VAIBHAVGBL,23-MAY-2016,249.65,285.0,235.0,281.9,74470,3042,239.8
VAKRANGEE,23-MAY-2016,176.0,195.0,175.0,178.7,1987368,13970,173.8
VALECHAENG,23-MAY-2016,28.15,28.5,27.65,27.65,9361,131,28.05
VALUEIND,23-MAY-2016,12.5,12.75,11.35,12.45,17225,112,12.35
VARDHACRLC,23-MAY-2016,34.75,35.9,32.9,33.3,81254,259,34.55
VARDMNPOLY,23-MAY-2016,46.8,49.7,45.65,47.35,147837,1093,46.65
VASCONEQ,23-MAY-2016,28.5,28.55,27.6,27.8,274743,770,28.2
VASWANI,23-MAY-2016,7.2,7.4,7.15,7.4,515,5,7.0
VEDL,23-MAY-2016,98.7,99.2,96.75,97.5,8645678,33761,96.95
VENKEYS,23-MAY-2016,407.0,407.0,392.05,398.05,10274,574,398.6
VENUSREM,23-MAY-2016,78.1,78.4,75.0,75.15,34281,784,77.05
VESUVIUS,23-MAY-2016,823.4,844.45,810.0,821.15,941,122,844.85
VETO,23-MAY-2016,116.7,117.6,112.0,112.85,159336,1544,115.55
VGUARD,23-MAY-2016,1192.75,1200.6,1179.75,1188.25,17168,2177,1192.75
VHL,23-MAY-2016,1110.0,1120.0,1090.05,1090.05,51,9,1095.1
VICEROY,23-MAY-2016,16.3,16.8,16.25,16.4,17748,89,16.3
VIDEOIND,23-MAY-2016,105.0,105.0,103.75,104.0,463363,846,103.95
VIDHIDYE,23-MAY-2016,61.85,62.2,60.0,61.6,16419,173,60.1
VIJAYABANK,23-MAY-2016,31.15,31.15,30.15,30.35,208177,1110,30.4
VIJSHAN,23-MAY-2016,9.25,9.5,8.45,8.75,22182,76,8.95
VIKASECO,23-MAY-2016,18.2,19.0,17.65,17.95,5630582,3614,18.05
VIMALOIL,23-MAY-2016,45.0,45.0,43.25,43.25,2726,28,44.05
VIMTALABS,23-MAY-2016,75.0,75.95,71.5,72.45,40840,571,74.5
VINATIORGA,23-MAY-2016,467.4,468.0,458.0,462.7,13383,629,458.9
VINDHYATEL,23-MAY-2016,621.55,631.95,610.0,614.55,6735,326,633.15
VINYLINDIA,23-MAY-2016,63.75,68.6,61.3,64.8,280300,2783,61.85
VIPIND,23-MAY-2016,115.0,116.8,114.05,114.85,177739,2180,114.65
VIPULLTD,23-MAY-2016,54.0,54.05,53.45,53.8,106424,386,54.65
VISAKAIND,23-MAY-2016,135.55,142.1,134.0,140.9,87615,1591,134.4
VISASTEEL,23-MAY-2016,13.1,13.75,13.0,13.4,3708,41,13.3
VISESHINFO,23-MAY-2016,0.1,0.1,0.05,0.1,55774,13,0.1
VISHNU,23-MAY-2016,246.0,253.9,242.65,244.75,5110,242,246.1
VISUINTL,23-MAY-2016,0.9,0.9,0.9,0.9,2,1,0.95
VIVIDHA,23-MAY-2016,4.9,4.95,4.9,4.95,958380,846,4.75
VIVIMEDLAB,23-MAY-2016,84.45,84.45,82.1,82.65,17496,209,82.85
VKSPL,23-MAY-2016,0.1,0.1,0.1,0.1,30070,4,0.1
VLSFINANCE,23-MAY-2016,41.65,41.9,40.75,40.95,25894,153,41.55
VMART,23-MAY-2016,510.5,519.4,506.8,514.9,6226,125,515.55
VOLTAMP,23-MAY-2016,800.0,800.0,762.0,770.8,40271,2146,776.55
VOLTAS,23-MAY-2016,333.5,335.7,327.55,328.8,1586884,24852,331.7
VRLLOG,23-MAY-2016,402.0,404.9,391.1,393.4,55510,2713,399.0
VSSL,23-MAY-2016,58.9,60.35,58.05,59.4,10218,84,58.5
VSTIND,23-MAY-2016,1700.0,1705.0,1674.95,1677.1,1242,181,1695.15
VSTTILLERS,23-MAY-2016,1850.0,1869.0,1785.1,1800.3,1303,202,1842.35
VTL,23-MAY-2016,911.5,923.0,880.0,897.5,25297,3255,925.35
WABAG,23-MAY-2016,564.8,575.45,562.0,570.05,31444,2758,555.7
WABCOINDIA,23-MAY-2016,5900.0,5939.25,5760.0,5793.1,2245,758,5815.8
WALCHANNAG,23-MAY-2016,139.0,140.8,135.5,137.05,156832,3213,133.5
WANBURY,23-MAY-2016,43.6,45.4,43.25,43.25,6369,41,43.65
WEBELSOLAR,23-MAY-2016,51.5,57.3,46.1,52.0,481892,3789,50.85
WEIZFOREX,23-MAY-2016,177.9,177.9,166.05,167.7,1211,48,170.7
WEIZMANIND,23-MAY-2016,20.0,23.0,20.0,21.0,1025,8,21.0
WELCORP,23-MAY-2016,100.6,101.5,86.0,87.85,2519906,21111,99.25
WELENT,23-MAY-2016,61.85,64.4,61.0,61.85,102671,1000,62.45
WELINV,23-MAY-2016,56.25,59.4,56.25,56.25,558,12,56.25
WELSPUNIND,23-MAY-2016,100.4,102.3,99.0,99.95,1451450,5035,99.85
WENDT,23-MAY-2016,1801.2,1817.95,1725.0,1800.7,261,96,1800.1
WHEELS,23-MAY-2016,912.0,914.9,901.3,907.0,216,58,909.95
WHIRLPOOL,23-MAY-2016,753.0,753.0,736.05,745.95,25116,2160,732.45
WILLAMAGOR,23-MAY-2016,59.1,59.1,59.1,59.1,250,1,59.0
WINDMACHIN,23-MAY-2016,36.8,37.5,36.15,36.55,5200,107,36.9
WINSOME,23-MAY-2016,1.8,1.9,1.8,1.8,43250,45,1.85
WIPRO,23-MAY-2016,544.0,544.45,538.3,539.85,914192,18773,543.4
WOCKPHARMA,23-MAY-2016,930.3,935.0,902.0,907.95,475913,13378,925.05
WONDERLA,23-MAY-2016,401.1,409.0,401.0,405.05,108826,5611,398.15
WSI,23-MAY-2016,7.95,8.25,7.95,8.25,1150,2,7.95
WSTCSTPAPR,23-MAY-2016,81.4,84.7,80.55,82.5,154938,1825,80.4
XCHANGING,23-MAY-2016,74.35,75.95,73.4,75.2,58956,484,75.4
XLENERGY,23-MAY-2016,2.8,2.8,2.8,2.8,11500,4,2.8
XPROINDIA,23-MAY-2016,41.5,42.5,41.5,41.85,3222,27,41.55
YESBANK,23-MAY-2016,982.75,985.0,974.5,978.1,2260292,80222,977.7
ZANDUREALT,23-MAY-2016,1471.05,1497.0,1465.0,1468.35,4242,761,1465.8
ZEEL,23-MAY-2016,438.0,444.4,434.3,435.65,2402640,31188,434.4
ZEEL,23-MAY-2016,8.85,8.95,8.85,8.9,112311,7,8.9
ZEELEARN,23-MAY-2016,28.55,29.65,28.5,28.9,254507,2933,28.3
ZEEMEDIA,23-MAY-2016,18.7,18.7,18.2,18.4,149785,415,18.3
ZENITHBIR,23-MAY-2016,0.7,0.75,0.7,0.75,62630,13,0.75
ZENSARTECH,23-MAY-2016,985.0,985.0,956.4,965.35,16465,1703,976.9
ZENTEC,23-MAY-2016,73.2,74.75,71.6,72.0,31103,284,73.75
ZICOM,23-MAY-2016,58.35,61.45,58.3,59.6,51100,585,58.1
ZODIACLOTH,23-MAY-2016,223.3,223.3,215.0,219.95,25,7,217.5
ZODJRDMKJ,23-MAY-2016,33.05,35.25,32.3,35.25,300,7,33.6
ZUARI,23-MAY-2016,170.05,171.05,163.05,164.7,9511,333,170.45
ZUARIGLOB,23-MAY-2016,99.2,100.6,99.2,99.35,3507,14,100.0
ZYDUSWELL,23-MAY-2016,775.0,799.65,751.5,777.35,7514,731,765.3
ZYLOG,23-MAY-2016,3.9,3.9,3.8,3.8,14547,39,3.95
