2013-04-25,59.7976,59.7976,59.7976,59.7976,59.7976,0.0
2013-04-26,59.343102,59.343102,59.343102,59.343102,59.343102,0.0
2013-04-29,,,,,,
2013-04-30,,,,,,
2013-05-02,,,,,,
2013-05-03,,,,,,
2013-05-06,,,,,,
2013-05-07,,,,,,
2013-05-08,,,,,,
2013-05-09,,,,,,
2013-05-10,,,,,,
2013-05-13,,,,,,
2013-05-14,,,,,,
2013-05-15,,,,,,
2013-05-16,,,,,,
2013-05-17,,,,,,
2013-05-20,,,,,,
2013-05-21,,,,,,
2013-05-22,,,,,,
2013-05-23,,,,,,
2013-05-24,,,,,,
2013-05-27,,,,,,
2013-05-28,,,,,,
2013-05-29,,,,,,
2013-05-30,,,,,,
2013-05-31,,,,,,
2013-06-03,,,,,,
2013-06-04,,,,,,
2013-06-05,,,,,,
2013-06-06,,,,,,
2013-06-07,,,,,,
2013-06-10,,,,,,
2013-06-11,,,,,,
2013-06-12,,,,,,
2013-06-13,,,,,,
2013-06-14,,,,,,
2013-06-17,,,,,,
2013-06-18,,,,,,
2013-06-19,,,,,,
2013-06-20,,,,,,
2013-06-21,,,,,,
2013-06-24,,,,,,
2013-06-25,54.599998,55.0,54.599998,54.650002,54.650002,423.0
2013-06-26,55.0,55.0,54.509997999999996,54.509997999999996,54.509997999999996,2.0
2013-06-27,55.939999,57.349998,55.939999,56.779999,56.779999,1200.0
2013-06-28,54.540001000000004,54.66,54.540001000000004,54.66,54.66,8.0
2013-07-01,54.610001000000004,55.0,54.610001000000004,55.0,55.0,457.0
2013-07-02,55.5,55.5,55.5,55.5,55.5,455.0
2013-07-03,55.0,57.349998,55.0,55.75,55.75,777.0
2013-07-04,55.02,55.02,55.02,55.02,55.02,92.0
2013-07-05,,,,,,
2013-07-08,,,,,,
2013-07-09,57.0,57.0,54.5,56.900002,56.900002,191.0
2013-07-10,57.0,57.349998,55.009997999999996,57.0,57.0,72.0
2013-07-11,55.259997999999996,57.450001,55.25,56.5,56.5,468.0
2013-07-12,54.84,55.5,54.25,55.5,55.5,570.0
2013-07-15,,,,,,
2013-07-16,,,,,,
2013-07-17,55.009997999999996,55.009997999999996,55.0,55.0,55.0,200.0
2013-07-18,57.0,57.0,55.0,56.0,56.0,3.0
2013-07-19,,,,,,
2013-07-22,,,,,,
2013-07-23,56.040001000000004,56.040001000000004,55.700001,55.700001,55.700001,275.0
2013-07-24,55.5,55.5,55.5,55.5,55.5,11.0
2013-07-25,58.889998999999996,60.0,58.889998999999996,59.529999,59.529999,300.0
2013-07-26,,,,,,
2013-07-29,,,,,,
2013-07-30,59.0,59.0,55.240002000000004,55.75,55.75,640.0
2013-07-31,54.330002,54.330002,54.25,54.25,54.25,81.0
2013-08-01,58.900002,58.900002,56.0,58.759997999999996,58.759997999999996,106.0
2013-08-02,55.02,56.0,55.0,56.0,56.0,405.0
2013-08-05,57.0,57.0,55.25,57.0,57.0,237.0
2013-08-06,54.099998,55.950001,53.150002,54.529999,54.529999,79.0
2013-08-07,53.049999,53.049999,53.049999,53.049999,53.049999,1.0
2013-08-08,57.0,58.75,54.0,54.0,54.0,737.0
2013-08-12,54.009997999999996,56.950001,54.009997999999996,56.48,56.48,150.0
2013-08-13,56.900002,56.900002,55.0,55.07,55.07,501.0
2013-08-14,59.5,59.5,56.0,56.0,56.0,36.0
2013-08-16,57.0,58.0,55.5,55.740002000000004,55.740002000000004,1995.0
2013-08-19,57.0,57.5,54.5,57.369999,57.369999,2245.0
2013-08-20,56.950001,56.950001,54.0,54.0,54.0,77.0
2013-08-21,55.25,55.25,55.25,55.25,55.25,18.0
2013-08-22,56.889998999999996,57.799999,55.049999,56.400002,56.400002,405.0
2013-08-23,58.490002000000004,58.490002000000004,57.099998,58.0,58.0,585.0
2013-08-26,58.0,59.0,57.549999,57.549999,57.549999,1018.0
2013-08-27,57.650002,57.650002,53.580002,54.279999,54.279999,268.0
2013-08-28,56.799999,56.799999,52.700001,52.700001,52.700001,204.0
2013-08-29,56.0,56.0,53.0,55.889998999999996,55.889998999999996,218.0
2013-08-30,56.889998999999996,56.900002,56.0,56.889998999999996,56.889998999999996,25.0
2013-09-02,56.799999,56.799999,53.599998,55.5,55.5,431.0
2013-09-03,55.990002000000004,55.990002000000004,55.0,55.0,55.0,226.0
2013-09-04,56.5,56.5,54.75,54.75,54.75,118.0
2013-09-05,56.400002,56.400002,53.900002,53.900002,53.900002,98.0
2013-09-06,54.25,55.5,54.0,54.490002000000004,54.490002000000004,209.0
2013-09-10,55.0,58.0,54.709998999999996,57.84,57.84,524.0
2013-09-11,57.799999,57.799999,54.610001000000004,55.5,55.5,694.0
2013-09-12,54.759997999999996,57.560001,54.610001000000004,55.990002000000004,55.990002000000004,152.0
2013-09-13,58.0,58.0,55.5,56.43,56.43,69.0
2013-09-16,57.990002000000004,58.0,54.599998,54.610001000000004,54.610001000000004,454.0
2013-09-17,57.0,57.0,54.799999,54.799999,54.799999,40.0
2013-09-18,57.5,57.5,56.0,56.0,56.0,121.0
2013-09-19,57.990002000000004,57.990002000000004,55.5,55.5,55.5,1019.0
2013-09-20,58.990002000000004,58.990002000000004,57.0,57.599998,57.599998,168.0
2013-09-23,57.990002000000004,57.990002000000004,56.5,56.5,56.5,82.0
2013-09-24,57.5,57.5,56.0,56.0,56.0,149.0
2013-09-25,57.639998999999996,57.650002,57.0,57.0,57.0,19.0
2013-09-26,57.0,57.0,56.099998,56.099998,56.099998,38.0
2013-09-27,56.889998999999996,56.889998999999996,54.950001,54.970001,54.970001,20.0
2013-09-30,54.950001,54.950001,54.599998,54.610001000000004,54.610001000000004,623.0
2013-10-01,55.5,55.700001,54.599998,54.599998,54.599998,416.0
2013-10-03,55.990002000000004,57.0,55.990002000000004,56.5,56.5,23.0
2013-10-04,54.610001000000004,56.0,54.610001000000004,55.5,55.5,293.0
2013-10-07,56.900002,56.900002,55.0,55.0,55.0,410.0
2013-10-08,56.400002,56.400002,55.0,55.700001,55.700001,611.0
2013-10-09,56.990002000000004,57.0,56.990002000000004,57.0,57.0,101.0
2013-10-10,56.990002000000004,56.990002000000004,56.990002000000004,56.990002000000004,56.990002000000004,43.0
2013-10-11,56.900002,57.0,56.0,56.0,56.0,441.0
2013-10-14,55.009997999999996,56.889998999999996,55.0,56.0,56.0,1266.0
2013-10-15,57.0,57.0,56.0,56.0,56.0,37.0
2013-10-17,57.0,57.0,55.75,55.75,55.75,27.0
2013-10-18,57.0,57.0,56.900002,57.0,57.0,134.0
2013-10-21,57.0,58.0,55.25,57.0,57.0,109.0
2013-10-22,57.0,57.0,56.119999,56.5,56.5,117.0
2013-10-23,57.0,58.5,57.0,57.0,57.0,1242.0
2013-10-24,58.400002,58.400002,56.150002,56.419998,56.419998,55.0
2013-10-25,57.900002,57.900002,57.0,57.799999,57.799999,35.0
2013-10-28,57.990002000000004,57.990002000000004,57.0,57.889998999999996,57.889998999999996,21.0
2013-10-29,57.0,57.790001000000004,57.0,57.0,57.0,383.0
2013-10-30,57.049999,57.790001000000004,57.0,57.139998999999996,57.139998999999996,11.0
2013-10-31,57.150002,57.150002,57.150002,57.150002,57.150002,90.0
2013-11-01,57.299999,58.400002,57.299999,58.349998,58.349998,1947.0
2013-11-05,58.450001,58.450001,57.299999,58.0,58.0,471.0
2013-11-06,58.5,59.0,58.0,58.0,58.0,125.0
2013-11-07,58.5,58.5,57.099998,57.25,57.25,977.0
2013-11-08,58.799999,59.0,57.299999,59.0,59.0,346.0
2013-11-11,58.900002,59.0,58.849998,59.0,59.0,346.0
2013-11-12,59.0,59.0,58.900002,58.900002,58.900002,207.0
2013-11-13,58.889998999999996,58.889998999999996,58.0,58.0,58.0,34.0
2013-11-14,58.990002000000004,58.990002000000004,58.990002000000004,58.990002000000004,58.990002000000004,17.0
2013-11-18,58.900002,58.900002,58.900002,58.900002,58.900002,20.0
2013-11-19,58.950001,58.950001,57.599998,57.599998,57.599998,117.0
2013-11-20,58.950001,58.950001,57.130001,57.130001,57.130001,117.0
2013-11-21,57.049999,57.990002000000004,57.049999,57.990002000000004,57.990002000000004,651.0
2013-11-22,58.799999,58.799999,57.0,57.0,57.0,121.0
2013-11-25,,,,,,
2013-11-26,57.0,59.400002,57.0,57.099998,57.099998,120.0
2013-11-27,,,,,,
2013-11-28,,,,,,
2013-11-29,58.900002,58.900002,57.299999,57.299999,57.299999,56.0
2013-12-02,58.700001,58.700001,57.299999,57.299999,57.299999,160.0
2013-12-03,58.75,58.75,58.599998,58.650002,58.650002,202.0
2013-12-04,,,,,,
2013-12-05,58.650002,58.650002,58.650002,58.650002,58.650002,15.0
2013-12-06,,,,,,
2013-12-09,58.650002,59.5,58.099998,58.900002,58.900002,553.0
2013-12-10,58.099998,59.900002,58.099998,59.689999,59.689999,221.0
2013-12-11,,,,,,
2013-12-12,59.900002,59.900002,59.5,59.5,59.5,70.0
2013-12-13,,,,,,
2013-12-16,59.490002000000004,59.790001000000004,58.009997999999996,59.650002,59.650002,18.0
2013-12-17,58.0,59.400002,58.0,59.290001000000004,59.290001000000004,1103.0
2013-12-18,59.799999,59.799999,57.5,57.5,57.5,180.0
2013-12-19,59.5,59.5,59.5,59.5,59.5,13.0
2013-12-20,57.290001000000004,59.5,57.099998,59.5,59.5,46.0
2013-12-23,59.450001,60.450001,59.439999,60.34,60.34,1113.0
2013-12-24,59.990002000000004,60.0,59.5,59.5,59.5,589.0
2013-12-26,58.650002,61.0,58.0,60.740002000000004,60.740002000000004,2033.0
2013-12-27,58.549999,60.700001,58.549999,60.700001,60.700001,107.0
2013-12-30,60.700001,61.950001,60.700001,61.509997999999996,61.509997999999996,130.0
2013-12-31,62.84,62.84,59.0,61.360001000000004,61.360001000000004,387.0
2014-01-01,61.0,61.0,59.060001,60.900002,60.900002,14.0
2014-01-02,,,,,,
2014-01-03,60.900002,62.0,60.900002,62.0,62.0,129.0
2014-01-06,61.0,61.0,57.099998,58.110001000000004,58.110001000000004,334.0
2014-01-07,61.0,61.0,58.700001,60.990002000000004,60.990002000000004,316.0
2014-01-08,,,,,,
2014-01-09,60.990002000000004,61.5,60.990002000000004,61.349998,61.349998,162.0
2014-01-10,58.049999,61.299999,58.049999,61.299999,61.299999,75.0
2014-01-13,61.0,62.0,61.0,61.43,61.43,4.0
2014-01-14,58.349998,60.0,58.349998,60.0,60.0,130.0
2014-01-15,61.0,61.25,60.0,60.0,60.0,20.0
2014-01-16,60.0,60.0,60.0,60.0,60.0,20.0
2014-01-17,59.900002,59.900002,59.900002,59.900002,59.900002,70.0
2014-01-20,61.0,61.990002000000004,58.259997999999996,58.279999,58.279999,132.0
2014-01-21,61.0,61.900002,58.639998999999996,58.740002000000004,58.740002000000004,300.0
2014-01-22,61.0,62.580002,60.0,60.0,60.0,52.0
2014-01-23,62.900002,62.900002,59.0,59.5,59.5,30.0
2014-01-24,56.5,60.849998,55.200001,60.599998,60.599998,1138.0
2014-01-27,59.799999,59.799999,59.799999,59.799999,59.799999,20.0
2014-01-28,59.400002,59.400002,59.400002,59.400002,59.400002,200.0
2014-01-29,59.799999,62.900002,59.25,59.830002,59.830002,658.0
2014-01-30,59.0,59.009997999999996,58.549999,59.0,59.0,1426.0
2014-01-31,,,,,,
2014-02-03,58.5,59.689999,58.349998,58.450001,58.450001,320.0
2014-02-04,58.349998,58.349998,58.349998,58.349998,58.349998,10.0
2014-02-05,58.0,58.0,58.0,58.0,58.0,1.0
2014-02-06,58.5,58.5,58.0,58.0,58.0,259.0
2014-02-07,,,,,,
2014-02-10,58.0,59.0,58.0,59.0,59.0,352.0
2014-02-11,59.0,59.0,58.009997999999996,58.009997999999996,58.009997999999996,850.0
2014-02-12,59.400002,59.400002,58.259997999999996,59.389998999999996,59.389998999999996,5.0
2014-02-13,58.009997999999996,58.009997999999996,58.0,58.0,58.0,727.0
2014-02-14,58.25,58.5,58.150002,58.419998,58.419998,220.0
2014-02-17,57.610001000000004,59.490002000000004,57.060001,59.490002000000004,59.490002000000004,53.0
2014-02-18,58.0,58.0,58.0,58.0,58.0,2.0
2014-02-19,60.900002,60.900002,60.490002000000004,60.490002000000004,60.490002000000004,20.0
2014-02-20,57.5,59.490002000000004,57.5,59.490002000000004,59.490002000000004,40.0
2014-02-21,59.0,59.0,59.0,59.0,59.0,97.0
2014-02-24,60.0,60.0,58.099998,59.200001,59.200001,3559.0
2014-02-25,,,,,,
2014-02-26,60.880001,60.880001,60.880001,60.880001,60.880001,101.0
2014-02-28,59.0,59.889998999999996,59.0,59.889998999999996,59.889998999999996,37.0
2014-03-03,,,,,,
2014-03-04,59.0,59.650002,59.0,59.650002,59.650002,204.0
2014-03-05,,,,,,
2014-03-06,60.0,60.0,60.0,60.0,60.0,10.0
2014-03-07,60.0,60.549999,60.0,60.009997999999996,60.009997999999996,1586.0
2014-03-10,59.099998,60.049999,59.099998,60.049999,60.049999,50.0
2014-03-11,60.25,60.25,60.25,60.25,60.25,95.0
2014-03-12,61.0,63.0,59.349998,59.400002,59.400002,234.0
2014-03-13,62.849998,62.849998,61.900002,61.900002,61.900002,179.0
2014-03-14,62.0,62.0,58.75,58.75,58.75,3.0
2014-03-18,58.5,58.5,58.5,58.5,58.5,3.0
2014-03-19,58.700001,60.0,58.700001,60.0,60.0,21.0
2014-03-20,62.0,62.0,58.599998,59.049999,59.049999,561.0
2014-03-21,60.0,60.0,59.41,59.5,59.5,1270.0
2014-03-22,,,,,,
2014-03-24,61.889998999999996,61.889998999999996,60.0,60.0,60.0,24.0
2014-03-25,59.810001,61.0,59.810001,61.0,61.0,161.0
2014-03-26,59.860001000000004,59.860001000000004,59.849998,59.849998,59.849998,200.0
2014-03-27,62.0,62.0,59.0,59.27,59.27,622.0
2014-03-28,60.049999,60.049999,60.049999,60.049999,60.049999,1.0
2014-03-31,60.099998,63.700001,59.470001,63.060001,63.060001,891.0
2014-04-01,62.5,63.299999,60.5,63.0,63.0,62.0
2014-04-02,61.16,61.16,61.16,61.16,61.16,20.0
2014-04-03,,,,,,
2014-04-04,61.150002,61.150002,61.150002,61.150002,61.150002,5.0
2014-04-07,,,,,,
2014-04-09,61.849998,62.900002,61.849998,61.849998,61.849998,309.0
2014-04-10,63.799999,63.799999,63.799999,63.799999,63.799999,78.0
2014-04-11,62.009997999999996,62.009997999999996,62.009997999999996,62.009997999999996,62.009997999999996,50.0
2014-04-15,,,,,,
2014-04-16,61.0,62.5,60.549999,61.0,61.0,2121.0
2014-04-17,61.049999,61.049999,61.049999,61.049999,61.049999,100.0
2014-04-21,,,,,,
2014-04-22,61.450001,62.0,61.049999,62.0,62.0,1378.0
2014-04-23,63.700001,63.700001,62.0,63.0,63.0,395.0
2014-04-24,,,,,,
2014-04-25,63.0,63.0,61.75,61.759997999999996,61.759997999999996,571.0
2014-04-28,,,,,,
2014-04-29,62.049999,63.0,56.299999,62.0,62.0,3353.0
2014-04-30,63.599998,63.599998,61.5,61.5,61.5,250.0
2014-05-02,63.0,63.849998,62.0,63.849998,63.849998,214.0
2014-05-05,,,,,,
2014-05-06,63.799999,63.799999,62.5,62.599998,62.599998,120.0
2014-05-07,,,,,,
2014-05-08,63.299999,63.389998999999996,63.299999,63.389998999999996,63.389998999999996,1000.0
2014-05-09,64.699997,65.0,62.5,62.5,62.5,235.0
2014-05-12,63.0,64.699997,63.0,64.050003,64.050003,900.0
2014-05-13,65.800003,65.800003,64.139999,64.349998,64.349998,369.0
2014-05-14,67.0,69.699997,64.099998,66.980003,66.980003,2062.0
2014-05-15,67.949997,70.550003,65.650002,68.699997,68.699997,991.0
2014-05-16,70.0,70.0,67.099998,67.099998,67.099998,626.0
2014-05-19,69.989998,70.0,68.0,69.650002,69.650002,203.0
2014-05-20,70.0,71.300003,68.110001,70.989998,70.989998,4212.0
2014-05-21,68.010002,71.0,68.010002,70.0,70.0,35.0
2014-05-22,71.0,71.0,71.0,71.0,71.0,65.0
2014-05-23,68.010002,68.010002,68.010002,68.010002,68.010002,90.0
2014-05-26,71.0,71.0,68.550003,68.550003,68.550003,102.0
2014-05-27,68.550003,70.989998,68.0,68.5,68.5,203.0
2014-05-28,71.0,71.0,68.5,68.559998,68.559998,6.0
2014-05-29,71.989998,71.989998,68.75,71.989998,71.989998,23.0
2014-05-30,71.980003,72.0,68.550003,70.790001,70.790001,448.0
2014-06-02,70.800003,71.0,69.0,70.849998,70.849998,694.0
2014-06-03,70.989998,70.989998,66.849998,68.300003,68.300003,464.0
2014-06-04,70.989998,71.949997,68.5,71.0,71.0,545.0
2014-06-05,71.0,71.0,71.0,71.0,71.0,16.0
2014-06-06,69.650002,71.0,69.650002,70.989998,70.989998,76.0
2014-06-09,70.0,71.5,70.0,71.5,71.5,320.0
2014-06-10,71.5,71.5,69.199997,71.400002,71.400002,50.0
2014-06-11,71.989998,75.900002,71.989998,75.610001,75.610001,667.0
2014-06-12,75.900002,75.900002,74.0,75.720001,75.720001,454.0
2014-06-13,,,,,,
2014-06-16,70.879997,75.83000200000001,64.0,69.120003,69.120003,9802.0
2014-06-17,71.0,71.0,70.0,70.75,70.75,39.0
2014-06-18,71.0,74.800003,70.5,70.5,70.5,676.0
2014-06-19,70.650002,70.650002,70.650002,70.650002,70.650002,1.0
2014-06-20,71.0,72.0,70.5,70.519997,70.519997,664.0
2014-06-23,71.0,72.699997,71.0,72.699997,72.699997,200.0
2014-06-24,71.0,71.099998,71.0,71.099998,71.099998,200.0
2014-06-25,71.5,72.0,71.5,72.0,72.0,300.0
2014-06-26,72.0,72.0,71.449997,71.980003,71.980003,1637.0
2014-06-27,73.0,73.0,71.599998,71.800003,71.800003,1199.0
2014-06-30,72.980003,72.980003,71.0,71.0,71.0,156.0
2014-07-01,71.050003,72.199997,71.050003,72.199997,72.199997,615.0
2014-07-02,71.5,73.300003,71.5,72.5,72.5,156.0
2014-07-03,72.0,72.0,71.0,71.0,71.0,300.0
2014-07-04,73.0,73.0,70.0,70.220001,70.220001,1051.0
2014-07-07,71.0,73.0,71.0,71.5,71.5,1882.0
2014-07-08,71.599998,71.599998,71.5,71.5,71.5,4.0
2014-07-09,72.0,72.0,72.0,72.0,72.0,11.0
2014-07-10,72.0,72.0,70.0,70.480003,70.480003,1231.0
2014-07-11,70.099998,71.75,69.699997,70.699997,70.699997,4915.0
2014-07-14,70.0,71.989998,70.0,71.900002,71.900002,116.0
2014-07-15,,,,,,
2014-07-16,72.5,72.5,72.5,72.5,72.5,200.0
2014-07-17,72.5,72.5,72.5,72.5,72.5,162.0
2014-07-18,73.0,73.0,72.699997,72.699997,72.699997,79.0
2014-07-21,73.0,73.949997,73.0,73.0,73.0,232.0
2014-07-22,71.5,73.75,70.099998,72.529999,72.529999,881.0
2014-07-23,72.010002,73.970001,72.010002,72.050003,72.050003,350.0
2014-07-24,71.010002,75.900002,71.010002,74.480003,74.480003,639.0
2014-07-25,74.0,74.980003,71.260002,73.5,73.5,283.0
2014-07-28,71.260002,73.989998,71.260002,73.989998,73.989998,98.0
2014-07-30,71.559998,72.739998,71.559998,72.739998,72.739998,100.0
2014-07-31,72.0,72.0,71.25,72.0,72.0,15.0
2014-08-01,,,,,,
2014-08-04,73.900002,75.5,73.900002,75.5,75.5,1023.0
2014-08-05,72.0,74.5,70.5,74.5,74.5,705.0
2014-08-06,,,,,,
2014-08-07,72.5,74.5,72.5,73.5,73.5,92.0
2014-08-08,74.5,74.5,74.5,74.5,74.5,66.0
2014-08-11,,,,,,
2014-08-12,71.150002,74.480003,71.059998,72.699997,72.699997,226.0
2014-08-13,72.75,72.75,72.75,72.75,72.75,4.0
2014-08-14,,,,,,
2014-08-18,75.0,75.0,74.989998,74.989998,74.989998,245.0
2014-08-19,76.900002,79.0,75.0,76.900002,76.900002,293.0
2014-08-20,77.0,77.0,76.900002,76.980003,76.980003,101.0
2014-08-21,78.0,78.0,72.510002,74.5,74.5,1439.0
2014-08-22,,,,,,
2014-08-25,,,,,,
2014-08-26,,,,,,
2014-08-27,,,,,,
2014-08-28,,,,,,
2014-09-01,76.650002,76.650002,74.0,74.0,74.0,15.0
2014-09-02,78.0,78.199997,78.0,78.150002,78.150002,300.0
2014-09-03,78.199997,79.5,76.5,78.800003,78.800003,584.0
2014-09-04,79.0,79.0,76.099998,78.370003,78.370003,622.0
2014-09-05,78.0,78.0,75.650002,77.5,77.5,185.0
2014-09-08,76.0,77.809998,75.550003,76.010002,76.010002,400.0
2014-09-09,78.0,78.0,76.25,76.25,76.25,47.0
2014-09-10,76.5,77.5,76.5,77.5,77.5,280.0
2014-09-11,77.599998,78.949997,77.550003,77.550003,77.550003,362.0
2014-09-12,78.300003,78.300003,76.550003,78.0,78.0,215.0
2014-09-15,78.0,78.0,78.0,78.0,78.0,15.0
2014-09-16,78.800003,78.800003,76.529999,78.769997,78.769997,140.0
2014-09-17,75.360001,77.0,75.360001,76.449997,76.449997,122.0
2014-09-18,76.5,77.779999,76.0,77.059998,77.059998,600.0
2014-09-19,78.949997,78.949997,77.0,77.0,77.0,14.0
2014-09-22,,,,,,
2014-09-23,77.0,77.0,76.050003,76.050003,76.050003,117.0
2014-09-24,,,,,,
2014-09-25,77.0,77.0,77.0,77.0,77.0,100.0
2014-09-26,75.5,75.5,75.349998,75.389999,75.389999,25.0
2014-09-29,77.0,77.0,77.0,77.0,77.0,100.0
2014-09-30,77.0,77.0,77.0,77.0,77.0,4.0
2014-10-01,76.0,77.5,76.0,77.5,77.5,24.0
2014-10-07,75.5,79.0,75.5,78.0,78.0,466.0
2014-10-08,77.5,77.989998,75.57,75.769997,75.769997,600.0
2014-10-09,77.879997,77.879997,76.0,76.25,76.25,100.0
2014-10-10,77.5,77.949997,77.0,77.0,77.0,179.0
2014-10-13,77.0,77.0,76.010002,76.389999,76.389999,135.0
2014-10-14,76.0,76.699997,72.300003,74.970001,74.970001,941.0
2014-10-15,,,,,,
2014-10-16,73.050003,76.0,72.75,76.0,76.0,309.0
2014-10-17,,,,,,
2014-10-20,76.0,76.150002,76.0,76.150002,76.150002,388.0
2014-10-21,76.150002,76.980003,76.150002,76.150002,76.150002,382.0
2014-10-22,,,,,,
2014-10-27,77.699997,77.699997,76.0,76.0,76.0,21.0
2014-10-28,,,,,,
2014-10-29,77.690002,77.690002,77.0,77.300003,77.300003,108.0
2014-10-30,77.699997,77.699997,76.0,77.489998,77.489998,33.0
2014-10-31,77.690002,77.699997,77.5,77.5,77.5,361.0
2014-11-03,77.699997,80.0,77.699997,79.800003,79.800003,561.0
2014-11-05,80.0,81.0,79.550003,81.0,81.0,1037.0
2014-11-07,81.0,81.0,80.0,80.360001,80.360001,642.0
2014-11-10,81.400002,81.800003,81.400002,81.800003,81.800003,100.0
2014-11-11,81.800003,81.800003,80.5,80.5,80.5,32.0
2014-11-12,81.75,81.75,80.0,81.019997,81.019997,213.0
2014-11-13,81.699997,81.699997,80.0,80.199997,80.199997,767.0
2014-11-14,80.0,84.949997,80.0,82.209999,82.209999,1298.0
2014-11-17,83.25,83.989998,82.150002,83.339996,83.339996,298.0
2014-11-18,83.349998,83.949997,83.050003,83.900002,83.900002,572.0
2014-11-19,84.099998,84.300003,84.0,84.0,84.0,211.0
2014-11-20,83.800003,83.800003,83.800003,83.800003,83.800003,20.0
2014-11-21,85.0,85.0,83.900002,83.900002,83.900002,53.0
2014-11-24,83.900002,84.849998,83.449997,84.0,84.0,1069.0
2014-11-25,82.199997,82.199997,82.0,82.0,82.0,200.0
2014-11-26,,,,,,
2014-11-27,84.949997,85.5,82.5,84.949997,84.949997,435.0
2014-11-28,81.800003,84.91999799999999,81.800003,83.120003,83.120003,301.0
2014-12-01,85.0,85.0,84.699997,84.699997,84.699997,35.0
2014-12-02,82.5,82.5,82.5,82.5,82.5,76.0
2014-12-03,,,,,,
2014-12-04,,,,,,
2014-12-05,84.849998,85.5,81.849998,85.199997,85.199997,508.0
2014-12-08,,,,,,
2014-12-09,,,,,,
2014-12-10,84.949997,84.989998,83.349998,83.690002,83.690002,131.0
2014-12-11,84.949997,85.0,83.400002,84.800003,84.800003,57.0
2014-12-12,84.980003,88.0,83.400002,86.989998,86.989998,1461.0
2014-12-15,85.0,88.800003,85.0,88.400002,88.400002,7.0
2014-12-16,84.5,89.0,84.5,89.0,89.0,33.0
2014-12-17,89.0,89.0,83.0,89.0,89.0,98.0
2014-12-18,85.0,85.0,85.0,85.0,85.0,40.0
2014-12-19,85.0,85.0,85.0,85.0,85.0,1.0
2014-12-22,85.0,85.0,85.0,85.0,85.0,96.0
2014-12-23,85.0,91.699997,83.0,85.139999,85.139999,1208.0
2014-12-24,87.050003,87.050003,85.0,85.0,85.0,203.0
2014-12-26,87.050003,90.0,85.349998,85.949997,85.949997,447.0
2014-12-29,89.900002,89.900002,86.0,86.0,86.0,211.0
2014-12-30,88.0,88.139999,87.5,87.5,87.5,232.0
2014-12-31,89.989998,101.0,87.5,97.379997,97.379997,4141.0
2015-01-01,96.0,97.0,96.0,97.0,97.0,3.0
2015-01-02,92.449997,101.300003,92.0,100.0,100.0,218.0
2015-01-05,95.0,95.449997,95.0,95.449997,95.449997,469.0
2015-01-06,95.0,103.099998,95.0,95.199997,95.199997,665.0
2015-01-07,97.449997,102.91999799999999,95.0,95.0,95.0,391.0
2015-01-08,98.449997,100.0,98.449997,100.0,100.0,280.0
2015-01-09,94.0,94.0,92.0,92.0,92.0,42.0
2015-01-12,93.449997,93.449997,93.449997,93.449997,93.449997,75.0
2015-01-13,99.949997,99.949997,99.949997,99.949997,99.949997,56.0
2015-01-14,99.0,101.0,99.0,99.089996,99.089996,263.0
2015-01-15,98.0,99.949997,98.0,98.0,98.0,65.0
2015-01-16,92.099998,94.800003,85.300003,89.199997,89.199997,2371.0
2015-01-19,92.0,92.0,89.349998,89.349998,89.349998,113.0
2015-01-20,94.949997,98.599998,91.0,97.440002,97.440002,359.0
2015-01-21,92.0,96.0,92.0,96.0,96.0,125.0
2015-01-22,98.0,98.599998,91.050003,94.0,94.0,698.0
2015-01-23,97.0,98.599998,94.0,94.0,94.0,567.0
2015-01-27,98.0,98.0,92.050003,92.449997,92.449997,259.0
2015-01-28,91.199997,91.199997,91.199997,91.199997,91.199997,2.0
2015-01-29,98.5,98.5,98.400002,98.449997,98.449997,30.0
2015-01-30,98.449997,109.300003,98.449997,99.900002,99.900002,1273.0
2015-02-02,99.900002,99.900002,99.0,99.0,99.0,13.0
2015-02-03,98.0,98.0,96.0,98.0,98.0,515.0
2015-02-04,101.699997,104.900002,91.559998,99.989998,99.989998,222.0
2015-02-05,100.889999,100.889999,91.699997,92.550003,92.550003,410.0
2015-02-06,92.050003,107.33000200000001,91.199997,99.940002,99.940002,1613.0
2015-02-09,95.0,99.849998,95.0,99.849998,99.849998,100.0
2015-02-10,99.849998,105.0,99.849998,102.0,102.0,223.0
2015-02-11,102.0,105.050003,102.0,105.0,105.0,85.0
2015-02-12,105.0,105.519997,104.0,104.0,104.0,220.0
2015-02-13,100.0,100.0,96.0,96.0,96.0,97.0
2015-02-16,104.0,107.0,98.0,98.0,98.0,100.0
2015-02-18,104.0,108.0,100.0,105.0,105.0,110.0
2015-02-19,97.0,108.0,97.0,108.0,108.0,1828.0
2015-02-20,,,,,,
2015-02-23,104.0,109.0,104.0,104.0,104.0,10.0
2015-02-24,104.0,108.0,92.400002,101.0,101.0,149.0
2015-02-25,,,,,,
2015-02-26,104.0,107.0,104.0,107.0,107.0,13.0
2015-02-27,107.0,107.0,102.0,102.0,102.0,190.0
2015-02-28,,,,,,
2015-03-02,108.0,108.0,100.0,100.0,100.0,25.0
2015-03-03,,,,,,
2015-03-04,,,,,,
2015-03-05,110.66999799999999,110.66999799999999,95.010002,106.93,106.93,233.0
2015-03-09,96.099998,109.0,96.099998,107.57,107.57,24.0
2015-03-10,108.0,109.300003,95.010002,101.989998,101.989998,214.0
2015-03-11,98.5,98.5,98.5,98.5,98.5,1.0
2015-03-12,107.0,107.0,98.510002,101.110001,101.110001,183.0
2015-03-13,101.099998,101.099998,101.099998,101.099998,101.099998,175.0
2015-03-16,106.0,106.0,101.099998,101.099998,101.099998,84.0
2015-03-17,106.0,106.0,103.0,103.0,103.0,68.0
2015-03-18,103.0,103.5,94.0,98.610001,98.610001,249.0
2015-03-19,106.0,107.400002,98.010002,107.400002,107.400002,257.0
2015-03-20,96.0,104.900002,91.0,104.0,104.0,493.0
2015-03-23,104.099998,104.099998,104.099998,104.099998,104.099998,50.0
2015-03-24,,,,,,
2015-03-25,92.019997,105.400002,92.019997,97.800003,97.800003,23.0
2015-03-26,99.0,100.0,92.0,99.91999799999999,99.91999799999999,263.0
2015-03-27,100.0,104.989998,94.010002,100.08000200000001,100.08000200000001,221.0
2015-03-30,97.5,103.029999,97.5,103.0,103.0,140.0
2015-03-31,,,,,,
2015-04-01,,,,,,
2015-04-06,,,,,,
2015-04-07,103.0,104.0,103.0,104.0,104.0,20.0
2015-04-08,105.0,105.949997,99.550003,102.75,102.75,2493.0
2015-04-09,97.050003,105.099998,97.050003,104.849998,104.849998,1106.0
2015-04-10,105.25,105.25,105.25,105.25,105.25,2.0
2015-04-13,105.550003,105.550003,95.0,95.949997,95.949997,2484.0
2015-04-15,96.0,105.449997,96.0,99.559998,99.559998,213.0
2015-04-16,104.0,104.980003,96.0,101.0,101.0,137.0
2015-04-17,102.0,103.5,102.0,103.5,103.5,10.0
2015-04-20,103.0,104.449997,99.099998,99.099998,99.099998,252.0
2015-04-21,99.25,103.0,99.25,103.0,103.0,22.0
2015-04-22,96.0,103.959999,95.0,95.0,95.0,267.0
2015-04-23,99.449997,99.449997,99.449997,99.449997,99.449997,2.0
2015-04-24,95.0,95.0,90.800003,95.0,95.0,265.0
2015-04-27,95.0,95.0,94.0,94.0,94.0,283.0
2015-04-28,94.0,94.0,91.099998,94.0,94.0,216.0
2015-04-29,92.0,92.75,91.099998,92.75,92.75,627.0
2015-04-30,93.0,93.0,93.0,93.0,93.0,183.0
2015-05-04,93.0,101.25,93.0,100.269997,100.269997,6002.0
2015-05-05,99.900002,101.0,97.900002,97.900002,97.900002,286.0
2015-05-06,99.949997,102.25,94.559998,99.809998,99.809998,183.0
2015-05-07,97.849998,97.849998,97.849998,97.849998,97.849998,10.0
2015-05-08,,,,,,
2015-05-11,98.25,98.25,94.0,94.099998,94.099998,75.0
2015-05-12,94.099998,100.150002,94.099998,94.5,94.5,278.0
2015-05-13,,,,,,
2015-05-14,99.5,100.349998,95.019997,98.800003,98.800003,88.0
2015-05-15,96.800003,96.849998,96.800003,96.839996,96.839996,70.0
2015-05-18,99.800003,99.849998,93.260002,94.989998,94.989998,197.0
2015-05-19,99.769997,100.849998,93.449997,96.0,96.0,372.0
2015-05-20,96.0,101.800003,96.0,97.050003,97.050003,36.0
2015-05-21,97.449997,101.199997,97.449997,98.0,98.0,255.0
2015-05-22,101.0,101.699997,97.300003,97.400002,97.400002,127.0
2015-05-25,97.849998,98.0,97.849998,98.0,98.0,140.0
2015-05-26,99.989998,101.389999,99.989998,101.389999,101.389999,155.0
2015-05-27,101.239998,101.239998,98.0,101.199997,101.199997,118.0
2015-05-28,100.5,100.5,100.5,100.5,100.5,100.0
2015-05-29,,,,,,
2015-06-01,98.0,100.0,97.849998,100.0,100.0,182.0
2015-06-02,,,,,,
2015-06-03,99.0,102.0,99.0,99.050003,99.050003,1082.0
2015-06-04,,,,,,
2015-06-05,,,,,,
2015-06-08,,,,,,
2015-06-09,99.0,99.0,99.0,99.0,99.0,1.0
2015-06-10,94.0,99.5,91.129997,99.449997,99.449997,50.0
2015-06-11,,,,,,
2015-06-12,,,,,,
2015-06-15,91.25,98.800003,91.199997,98.800003,98.800003,110.0
2015-06-16,95.0,96.5,92.010002,96.5,96.5,179.0
2015-06-17,,,,,,
2015-06-18,,,,,,
2015-06-19,,,,,,
2015-06-22,,,,,,
2015-06-23,95.699997,96.5,95.699997,96.5,96.5,11.0
2015-06-24,96.5,96.949997,95.699997,95.699997,95.699997,4.0
2015-06-25,97.949997,97.949997,94.0,97.949997,97.949997,63.0
2015-06-26,98.0,98.0,98.0,98.0,98.0,62.0
2015-06-29,97.449997,97.449997,97.449997,97.449997,97.449997,50.0
2015-06-30,98.449997,98.449997,98.449997,98.449997,98.449997,5.0
2015-07-01,100.150002,100.150002,100.150002,100.150002,100.150002,5.0
2015-07-02,101.150002,101.150002,101.150002,101.150002,101.150002,5.0
2015-07-03,,,,,,
2015-07-06,,,,,,
2015-07-07,97.150002,97.150002,91.550003,97.150002,97.150002,135.0
2015-07-08,91.699997,105.720001,91.5,94.019997,94.019997,5277.0
2015-07-09,99.0,105.599998,99.0,104.0,104.0,54.0
2015-07-10,100.0,100.0,100.0,100.0,100.0,21.0
2015-07-13,,,,,,
2015-07-14,,,,,,
2015-07-15,97.0,104.900002,97.0,100.150002,100.150002,12088.0
2015-07-16,,,,,,
2015-07-17,100.0,105.0,100.0,105.0,105.0,17.0
2015-07-20,105.0,105.0,100.099998,104.800003,104.800003,1830.0
2015-07-21,104.0,104.0,97.099998,103.0,103.0,2030.0
2015-07-22,105.0,105.0,100.010002,105.0,105.0,56.0
2015-07-23,104.989998,105.0,98.019997,105.0,105.0,1031.0
2015-07-24,104.0,104.0,98.010002,99.510002,99.510002,88.0
2015-07-27,99.5,99.5,99.449997,99.5,99.5,19.0
2015-07-28,99.5,99.5,98.0,98.0,98.0,2.0
2015-07-29,95.0,104.0,95.0,101.16999799999999,101.16999799999999,1215.0
2015-07-30,,,,,,
2015-07-31,98.019997,98.019997,98.0,98.010002,98.010002,17.0
2015-08-03,98.0,98.099998,98.0,98.099998,98.099998,6.0
2015-08-04,98.099998,98.099998,98.099998,98.099998,98.099998,153.0
2015-08-05,,,,,,
2015-08-06,98.099998,98.099998,91.5,94.83000200000001,94.83000200000001,1194.0
2015-08-07,97.0,98.970001,94.269997,98.849998,98.849998,285.0
2015-08-10,,,,,,
2015-08-11,99.0,105.989998,95.0,105.5,105.5,120.0
2015-08-12,96.099998,103.900002,96.099998,103.900002,103.900002,200.0
2015-08-13,99.0,99.0,99.0,99.0,99.0,1.0
2015-08-14,94.0,94.33000200000001,94.0,94.309998,94.309998,8.0
2015-08-17,95.0,95.0,94.309998,94.309998,94.309998,192.0
2015-08-18,95.0,103.0,95.0,95.0,95.0,116.0
2015-08-19,95.0,95.0,94.010002,94.620003,94.620003,31.0
2015-08-20,102.0,103.0,94.279999,102.0,102.0,81.0
2015-08-21,102.400002,103.0,101.5,102.610001,102.610001,209.0
2015-08-24,97.0,103.0,97.0,102.989998,102.989998,551.0
2015-08-25,101.75,101.75,94.0,101.75,101.75,136.0
2015-08-26,,,,,,
2015-08-27,,,,,,
2015-08-28,,,,,,
2015-08-31,,,,,,
2015-09-01,,,,,,
2015-09-02,97.0,97.0,97.0,97.0,97.0,10.0
2015-09-03,,,,,,
2015-09-04,94.099998,94.099998,94.099998,94.099998,94.099998,85.0
2015-09-07,,,,,,
2015-09-08,92.5,94.25,65.300003,81.019997,81.019997,2666.0
2015-09-09,81.550003,88.699997,81.550003,88.0,88.0,218.0
2015-09-10,85.0,87.0,83.5,85.089996,85.089996,305.0
2015-09-11,85.5,92.989998,85.5,89.839996,89.839996,505.0
2015-09-14,84.0,89.849998,84.0,89.849998,89.849998,100.0
2015-09-15,89.790001,89.790001,89.790001,89.790001,89.790001,40.0
2015-09-16,89.739998,89.739998,89.739998,89.739998,89.739998,20.0
2015-09-18,89.690002,89.690002,89.690002,89.690002,89.690002,60.0
2015-09-21,89.589996,90.0,89.5,90.0,90.0,24.0
2015-09-22,91.949997,91.959999,83.349998,86.900002,86.900002,112.0
2015-09-23,87.0,87.0,87.0,87.0,87.0,11.0
2015-09-24,84.0,84.989998,83.209999,84.989998,84.989998,12.0
2015-09-28,85.0,88.900002,85.0,88.900002,88.900002,25.0
2015-09-29,96.800003,96.800003,90.0,91.0,91.0,41.0
2015-09-30,90.949997,90.949997,90.949997,90.949997,90.949997,10.0
2015-10-01,90.900002,90.949997,83.199997,84.889999,84.889999,690.0
2015-10-05,85.0,85.0,85.0,85.0,85.0,107.0
2015-10-06,83.5,89.889999,83.099998,88.900002,88.900002,191.0
2015-10-07,87.900002,87.900002,82.150002,86.290001,86.290001,152.0
2015-10-08,,,,,,
2015-10-09,89.900002,89.900002,89.900002,89.900002,89.900002,10.0
2015-10-12,,,,,,
2015-10-13,,,,,,
2015-10-14,88.0,89.769997,85.0,85.0,85.0,170.0
2015-10-15,91.0,91.0,82.400002,83.0,83.0,641.0
2015-10-16,87.0,87.989998,87.0,87.389999,87.389999,162.0
2015-10-19,87.300003,87.300003,83.0,86.650002,86.650002,1051.0
2015-10-20,86.599998,86.599998,86.449997,86.449997,86.449997,67.0
2015-10-21,,,,,,
2015-10-23,86.449997,87.900002,86.0,87.5,87.5,278.0
2015-10-26,86.599998,86.599998,86.599998,86.599998,86.599998,10.0
2015-10-27,,,,,,
2015-10-28,87.5,87.5,86.0,86.0,86.0,113.0
2015-10-29,87.0,94.989998,82.010002,86.0,86.0,307.0
2015-10-30,85.0,86.0,85.0,85.0,85.0,225.0
2015-11-02,82.0,84.989998,80.510002,81.5,81.5,23.0
2015-11-03,,,,,,
2015-11-04,,,,,,
2015-11-05,85.599998,85.800003,85.599998,85.800003,85.800003,98.0
2015-11-06,85.449997,85.449997,85.449997,85.449997,85.449997,14.0
2015-11-09,85.5,86.989998,81.199997,81.650002,81.650002,414.0
2015-11-10,86.0,86.0,81.510002,85.599998,85.599998,86.0
2015-11-13,89.0,89.0,80.199997,87.699997,87.699997,1125.0
2015-11-16,81.050003,87.900002,81.050003,86.989998,86.989998,139.0
2015-11-17,82.0,95.949997,81.099998,84.0,84.0,1296.0
2015-11-18,89.220001,89.220001,81.300003,81.720001,81.720001,76.0
2015-11-19,86.5,97.0,82.099998,88.849998,88.849998,105.0
2015-11-20,82.209999,90.0,82.209999,87.879997,87.879997,71.0
2015-11-23,83.0,86.989998,82.800003,86.989998,86.989998,465.0
2015-11-24,88.889999,88.900002,83.550003,84.0,84.0,312.0
2015-11-26,82.300003,88.800003,82.300003,88.0,88.0,229.0
2015-11-27,88.900002,88.900002,85.0,85.900002,85.900002,71.0
2015-11-30,87.75,87.75,87.699997,87.699997,87.699997,84.0
2015-12-01,84.0,87.599998,84.0,87.0,87.0,157.0
2015-12-02,88.5,88.5,88.400002,88.400002,88.400002,90.0
2015-12-03,88.599998,93.5,84.099998,87.07,87.07,384.0
2015-12-04,93.449997,93.5,85.0,93.470001,93.470001,216.0
2015-12-07,90.0,93.0,81.550003,85.83000200000001,85.83000200000001,1406.0
2015-12-08,84.050003,91.900002,84.050003,87.800003,87.800003,98.0
2015-12-09,87.0,87.0,84.0,84.860001,84.860001,172.0
2015-12-10,86.800003,93.5,85.599998,90.0,90.0,934.0
2015-12-11,90.0,95.0,87.0,87.050003,87.050003,449.0
2015-12-14,87.050003,87.050003,87.050003,87.050003,87.050003,101.0
2015-12-15,87.050003,93.050003,81.510002,91.489998,91.489998,964.0
2015-12-16,89.0,92.989998,82.800003,83.25,83.25,235.0
2015-12-17,88.0,91.0,85.699997,85.739998,85.739998,374.0
2015-12-18,93.0,96.910004,84.110001,89.519997,89.519997,7776.0
2015-12-21,94.900002,94.900002,85.059998,85.610001,85.610001,62.0
2015-12-22,94.82,94.900002,87.0,92.0,92.0,120.0
2015-12-23,96.0,96.0,90.550003,91.900002,91.900002,680.0
2015-12-24,94.489998,94.949997,90.010002,91.510002,91.510002,485.0
2015-12-28,94.699997,94.900002,86.5,89.290001,89.290001,913.0
2015-12-29,89.0,94.900002,88.199997,94.860001,94.860001,227.0
2015-12-30,94.300003,94.300003,90.0,92.0,92.0,870.0
2015-12-31,92.0,92.0,90.5,91.599998,91.599998,214.0
2016-01-01,92.0,94.449997,90.0,94.139999,94.139999,51.0
2016-01-04,97.0,97.0,87.510002,89.440002,89.440002,1484.0
2016-01-05,90.0,91.0,90.0,90.550003,90.550003,962.0
2016-01-06,90.550003,90.550003,88.260002,90.0,90.0,783.0
2016-01-07,91.0,91.0,88.0,88.0,88.0,313.0
2016-01-08,92.0,92.0,88.0,88.129997,88.129997,101.0
2016-01-11,88.0,88.0,85.699997,85.83000200000001,85.83000200000001,309.0
2016-01-12,92.0,92.0,86.0,86.099998,86.099998,200.0
2016-01-13,87.010002,87.010002,85.0,86.0,86.0,370.0
2016-01-14,88.949997,89.0,80.199997,81.730003,81.730003,1318.0
2016-01-15,82.0,84.970001,80.5,82.949997,82.949997,435.0
2016-01-18,82.949997,82.949997,81.0,81.620003,81.620003,160.0
2016-01-19,86.0,86.0,86.0,86.0,86.0,50.0
2016-01-20,85.989998,85.989998,85.0,85.0,85.0,32.0
2016-01-21,86.0,87.0,86.0,87.0,87.0,23.0
2016-01-22,,,,,,
2016-01-25,88.989998,90.0,88.989998,90.0,90.0,463.0
2016-01-27,89.900002,89.900002,89.5,89.5,89.5,98.0
2016-01-28,,,,,,
2016-01-29,89.0,93.0,89.0,90.739998,90.739998,987.0
2016-02-01,87.099998,87.099998,87.099998,87.099998,87.099998,25.0
2016-02-02,92.0,92.0,88.0,88.0,88.0,22.0
2016-02-03,91.800003,91.800003,91.800003,91.800003,91.800003,30.0
2016-02-04,91.790001,91.800003,91.790001,91.800003,91.800003,31.0
2016-02-05,84.0,92.0,80.0,91.800003,91.800003,647.0
2016-02-08,84.0,89.0,81.260002,86.16999799999999,86.16999799999999,483.0
2016-02-09,87.400002,92.800003,83.019997,90.760002,90.760002,204.0
2016-02-10,91.0,91.0,83.610001,89.0,89.0,238.0
2016-02-11,91.0,91.0,91.0,91.0,91.0,100.0
2016-02-12,,,,,,
2016-02-15,,,,,,
2016-02-16,,,,,,
2016-02-17,88.970001,88.970001,88.75,88.75,88.75,476.0
2016-02-18,82.610001,88.379997,82.610001,88.370003,88.370003,150.0
2016-02-19,88.989998,89.099998,88.989998,89.099998,89.099998,253.0
2016-02-22,89.0,89.0,85.0,87.849998,87.849998,152.0
2016-02-23,85.0,88.5,82.010002,82.019997,82.019997,142.0
2016-02-24,82.050003,87.0,82.019997,85.0,85.0,154.0
2016-02-25,,,,,,
2016-02-26,87.5,88.0,87.5,88.0,88.0,227.0
2016-02-29,87.400002,87.400002,87.0,87.0,87.0,581.0
2016-03-01,88.0,88.0,82.5,87.900002,87.900002,47.0
2016-03-02,,,,,,
2016-03-03,87.699997,87.800003,82.019997,87.699997,87.699997,156.0
2016-03-04,87.0,88.989998,81.0,82.470001,82.470001,104.0
2016-03-08,85.0,92.0,83.0,84.400002,84.400002,76.0
2016-03-09,85.0,85.0,85.0,85.0,85.0,2.0
2016-03-10,82.010002,85.5,79.5,81.0,81.0,108.0
2016-03-11,87.0,87.0,82.110001,82.839996,82.839996,137.0
2016-03-14,88.0,88.0,84.0,84.0,84.0,20.0
2016-03-15,84.0,90.599998,82.5,90.599998,90.599998,36.0
2016-03-16,91.0,91.0,87.0,88.489998,88.489998,424.0
2016-03-17,90.0,90.0,84.400002,90.0,90.0,567.0
2016-03-18,89.75,89.75,89.75,89.75,89.75,125.0
2016-03-21,90.0,90.0,85.5,89.989998,89.989998,27.0
2016-03-22,89.900002,89.949997,85.099998,89.940002,89.940002,300.0
2016-03-23,86.010002,90.0,83.0,89.980003,89.980003,634.0
2016-03-28,89.0,90.0,88.989998,89.0,89.0,1550.0
2016-03-29,89.0,89.0,89.0,89.0,89.0,5.0
2016-03-30,89.989998,90.0,85.0,89.300003,89.300003,468.0
2016-03-31,89.300003,90.0,89.0,89.0,89.0,182.0
2016-04-01,,,,,,
2016-04-04,,,,,,
2016-04-05,89.0,90.0,89.0,90.0,90.0,200.0
2016-04-06,84.5,84.5,84.5,84.5,84.5,100.0
2016-04-07,88.800003,88.800003,88.0,88.800003,88.800003,49.0
2016-04-08,88.800003,88.800003,88.0,88.0,88.0,31.0
2016-04-11,88.0,88.849998,88.0,88.849998,88.849998,12.0
2016-04-12,88.849998,88.849998,85.050003,88.849998,88.849998,2071.0
2016-04-13,86.0,90.0,86.0,89.900002,89.900002,305.0
2016-04-18,90.0,93.300003,85.110001,91.0,91.0,1553.0
2016-04-20,87.0,91.0,86.099998,90.949997,90.949997,414.0
2016-04-21,90.900002,91.849998,88.5,88.5,88.5,347.0
2016-04-22,90.5,91.5,89.0,89.0,89.0,300.0
2016-04-25,88.0,91.389999,87.099998,91.389999,91.389999,197.0
2016-04-26,87.5,91.389999,87.25,90.0,90.0,234.0
2016-04-27,87.5,91.389999,87.5,88.610001,88.610001,336.0
2016-04-28,91.0,91.0,90.0,90.0,90.0,121.0
2016-04-29,89.989998,90.0,89.989998,90.0,90.0,35.0
2016-05-02,90.0,90.0,90.0,90.0,90.0,11.0
2016-05-03,83.599998,91.400002,81.25,90.989998,90.989998,452.0
2016-05-04,86.110001,91.389999,86.110001,91.349998,91.349998,51.0
2016-05-05,91.389999,93.0,87.900002,91.650002,91.650002,869.0
2016-05-06,91.650002,91.650002,91.650002,91.650002,91.650002,24.0
2016-05-09,92.989998,93.0,86.300003,86.300003,86.300003,162.0
2016-05-10,90.0,92.989998,87.120003,87.120003,87.120003,353.0
2016-05-11,90.0,98.66999799999999,90.0,98.66999799999999,98.66999799999999,4282.0
2016-05-12,98.0,98.0,86.199997,93.739998,93.739998,1598.0
2016-05-13,96.68,96.68,89.110001,94.989998,94.989998,15.0
2016-05-16,90.0,95.849998,89.5,93.5,93.5,2766.0
2016-05-17,93.0,93.0,90.0,90.010002,90.010002,71.0
2016-05-18,93.389999,93.5,90.5,92.449997,92.449997,59.0
2016-05-19,94.989998,94.989998,94.5,94.5,94.5,14.0
2016-05-20,94.5,94.889999,93.0,93.0,93.0,17.0
2016-05-23,92.0,93.400002,87.400002,88.339996,88.339996,530.0
2016-05-24,92.0,92.0,90.0,90.0,90.0,47.0
2016-05-25,92.5,93.0,87.5,87.599998,87.599998,148.0
2016-05-26,91.989998,91.989998,90.0,90.0,90.0,59.0
2016-05-27,92.0,92.0,86.25,90.0,90.0,72.0
2016-05-30,90.849998,90.849998,90.849998,90.849998,90.849998,35.0
2016-05-31,90.849998,90.849998,90.849998,90.849998,90.849998,4.0
2016-06-01,90.849998,92.75,87.099998,92.699997,92.699997,369.0
2016-06-02,93.0,93.0,87.519997,88.129997,88.129997,173.0
2016-06-03,92.0,92.0,90.0,90.0,90.0,55.0
2016-06-06,90.0,92.0,90.0,90.0,90.0,137.0
2016-06-07,92.489998,92.489998,87.550003,90.989998,90.989998,479.0
2016-06-08,90.0,91.400002,87.5,88.050003,88.050003,268.0
2016-06-09,89.989998,91.0,87.510002,87.510002,87.510002,28.0
2016-06-10,90.0,90.0,89.0,89.769997,89.769997,75.0
2016-06-13,90.0,90.25,88.25,89.589996,89.589996,77.0
2016-06-14,89.989998,92.0,88.5,90.93,90.93,379.0
2016-06-15,91.900002,91.900002,91.800003,91.800003,91.800003,16.0
2016-06-16,91.800003,91.989998,91.800003,91.800003,91.800003,31.0
2016-06-17,91.800003,91.800003,88.010002,88.010002,88.010002,95.0
2016-06-20,91.900002,91.989998,87.150002,90.0,90.0,459.0
2016-06-21,90.849998,90.849998,87.25,87.440002,87.440002,94.0
2016-06-22,89.989998,89.989998,89.800003,89.800003,89.800003,10.0
2016-06-23,90.0,90.0,89.949997,89.949997,89.949997,54.0
2016-06-24,87.0,93.25,87.0,93.25,93.25,1316.0
2016-06-27,93.0,93.25,87.800003,93.25,93.25,220.0
2016-06-28,93.349998,96.449997,88.260002,93.0,93.0,1010.0
2016-06-29,92.800003,92.800003,88.610001,90.0,90.0,531.0
2016-06-30,91.449997,91.449997,90.0,90.900002,90.900002,6.0
2016-07-01,90.900002,94.0,88.41999799999999,92.449997,92.449997,826.0
2016-07-04,92.0,92.0,89.599998,90.0,90.0,146.0
2016-07-05,91.900002,91.900002,88.599998,88.650002,88.650002,308.0
2016-07-07,89.0,91.0,89.0,90.800003,90.800003,227.0
2016-07-08,90.0,90.0,88.0,88.0,88.0,253.0
2016-07-11,90.0,90.0,87.150002,89.699997,89.699997,385.0
2016-07-12,87.199997,89.970001,87.150002,87.610001,87.610001,268.0
2016-07-13,90.0,90.0,87.610001,89.849998,89.849998,224.0
2016-07-14,90.5,90.5,87.300003,88.989998,88.989998,315.0
2016-07-15,90.0,90.0,88.900002,89.199997,89.199997,37.0
2016-07-18,88.900002,89.690002,88.900002,89.489998,89.489998,45.0
2016-07-19,88.900002,89.5,88.0,88.5,88.5,44.0
2016-07-20,89.25,89.5,87.300003,87.300003,87.300003,65.0
2016-07-21,89.889999,89.889999,89.0,89.0,89.0,166.0
2016-07-22,89.5,89.849998,88.349998,89.82,89.82,358.0
2016-07-25,89.949997,89.949997,87.550003,89.949997,89.949997,21.0
2016-07-26,90.0,90.0,88.510002,88.510002,88.510002,202.0
2016-07-27,89.989998,89.989998,89.989998,89.989998,89.989998,66.0
2016-07-28,89.989998,89.989998,89.940002,89.949997,89.949997,18.0
2016-07-29,90.0,90.0,89.949997,90.0,90.0,34.0
2016-08-01,89.5,91.0,85.550003,87.510002,87.510002,767.0
2016-08-02,90.900002,92.0,90.900002,91.739998,91.739998,405.0
2016-08-03,91.699997,91.739998,88.449997,90.989998,90.989998,498.0
2016-08-04,91.400002,91.400002,91.0,91.0,91.0,44.0
2016-08-05,91.0,91.0,90.599998,90.599998,90.599998,9.0
2016-08-08,90.599998,91.5,88.5,91.0,91.0,82.0
2016-08-09,92.889999,92.889999,91.739998,91.760002,91.760002,132.0
2016-08-10,92.0,92.0,88.5,91.0,91.0,146.0
2016-08-11,90.800003,90.800003,88.150002,88.25,88.25,236.0
2016-08-12,91.0,91.0,88.400002,88.870003,88.870003,193.0
2016-08-16,91.5,91.5,90.940002,90.940002,90.940002,115.0
2016-08-17,90.849998,90.849998,90.800003,90.849998,90.849998,35.0
2016-08-18,90.980003,109.0,90.5,90.809998,90.809998,2206.0
2016-08-19,91.900002,91.900002,90.010002,90.010002,90.010002,124.0
2016-08-22,93.800003,93.980003,90.099998,90.309998,90.309998,262.0
2016-08-23,91.5,91.5,86.699997,87.940002,87.940002,2325.0
2016-08-24,90.900002,103.800003,90.900002,91.260002,91.260002,1916.0
2016-08-25,91.099998,93.0,89.559998,89.800003,89.800003,230.0
2016-08-26,92.0,92.0,88.800003,91.239998,91.239998,425.0
2016-08-29,91.980003,91.980003,88.400002,89.199997,89.199997,189.0
2016-08-30,94.0,94.0,88.800003,90.889999,90.889999,314.0
2016-08-31,93.0,98.0,90.25,92.449997,92.449997,305.0
2016-09-01,92.400002,97.0,90.519997,93.059998,93.059998,543.0
2016-09-02,95.0,95.989998,91.010002,91.699997,91.699997,131.0
2016-09-06,94.5,94.5,91.699997,93.190002,93.190002,105.0
2016-09-07,93.150002,93.980003,91.150002,91.900002,91.900002,625.0
2016-09-08,93.5,93.5,91.5,91.5,91.5,30.0
2016-09-09,93.0,93.309998,92.879997,92.879997,92.879997,65.0
2016-09-12,92.849998,92.849998,89.199997,89.199997,89.199997,68.0
2016-09-14,89.199997,92.5,88.300003,88.300003,88.300003,111.0
2016-09-15,92.0,92.0,91.989998,92.0,92.0,126.0
2016-09-16,92.0,93.360001,92.0,92.5,92.5,59.0
2016-09-19,93.349998,93.349998,92.5,92.5,92.5,355.0
2016-09-20,92.989998,92.989998,92.0,92.0,92.0,14.0
2016-09-21,93.470001,93.480003,93.0,93.0,93.0,102.0
2016-09-22,93.0,93.0,93.0,93.0,93.0,53.0
2016-09-23,91.010002,92.0,90.610001,90.989998,90.989998,121.0
2016-09-26,90.5,92.5,90.5,92.5,92.5,151.0
2016-09-27,90.099998,90.5,89.150002,90.260002,90.260002,341.0
2016-09-28,90.029999,90.029999,90.029999,90.029999,90.029999,50.0
2016-09-29,92.0,92.0,90.0,90.0,90.0,91.0
2016-09-30,92.0,93.449997,92.0,93.449997,93.449997,166.0
2016-10-03,93.989998,93.989998,90.010002,93.940002,93.940002,546.0
2016-10-04,93.699997,93.699997,90.41999799999999,90.41999799999999,90.41999799999999,100.0
2016-10-05,91.0,93.449997,91.0,93.449997,93.449997,23.0
2016-10-06,93.0,93.449997,91.309998,93.449997,93.449997,361.0
2016-10-07,,,,,,
2016-10-10,93.449997,94.050003,93.449997,94.0,94.0,859.0
2016-10-13,94.440002,94.440002,90.099998,90.099998,90.099998,381.0
2016-10-14,93.839996,93.839996,90.5,90.57,90.57,15.0
2016-10-17,92.989998,93.0,92.849998,92.989998,92.989998,75.0
2016-10-18,93.0,93.489998,90.5,90.510002,90.510002,320.0
2016-10-19,91.0,91.0,91.0,91.0,91.0,15.0
2016-10-20,93.0,93.75,90.510002,90.650002,90.650002,261.0
2016-10-21,93.989998,93.989998,92.0,92.0,92.0,80.0
2016-10-24,92.0,93.0,90.660004,91.0,91.0,402.0
2016-10-25,92.900002,92.989998,92.900002,92.989998,92.989998,22.0
2016-10-26,90.599998,90.599998,90.599998,90.599998,90.599998,2.0
2016-10-27,90.5,92.900002,90.5,92.900002,92.900002,35.0
2016-10-28,,,,,,
2016-11-01,91.5,93.449997,91.5,93.0,93.0,199.0
2016-11-02,,,,,,
2016-11-03,92.5,93.0,90.599998,92.129997,92.129997,124.0
2016-11-04,90.5,93.0,86.5,86.5,86.5,1652.0
2016-11-07,91.75,92.0,91.449997,91.849998,91.849998,81.0
2016-11-08,91.800003,91.800003,91.800003,91.800003,91.800003,8.0
2016-11-09,92.0,106.699997,88.0,92.150002,92.150002,4395.0
2016-11-10,92.150002,99.989998,92.150002,98.800003,98.800003,497.0
2016-11-11,98.0,106.0,96.0,96.0,96.0,466.0
2016-11-15,100.0,106.5,95.220001,100.0,100.0,607.0
2016-11-16,105.0,105.0,105.0,105.0,105.0,10.0
2016-11-17,95.099998,95.099998,95.099998,95.099998,95.099998,100.0
2016-11-18,,,,,,
2016-11-21,95.099998,95.099998,95.099998,95.099998,95.099998,1.0
2016-11-22,,,,,,
2016-11-23,,,,,,
2016-11-24,101.550003,101.550003,95.5,95.5,95.5,129.0
2016-11-25,,,,,,
2016-11-28,95.099998,95.099998,95.099998,95.099998,95.099998,874.0
2016-11-29,90.5,90.5,90.5,90.5,90.5,200.0
2016-11-30,,,,,,
2016-12-01,101.0,101.0,91.510002,91.510002,91.510002,412.0
2016-12-02,92.0,92.0,92.0,92.0,92.0,1.0
2016-12-05,92.099998,95.0,92.0,95.0,95.0,150.0
2016-12-06,92.5,92.5,90.110001,91.099998,91.099998,334.0
2016-12-07,95.0,95.0,95.0,95.0,95.0,65.0
2016-12-08,95.0,95.0,93.099998,95.0,95.0,241.0
2016-12-09,95.0,99.800003,95.0,99.5,99.5,475.0
2016-12-12,102.989998,104.620003,99.5,99.5,99.5,116.0
2016-12-13,,,,,,
2016-12-14,101.5,102.0,101.449997,101.449997,101.449997,110.0
2016-12-15,,,,,,
2016-12-16,101.400002,102.0,101.400002,101.400002,101.400002,50.0
2016-12-19,101.0,101.0,101.0,101.0,101.0,49.0
2016-12-20,,,,,,
2016-12-21,100.949997,101.0,90.610001,92.699997,92.699997,267.0
2016-12-22,100.91999799999999,100.91999799999999,94.0,94.0,94.0,72.0
2016-12-23,,,,,,
2016-12-26,99.849998,99.849998,99.849998,99.849998,99.849998,21.0
2016-12-27,101.300003,101.300003,92.110001,96.93,96.93,28.0
2016-12-28,,,,,,
2016-12-29,100.760002,100.760002,93.0,93.900002,93.900002,914.0
2016-12-30,93.900002,93.900002,93.900002,93.900002,93.900002,269.0
2017-01-02,99.5,99.650002,95.010002,95.66999799999999,95.66999799999999,281.0
2017-01-03,96.050003,96.050003,96.0,96.0,96.0,15.0
2017-01-04,,,,,,
2017-01-05,99.400002,99.5,99.239998,99.239998,99.239998,121.0
2017-01-06,,,,,,
2017-01-09,99.239998,99.5,92.099998,92.099998,92.099998,1726.0
2017-01-10,96.0,96.0,95.0,95.0,95.0,57.0
2017-01-11,95.0,95.0,92.5,92.5,92.5,2006.0
2017-01-12,95.900002,95.900002,91.650002,93.0,93.0,212.0
2017-01-13,93.349998,93.349998,91.800003,91.800003,91.800003,110.0
2017-01-16,,,,,,
2017-01-17,93.5,93.599998,93.5,93.599998,93.599998,55.0
2017-01-18,,,,,,
2017-01-19,94.900002,94.900002,94.900002,94.900002,94.900002,23.0
2017-01-20,94.449997,94.449997,91.050003,91.050003,91.050003,156.0
2017-01-23,94.449997,94.5,94.449997,94.5,94.5,51.0
2017-01-24,94.449997,94.449997,91.050003,93.989998,93.989998,22.0
2017-01-25,91.0,93.0,90.050003,90.400002,90.400002,488.0
2017-01-27,94.199997,94.349998,94.199997,94.269997,94.269997,2.0
2017-01-30,94.199997,94.199997,90.099998,93.989998,93.989998,34.0
2017-01-31,90.110001,92.989998,90.050003,90.07,90.07,290.0
2017-02-01,93.400002,93.400002,93.400002,93.400002,93.400002,116.0
2017-02-02,93.379997,93.389999,90.099998,92.5,92.5,1052.0
2017-02-03,90.559998,92.449997,90.559998,92.449997,92.449997,30.0
2017-02-06,92.400002,92.449997,90.650002,90.650002,90.650002,532.0
2017-02-07,93.0,96.5,92.599998,93.040001,93.040001,701.0
2017-02-08,93.040001,93.040001,93.040001,93.040001,93.040001,167.0
2017-02-09,96.989998,96.989998,91.620003,93.0,93.0,172.0
2017-02-10,94.949997,96.0,92.5,92.5,92.5,761.0
2017-02-13,95.0,95.0,91.25,91.25,91.25,77.0
2017-02-14,,,,,,
2017-02-15,,,,,,
2017-02-16,94.0,94.0,91.260002,91.260002,91.260002,21.0
2017-02-17,94.0,94.0,93.900002,93.900002,93.900002,66.0
2017-02-20,96.0,96.0,94.5,94.5,94.5,1300.0
2017-02-21,94.0,95.0,94.0,94.949997,94.949997,56.0
2017-02-22,94.0,94.0,92.610001,92.610001,92.610001,84.0
2017-02-23,96.980003,96.980003,92.660004,94.639999,94.639999,413.0
2017-02-27,94.599998,94.989998,94.599998,94.989998,94.989998,50.0
2017-02-28,94.400002,94.400002,92.300003,94.400002,94.400002,54.0
2017-03-01,94.400002,94.400002,94.400002,94.400002,94.400002,219.0
2017-03-02,94.400002,94.400002,94.400002,94.400002,94.400002,265.0
2017-03-03,91.5,91.5,91.5,91.5,91.5,1.0
2017-03-06,96.800003,96.800003,92.0,92.0,92.0,650.0
2017-03-07,,,,,,
2017-03-08,92.059998,92.199997,92.059998,92.129997,92.129997,100.0
2017-03-09,95.5,95.739998,94.949997,95.309998,95.309998,53.0
2017-03-10,94.150002,95.5,92.199997,95.0,95.0,110.0
2017-03-14,96.0,104.400002,94.199997,94.199997,94.199997,740.0
2017-03-15,94.5,94.949997,94.209999,94.209999,94.209999,210.0
2017-03-16,94.25,99.58000200000001,94.0,98.949997,98.949997,606.0
2017-03-17,98.900002,98.900002,94.209999,96.400002,96.400002,654.0
2017-03-20,96.199997,96.199997,95.900002,96.0,96.0,180.0
2017-03-21,96.0,96.0,95.900002,95.900002,95.900002,54.0
2017-03-22,95.900002,98.989998,95.900002,98.989998,98.989998,10.0
2017-03-23,98.470001,98.470001,95.900002,95.900002,95.900002,146.0
2017-03-24,98.970001,98.970001,94.0,94.0,94.0,208.0
2017-03-27,94.0,94.059998,93.25,94.059998,94.059998,46.0
2017-03-28,,,,,,
2017-03-29,97.75,97.75,93.550003,93.550003,93.550003,297.0
2017-03-30,97.849998,97.849998,93.599998,96.989998,96.989998,40.0
2017-03-31,97.0,103.300003,97.0,100.949997,100.949997,1201.0
2017-04-03,96.5,104.0,96.010002,98.75,98.75,255.0
2017-04-05,103.900002,103.900002,103.800003,103.800003,103.800003,31.0
2017-04-06,103.800003,103.800003,103.800003,103.800003,103.800003,101.0
2017-04-07,103.989998,107.0,103.989998,106.699997,106.699997,352.0
2017-04-10,105.449997,109.900002,104.0,109.900002,109.900002,303.0
2017-04-11,109.050003,109.050003,109.050003,109.050003,109.050003,10.0
2017-04-12,109.050003,109.050003,109.050003,109.050003,109.050003,12.0
2017-04-13,109.050003,109.800003,107.0,109.440002,109.440002,243.0
2017-04-17,109.449997,109.449997,107.900002,107.980003,107.980003,145.0
2017-04-18,108.949997,109.949997,98.25,103.989998,103.989998,490.0
2017-04-19,104.0,104.0,104.0,104.0,104.0,108.0
2017-04-20,112.0,112.0,100.099998,108.5,108.5,70.0
2017-04-21,110.949997,111.050003,105.0,105.129997,105.129997,167.0
2017-04-24,108.989998,109.0,105.010002,108.900002,108.900002,14.0
2017-04-25,114.800003,114.800003,105.620003,111.5,111.5,340.0
2017-04-26,109.75,109.75,107.0,107.0,107.0,121.0
2017-04-27,107.0,108.050003,101.0,108.050003,108.050003,354.0
2017-04-28,108.050003,108.050003,108.0,108.0,108.0,22.0
2017-05-02,108.050003,109.0,107.0,107.0,107.0,507.0
2017-05-03,,,,,,
2017-05-04,107.0,109.0,104.989998,105.0,105.0,1143.0
2017-05-05,109.150002,110.5,87.599998,94.760002,94.760002,13125.0
2017-05-08,99.900002,99.900002,94.43,95.58000200000001,95.58000200000001,2882.0
2017-05-09,95.550003,96.650002,95.199997,95.239998,95.239998,781.0
2017-05-10,95.239998,98.300003,95.239998,96.010002,96.010002,451.0
2017-05-11,99.0,99.0,95.5,96.0,96.0,1207.0
2017-05-12,96.989998,97.0,95.25,95.410004,95.410004,471.0
2017-05-15,,,,,,
2017-05-16,96.0,98.599998,95.599998,95.800003,95.800003,244.0
2017-05-17,100.0,101.0,98.0,98.209999,98.209999,662.0
2017-05-18,99.989998,99.989998,95.699997,96.980003,96.980003,78.0
2017-05-19,99.489998,99.5,99.389999,99.400002,99.400002,150.0
2017-05-22,97.059998,100.739998,97.059998,99.0,99.0,103.0
2017-05-23,101.0,101.0,99.5,99.5,99.5,1010.0
2017-05-24,,,,,,
2017-05-25,100.0,100.980003,99.489998,100.0,100.0,230.0
2017-05-26,97.099998,100.309998,97.099998,99.989998,99.989998,364.0
2017-05-29,100.0,102.0,97.550003,98.209999,98.209999,149.0
2017-05-30,,,,,,
2017-05-31,100.300003,101.300003,100.300003,100.550003,100.550003,42.0
2017-06-01,100.300003,102.0,98.0,100.989998,100.989998,137.0
2017-06-02,97.099998,97.370003,97.010002,97.370003,97.370003,172.0
2017-06-05,103.949997,109.150002,100.010002,101.66999799999999,101.66999799999999,958.0
2017-06-06,101.699997,101.699997,100.0,100.0,100.0,197.0
2017-06-07,,,,,,
2017-06-08,103.0,103.0,101.010002,103.0,103.0,80.0
2017-06-09,103.0,108.25,103.0,104.0,104.0,142.0
2017-06-12,104.0,108.25,99.099998,102.989998,102.989998,455.0
2017-06-13,100.5,106.989998,100.5,106.529999,106.529999,132.0
2017-06-14,101.099998,101.099998,101.099998,101.099998,101.099998,3.0
2017-06-15,106.0,108.239998,101.620003,103.209999,103.209999,41.0
2017-06-16,,,,,,
2017-06-19,106.0,108.0,101.0,103.970001,103.970001,130.0
2017-06-20,104.0,107.989998,101.510002,103.940002,103.940002,227.0
2017-06-21,104.0,106.989998,104.0,106.0,106.0,60.0
2017-06-22,105.489998,107.199997,103.510002,106.620003,106.620003,250.0
2017-06-23,102.5,105.0,102.110001,105.0,105.0,56.0
2017-06-27,109.0,109.0,101.0,102.989998,102.989998,105.0
2017-06-28,100.25,100.25,100.25,100.25,100.25,2.0
2017-06-29,104.989998,109.0,102.0,107.0,107.0,358.0
2017-06-30,96.300003,109.800003,96.300003,102.639999,102.639999,1551.0
2017-07-03,106.0,108.989998,103.5,105.900002,105.900002,195.0
2017-07-04,106.0,107.0,102.510002,104.0,104.0,330.0
2017-07-05,107.0,107.0,107.0,107.0,107.0,27.0
2017-07-06,103.0,107.0,103.0,107.0,107.0,35.0
2017-07-07,102.559998,103.0,102.559998,103.0,103.0,27.0
2017-07-10,95.110001,110.300003,95.110001,102.5,102.5,969.0
2017-07-11,106.0,107.279999,103.099998,103.099998,103.099998,172.0
2017-07-12,106.0,106.480003,103.25,103.25,103.25,117.0
2017-07-13,103.010002,106.980003,103.010002,104.0,104.0,140.0
2017-07-14,103.0,103.0,103.0,103.0,103.0,50.0
2017-07-17,102.099998,102.260002,102.099998,102.260002,102.260002,104.0
2017-07-18,102.0,102.0,102.0,102.0,102.0,59.0
2017-07-19,103.989998,104.0,103.989998,104.0,104.0,59.0
2017-07-20,106.900002,108.5,102.110001,102.559998,102.559998,933.0
2017-07-21,100.010002,104.0,100.0,103.0,103.0,319.0
2017-07-24,102.660004,105.0,102.660004,102.989998,102.989998,98.0
2017-07-25,103.0,103.0,102.599998,102.75,102.75,465.0
2017-07-26,105.5,105.5,102.75,102.75,102.75,36.0
2017-07-27,102.75,106.449997,102.349998,102.349998,102.349998,256.0
2017-07-28,102.150002,105.980003,102.150002,102.150002,102.150002,160.0
2017-07-31,106.900002,106.900002,105.0,106.0,106.0,22.0
2017-08-01,105.0,105.949997,102.16999799999999,102.16999799999999,102.16999799999999,295.0
2017-08-02,102.550003,102.559998,102.550003,102.550003,102.550003,63.0
2017-08-03,105.5,105.599998,105.0,105.0,105.0,163.0
2017-08-04,104.959999,105.0,104.0,104.940002,104.940002,50.0
2017-08-07,105.0,106.199997,103.449997,106.199997,106.199997,130.0
2017-08-08,106.5,106.5,105.0,105.0,105.0,89.0
2017-08-09,106.190002,106.199997,105.989998,106.18,106.18,148.0
2017-08-10,106.139999,106.139999,103.75,104.91999799999999,104.91999799999999,257.0
2017-08-11,105.989998,105.989998,102.0,102.0,102.0,28.0
2017-08-14,106.0,106.400002,101.050003,106.129997,106.129997,147.0
2017-08-16,106.190002,106.58000200000001,106.0,106.449997,106.449997,50.0
2017-08-17,106.18,106.190002,105.5,105.5,105.5,450.0
2017-08-18,103.0,106.599998,102.949997,106.599998,106.599998,78.0
2017-08-21,106.599998,106.599998,103.0,106.400002,106.400002,107.0
2017-08-22,106.550003,106.599998,103.0,105.989998,105.989998,203.0
2017-08-23,106.589996,106.589996,102.0,102.0,102.0,11.0
2017-08-24,106.58000200000001,106.589996,102.160004,103.809998,103.809998,255.0
2017-08-28,103.0,104.0,103.0,104.0,104.0,19.0
2017-08-29,104.0,104.0,101.050003,104.0,104.0,509.0
2017-08-30,103.0,104.0,103.0,104.0,104.0,202.0
2017-08-31,104.0,104.0,103.449997,104.0,104.0,67.0
2017-09-01,104.0,104.0,103.949997,104.0,104.0,379.0
2017-09-04,104.0,104.0,103.550003,103.550003,103.550003,50.0
2017-09-05,104.0,104.0,103.550003,104.0,104.0,406.0
2017-09-06,104.0,104.0,104.0,104.0,104.0,50.0
2017-09-07,104.0,104.5,103.75,104.5,104.5,244.0
2017-09-08,104.5,104.5,104.5,104.5,104.5,0.0
2017-09-11,106.989998,106.989998,106.989998,106.989998,106.989998,66.0
2017-09-12,106.989998,106.989998,106.93,106.93,106.93,32.0
2017-09-13,106.449997,106.449997,103.760002,104.5,104.5,64.0
2017-09-14,103.760002,106.739998,103.75,105.82,105.82,47.0
2017-09-15,105.0,105.0,103.75,103.760002,103.760002,130.0
2017-09-18,104.0,104.0,104.0,104.0,104.0,3.0
2017-09-19,104.0,104.0,104.0,104.0,104.0,11.0
2017-09-20,106.900002,107.209999,103.959999,104.199997,104.199997,93.0
2017-09-21,106.989998,107.0,106.650002,106.650002,106.650002,56.0
2017-09-22,108.300003,109.989998,104.0,107.0,107.0,30.0
2017-09-25,107.300003,110.300003,104.0,104.0,104.0,63.0
2017-09-26,107.300003,107.300003,103.949997,103.949997,103.949997,19.0
2017-09-27,107.300003,110.0,103.949997,103.949997,103.949997,385.0
2017-09-28,103.949997,106.730003,103.260002,104.529999,104.529999,39.0
2017-09-29,107.300003,109.0,103.360001,106.540001,106.540001,19.0
2017-10-03,106.989998,107.0,103.66999799999999,107.0,107.0,123.0
2017-10-04,107.0,107.0,106.75,106.75,106.75,210.0
2017-10-05,106.739998,106.75,104.120003,104.610001,104.610001,223.0
2017-10-06,104.050003,106.5,104.050003,105.260002,105.260002,810.0
2017-10-09,106.980003,106.989998,105.25,106.949997,106.949997,89.0
2017-10-10,106.949997,106.949997,106.699997,106.699997,106.699997,28.0
2017-10-11,106.980003,106.989998,105.010002,106.900002,106.900002,15.0
2017-10-12,106.980003,106.989998,104.0,106.800003,106.800003,209.0
2017-10-13,106.800003,106.800003,106.800003,106.800003,106.800003,0.0
2017-10-16,106.790001,106.800003,106.790001,106.800003,106.800003,14.0
2017-10-17,106.739998,106.739998,106.739998,106.739998,106.739998,10.0
2017-10-18,106.739998,106.739998,106.739998,106.739998,106.739998,0.0
2017-10-19,106.75,107.0,106.050003,106.75,106.75,54.0
2017-10-23,107.0,107.0,107.0,107.0,107.0,91.0
2017-10-24,107.0,107.0,107.0,107.0,107.0,0.0
2017-10-25,107.0,107.150002,107.0,107.0,107.0,244.0
2017-10-26,107.0,107.989998,103.010002,105.989998,105.989998,597.0
2017-10-27,106.0,106.0,102.25,102.25,102.25,12.0
2017-10-30,107.239998,107.25,103.099998,107.0,107.0,16.0
2017-10-31,104.010002,107.989998,101.58000200000001,105.790001,105.790001,78.0
2017-11-01,107.300003,108.0,107.0,107.0,107.0,272.0
2017-11-02,106.989998,107.989998,104.150002,106.980003,106.980003,170.0
2017-11-03,104.519997,104.709999,104.519997,104.650002,104.650002,244.0
2017-11-06,106.0,107.290001,106.0,106.699997,106.699997,91.0
2017-11-07,107.290001,107.290001,106.949997,106.949997,106.949997,215.0
2017-11-08,107.290001,108.0,106.949997,107.989998,107.989998,98.0
2017-11-09,107.989998,108.0,107.93,107.980003,107.980003,111.0
2017-11-10,107.980003,108.0,106.209999,107.970001,107.970001,65.0
2017-11-13,107.980003,107.989998,100.300003,105.489998,105.489998,2389.0
2017-11-14,106.480003,106.940002,105.5,106.940002,106.940002,108.0
2017-11-15,102.0,107.489998,100.209999,107.139999,107.139999,445.0
2017-11-16,107.410004,107.410004,103.099998,104.010002,104.010002,42.0
2017-11-17,104.519997,106.5,104.519997,106.5,106.5,1110.0
2017-11-20,107.839996,107.889999,105.0,105.0,105.0,42.0
2017-11-21,107.93,107.989998,105.800003,105.809998,105.809998,190.0
2017-11-22,106.449997,107.0,105.0,105.019997,105.019997,177.0
2017-11-23,107.879997,107.989998,105.099998,106.589996,106.589996,95.0
2017-11-24,107.889999,108.0,107.889999,107.989998,107.989998,28.0
2017-11-27,107.0,107.0,105.25,105.25,105.25,19.0
2017-11-28,107.989998,108.0,105.260002,107.989998,107.989998,337.0
2017-11-29,107.800003,107.800003,107.800003,107.800003,107.800003,30.0
2017-11-30,107.989998,107.989998,105.650002,105.650002,105.650002,94.0
2017-12-01,108.0,108.0,105.400002,105.400002,105.400002,428.0
2017-12-04,105.650002,105.699997,105.650002,105.699997,105.699997,105.0
2017-12-05,105.699997,107.849998,104.010002,104.010002,104.010002,264.0
2017-12-06,107.779999,107.779999,102.010002,102.150002,102.150002,54.0
2017-12-07,107.0,107.0,105.599998,106.489998,106.489998,37.0
2017-12-08,105.25,107.0,103.0,106.800003,106.800003,27.0
2017-12-11,107.0,108.989998,107.0,108.129997,108.129997,146.0
2017-12-12,108.0,108.0,107.0,107.0,107.0,47.0
2017-12-13,107.0,107.0,103.860001,103.860001,103.860001,217.0
2017-12-14,108.0,109.0,104.050003,108.010002,108.010002,889.0
2017-12-15,108.300003,109.989998,108.300003,108.800003,108.800003,116.0
2017-12-18,105.25,108.300003,105.25,105.300003,105.300003,119.0
2017-12-19,108.300003,108.889999,106.5,108.300003,108.300003,27.0
2017-12-20,104.510002,108.599998,104.510002,106.050003,106.050003,79.0
2017-12-21,104.0,108.970001,104.0,108.389999,108.389999,76.0
2017-12-22,108.900002,109.0,106.010002,109.0,109.0,204.0
2017-12-26,108.989998,108.989998,106.0,106.690002,106.690002,276.0
2017-12-27,106.650002,107.0,106.099998,107.0,107.0,77.0
2017-12-28,108.989998,108.989998,104.510002,108.800003,108.800003,48.0
2017-12-29,109.0,109.0,104.110001,108.480003,108.480003,106.0
2018-01-01,109.0,110.0,106.019997,110.0,110.0,245.0
2018-01-02,106.099998,123.0,104.529999,107.93,107.93,1198.0
2018-01-03,107.199997,109.5,105.599998,105.699997,105.699997,350.0
2018-01-04,111.889999,111.900002,106.25,106.800003,106.800003,116.0
2018-01-05,110.5,110.5,106.0,106.190002,106.190002,275.0
2018-01-08,106.910004,109.849998,106.300003,107.75,107.75,181.0
2018-01-09,108.0,110.0,108.0,110.0,110.0,161.0
2018-01-10,112.989998,114.980003,109.110001,112.989998,112.989998,671.0
2018-01-11,112.0,112.0,110.0,110.0,110.0,56.0
2018-01-12,110.0,112.0,108.010002,109.629997,109.629997,310.0
2018-01-15,110.0,110.800003,105.809998,110.0,110.0,246.0
2018-01-16,110.0,112.0,110.0,111.980003,111.980003,156.0
2018-01-17,110.0,110.0,106.510002,107.099998,107.099998,220.0
2018-01-18,109.989998,109.989998,106.599998,106.599998,106.599998,110.0
2018-01-19,107.0,109.75,107.0,109.5,109.5,184.0
2018-01-22,106.400002,109.989998,106.150002,107.75,107.75,605.0
2018-01-23,109.989998,109.989998,107.099998,109.349998,109.349998,557.0
2018-01-24,109.349998,109.790001,109.349998,109.790001,109.790001,78.0
2018-01-25,109.790001,109.790001,108.120003,109.25,109.25,1052.0
2018-01-29,108.010002,109.739998,108.010002,109.559998,109.559998,447.0
2018-01-30,109.5,109.699997,108.25,109.66999799999999,109.66999799999999,83.0
2018-01-31,109.699997,109.75,109.5,109.5,109.5,968.0
2018-02-01,114.800003,114.800003,110.0,113.980003,113.980003,294.0
2018-02-02,113.900002,113.900002,108.0,109.139999,109.139999,139.0
2018-02-05,112.0,114.25,112.0,114.160004,114.160004,1765.0
2018-02-06,108.0,113.980003,101.599998,104.650002,104.650002,2485.0
2018-02-07,108.970001,112.400002,107.0,112.400002,112.400002,164.0
2018-02-08,112.400002,114.940002,107.360001,108.290001,108.290001,368.0
2018-02-09,107.099998,111.699997,107.099998,109.010002,109.010002,192.0
2018-02-12,114.900002,114.900002,111.739998,111.75,111.75,238.0
2018-02-14,111.75,111.75,111.75,111.75,111.75,25.0
2018-02-15,114.489998,114.489998,114.449997,114.449997,114.449997,16.0
2018-02-16,114.0,114.989998,113.5,114.989998,114.989998,114.0
2018-02-19,114.0,114.0,107.010002,112.980003,112.980003,38.0
2018-02-20,112.980003,112.980003,112.980003,112.980003,112.980003,0.0
2018-02-21,113.0,113.0,111.0,111.0,111.0,10.0
2018-02-22,111.0,113.400002,111.0,112.279999,112.279999,44.0
2018-02-23,112.989998,112.989998,107.75,108.0,108.0,38.0
2018-02-26,113.389999,113.449997,109.010002,113.0,113.0,28.0
2018-02-27,113.0,113.0,107.25,107.5,107.5,8.0
2018-02-28,112.239998,112.300003,112.120003,112.120003,112.120003,156.0
2018-03-01,112.900002,112.949997,112.900002,112.900002,112.900002,135.0
2018-03-05,112.949997,112.989998,107.599998,110.989998,110.989998,362.0
2018-03-06,111.949997,111.949997,111.800003,111.800003,111.800003,9.0
2018-03-07,111.800003,111.800003,111.800003,111.800003,111.800003,0.0
2018-03-08,111.75,111.75,111.0,111.0,111.0,66.0
2018-03-09,112.0,113.5,106.110001,108.220001,108.220001,66.0
2018-03-12,114.900002,114.900002,108.599998,112.989998,112.989998,93.0
2018-03-13,112.989998,113.0,112.989998,112.989998,112.989998,7.0
2018-03-14,112.989998,112.989998,112.989998,112.989998,112.989998,0.0
2018-03-15,112.970001,112.970001,106.099998,112.889999,112.889999,28.0
2018-03-16,112.889999,112.889999,112.889999,112.889999,112.889999,1.0
2018-03-19,112.400002,114.900002,112.389999,114.059998,114.059998,56.0
2018-03-20,114.0,114.150002,108.0,108.0,108.0,112.0
2018-03-21,108.0,108.0,103.599998,105.0,105.0,651.0
2018-03-22,111.989998,113.949997,105.099998,105.349998,105.349998,134.0
2018-03-23,112.5,112.5,107.0,108.559998,108.559998,461.0
2018-03-26,112.0,112.0,106.099998,110.0,110.0,117.0
2018-03-27,106.25,108.0,106.099998,107.989998,107.989998,170.0
2018-03-28,107.940002,107.940002,107.940002,107.940002,107.940002,25.0
2018-04-02,108.0,112.389999,104.0,104.150002,104.150002,1557.0
2018-04-03,106.0,109.75,105.010002,105.5,105.5,26.0
2018-04-04,110.5,110.5,106.099998,108.900002,108.900002,3.0
2018-04-05,108.900002,110.75,106.800003,108.0,108.0,122.0
2018-04-06,112.0,112.0,111.989998,111.989998,111.989998,7.0
2018-04-09,112.900002,113.480003,107.0,110.0,110.0,217.0
2018-04-10,113.989998,113.989998,107.5,111.980003,111.980003,56.0
2018-04-11,107.949997,111.790001,107.949997,111.650002,111.650002,7.0
2018-04-12,107.5,114.0,107.5,112.660004,112.660004,226.0
2018-04-13,114.449997,114.889999,106.0,107.800003,107.800003,1141.0
2018-04-16,113.989998,114.889999,103.0,106.0,106.0,3687.0
2018-04-17,106.989998,106.989998,105.0,105.980003,105.980003,2198.0
2018-04-18,106.5,106.5,104.0,105.660004,105.660004,4141.0
2018-04-19,106.489998,106.489998,105.0,105.099998,105.099998,3188.0
2018-04-20,105.199997,106.449997,104.5,105.349998,105.349998,1648.0
2018-04-23,105.25,106.489998,105.0,105.010002,105.010002,289.0
2018-04-24,105.0,109.400002,105.0,105.5,105.5,158.0
2018-04-25,108.0,108.0,105.150002,105.190002,105.190002,262.0
2018-04-26,106.0,106.0,106.0,106.0,106.0,275.0
2018-04-27,105.900002,105.900002,105.699997,105.849998,105.849998,184.0
2018-04-30,108.989998,108.989998,106.0,106.0,106.0,246.0
2018-05-02,106.0,109.0,105.800003,105.800003,105.800003,311.0
2018-05-03,105.900002,106.400002,105.0,106.400002,106.400002,94.0
2018-05-04,106.400002,106.400002,106.400002,106.400002,106.400002,3.0
2018-05-07,106.5,107.489998,106.400002,106.449997,106.449997,569.0
2018-05-08,106.400002,106.400002,106.349998,106.349998,106.349998,45.0
2018-05-09,106.5,111.989998,106.400002,110.0,110.0,17753.0
2018-05-10,111.989998,114.970001,110.010002,110.68,110.68,937.0
2018-05-11,110.0,110.0,110.0,110.0,110.0,20.0
2018-05-14,110.0,110.900002,109.5,110.889999,110.889999,109.0
2018-05-15,111.589996,111.589996,111.550003,111.550003,111.550003,84.0
2018-05-16,107.309998,107.309998,106.650002,107.25,107.25,79.0
2018-05-17,110.860001,110.860001,109.989998,110.550003,110.550003,55.0
2018-05-18,110.0,110.0,109.0,109.0,109.0,3.0
2018-05-21,108.989998,108.989998,108.150002,108.18,108.18,22.0
2018-05-22,113.5,117.989998,109.010002,115.720001,115.720001,520.0
2018-05-23,114.989998,115.699997,110.0,115.089996,115.089996,23.0
2018-05-24,115.0,116.900002,104.550003,108.230003,108.230003,562.0
2018-05-25,114.779999,114.779999,109.800003,109.800003,109.800003,66.0
2018-05-28,109.809998,113.0,109.800003,109.800003,109.800003,25.0
2018-05-29,109.800003,117.900002,108.800003,108.900002,108.900002,296.0
2018-05-30,111.970001,111.970001,108.099998,108.379997,108.379997,33.0
2018-05-31,108.699997,111.989998,107.199997,111.0,111.0,42.0
2018-06-01,111.989998,111.989998,107.25,108.800003,108.800003,1044.0
2018-06-04,111.980003,111.980003,110.389999,110.389999,110.389999,30.0
2018-06-05,111.0,112.0,109.0,112.0,112.0,609.0
2018-06-06,111.699997,111.75,111.699997,111.75,111.75,10.0
2018-06-07,111.699997,111.699997,110.0,111.650002,111.650002,28.0
2018-06-08,110.0,110.449997,107.360001,110.0,110.0,1573.0
2018-06-11,108.099998,111.0,108.099998,111.0,111.0,21.0
2018-06-12,111.989998,112.0,108.25,111.0,111.0,167.0
2018-06-13,114.75,114.75,110.0,110.0,110.0,156.0
2018-06-14,113.980003,113.980003,110.0,110.0,110.0,64.0
2018-06-15,110.5,110.5,109.010002,109.010002,109.010002,385.0
2018-06-18,112.900002,113.0,109.010002,111.989998,111.989998,69.0
2018-06-19,111.93,111.93,109.360001,109.360001,109.360001,223.0
2018-06-20,110.349998,112.980003,109.650002,111.699997,111.699997,281.0
2018-06-21,109.900002,109.900002,109.849998,109.849998,109.849998,2.0
2018-06-22,109.849998,110.550003,107.019997,109.739998,109.739998,659.0
2018-06-25,111.300003,111.300003,110.970001,110.970001,110.970001,39.0
2018-06-26,110.5,110.5,109.0,109.0,109.0,11.0
2018-06-27,109.690002,109.699997,107.550003,108.5,108.5,341.0
2018-06-28,108.0,108.0,108.0,108.0,108.0,15.0
2018-06-29,108.0,108.0,107.5,107.5,107.5,310.0
2018-07-02,110.989998,112.0,107.650002,107.650002,107.650002,326.0
2018-07-03,107.860001,112.0,107.860001,111.910004,111.910004,24.0
2018-07-04,111.900002,111.900002,108.0,108.0,108.0,40.0
2018-07-05,110.989998,111.0,110.989998,111.0,111.0,71.0
2018-07-06,108.010002,111.0,108.010002,110.989998,110.989998,15.0
2018-07-09,111.970001,113.0,108.449997,108.449997,108.449997,243.0
2018-07-10,112.800003,112.800003,109.019997,109.019997,109.019997,21.0
2018-07-11,110.449997,110.449997,110.449997,110.449997,110.449997,13.0
2018-07-12,112.889999,112.989998,110.459999,112.93,112.93,98.0
2018-07-13,112.900002,112.949997,112.790001,112.93,112.93,58.0
2018-07-16,112.849998,112.889999,111.0,111.0,111.0,103.0
2018-07-17,111.0,111.0,108.059998,108.059998,108.059998,24.0
2018-07-18,112.879997,112.989998,110.010002,112.190002,112.190002,154.0
2018-07-19,112.190002,112.190002,112.190002,112.190002,112.190002,0.0
2018-07-20,112.989998,112.989998,110.449997,111.16999799999999,111.16999799999999,44.0
2018-07-23,111.0,112.989998,111.0,111.980003,111.980003,234.0
2018-07-24,112.0,112.0,111.75,112.0,112.0,388.0
2018-07-25,112.0,112.0,112.0,112.0,112.0,309.0
2018-07-26,112.0,112.0,112.0,112.0,112.0,200.0
2018-07-27,112.0,112.0,112.0,112.0,112.0,56.0
2018-07-30,112.0,115.0,111.449997,113.410004,113.410004,362.0
2018-07-31,111.5,114.0,111.5,114.0,114.0,56.0
2018-08-01,114.0,122.720001,113.610001,114.709999,114.709999,1580.0
2018-08-02,117.0,117.0,112.0,113.110001,113.110001,783.0
2018-08-03,114.010002,120.550003,114.010002,116.93,116.93,255.0
2018-08-06,115.010002,116.790001,113.25,114.449997,114.449997,953.0
2018-08-07,114.440002,114.5,113.620003,113.870003,113.870003,356.0
2018-08-08,114.0,115.989998,114.0,114.690002,114.690002,116.0
2018-08-09,115.0,118.800003,114.199997,114.199997,114.199997,657.0
2018-08-10,114.790001,114.790001,114.489998,114.5,114.5,346.0
2018-08-13,116.400002,116.489998,112.0,112.349998,112.349998,991.0
2018-08-14,115.849998,115.849998,113.550003,113.550003,113.550003,980.0
2018-08-16,115.400002,115.400002,113.75,113.760002,113.760002,72.0
2018-08-17,117.0,117.0,113.75,114.019997,114.019997,117.0
2018-08-20,116.900002,116.900002,111.25,113.610001,113.610001,181.0
2018-08-21,116.980003,116.980003,113.349998,115.900002,115.900002,169.0
2018-08-23,116.0,116.0,114.099998,114.550003,114.550003,97.0
2018-08-24,116.0,116.0,114.540001,114.540001,114.540001,217.0
2018-08-27,116.5,116.5,114.0,114.010002,114.010002,211.0
2018-08-28,112.099998,116.900002,112.099998,114.0,114.0,260.0
2018-08-29,116.800003,116.800003,114.0,114.0,114.0,279.0
2018-08-30,114.0,116.400002,113.0,114.0,114.0,1079.0
2018-08-31,115.989998,115.989998,112.440002,112.699997,112.699997,304.0
2018-09-03,114.800003,114.900002,113.5,113.529999,113.529999,288.0
2018-09-04,115.0,115.0,113.0,114.75,114.75,152.0
2018-09-05,113.0,115.980003,113.0,114.989998,114.989998,142.0
2018-09-06,114.650002,116.440002,114.010002,115.879997,115.879997,122.0
2018-09-07,112.5,114.949997,111.559998,114.900002,114.900002,388.0
2018-09-10,116.980003,116.980003,113.0,116.0,116.0,257.0
2018-09-11,115.83000200000001,115.83000200000001,113.150002,114.0,114.0,92.0
2018-09-12,114.0,116.839996,110.599998,116.779999,116.779999,158.0
2018-09-14,116.75,116.989998,112.050003,115.989998,115.989998,55.0
2018-09-17,115.989998,115.989998,115.0,115.0,115.0,156.0
2018-09-18,115.0,115.0,115.0,115.0,115.0,17.0
2018-09-19,110.58000200000001,116.0,110.58000200000001,112.620003,112.620003,58.0
2018-09-21,113.0,122.949997,112.099998,116.900002,116.900002,704.0
2018-09-24,115.400002,116.480003,113.440002,115.370003,115.370003,697.0
2018-09-25,116.0,116.0,115.370003,116.0,116.0,30.0
2018-09-26,116.0,116.0,116.0,116.0,116.0,103.0
2018-09-27,116.0,117.0,114.75,114.75,114.75,127.0
2018-09-28,114.75,114.75,113.0,113.0,113.0,174.0
2018-10-01,118.900002,122.900002,115.0,116.989998,116.989998,768.0
2018-10-03,116.989998,117.099998,116.900002,117.0,117.0,971.0
2018-10-04,118.900002,119.0,108.099998,110.059998,110.059998,250.0
2018-10-05,115.0,115.949997,108.190002,112.41999799999999,112.41999799999999,139.0
2018-10-08,114.0,116.699997,110.400002,110.400002,110.400002,1140.0
2018-10-09,113.989998,113.989998,113.989998,113.989998,113.989998,6.0
2018-10-10,113.989998,114.0,112.150002,112.489998,112.489998,901.0
2018-10-11,112.099998,112.099998,105.709999,111.879997,111.879997,307.0
2018-10-12,114.980003,114.989998,111.0,114.160004,114.160004,637.0
2018-10-15,114.160004,115.25,111.0,114.879997,114.879997,106.0
2018-10-16,109.0,115.5,107.0,114.699997,114.699997,1022.0
2018-10-17,115.0,115.75,112.199997,115.0,115.0,31.0
2018-10-19,109.0,114.0,106.699997,109.150002,109.150002,58.0
2018-10-22,115.449997,115.5,108.120003,108.91999799999999,108.91999799999999,374.0
2018-10-23,109.0,113.690002,107.050003,113.599998,113.599998,10.0
2018-10-24,113.699997,113.699997,107.010002,113.690002,113.690002,23.0
2018-10-25,113.690002,113.690002,113.589996,113.589996,113.589996,57.0
2018-10-26,113.589996,113.589996,105.199997,106.0,106.0,64.0
2018-10-29,113.0,113.75,113.0,113.739998,113.739998,116.0
2018-10-30,113.75,113.75,110.050003,110.050003,110.050003,83.0
2018-10-31,109.0,112.75,107.0,112.739998,112.739998,126.0
2018-11-01,112.75,115.25,112.75,115.25,115.25,174.0
2018-11-02,115.25,115.25,113.0,115.16999799999999,115.16999799999999,29.0
2018-11-05,125.0,125.0,107.5,116.550003,116.550003,325.0
2018-11-06,117.900002,118.449997,116.0,117.0,117.0,23.0
2018-11-07,117.0,117.0,117.0,117.0,117.0,6.0
2018-11-09,118.440002,118.449997,118.440002,118.449997,118.449997,47.0
2018-11-12,117.0,120.400002,110.300003,111.25,111.25,864.0
2018-11-13,111.300003,116.440002,111.269997,111.269997,111.269997,59.0
2018-11-14,117.400002,117.400002,110.510002,110.510002,110.510002,12.0
2018-11-15,110.0,118.449997,109.25,112.0,112.0,86.0
2018-11-16,117.989998,117.989998,110.150002,113.889999,113.889999,48.0
2018-11-19,118.0,118.449997,114.050003,114.519997,114.519997,55.0
2018-11-20,115.0,118.400002,111.050003,114.949997,114.949997,410.0
2018-11-21,110.050003,118.989998,110.050003,118.900002,118.900002,43.0
2018-11-22,105.0,121.0,105.0,112.300003,112.300003,216.0
2018-11-26,113.0,117.75,113.0,113.050003,113.050003,62.0
2018-11-27,113.050003,115.949997,109.0,111.050003,111.050003,123.0
2018-11-28,114.0,115.5,112.050003,114.989998,114.989998,45.0
2018-11-29,114.0,117.989998,110.800003,110.800003,110.800003,25.0
2018-11-30,118.989998,118.989998,111.260002,115.900002,115.900002,126.0
2018-12-03,115.900002,118.0,113.050003,117.5,117.5,176.0
2018-12-04,117.949997,118.0,114.599998,116.879997,116.879997,642.0
2018-12-05,116.879997,118.389999,116.5,116.5,116.5,83.0
2018-12-06,116.5,118.0,113.650002,117.910004,117.910004,90.0
2018-12-07,111.25,117.989998,111.25,116.0,116.0,128.0
2018-12-10,117.5,117.5,110.599998,117.0,117.0,264.0
2018-12-11,116.0,117.0,112.0,116.989998,116.989998,446.0
2018-12-12,116.980003,116.989998,116.980003,116.989998,116.989998,47.0
2018-12-13,116.989998,116.989998,116.989998,116.989998,116.989998,10.0
2018-12-14,116.5,118.980003,116.5,118.0,118.0,146.0
2018-12-17,117.980003,117.989998,115.08000200000001,116.0,116.0,150.0
2018-12-18,113.050003,116.989998,113.050003,116.989998,116.989998,12.0
2018-12-19,114.050003,114.050003,114.050003,114.050003,114.050003,1.0
2018-12-20,116.989998,116.989998,116.989998,116.989998,116.989998,2.0
2018-12-21,112.550003,112.550003,112.550003,112.550003,112.550003,1.0
2018-12-24,112.599998,116.980003,112.599998,115.0,115.0,256.0
2018-12-26,116.879997,116.889999,116.879997,116.889999,116.889999,20.0
2018-12-27,116.949997,117.800003,112.510002,113.029999,113.029999,1949.0
2018-12-28,114.989998,116.400002,113.599998,113.599998,113.599998,53.0
2018-12-31,113.199997,116.75,113.010002,115.760002,115.760002,91.0
2019-01-01,115.980003,115.989998,115.699997,115.699997,115.699997,112.0
2019-01-02,115.699997,115.699997,115.699997,115.699997,115.699997,0.0
2019-01-03,115.489998,115.650002,114.440002,115.519997,115.519997,192.0
2019-01-04,116.5,116.5,114.300003,114.480003,114.480003,246.0
2019-01-07,117.900002,117.900002,115.0,115.0,115.0,733.0
2019-01-08,115.0,116.989998,115.0,116.989998,116.989998,3.0
2019-01-09,116.900002,116.900002,114.0,114.0,114.0,609.0
2019-01-10,114.0,117.18,114.0,117.18,117.18,668.0
2019-01-11,112.0,116.900002,108.300003,112.75,112.75,358.0
2019-01-14,113.0,116.489998,112.75,115.239998,115.239998,604.0
2019-01-15,115.989998,116.0,115.0,116.0,116.0,49.0
2019-01-16,116.0,116.0,116.0,116.0,116.0,0.0
2019-01-17,115.0,115.900002,113.010002,115.900002,115.900002,107.0
2019-01-18,116.099998,116.099998,112.849998,112.849998,112.849998,36.0
2019-01-21,113.510002,115.989998,113.510002,115.980003,115.980003,68.0
2019-01-22,115.849998,115.849998,114.0,114.0,114.0,105.0
2019-01-23,114.0,114.0,113.0,113.150002,113.150002,142.0
2019-01-24,116.25,116.25,114.050003,114.120003,114.120003,166.0
2019-01-25,114.0,115.970001,114.0,114.040001,114.040001,93.0
2019-01-28,115.879997,115.900002,114.550003,114.550003,114.550003,200.0
2019-01-29,116.0,116.0,112.099998,112.099998,112.099998,28.0
2019-01-30,115.400002,115.400002,112.050003,112.050003,112.050003,10.0
2019-01-31,115.989998,117.389999,115.0,116.599998,116.599998,119.0
2019-02-01,114.0,116.5,111.550003,112.519997,112.519997,1116.0
2019-02-04,115.980003,116.0,114.010002,115.949997,115.949997,131.0
2019-02-05,116.879997,116.879997,116.480003,116.489998,116.489998,14.0
2019-02-06,114.510002,115.989998,114.5,115.980003,115.980003,188.0
2019-02-07,115.970001,115.970001,112.199997,114.040001,114.040001,1397.0
2019-02-08,113.260002,114.160004,113.0,113.0,113.0,1317.0
2019-02-11,115.699997,115.699997,114.010002,114.010002,114.010002,14.0
2019-02-12,115.5,115.5,112.0,112.360001,112.360001,247.0
2019-02-14,112.360001,112.360001,112.360001,112.360001,112.360001,0.0
2019-02-15,115.199997,115.199997,112.510002,114.790001,114.790001,56.0
2019-02-18,115.199997,115.199997,112.019997,114.949997,114.949997,24.0
2019-02-19,113.949997,114.5,112.5,112.5,112.5,384.0
2019-02-20,112.5,112.5,112.5,112.5,112.5,0.0
2019-02-21,112.5,112.5,112.5,112.5,112.5,0.0
2019-02-22,112.5,112.5,112.5,112.5,112.5,0.0
2019-02-25,113.0,114.970001,112.150002,112.650002,112.650002,137.0
2019-02-26,112.660004,112.660004,111.25,111.970001,111.970001,440.0
2019-02-27,111.970001,111.970001,111.970001,111.970001,111.970001,0.0
2019-02-28,114.699997,114.800003,114.0,114.720001,114.720001,225.0
2019-03-01,114.699997,114.720001,114.699997,114.720001,114.720001,122.0
2019-03-05,114.720001,114.720001,114.720001,114.720001,114.720001,0.0
2019-03-06,113.019997,115.0,113.019997,113.050003,113.050003,110.0
2019-03-07,114.980003,115.0,114.980003,114.989998,114.989998,64.0
2019-03-08,115.0,116.0,112.720001,116.0,116.0,1035.0
2019-03-11,115.0,115.199997,115.0,115.199997,115.199997,54.0
2019-03-12,116.800003,116.800003,113.32,114.0,114.0,130.0
2019-03-13,113.699997,115.900002,113.699997,115.879997,115.879997,14.0
2019-03-14,115.970001,118.970001,115.110001,118.690002,118.690002,30.0
2019-03-15,117.900002,117.980003,114.5,114.5,114.5,411.0
2019-03-18,117.5,117.5,115.010002,115.449997,115.449997,305.0
2019-03-19,116.849998,117.849998,115.519997,116.18,116.18,1644.0
2019-03-20,120.0,122.220001,116.599998,117.650002,117.650002,185.0
2019-03-22,119.849998,119.889999,115.050003,115.699997,115.699997,39.0
2019-03-25,120.0,120.489998,114.25,115.25,115.25,76.0
2019-03-26,115.0,115.010002,115.0,115.010002,115.010002,2.0
2019-03-27,119.800003,120.989998,115.559998,118.449997,118.449997,91.0
2019-03-28,120.900002,120.900002,118.0,118.0,118.0,170.0
2019-04-01,115.5,117.5,115.5,117.449997,117.449997,1551.0
2019-04-02,117.449997,121.41999799999999,117.449997,119.0,119.0,203.0
2019-04-03,118.5,118.5,118.5,118.5,118.5,3.0
2019-04-04,118.0,119.980003,117.099998,119.970001,119.970001,175.0
2019-04-05,121.0,121.0,116.5,117.989998,117.989998,28.0
2019-04-08,119.0,119.0,116.0,117.989998,117.989998,109.0
2019-04-09,117.989998,121.0,117.550003,118.230003,118.230003,230.0
2019-04-10,120.989998,121.190002,119.0,121.18,121.18,27.0
2019-04-11,121.5,121.5,118.0,121.07,121.07,35.0
2019-04-12,121.5,126.790001,121.0,125.260002,125.260002,13779.0
2019-04-15,129.990005,129.990005,123.25,125.849998,125.849998,231.0
2019-04-16,129.990005,129.990005,126.43,126.58000200000001,126.58000200000001,552.0
2019-04-18,127.989998,127.989998,126.339996,126.779999,126.779999,682.0
2019-04-22,129.990005,129.990005,125.050003,125.75,125.75,127.0
2019-04-23,129.990005,129.990005,125.620003,125.620003,125.620003,105.0
2019-04-24,129.899994,129.899994,124.599998,125.550003,125.550003,123.0
2019-04-25,127.970001,127.970001,125.010002,127.449997,127.449997,152.0
2019-04-26,127.150002,127.150002,125.5,127.07,127.07,42.0
2019-04-30,127.0,127.0,125.099998,126.379997,126.379997,13294.0
2019-05-02,127.150002,127.150002,122.309998,126.099998,126.099998,403.0
2019-05-03,127.150002,128.699997,125.0,128.679993,128.679993,394.0
2019-05-06,128.300003,129.899994,125.360001,125.57,125.57,318.0
2019-05-07,127.949997,127.949997,124.650002,124.800003,124.800003,798.0
2019-05-08,124.300003,124.300003,122.099998,122.860001,122.860001,2558.0
2019-05-09,122.0,122.0,122.0,122.0,122.0,100.0
2019-05-10,125.800003,125.800003,121.300003,121.300003,121.300003,114.0
2019-05-13,127.660004,127.660004,119.599998,120.599998,120.599998,179.0
2019-05-14,119.779999,121.510002,119.730003,121.510002,121.510002,204.0
2019-05-15,123.349998,123.349998,120.0,120.699997,120.699997,366.0
2019-05-16,124.0,124.0,120.900002,121.019997,121.019997,989.0
2019-05-17,124.800003,124.800003,121.41999799999999,123.459999,123.459999,872.0
2019-05-20,128.350006,128.350006,126.0,127.699997,127.699997,2326.0
2019-05-21,129.350006,129.350006,126.849998,126.849998,126.849998,72.0
2019-05-22,128.270004,128.270004,125.959999,127.040001,127.040001,625.0
2019-05-23,130.600006,130.600006,125.989998,126.150002,126.150002,674.0
2019-05-24,130.300003,130.300003,126.379997,127.0,127.0,424.0
2019-05-27,134.0,134.0,127.83000200000001,128.669998,128.669998,385.0
2019-05-28,135.0,135.0,128.0,128.449997,128.449997,293.0
2019-05-29,130.0,130.0,128.16000400000001,128.16000400000001,128.16000400000001,1328.0
2019-05-30,135.0,135.0,128.0,128.66000400000001,128.66000400000001,347.0
2019-05-31,135.0,135.0,125.0,129.070007,129.070007,351.0
2019-06-03,137.0,137.0,129.33999599999999,130.429993,130.429993,823.0
2019-06-04,137.0,137.0,129.75,129.759995,129.759995,591.0
2019-06-06,130.0,130.0,128.0,128.130005,128.130005,97.0
2019-06-07,130.300003,133.449997,125.510002,128.470001,128.470001,262.0
2019-06-10,136.0,136.0,128.669998,128.669998,128.669998,73.0
2019-06-11,136.0,136.0,128.0,128.830002,128.830002,142.0
2019-06-12,130.300003,134.300003,127.059998,128.779999,128.779999,305.0
2019-06-13,128.440002,129.08999599999999,128.179993,129.08999599999999,129.08999599999999,54.0
2019-06-14,136.0,136.0,127.940002,128.58999599999999,128.58999599999999,76.0
2019-06-17,128.5,136.0,126.33000200000001,126.66999799999999,126.66999799999999,699.0
2019-06-18,132.0,132.0,126.5,127.0,127.0,646.0
2019-06-19,131.990005,131.990005,126.040001,126.089996,126.089996,204.0
2019-06-20,126.410004,127.400002,126.400002,127.400002,127.400002,114.0
2019-06-21,129.899994,129.899994,127.040001,127.099998,127.099998,21.0
2019-06-24,129.449997,129.449997,126.099998,126.91999799999999,126.91999799999999,70.0
2019-06-25,129.399994,129.399994,126.760002,127.459999,127.459999,228.0
2019-06-26,129.449997,129.449997,127.57,127.57,127.57,538.0
2019-06-27,129.449997,129.449997,128.800003,128.800003,128.800003,7.0
2019-06-28,129.889999,135.0,128.369995,131.779999,131.779999,5754.0
2019-07-01,129.990005,134.0,128.119995,133.990005,133.990005,168.0
2019-07-02,130.300003,136.0,128.899994,133.360001,133.360001,561.0
2019-07-03,134.0,140.0,130.199997,134.029999,134.029999,479.0
2019-07-04,139.0,139.0,129.53999299999998,131.0,131.0,462.0
2019-07-05,139.449997,139.449997,129.509995,133.940002,133.940002,207.0
2019-07-08,139.449997,139.449997,127.25,129.119995,129.119995,1153.0
2019-07-09,133.300003,135.300003,124.779999,125.0,125.0,852.0
2019-07-10,130.0,130.0,124.510002,124.699997,124.699997,516.0
2019-07-11,129.0,129.0,124.599998,126.589996,126.589996,220.0
2019-07-12,129.0,129.0,125.0,126.370003,126.370003,472.0
2019-07-15,129.990005,129.990005,125.199997,126.650002,126.650002,383.0
2019-07-16,125.550003,127.050003,125.550003,127.050003,127.050003,93.0
2019-07-17,127.699997,127.75,126.0,127.75,127.75,78.0
2019-07-18,125.82,126.690002,125.760002,126.099998,126.099998,1276.0
2019-07-19,125.559998,125.559998,124.849998,124.849998,124.849998,39.0
2019-07-22,127.900002,127.900002,123.849998,124.199997,124.199997,64.0
2019-07-23,126.5,126.5,122.720001,123.800003,123.800003,308.0
2019-07-24,123.33000200000001,123.33000200000001,123.120003,123.16999799999999,123.16999799999999,39.0
2019-07-25,126.300003,129.899994,122.849998,122.849998,122.849998,280.0
2019-07-26,122.0,126.0,122.0,123.489998,123.489998,75.0
2019-07-29,124.0,126.489998,120.980003,121.029999,121.029999,562.0
2019-07-30,128.0,128.0,120.0,120.0,120.0,337.0
2019-07-31,122.300003,122.300003,119.33000200000001,120.550003,120.550003,12.0
2019-08-01,120.459999,120.459999,118.339996,119.08000200000001,119.08000200000001,415.0
2019-08-02,120.989998,121.349998,118.440002,119.720001,119.720001,306.0
2019-08-05,118.0,118.269997,117.690002,118.269997,118.269997,174.0
2019-08-06,119.5,119.66999799999999,118.93,119.66999799999999,119.66999799999999,83.0
2019-08-07,119.08000200000001,119.260002,118.0,118.019997,118.019997,266.0
2019-08-08,118.019997,118.019997,118.019997,118.019997,118.019997,0.0
2019-08-09,121.0,137.0,116.300003,120.32,120.32,41248.0
2019-08-13,120.900002,120.900002,119.0,119.010002,119.010002,434.0
2019-08-14,119.510002,120.25,119.349998,119.360001,119.360001,191.0
2019-08-16,119.0,119.720001,118.400002,119.019997,119.019997,55.0
2019-08-19,120.75,121.389999,120.75,120.989998,120.989998,282.0
2019-08-20,120.989998,120.989998,120.989998,120.989998,120.989998,0.0
2019-08-21,120.160004,120.160004,118.360001,118.360001,118.360001,33.0
2019-08-22,,,,,,
2019-08-23,112.0,124.650002,112.0,117.940002,117.940002,1160.0
2019-08-26,120.0,120.0,117.550003,117.550003,117.550003,287.0
2019-08-27,120.0,121.099998,120.0,121.099998,121.099998,25.0
2019-08-28,120.25,120.66999799999999,119.949997,120.0,120.0,109.0
2019-08-29,119.989998,119.989998,119.269997,119.269997,119.269997,19.0
2019-08-30,119.83000200000001,119.83000200000001,118.16999799999999,118.16999799999999,118.16999799999999,10.0
2019-09-03,118.5,119.220001,117.599998,117.599998,117.599998,215.0
2019-09-04,118.0,118.029999,117.269997,117.529999,117.529999,255.0
2019-09-05,118.730003,118.730003,117.68,117.699997,117.699997,70.0
2019-09-06,117.510002,118.699997,117.5,118.620003,118.620003,107.0
2019-09-09,119.0,119.730003,119.0,119.349998,119.349998,408.0
2019-09-11,120.300003,121.550003,119.790001,119.839996,119.839996,198.0
2019-09-12,120.300003,120.760002,119.58000200000001,120.160004,120.160004,23.0
2019-09-13,121.300003,121.540001,119.379997,119.58000200000001,119.58000200000001,41.0
2019-09-16,120.059998,120.059998,119.379997,119.379997,119.379997,133.0
2019-09-17,119.379997,119.709999,117.75,118.059998,118.059998,509.0
2019-09-18,117.980003,118.099998,117.620003,117.839996,117.839996,45.0
2019-09-19,117.629997,117.629997,116.110001,116.129997,116.129997,514.0
2019-09-20,116.839996,122.57,116.839996,118.0,118.0,473.0
2019-09-23,121.300003,126.709999,121.300003,126.209999,126.209999,870.0
2019-09-24,124.800003,126.620003,120.300003,125.83000200000001,125.83000200000001,375.0
2019-09-25,125.400002,125.550003,124.129997,124.129997,124.129997,171.0
2019-09-26,124.57,126.230003,124.57,126.230003,126.230003,212.0
2019-09-27,125.5,125.5,125.0,125.0,125.0,3.0
2019-09-30,125.0,125.139999,124.029999,125.139999,125.139999,590.0
2019-10-01,125.089996,125.139999,122.959999,122.959999,122.959999,163.0
2019-10-03,123.449997,123.449997,123.449997,123.449997,123.449997,7.0
2019-10-04,125.300003,129.0,121.110001,121.66999799999999,121.66999799999999,132.0
2019-10-07,122.099998,122.190002,121.459999,121.459999,121.459999,69.0
2019-10-09,121.410004,123.43,121.0,123.43,123.43,384.0
2019-10-10,125.0,125.0,122.400002,122.400002,122.400002,17.0
2019-10-11,125.0,126.0,123.0,123.0,123.0,1202.0
2019-10-14,123.589996,123.989998,123.0,123.699997,123.699997,130.0
2019-10-15,124.220001,124.620003,123.790001,123.949997,123.949997,106.0
2019-10-16,124.300003,124.980003,124.300003,124.589996,124.589996,34.0
2019-10-17,125.129997,125.239998,125.0,125.239998,125.239998,131.0
2019-10-18,126.209999,127.300003,126.209999,126.989998,126.989998,457.0
2019-10-22,127.07,127.43,126.540001,126.550003,126.550003,335.0
2019-10-23,126.900002,126.900002,126.550003,126.550003,126.550003,511.0
2019-10-24,126.639999,126.800003,125.949997,125.949997,125.949997,123.0
2019-10-25,126.519997,126.519997,126.519997,126.519997,126.519997,15.0
2019-10-27,,,,,,
2019-10-29,130.0,130.0,126.550003,128.25,128.25,528.0
2019-10-30,128.919998,129.28999299999998,128.740005,129.0,129.0,1438.0
2019-10-31,129.100006,130.0,129.100006,129.779999,129.779999,594.0
2019-11-01,129.889999,129.979996,129.0,129.979996,129.979996,116.0
2019-11-04,133.399994,133.399994,130.169998,130.229996,130.229996,242.0
2019-11-05,130.300003,130.53999299999998,129.449997,129.449997,129.449997,82.0
2019-11-06,129.0,130.990005,129.0,130.699997,130.699997,238.0
2019-11-07,130.96000700000002,130.96000700000002,130.320007,130.619995,130.619995,45.0
2019-11-08,130.600006,130.75,129.630005,129.630005,129.630005,1166.0
2019-11-11,129.860001,130.020004,128.940002,128.940002,128.940002,385.0
2019-11-13,126.300003,130.25,126.300003,129.350006,129.350006,126.0
2019-11-14,128.5,129.350006,126.709999,129.350006,129.350006,46.0
2019-11-15,130.259995,130.350006,129.860001,129.860001,129.860001,130.0
2019-11-18,129.33999599999999,130.029999,129.33999599999999,129.800003,129.800003,146.0
2019-11-19,130.0,130.0,130.0,130.0,130.0,110.0
2019-11-20,130.0,130.0,130.0,130.0,130.0,0.0
2019-11-21,130.529999,130.529999,130.399994,130.399994,130.399994,20.0
2019-11-22,130.429993,130.429993,129.929993,130.130005,130.130005,23.0
2019-11-25,130.21000700000002,131.699997,130.21000700000002,131.699997,131.699997,306.0
2019-11-26,131.25,131.300003,130.679993,130.679993,130.679993,197.0
2019-11-27,132.130005,132.130005,132.0,132.0,132.0,99.0
2019-11-28,132.449997,132.600006,131.690002,132.0,132.0,247.0
2019-11-29,132.070007,132.070007,130.929993,131.830002,131.830002,67.0
2019-12-02,131.919998,131.919998,130.979996,131.600006,131.600006,269.0
2019-12-03,131.0,131.419998,129.899994,131.050003,131.050003,212.0
2019-12-04,130.130005,131.199997,130.130005,130.25,130.25,319.0
2019-12-05,131.08999599999999,131.279999,131.08999599999999,131.279999,131.279999,46.0
2019-12-06,131.279999,131.279999,129.800003,129.800003,129.800003,432.0
2019-12-09,130.0,130.0,129.529999,129.83999599999999,129.83999599999999,326.0
2019-12-10,131.300003,132.300003,129.679993,129.679993,129.679993,124.0
2019-12-11,130.050003,130.050003,128.949997,128.949997,128.949997,18.0
2019-12-12,128.949997,130.889999,128.949997,130.860001,130.860001,2052.0
2019-12-13,130.880005,131.470001,130.880005,131.300003,131.300003,1049.0
2019-12-16,131.360001,132.0,131.360001,131.360001,131.360001,47.0
2019-12-17,132.300003,133.059998,132.300003,132.880005,132.880005,25.0
2019-12-18,133.0,133.0,132.369995,133.0,133.0,113.0
2019-12-19,133.0,133.110001,133.0,133.110001,133.110001,101.0
2019-12-20,133.509995,133.509995,133.509995,133.509995,133.509995,5.0
2019-12-23,135.0,135.0,133.46000700000002,133.46000700000002,133.46000700000002,71.0
2019-12-24,133.46000700000002,133.46000700000002,133.46000700000002,133.46000700000002,133.46000700000002,0.0
2019-12-26,135.0,135.0,131.850006,131.869995,131.869995,440.0
2019-12-27,132.41000400000001,132.759995,132.41000400000001,132.759995,132.759995,3.0
2019-12-30,133.300003,134.100006,133.300003,133.850006,133.850006,75.0
2019-12-31,,,,,,
2020-01-01,135.0,135.0,133.08999599999999,133.08999599999999,133.08999599999999,201.0
2020-01-02,133.389999,133.529999,133.300003,133.529999,133.529999,1338.0
2020-01-03,133.0,133.470001,132.860001,133.470001,133.470001,7.0
2020-01-06,132.5,132.5,130.5,130.690002,130.690002,198.0
2020-01-07,132.470001,132.470001,131.28999299999998,131.28999299999998,131.28999299999998,282.0
2020-01-08,130.5,131.03999299999998,130.5,131.03999299999998,131.03999299999998,529.0
2020-01-09,132.83999599999999,133.41000400000001,132.83999599999999,133.119995,133.119995,2.0
2020-01-10,133.5,133.699997,133.5,133.699997,133.699997,220.0
2020-01-13,134.300003,134.669998,134.0,134.0,134.0,46.0
2020-01-14,133.0,135.029999,131.71000700000002,134.929993,134.929993,355.0
2020-01-15,134.479996,134.479996,133.71000700000002,133.71000700000002,133.71000700000002,1771.0
2020-01-16,135.149994,135.21000700000002,134.25,134.25,134.25,37.0
2020-01-17,135.0,135.21000700000002,134.860001,134.860001,134.860001,40.0
2020-01-20,134.509995,134.509995,133.630005,133.630005,133.630005,318.0
2020-01-21,133.630005,133.630005,133.630005,133.630005,133.630005,0.0
2020-01-22,133.050003,133.050003,131.880005,132.220001,132.220001,44.0
2020-01-23,131.0,132.899994,131.0,132.899994,132.899994,20.0
2020-01-24,133.029999,133.850006,132.919998,133.190002,133.190002,127.0
2020-01-27,133.0,133.199997,132.350006,132.350006,132.350006,29.0
2020-02-01,133.190002,138.0,127.190002,127.440002,127.440002,5228.0
