2014-04-28,344.950012,344.950012,315.049988,315.049988,312.65744,20.0
2014-04-29,320.0,343.75,320.0,327.0,324.51669300000003,42.0
2014-04-30,327.0,327.0,327.0,327.0,324.51669300000003,15.0
2014-05-02,275.149994,346.799988,275.149994,325.450012,322.97848500000003,306.0
2014-05-05,330.0,330.0,325.0,325.0,322.53189100000003,3704.0
2014-05-06,330.0,346.0,325.0,341.25,338.658478,1747.0
2014-05-07,336.0,343.0,336.0,340.450012,337.864563,1641.0
2014-05-08,322.0,339.0,320.0,335.0,332.455963,910.0
2014-05-09,335.0,340.0,333.0,338.600006,336.028625,1120.0
2014-05-12,290.0,330.0,290.0,312.799988,310.42453,594.0
2014-05-13,329.0,329.0,311.5,319.700012,317.272156,242.0
2014-05-14,319.899994,320.0,317.0,319.200012,316.77594,330.0
2014-05-15,310.0,320.0,301.5,316.5,314.096436,2280.0
2014-05-16,285.149994,319.850006,285.149994,301.700012,299.408844,1615.0
2014-05-19,310.0,315.0,310.0,315.0,312.60784900000004,98.0
2014-05-20,320.0,340.0,313.899994,320.350006,317.917206,757.0
2014-05-21,330.0,330.0,311.0,324.450012,321.986084,1060.0
2014-05-22,335.0,335.0,329.950012,330.0,327.493927,997.0
2014-05-23,316.5,322.0,316.5,322.0,319.554688,2.0
2014-05-26,322.0,328.5,316.0,322.850006,320.398224,163.0
2014-05-27,315.0,322.0,303.049988,318.450012,316.031647,490.0
2014-05-28,319.950012,320.0,308.049988,318.799988,316.378967,1212.0
2014-05-29,300.100006,320.0,295.049988,309.299988,306.95111099999997,8975.0
2014-05-30,320.0,320.0,295.0,295.0,292.75973500000003,76257.0
2014-06-02,295.0,300.0,290.600006,293.799988,291.56881699999997,6413.0
2014-06-03,295.0,295.0,288.0,290.5,288.293884,1314.0
2014-06-04,300.0,300.0,294.0,294.0,291.76730299999997,1698.0
2014-06-05,296.0,296.0,285.0,287.350006,285.167816,2700.0
2014-06-06,319.0,319.0,285.0,304.100006,301.790619,8117.0
2014-06-09,333.899994,355.799988,305.0,319.600006,317.172913,10367.0
2014-06-10,320.0,327.0,309.0,321.049988,318.611877,3705.0
2014-06-11,310.100006,329.950012,310.100006,317.149994,314.741516,1247.0
2014-06-12,312.049988,329.450012,309.25,310.75,308.390106,1313.0
2014-06-13,311.0,321.75,310.0,310.0,307.645813,1093.0
2014-06-16,301.950012,309.0,301.950012,308.399994,306.057953,59.0
2014-06-17,310.5,310.5,300.049988,300.799988,298.515656,565.0
2014-06-18,302.149994,307.0,298.0,304.549988,302.237183,1954.0
2014-06-19,309.899994,309.899994,300.200012,303.0,300.698975,212.0
2014-06-20,301.049988,309.0,300.0,309.0,306.653412,355.0
2014-06-23,300.0,300.0,286.049988,290.149994,287.946533,4493.0
2014-06-24,297.899994,298.0,288.0,290.100006,287.89694199999997,2120.0
2014-06-25,295.0,296.950012,290.100006,292.5,290.278717,650.0
2014-06-26,293.0,293.049988,293.0,293.0,290.774902,233.0
2014-06-27,294.0,300.0,286.0,292.399994,290.179474,4698.0
2014-06-30,300.0,303.0,290.0,297.950012,295.687317,1244.0
2014-07-01,291.75,297.850006,291.75,297.0,294.74453700000004,472.0
2014-07-02,298.0,306.0,295.0,300.0,297.721741,964.0
2014-07-03,300.100006,313.0,299.950012,301.399994,299.111115,2236.0
2014-07-04,307.0,310.0,304.100006,309.100006,306.752655,7091.0
2014-07-07,319.950012,319.950012,303.5,305.0,302.683777,2363.0
2014-07-08,306.0,309.850006,296.049988,296.600006,294.347565,1233.0
2014-07-09,295.0,297.950012,280.5,288.850006,286.656433,1849.0
2014-07-10,288.0,299.0,288.0,291.0,288.7901,1266.0
2014-07-11,291.100006,296.950012,285.0,285.100006,282.934906,1233.0
2014-07-14,292.75,292.75,287.0,291.899994,289.683258,60.0
2014-07-15,297.0,299.75,290.049988,297.350006,295.091888,601.0
2014-07-16,294.049988,299.0,294.049988,297.200012,294.94302400000004,933.0
2014-07-17,299.0,304.700012,299.0,302.75,300.450867,1504.0
2014-07-18,304.0,318.0,295.5,296.25,294.000214,1169.0
2014-07-21,314.0,314.0,298.0,302.25,299.95465099999996,1949.0
2014-07-22,310.0,310.0,295.100006,298.399994,296.13388100000003,2383.0
2014-07-23,296.100006,309.0,296.100006,300.0,297.721741,2195.0
2014-07-24,300.0,304.850006,300.0,300.100006,297.820984,2600.0
2014-07-25,301.049988,301.049988,290.100006,292.399994,290.179474,2109.0
2014-07-28,308.0,308.0,294.799988,299.649994,297.37439,832.0
2014-07-30,299.649994,303.5,292.850006,294.649994,292.412384,847.0
2014-07-31,304.5,304.950012,293.049988,299.0,296.72934,2229.0
2014-08-01,295.0,300.0,293.149994,294.950012,292.71011400000003,1443.0
2014-08-04,299.700012,299.899994,294.100006,299.0,296.72934,1730.0
2014-08-05,299.0,299.0,292.0,294.450012,292.213898,2153.0
2014-08-06,298.75,299.0,295.0,295.75,293.504028,666.0
2014-08-07,300.0,304.899994,296.399994,296.399994,294.149078,903.0
2014-08-08,309.950012,309.950012,295.100006,295.299988,293.057434,837.0
2014-08-11,293.899994,304.0,290.850006,291.399994,289.187042,1034.0
2014-08-12,290.399994,298.0,290.0,290.450012,288.244293,3173.0
2014-08-13,291.0,292.850006,280.0,287.75,285.564789,1421.0
2014-08-14,298.700012,298.700012,282.5,290.950012,288.740479,612.0
2014-08-18,285.0,285.0,266.75,270.700012,268.644257,4114.0
2014-08-19,285.0,285.0,273.299988,275.450012,273.358185,2558.0
2014-08-20,272.049988,283.0,272.049988,277.25,275.14453100000003,2179.0
2014-08-21,280.899994,285.950012,277.200012,283.299988,281.14856000000003,4479.0
2014-08-22,283.299988,287.200012,277.049988,282.600006,280.453888,11433.0
2014-08-25,280.0,284.5,276.899994,277.0,274.89642299999997,3286.0
2014-08-26,280.450012,282.0,272.0,274.25,272.167297,4270.0
2014-08-27,274.049988,278.5,272.0,272.100006,270.03362999999996,2613.0
2014-08-28,279.549988,280.0,270.200012,271.649994,269.587036,2322.0
2014-09-01,272.0,277.350006,268.0,269.799988,267.75106800000003,1362.0
2014-09-02,272.0,272.0,265.149994,269.950012,267.899963,1362.0
2014-09-03,270.0,271.899994,265.049988,267.0,264.972351,2898.0
2014-09-04,270.0,271.0,267.850006,270.600006,268.545013,1630.0
2014-09-05,274.350006,274.350006,264.600006,265.950012,263.930328,4705.0
2014-09-08,269.950012,286.799988,268.0,277.049988,274.946014,3909.0
2014-09-09,280.0,280.049988,266.200012,270.0,267.949585,4537.0
2014-09-10,274.850006,276.700012,265.0,271.899994,269.835144,2982.0
2014-09-11,276.0,299.700012,276.0,281.0,278.866028,7474.0
2014-09-12,290.0,295.0,282.0,290.149994,287.946533,3877.0
2014-09-15,293.0,294.0,285.0,288.100006,285.91213999999997,2866.0
2014-09-16,290.0,297.0,265.0,285.5,283.331879,1668.0
2014-09-17,292.0,292.0,267.100006,275.950012,273.854401,9283.0
2014-09-18,278.25,285.049988,278.200012,283.950012,281.79364,865.0
2014-09-19,284.5,284.5,276.649994,278.850006,276.73236099999997,651.0
2014-09-22,277.0,297.950012,275.0,295.549988,293.305542,4414.0
2014-09-23,296.0,302.0,288.0,290.299988,288.095398,5910.0
2014-09-24,285.0,295.0,285.0,292.5,290.278717,2506.0
2014-09-25,291.75,291.75,282.100006,285.350006,283.183014,1324.0
2014-09-26,281.0,293.0,275.100006,286.950012,284.77087400000005,1609.0
2014-09-29,286.0,290.0,283.799988,285.950012,283.778473,798.0
2014-09-30,284.850006,288.700012,281.100006,288.399994,286.209839,569.0
2014-10-01,282.0,287.0,276.0,280.0,277.873627,558.0
2014-10-07,291.799988,294.5,285.049988,290.200012,287.996185,722.0
2014-10-08,285.0,286.5,275.100006,277.149994,275.045258,1158.0
2014-10-09,279.299988,286.0,279.0,283.200012,281.049347,1458.0
2014-10-10,285.950012,285.950012,272.5,276.799988,274.697937,1023.0
2014-10-13,288.600006,289.5,274.25,274.899994,272.81234700000005,620.0
2014-10-14,273.899994,276.950012,273.799988,274.049988,271.96881099999996,1057.0
2014-10-15,274.049988,274.049988,274.049988,274.049988,271.96881099999996,0.0
2014-10-16,275.0,275.0,262.0,266.799988,264.773865,1592.0
2014-10-17,275.0,275.0,265.0,266.899994,264.873108,505.0
2014-10-20,275.0,275.0,265.200012,269.399994,267.35412599999995,723.0
2014-10-21,270.0,275.0,266.899994,269.399994,267.35412599999995,520.0
2014-10-22,279.700012,279.700012,264.0,269.350006,267.304504,1070.0
2014-10-27,294.0,294.0,269.049988,269.899994,267.850342,904.0
2014-10-28,270.0,272.100006,268.0,268.649994,266.609833,1041.0
2014-10-29,266.899994,273.100006,266.899994,271.649994,269.587036,846.0
2014-10-30,269.350006,275.0,267.0,269.049988,267.006775,974.0
2014-10-31,281.75,281.75,265.049988,268.149994,266.113617,3022.0
2014-11-03,270.0,274.0,268.25,270.899994,268.84274300000004,835.0
2014-11-05,270.0,273.600006,263.0,264.700012,262.68985,2370.0
2014-11-07,263.0,272.5,250.0,269.600006,267.552612,818.0
2014-11-10,272.0,275.100006,269.0,273.5,271.423004,17669.0
2014-11-11,283.950012,283.950012,270.0,272.5,270.43060299999996,26305.0
2014-11-12,271.350006,273.700012,267.0,269.200012,267.15567000000004,13647.0
2014-11-13,270.5,274.0,265.799988,268.149994,266.113617,3002.0
2014-11-14,265.350006,268.799988,261.049988,267.25,265.220459,6330.0
2014-11-17,279.899994,290.0,260.299988,272.5,270.43060299999996,44885.0
2014-11-18,279.0,285.0,270.649994,276.049988,273.95361299999996,10536.0
2014-11-19,275.200012,275.200012,266.100006,267.299988,265.270081,3514.0
2014-11-20,279.899994,279.899994,268.600006,269.350006,267.304504,4310.0
2014-11-21,270.149994,272.0,266.299988,268.450012,266.411346,17914.0
2014-11-24,270.0,272.049988,265.100006,266.799988,264.773865,4214.0
2014-11-25,285.0,285.0,260.0,262.350006,260.357666,2587.0
2014-11-26,256.0,268.5,251.0,266.850006,264.823517,4433.0
2014-11-27,268.0,268.0,262.0,262.75,260.754639,1125.0
2014-11-28,262.799988,267.100006,261.0,262.549988,260.556152,1598.0
2014-12-01,266.0,267.450012,260.0,262.5,260.506531,2831.0
2014-12-02,258.100006,267.399994,256.0,259.950012,257.975922,8113.0
2014-12-03,259.0,264.350006,257.0,257.850006,255.891846,3017.0
2014-12-04,267.5,267.799988,259.0,259.200012,257.231598,3826.0
2014-12-05,262.850006,263.0,255.0,255.5,253.55969199999998,9980.0
2014-12-08,255.55000299999998,259.950012,254.5,254.94999700000002,253.01387000000003,2913.0
2014-12-09,262.950012,262.950012,252.0,256.200012,254.254379,3096.0
2014-12-10,260.0,260.049988,243.5,246.30000299999998,244.429565,11901.0
2014-12-11,242.600006,253.0,222.69999700000002,243.55000299999998,241.70043900000002,5077.0
2014-12-12,240.0,243.149994,230.5,233.899994,232.12371800000003,3063.0
2014-12-15,250.0,250.0,227.0,227.75,226.02043199999997,9870.0
2014-12-16,230.100006,230.100006,207.550003,213.149994,211.531296,7814.0
2014-12-17,214.0,219.399994,207.0,214.75,213.119156,11591.0
2014-12-18,216.94999700000002,225.100006,216.94999700000002,220.0,218.329285,3814.0
2014-12-19,220.0,231.899994,218.05000299999998,221.75,220.065994,2193.0
2014-12-22,220.0,220.0,215.05000299999998,219.399994,217.733841,1865.0
2014-12-23,218.0,219.649994,211.0,214.94999700000002,213.31762700000002,647.0
2014-12-24,213.0,228.94999700000002,212.350006,216.899994,215.252823,978.0
2014-12-26,215.0,225.0,213.30000299999998,222.0,220.314102,2239.0
2014-12-29,224.0,224.94999700000002,216.94999700000002,219.5,217.83308399999999,1640.0
2014-12-30,220.0,221.0,215.100006,215.25,213.61535600000002,426.0
2014-12-31,217.0,229.0,212.0,218.149994,216.49333199999998,5411.0
2015-01-01,220.0,224.0,216.0,220.899994,219.22244300000003,2351.0
2015-01-02,223.0,223.0,216.44999700000002,218.5,216.84066800000002,2853.0
2015-01-05,220.0,226.0,218.5,221.399994,219.71864300000001,1007.0
2015-01-06,220.0,221.399994,216.0,217.44999700000002,215.79864500000002,4401.0
2015-01-07,219.94999700000002,219.94999700000002,200.25,208.800003,207.21434,4523.0
2015-01-08,210.0,224.0,210.0,217.44999700000002,215.79864500000002,2955.0
2015-01-09,227.94999700000002,232.19999700000002,215.05000299999998,229.75,228.00523399999997,2319.0
2015-01-12,238.0,259.799988,232.149994,245.5,243.635635,11816.0
2015-01-13,253.899994,253.899994,236.75,240.80000299999998,238.971329,2598.0
2015-01-14,252.899994,252.899994,233.25,240.149994,238.326248,1985.0
2015-01-15,249.899994,249.899994,240.0,240.94999700000002,239.12017799999998,4029.0
2015-01-16,236.05000299999998,245.850006,236.05000299999998,238.25,236.44068900000002,3123.0
2015-01-19,238.0,244.94999700000002,233.19999700000002,237.30000299999998,235.49791000000002,1874.0
2015-01-20,244.899994,245.0,230.05000299999998,238.350006,236.539932,3807.0
2015-01-21,244.649994,269.899994,232.0,242.25,240.41030899999998,15398.0
2015-01-22,245.0,252.899994,242.44999700000002,248.149994,246.26550299999997,2972.0
2015-01-23,256.799988,256.799988,243.05000299999998,245.399994,243.536392,985.0
2015-01-27,248.100006,285.0,240.05000299999998,260.75,258.769806,65676.0
2015-01-28,266.5,270.950012,255.0,260.200012,258.22399900000005,57362.0
2015-01-29,262.0,270.0,262.0,266.899994,264.873108,34884.0
2015-01-30,269.0,270.0,260.5,263.75,261.74703999999997,20837.0
2015-02-02,263.950012,270.0,261.100006,267.0,264.972351,17209.0
2015-02-03,269.600006,269.600006,256.75,261.549988,259.563721,10566.0
2015-02-04,267.0,267.0,237.05000299999998,250.399994,248.498413,11687.0
2015-02-05,259.5,260.25,251.0,257.799988,255.842209,5669.0
2015-02-06,263.600006,263.600006,250.5,252.55000299999998,250.63209500000002,2865.0
2015-02-09,250.0,251.0,243.0,244.600006,242.742477,2259.0
2015-02-10,244.600006,258.899994,244.0,245.55000299999998,243.68525699999998,3014.0
2015-02-11,242.05000299999998,249.899994,242.05000299999998,243.05000299999998,241.204239,552.0
2015-02-12,249.899994,249.899994,243.25,246.350006,244.47918700000002,1427.0
2015-02-13,241.100006,250.0,241.100006,249.850006,247.952606,2803.0
2015-02-16,242.5,242.5,232.100006,233.850006,232.074112,27469.0
2015-02-18,232.5,254.0,227.05000299999998,229.149994,227.40979,9932.0
2015-02-19,247.0,247.0,216.30000299999998,220.350006,218.67663599999997,14289.0
2015-02-20,220.899994,226.399994,217.5,218.19999700000002,216.54295299999998,3120.0
2015-02-23,219.899994,219.899994,207.0,208.800003,207.21434,7518.0
2015-02-24,211.05000299999998,214.100006,206.050003,208.199997,206.618896,4900.0
2015-02-25,209.0,210.0,205.050003,207.550003,205.97383100000002,4929.0
2015-02-26,216.899994,216.899994,204.949997,206.0,204.435608,3548.0
2015-02-27,210.0,217.94999700000002,207.050003,215.149994,213.516113,3188.0
2015-02-28,,,,,,
2015-03-02,216.05000299999998,223.899994,216.0,217.850006,216.19561800000002,3239.0
2015-03-03,220.0,226.44999700000002,215.19999700000002,219.649994,217.981934,3847.0
2015-03-04,220.0,230.0,217.0,218.5,216.84066800000002,3638.0
2015-03-05,224.399994,224.399994,209.0,213.19999700000002,211.580917,3122.0
2015-03-09,213.19999700000002,218.75,209.0,209.80000299999998,208.206741,3583.0
2015-03-10,206.100006,216.899994,205.199997,208.300003,206.71813999999998,4182.0
2015-03-11,207.25,212.0,205.350006,209.350006,207.760162,3445.0
2015-03-12,207.050003,208.949997,206.75,207.100006,205.527252,2129.0
2015-03-13,208.949997,210.0,205.050003,205.600006,204.038651,3483.0
2015-03-16,209.850006,209.850006,205.199997,205.399994,203.840149,5967.0
2015-03-17,209.899994,209.94999700000002,206.0,208.350006,206.767761,3728.0
2015-03-18,209.649994,209.649994,201.050003,204.850006,203.294342,2821.0
2015-03-19,210.0,210.0,204.850006,207.449997,205.874588,200.0
2015-03-20,205.449997,205.449997,197.050003,200.100006,198.580414,2978.0
2015-03-23,209.94999700000002,209.94999700000002,196.75,197.100006,195.603195,22411.0
2015-03-24,200.0,204.800003,192.0,195.300003,193.81686399999998,5492.0
2015-03-25,204.949997,204.949997,187.0,188.600006,187.16773999999998,3566.0
2015-03-26,190.5,199.0,175.050003,177.899994,176.548996,7571.0
2015-03-27,175.0,185.0,170.350006,177.899994,176.548996,14229.0
2015-03-30,177.25,190.600006,177.0,187.649994,186.224945,6861.0
2015-03-31,184.300003,194.949997,184.300003,191.0,189.54951499999999,14009.0
2015-04-01,190.949997,194.0,186.100006,192.350006,190.889267,25447.0
2015-04-06,193.899994,211.0,193.800003,209.94999700000002,208.355606,21091.0
2015-04-07,210.05000299999998,224.0,210.05000299999998,219.75,218.081177,20873.0
2015-04-08,220.0,224.94999700000002,214.0,216.149994,214.50851400000002,3195.0
2015-04-09,214.25,225.0,214.25,218.850006,217.188019,2486.0
2015-04-10,220.0,223.44999700000002,214.94999700000002,217.399994,215.749023,4496.0
2015-04-13,222.0,222.0,212.25,217.399994,215.749023,1132.0
2015-04-15,221.5,230.0,214.5,216.149994,214.50851400000002,11197.0
2015-04-16,216.5,216.5,199.149994,200.399994,198.878128,11512.0
2015-04-17,200.0,209.600006,200.0,204.550003,202.996613,8143.0
2015-04-20,204.0,206.800003,198.0,198.449997,196.942932,3261.0
2015-04-21,198.0,206.899994,193.5,197.75,196.24826000000002,2006.0
2015-04-22,196.0,199.949997,191.350006,193.649994,192.179382,3477.0
2015-04-23,199.949997,199.949997,194.0,196.0,194.511536,2172.0
2015-04-24,200.0,200.0,190.0,192.050003,190.59153700000002,2051.0
2015-04-27,207.949997,207.949997,184.0,187.5,186.076096,1709.0
2015-04-28,185.0,195.0,185.0,186.449997,185.03405800000002,580.0
2015-04-29,182.050003,190.0,182.050003,184.850006,183.446228,2957.0
2015-04-30,188.949997,188.949997,178.399994,179.25,177.888748,7382.0
2015-05-04,189.0,189.75,176.100006,182.350006,180.96521,6960.0
2015-05-05,182.0,182.949997,179.0,180.199997,178.831528,3918.0
2015-05-06,179.199997,180.949997,172.0,173.399994,172.08316000000002,1831.0
2015-05-07,175.0,179.449997,168.0,169.100006,167.815826,3603.0
2015-05-08,181.0,181.0,168.0,171.449997,170.14798000000002,3336.0
2015-05-11,178.5,179.100006,168.100006,170.149994,168.857849,2894.0
2015-05-12,173.0,173.0,168.0,168.050003,166.773804,2344.0
2015-05-13,168.5,177.0,168.5,175.0,173.671021,20085.0
2015-05-14,178.600006,178.600006,171.300003,174.850006,173.522171,2285.0
2015-05-15,174.0,177.899994,171.0,171.75,170.44570900000002,2116.0
2015-05-18,171.0,178.0,170.5,174.050003,172.728241,977.0
2015-05-19,175.050003,179.399994,171.0,172.399994,171.09075900000002,2743.0
2015-05-20,172.800003,172.800003,168.0,169.050003,167.766205,5171.0
2015-05-21,170.0,172.0,164.0,169.600006,168.312042,4793.0
2015-05-22,166.699997,170.0,164.0,166.75,165.483673,1328.0
2015-05-25,166.0,170.0,166.0,169.399994,168.113541,1683.0
2015-05-26,170.0,172.0,166.5,169.350006,168.06393400000002,2398.0
2015-05-27,153.899994,165.850006,153.899994,158.449997,157.246704,8018.0
2015-05-28,160.0,167.25,148.0,149.550003,148.414291,11916.0
2015-05-29,149.0,153.0,147.25,151.75,150.59758,35702.0
2015-06-01,151.0,155.0,150.300003,154.949997,153.77328500000002,6830.0
2015-06-02,154.850006,154.850006,148.300003,150.050003,148.910492,1178.0
2015-06-03,146.5,154.699997,131.100006,141.600006,140.524673,4869.0
2015-06-04,146.0,152.899994,137.600006,144.850006,143.749985,4362.0
2015-06-05,145.0,150.0,142.100006,144.899994,143.799606,2687.0
2015-06-08,160.5,160.5,136.100006,138.25,137.200104,1752.0
2015-06-09,136.050003,144.949997,136.050003,138.0,136.952011,2215.0
2015-06-10,135.199997,145.0,135.199997,143.350006,142.261383,2997.0
2015-06-11,145.0,145.0,139.0,139.850006,138.787964,848.0
2015-06-12,137.050003,143.5,137.0,143.0,141.91403200000002,993.0
2015-06-15,135.0,141.0,135.0,138.100006,137.051254,5350.0
2015-06-16,136.75,140.5,135.0,137.100006,136.058853,2018.0
2015-06-17,137.0,143.0,137.0,141.949997,140.87200900000002,931.0
2015-06-18,142.0,143.949997,140.0,141.449997,140.375809,2455.0
2015-06-19,144.800003,153.0,138.5,142.199997,141.120102,18934.0
2015-06-22,143.550003,146.949997,143.5,143.800003,142.707962,447.0
2015-06-23,147.300003,150.0,145.699997,150.0,148.86087,4073.0
2015-06-24,146.050003,150.0,145.100006,148.699997,147.57074,2944.0
2015-06-25,147.0,149.899994,142.25,144.199997,143.104919,948.0
2015-06-26,152.899994,152.899994,143.300003,148.550003,147.42189,4169.0
2015-06-29,144.0,150.0,141.699997,147.25,146.13176,1189.0
2015-06-30,150.0,152.0,145.550003,149.0,147.868469,37342.0
2015-07-01,150.0,150.0,146.5,146.850006,145.734802,30938.0
2015-07-02,146.0,167.699997,143.0,161.25,160.025436,25916.0
2015-07-03,153.5,169.0,153.5,166.0,164.739365,4249.0
2015-07-06,164.949997,169.899994,155.0,159.050003,157.842148,4625.0
2015-07-07,158.100006,162.0,155.300003,158.0,156.800125,5756.0
2015-07-08,155.300003,159.949997,146.100006,153.25,152.086197,4396.0
2015-07-09,154.899994,161.0,150.800003,155.100006,153.92215,5465.0
2015-07-10,154.199997,160.0,154.199997,158.550003,157.345947,2675.0
2015-07-13,159.0,161.0,153.050003,155.899994,154.716064,1957.0
2015-07-14,152.0,154.949997,150.0,152.600006,151.441132,3631.0
2015-07-15,155.0,168.25,152.600006,160.600006,159.38038600000002,19362.0
2015-07-16,163.0,174.399994,161.050003,169.75,168.460892,69126.0
2015-07-17,172.800003,190.0,172.800003,182.949997,181.56063799999998,176730.0
2015-07-20,187.0,195.050003,187.0,189.300003,187.862427,135917.0
2015-07-21,190.0,196.0,189.100006,189.75,188.309006,78840.0
2015-07-22,189.100006,193.699997,188.100006,190.199997,188.755585,29056.0
2015-07-23,189.25,194.75,189.100006,190.149994,188.705963,25962.0
2015-07-24,192.0,193.0,187.100006,187.600006,186.17533899999998,30850.0
2015-07-27,190.0,195.0,190.0,192.75,191.286224,49087.0
2015-07-28,194.5,194.5,187.0,188.699997,187.266983,65702.0
2015-07-29,190.0,194.449997,185.149994,191.149994,189.698364,189323.0
2015-07-30,207.149994,213.0,194.300003,196.300003,194.80926499999998,652533.0
2015-07-31,197.949997,199.0,191.25,197.649994,196.149002,98920.0
2015-08-03,199.5,202.0,188.0,191.550003,190.095337,88536.0
2015-08-04,192.050003,194.0,187.300003,189.899994,188.457855,40367.0
2015-08-05,188.850006,193.899994,187.600006,188.100006,186.671539,44464.0
2015-08-06,192.899994,192.899994,178.649994,181.75,180.369766,75297.0
2015-08-07,182.850006,183.5,172.5,177.699997,176.35051,37407.0
2015-08-10,181.399994,183.0,175.0,178.600006,177.243683,20956.0
2015-08-11,177.0,180.0,167.149994,169.0,167.716583,66870.0
2015-08-12,169.449997,172.0,162.050003,163.199997,161.960632,45169.0
2015-08-13,164.550003,169.0,164.5,165.399994,164.143921,12760.0
2015-08-14,161.399994,167.899994,161.399994,166.100006,164.838608,10905.0
2015-08-17,166.0,170.0,166.0,168.5,167.220383,12430.0
2015-08-18,169.350006,170.0,168.0,168.850006,167.567734,11739.0
2015-08-19,169.75,177.850006,168.25,175.550003,174.21684299999998,110619.0
2015-08-20,176.0,184.149994,171.0,173.600006,172.281662,63844.0
2015-08-21,171.0,171.0,166.050003,169.850006,168.560135,11507.0
2015-08-24,166.800003,166.800003,136.149994,146.100006,144.99049399999998,49369.0
2015-08-25,146.5,150.899994,138.300003,146.949997,145.83403,25576.0
2015-08-26,148.0,151.800003,142.100006,144.449997,143.353012,14221.0
2015-08-27,149.25,154.5,147.350006,151.25,150.101379,39279.0
2015-08-28,155.0,157.0,147.050003,148.600006,147.47151200000002,10725.0
2015-08-31,148.050003,162.899994,148.050003,156.75,155.559616,30174.0
2015-09-01,153.100006,156.800003,148.5,149.25,148.116577,19524.0
2015-09-02,150.5,150.899994,142.5,144.399994,143.303391,25673.0
2015-09-03,147.949997,154.899994,146.0,151.949997,150.796066,11180.0
2015-09-04,152.949997,153.899994,142.5,145.0,143.898849,7592.0
2015-09-07,154.699997,154.699997,143.100006,148.050003,146.92569,34148.0
2015-09-08,149.899994,150.0,141.100006,148.899994,147.769226,15377.0
2015-09-09,150.0,152.550003,148.300003,149.550003,148.414291,8890.0
2015-09-10,148.0,151.600006,144.649994,147.5,146.379868,5258.0
2015-09-11,152.649994,152.649994,148.0,148.899994,147.769226,7303.0
2015-09-14,150.600006,152.0,147.550003,151.350006,150.200623,3670.0
2015-09-15,152.300003,153.0,149.0,149.0,147.868469,6029.0
2015-09-16,151.25,151.25,147.100006,148.800003,147.669998,2713.0
2015-09-18,151.0,152.949997,148.5,150.649994,149.50593600000002,6221.0
2015-09-21,151.25,153.0,148.550003,152.149994,150.994537,4631.0
2015-09-22,151.5,153.5,148.899994,150.649994,149.50593600000002,4456.0
2015-09-23,150.0,150.050003,146.0,149.050003,147.918091,5306.0
2015-09-24,150.0,152.949997,149.0,150.899994,149.754028,4787.0
2015-09-28,151.300003,155.449997,149.25,152.449997,151.29226699999998,20267.0
2015-09-29,151.300003,156.850006,150.0,153.699997,152.532776,15311.0
2015-09-30,157.0,159.0,154.399994,155.0,153.82290600000002,7523.0
2015-10-01,154.0,156.600006,152.0,153.0,151.838089,1554.0
2015-10-05,157.850006,158.0,153.050003,153.5,152.33428999999998,4366.0
2015-10-06,157.199997,157.199997,152.0,153.399994,152.23504599999998,9529.0
2015-10-07,152.649994,156.699997,151.050003,154.75,153.574799,5636.0
2015-10-08,155.899994,155.899994,149.5,152.350006,151.193039,3042.0
2015-10-09,152.350006,157.899994,152.350006,156.949997,155.75808700000002,7170.0
2015-10-12,156.050003,169.0,156.050003,163.0,161.762146,19257.0
2015-10-13,158.0,165.449997,158.0,164.199997,162.953033,7193.0
2015-10-14,160.649994,177.899994,160.649994,173.100006,171.785461,24742.0
2015-10-15,174.100006,182.0,170.399994,172.199997,170.89228799999998,15992.0
2015-10-16,172.149994,175.899994,164.399994,167.199997,165.930252,14247.0
2015-10-19,170.0,170.0,162.949997,163.399994,162.15910300000002,15520.0
2015-10-20,164.5,165.300003,161.050003,162.399994,161.16670200000002,6407.0
2015-10-21,161.699997,162.949997,158.100006,158.550003,157.345947,10732.0
2015-10-23,162.75,165.649994,160.199997,161.800003,160.571274,8208.0
2015-10-26,162.899994,167.550003,162.199997,165.399994,164.143921,9199.0
2015-10-27,166.850006,167.300003,162.050003,162.449997,161.216324,2287.0
2015-10-28,165.300003,165.300003,159.0,159.949997,158.735306,5926.0
2015-10-29,159.850006,162.5,158.5,159.399994,158.18948400000002,1930.0
2015-10-30,159.300003,160.949997,154.100006,156.699997,155.509995,4748.0
2015-11-02,155.100006,158.75,154.100006,158.449997,157.246704,2966.0
2015-11-03,156.600006,160.949997,156.550003,157.75,156.552017,10499.0
2015-11-04,161.899994,162.0,158.149994,159.350006,158.139877,4570.0
2015-11-05,157.0,160.850006,154.199997,156.600006,155.410767,4839.0
2015-11-06,156.050003,163.0,155.649994,160.649994,159.429993,3057.0
2015-11-09,165.0,165.0,138.949997,160.050003,158.834549,5973.0
2015-11-10,172.300003,175.949997,164.100006,165.399994,164.143921,76957.0
2015-11-13,184.850006,207.0,177.550003,200.5,198.977371,644460.0
2015-11-16,203.0,205.800003,194.100006,197.550003,196.04977399999999,224722.0
2015-11-17,197.0,201.899994,192.600006,194.699997,193.221405,57784.0
2015-11-18,192.5,199.0,184.0,185.199997,183.793564,53298.0
2015-11-19,186.0,217.899994,186.0,211.05000299999998,209.44725,528350.0
2015-11-20,214.80000299999998,221.30000299999998,211.149994,213.149994,211.531296,264652.0
2015-11-23,214.94999700000002,233.0,212.850006,228.350006,226.615875,339168.0
2015-11-24,232.0,238.0,230.649994,236.19999700000002,234.40625,231354.0
2015-11-26,236.0,264.700012,236.0,253.5,251.574875,484163.0
2015-11-27,253.0,262.299988,240.5,245.55000299999998,243.68525699999998,235051.0
2015-11-30,247.0,256.0,245.0,250.5,248.597656,140439.0
2015-12-01,250.5,264.950012,250.5,258.350006,256.388062,216988.0
2015-12-02,260.75,260.950012,247.69999700000002,253.94999700000002,252.021454,100992.0
2015-12-03,250.19999700000002,254.0,240.5,243.55000299999998,241.70043900000002,64355.0
2015-12-04,242.25,251.0,240.149994,245.5,243.635635,56540.0
2015-12-07,248.649994,254.899994,245.600006,249.0,247.10905499999998,69471.0
2015-12-08,248.80000299999998,250.0,241.25,243.94999700000002,242.09739700000003,34244.0
2015-12-09,240.0,244.899994,232.0,234.0,232.222961,57906.0
2015-12-10,236.30000299999998,249.75,231.25,248.55000299999998,246.66247599999997,61964.0
2015-12-11,249.94999700000002,251.05000299999998,235.0,241.55000299999998,239.71563700000002,55837.0
2015-12-14,243.94999700000002,251.75,237.94999700000002,247.55000299999998,245.67005899999998,72994.0
2015-12-15,248.5,254.80000299999998,247.25,253.600006,251.67411800000002,73636.0
2015-12-16,256.149994,256.149994,248.05000299999998,251.05000299999998,249.143494,30653.0
2015-12-17,252.0,253.05000299999998,246.25,249.149994,247.257904,20589.0
2015-12-18,248.94999700000002,253.850006,246.25,251.55000299999998,249.639694,33005.0
2015-12-21,251.0,251.69999700000002,247.149994,249.05000299999998,247.15867599999999,7408.0
2015-12-22,254.0,254.0,243.600006,244.30000299999998,242.444748,16776.0
2015-12-23,246.44999700000002,250.5,243.25,244.05000299999998,242.19664,18056.0
2015-12-24,245.30000299999998,247.149994,237.100006,242.80000299999998,240.956146,19258.0
2015-12-28,246.399994,247.75,241.05000299999998,242.80000299999998,240.956146,9837.0
2015-12-29,243.05000299999998,247.399994,240.0,240.25,238.42550699999998,19646.0
2015-12-30,236.94999700000002,243.94999700000002,236.94999700000002,240.69999700000002,238.872086,13560.0
2015-12-31,237.19999700000002,246.0,235.850006,241.94999700000002,240.11259500000003,11815.0
2016-01-01,246.850006,268.0,244.0,263.299988,261.300446,163832.0
2016-01-04,264.0,278.75,264.0,274.549988,272.464996,235689.0
2016-01-05,283.450012,296.0,282.5,291.399994,289.187042,330899.0
2016-01-06,289.350006,307.700012,285.0,287.899994,285.713623,175895.0
2016-01-07,281.200012,282.950012,265.549988,274.649994,272.56427,63966.0
2016-01-08,274.649994,287.700012,274.649994,277.100006,274.99566699999997,42755.0
2016-01-11,273.0,294.5,266.5,284.149994,281.992096,106161.0
2016-01-12,284.049988,293.75,276.25,278.0,275.888824,82594.0
2016-01-13,282.100006,285.5,242.100006,254.399994,252.46803300000002,143230.0
2016-01-14,248.0,259.0,236.25,252.399994,250.48323100000002,60082.0
2016-01-15,253.5,259.0,237.149994,240.25,238.42550699999998,28769.0
2016-01-18,237.19999700000002,242.55000299999998,211.5,217.25,215.600174,53158.0
2016-01-19,212.0,231.600006,212.0,224.149994,222.447754,40730.0
2016-01-20,223.0,223.0,209.80000299999998,215.30000299999998,213.664978,28706.0
2016-01-21,216.350006,232.0,212.5,215.05000299999998,213.41687000000002,20824.0
2016-01-22,220.05000299999998,235.0,220.05000299999998,229.19999700000002,227.45941200000001,42839.0
2016-01-25,235.0,248.75,225.149994,246.44999700000002,244.57841499999998,34917.0
2016-01-27,248.0,254.399994,245.0,249.55000299999998,247.654877,22029.0
2016-01-28,248.05000299999998,251.0,233.0,236.19999700000002,234.40625,17308.0
2016-01-29,239.80000299999998,243.75,234.100006,240.5,238.67359900000002,11955.0
2016-02-01,237.0,243.75,236.100006,236.80000299999998,235.00170899999998,7727.0
2016-02-02,238.94999700000002,238.94999700000002,230.25,232.44999700000002,230.68473799999998,8547.0
2016-02-03,230.19999700000002,230.399994,225.0,227.25,225.52423100000001,7644.0
2016-02-04,233.5,235.850006,220.44999700000002,222.149994,220.462952,12122.0
2016-02-05,223.0,229.5,222.19999700000002,227.350006,225.62347400000002,10194.0
2016-02-08,230.5,260.0,225.149994,249.149994,247.257904,129782.0
2016-02-09,245.0,255.0,237.0,249.80000299999998,247.902985,66299.0
2016-02-10,236.0,240.94999700000002,199.850006,203.0,201.45838899999998,157937.0
2016-02-11,202.0,202.0,186.0,188.699997,187.266983,74723.0
2016-02-12,193.949997,193.949997,175.649994,178.800003,177.442169,33830.0
2016-02-15,186.0,195.0,182.0,192.300003,190.839645,28911.0
2016-02-16,195.800003,195.800003,176.199997,179.050003,177.69026200000002,27194.0
2016-02-17,173.300003,179.800003,171.25,176.899994,175.55658,11091.0
2016-02-18,180.350006,189.399994,177.149994,185.449997,184.04165600000002,40399.0
2016-02-19,188.0,188.0,182.25,183.100006,181.709518,15490.0
2016-02-22,184.0,188.449997,177.100006,179.199997,177.839127,11703.0
2016-02-23,180.0,183.0,177.0,177.350006,176.003174,11675.0
2016-02-24,179.0,179.850006,174.100006,175.899994,174.564178,11862.0
2016-02-25,175.0,176.0,170.0,171.5,170.197601,10739.0
2016-02-26,174.5,177.0,165.0,166.949997,165.682144,8871.0
2016-02-29,163.0,167.949997,163.0,163.5,162.258347,14302.0
2016-03-01,164.0,176.0,164.0,172.949997,171.636581,23167.0
2016-03-02,181.0,185.5,176.550003,182.100006,180.717102,17447.0
2016-03-03,180.0,183.899994,177.25,181.649994,180.270508,8888.0
2016-03-04,181.100006,196.0,178.5,185.600006,184.190521,23421.0
2016-03-08,180.199997,189.949997,180.149994,184.75,183.34698500000002,12336.0
2016-03-09,184.649994,185.0,180.550003,182.300003,180.91558799999999,9028.0
2016-03-10,182.75,184.899994,179.0,179.550003,178.186478,26894.0
2016-03-11,179.550003,187.899994,175.050003,176.25,174.91153,27678.0
2016-03-14,182.0,182.0,172.199997,175.0,173.671021,13654.0
2016-03-15,175.0,175.0,170.300003,172.5,171.190002,47634.0
2016-03-16,173.399994,173.399994,167.100006,169.850006,168.560135,31466.0
2016-03-17,179.550003,179.550003,167.0,167.699997,166.426453,64466.0
2016-03-18,171.949997,172.0,167.5,169.399994,168.113541,10176.0
2016-03-21,170.0,174.5,163.050003,167.600006,166.327225,38066.0
2016-03-22,168.300003,170.850006,167.0,169.100006,167.815826,16447.0
2016-03-23,170.0,171.899994,164.25,166.5,165.23556499999998,23349.0
2016-03-28,166.0,169.75,161.100006,162.699997,161.46443200000002,8124.0
2016-03-29,167.899994,167.899994,157.5,158.699997,157.494797,11021.0
2016-03-30,158.050003,168.100006,158.050003,164.050003,162.80418400000002,16662.0
2016-03-31,165.050003,171.800003,163.050003,164.399994,163.15152,20617.0
2016-04-01,165.199997,170.0,162.350006,169.600006,168.312042,9205.0
2016-04-04,169.800003,173.5,164.25,167.050003,165.781403,11600.0
2016-04-05,165.199997,168.0,163.5,167.100006,165.83102399999999,8337.0
2016-04-06,168.899994,176.550003,167.100006,174.300003,172.976334,17984.0
2016-04-07,175.0,188.75,175.0,178.899994,177.541397,94146.0
2016-04-08,178.899994,188.75,178.899994,185.300003,183.892807,41842.0
2016-04-11,185.0,187.399994,181.0,182.5,181.114059,17968.0
2016-04-12,182.050003,187.800003,182.0,183.5,182.10647600000001,17560.0
2016-04-13,181.5,186.75,181.5,182.949997,181.56063799999998,11653.0
2016-04-18,172.5,185.0,172.5,182.949997,181.56063799999998,16545.0
2016-04-20,184.75,184.75,179.149994,181.199997,179.823929,6734.0
2016-04-21,182.949997,184.75,179.0,180.850006,179.476608,8453.0
2016-04-22,179.5,182.0,176.949997,180.149994,178.781906,12623.0
2016-04-25,181.0,181.0,177.25,177.850006,176.49938999999998,4298.0
2016-04-26,178.0,179.449997,175.600006,178.050003,176.69786100000002,7996.0
2016-04-27,181.300003,181.300003,176.199997,177.449997,176.102417,16846.0
2016-04-28,180.399994,180.850006,175.050003,177.800003,176.44975300000002,5429.0
2016-04-29,173.399994,183.5,173.399994,179.449997,178.087219,19129.0
2016-05-02,180.949997,180.949997,173.75,175.649994,174.316086,7323.0
2016-05-03,174.5,179.850006,173.75,175.199997,173.86949199999998,4806.0
2016-05-04,176.0,178.399994,170.100006,171.25,169.949493,5976.0
2016-05-05,174.0,174.800003,170.0,171.100006,169.800644,7194.0
2016-05-06,170.5,173.300003,167.5,169.199997,167.91507,4536.0
2016-05-09,169.0,174.949997,168.5,170.75,169.453293,4893.0
2016-05-10,170.75,173.0,170.0,171.550003,170.247223,5443.0
2016-05-11,171.899994,171.899994,167.699997,169.399994,168.113541,2658.0
2016-05-12,170.5,174.850006,168.0,170.949997,169.651779,4598.0
2016-05-13,170.050003,170.949997,165.100006,165.800003,164.54089399999998,7759.0
2016-05-16,164.0,169.899994,164.0,168.050003,166.773804,2125.0
2016-05-17,167.0,172.050003,167.0,169.0,167.716583,7823.0
2016-05-18,169.949997,172.800003,165.5,166.949997,165.682144,6350.0
2016-05-19,168.0,189.0,166.300003,175.399994,174.067978,73986.0
2016-05-20,172.75,181.800003,172.0,172.350006,171.041153,13034.0
2016-05-23,173.0,174.800003,168.0,168.949997,167.666962,12126.0
2016-05-24,172.0,172.800003,162.350006,163.100006,161.861404,11108.0
2016-05-25,164.5,169.800003,163.050003,168.449997,167.170761,14367.0
2016-05-26,172.0,172.899994,165.5,170.0,168.70898400000002,5236.0
2016-05-27,173.75,181.0,168.350006,177.800003,176.44975300000002,25450.0
2016-05-30,179.75,182.0,176.5,177.699997,176.35051,13532.0
2016-05-31,175.0,175.0,163.949997,168.600006,167.319626,23974.0
2016-06-01,172.800003,172.800003,164.5,165.699997,164.44165,19285.0
2016-06-02,168.800003,169.199997,161.699997,164.0,162.75456200000002,21657.0
2016-06-03,167.399994,168.800003,161.75,162.949997,161.712524,25305.0
2016-06-06,163.0,166.699997,162.199997,163.300003,162.059875,4965.0
2016-06-07,163.600006,166.699997,163.600006,165.449997,164.19354199999998,8302.0
2016-06-08,168.300003,172.399994,162.300003,171.0,169.701401,19916.0
2016-06-09,166.050003,172.0,166.050003,167.600006,166.327225,3639.0
2016-06-10,166.0,169.5,163.800003,166.649994,165.38443,17954.0
2016-06-13,169.699997,169.699997,162.0,162.649994,161.414795,8072.0
2016-06-14,167.449997,167.449997,162.699997,163.050003,161.811768,7771.0
2016-06-15,164.300003,166.800003,163.399994,164.600006,163.350006,12205.0
2016-06-16,166.699997,166.699997,160.550003,162.199997,160.96821599999998,5898.0
2016-06-17,165.0,176.5,163.199997,168.899994,167.61733999999998,41713.0
2016-06-20,168.899994,171.5,163.100006,164.600006,163.350006,14000.0
2016-06-21,164.25,167.75,164.0,165.399994,164.143921,5795.0
2016-06-22,166.75,166.75,161.5,161.800003,160.571274,8721.0
2016-06-23,161.800003,164.5,159.100006,160.449997,159.231506,10905.0
2016-06-24,157.850006,158.949997,154.0,157.449997,156.254288,10952.0
2016-06-27,160.850006,162.949997,158.100006,159.0,157.792526,11547.0
2016-06-28,162.699997,162.699997,158.149994,160.25,159.033035,6469.0
2016-06-29,162.899994,166.0,159.399994,162.5,161.265945,13937.0
2016-06-30,163.899994,168.5,161.550003,164.300003,163.052277,7617.0
2016-07-01,164.5,168.399994,163.050003,164.350006,163.101898,7326.0
2016-07-04,164.800003,171.5,164.800003,169.800003,168.51051299999997,15140.0
2016-07-05,170.050003,173.0,168.25,169.350006,168.06393400000002,9666.0
2016-07-07,169.699997,172.25,169.0,170.25,168.957092,8682.0
2016-07-08,171.800003,171.800003,167.5,168.149994,166.873032,6042.0
2016-07-11,167.800003,173.199997,167.550003,170.350006,169.05633500000002,3147.0
2016-07-12,172.899994,175.25,168.149994,173.25,171.934311,11972.0
2016-07-13,173.899994,174.0,168.0,169.350006,168.06393400000002,5915.0
2016-07-14,172.800003,172.800003,166.050003,168.100006,166.823425,8362.0
2016-07-15,172.800003,172.800003,167.5,167.550003,166.277603,5277.0
2016-07-18,169.800003,170.0,163.550003,164.600006,163.350006,5114.0
2016-07-19,167.75,167.800003,163.550003,163.899994,162.655304,2506.0
2016-07-20,167.0,167.199997,163.399994,165.25,163.995056,4709.0
2016-07-21,164.149994,168.949997,164.149994,168.100006,166.823425,1584.0
2016-07-22,167.0,172.850006,166.5,169.899994,168.60974099999999,8541.0
2016-07-25,169.0,172.0,165.0,167.300003,166.029495,6838.0
2016-07-26,169.0,169.0,163.399994,165.300003,164.044693,6721.0
2016-07-27,165.5,169.5,163.550003,164.600006,163.350006,10647.0
2016-07-28,165.899994,166.0,162.0,162.800003,162.800003,11325.0
2016-07-29,165.5,165.5,161.5,162.800003,162.800003,10310.0
2016-08-01,161.550003,174.75,161.550003,173.5,173.5,37591.0
2016-08-02,174.75,181.0,170.199997,173.75,173.75,40221.0
2016-08-03,177.449997,177.449997,170.0,171.199997,171.199997,11188.0
2016-08-04,177.25,177.699997,166.100006,171.800003,171.800003,7476.0
2016-08-05,174.699997,180.0,170.199997,177.350006,177.350006,21206.0
2016-08-08,182.0,182.25,178.0,180.5,180.5,25505.0
2016-08-09,181.949997,181.949997,175.399994,176.75,176.75,10481.0
2016-08-10,179.0,179.0,171.300003,172.149994,172.149994,13710.0
2016-08-11,177.800003,177.800003,165.25,173.100006,173.100006,6807.0
2016-08-12,162.0,162.149994,146.5,151.449997,151.449997,106227.0
2016-08-16,152.0,152.0,144.149994,145.399994,145.399994,16611.0
2016-08-17,150.0,150.449997,138.0,139.850006,139.850006,23073.0
2016-08-18,140.0,144.0,138.100006,142.350006,142.350006,25573.0
2016-08-19,142.0,144.899994,141.100006,142.600006,142.600006,16360.0
2016-08-22,145.0,171.100006,141.399994,171.100006,171.100006,156741.0
2016-08-23,178.0,199.0,177.800003,184.550003,184.550003,744637.0
2016-08-24,182.0,194.300003,180.899994,189.050003,189.050003,152085.0
2016-08-25,190.899994,212.69999700000002,186.699997,202.149994,202.149994,592613.0
2016-08-26,203.0,212.0,201.350006,204.850006,204.850006,152711.0
2016-08-29,206.5,211.350006,198.100006,201.75,201.75,82998.0
2016-08-30,203.350006,205.449997,194.25,197.449997,197.449997,50934.0
2016-08-31,195.0,207.5,195.0,200.5,200.5,109513.0
2016-09-01,201.850006,204.0,196.199997,197.649994,197.649994,47503.0
2016-09-02,198.800003,203.75,195.100006,198.550003,198.550003,42446.0
2016-09-06,201.699997,206.5,194.550003,197.0,197.0,28288.0
2016-09-07,198.199997,205.449997,196.0,198.699997,198.699997,84012.0
2016-09-08,197.300003,200.5,196.899994,198.149994,198.149994,18743.0
2016-09-09,197.949997,204.5,194.699997,198.149994,198.149994,34719.0
2016-09-12,194.199997,195.600006,188.600006,190.050003,190.050003,24275.0
2016-09-14,190.0,195.0,189.949997,194.300003,194.300003,18084.0
2016-09-15,197.800003,198.850006,190.699997,193.399994,193.399994,19535.0
2016-09-16,193.050003,198.199997,191.0,193.199997,193.199997,20425.0
2016-09-19,194.75,197.850006,191.0,192.050003,192.050003,15117.0
2016-09-20,192.75,194.899994,187.5,188.649994,188.649994,12007.0
2016-09-21,189.399994,191.199997,185.25,186.149994,186.149994,8439.0
2016-09-22,189.949997,191.5,186.0,187.050003,187.050003,19518.0
2016-09-23,190.0,190.0,181.550003,183.350006,183.350006,12597.0
2016-09-26,184.0,186.0,180.350006,183.399994,183.399994,18474.0
2016-09-27,184.0,189.0,180.399994,181.800003,181.800003,9347.0
2016-09-28,184.899994,199.949997,182.0,199.949997,199.949997,39315.0
2016-09-29,207.5,215.0,187.600006,193.75,193.75,172759.0
2016-09-30,195.0,206.0,195.0,200.149994,200.149994,32591.0
2016-10-03,203.0,220.149994,199.050003,218.0,218.0,143263.0
2016-10-04,219.0,220.05000299999998,205.550003,206.850006,206.850006,73600.0
2016-10-05,209.0,212.0,205.949997,207.100006,207.100006,29417.0
2016-10-06,212.0,216.0,202.0,203.300003,203.300003,72584.0
2016-10-07,208.0,211.0,204.0,208.399994,208.399994,35241.0
2016-10-10,210.100006,214.399994,205.350006,206.800003,206.800003,35210.0
2016-10-13,205.0,209.80000299999998,199.0,202.399994,202.399994,16424.0
2016-10-14,206.899994,220.600006,202.199997,213.94999700000002,213.94999700000002,61575.0
2016-10-17,210.19999700000002,227.94999700000002,210.19999700000002,226.55000299999998,226.55000299999998,123782.0
2016-10-18,228.899994,236.0,225.55000299999998,228.149994,228.149994,88349.0
2016-10-19,230.80000299999998,232.5,226.0,228.5,228.5,44741.0
2016-10-20,230.850006,243.69999700000002,228.149994,233.55000299999998,233.55000299999998,80597.0
2016-10-21,233.0,237.94999700000002,233.0,235.55000299999998,235.55000299999998,26978.0
2016-10-24,237.75,269.0,232.350006,256.399994,256.399994,279103.0
2016-10-25,257.899994,274.600006,257.0,266.700012,266.700012,171016.0
2016-10-26,267.899994,275.149994,261.600006,265.950012,265.950012,57101.0
2016-10-27,267.0,273.950012,259.950012,263.899994,263.899994,47139.0
2016-10-28,264.299988,273.700012,263.5,265.950012,265.950012,28599.0
2016-11-01,272.149994,273.950012,260.25,262.850006,262.850006,26137.0
2016-11-02,260.0,261.799988,251.0,253.30000299999998,253.30000299999998,21653.0
2016-11-03,250.25,262.0,241.19999700000002,243.05000299999998,243.05000299999998,43598.0
2016-11-04,246.69999700000002,247.0,224.0,233.0,233.0,31763.0
2016-11-07,235.19999700000002,247.850006,235.19999700000002,242.5,242.5,30469.0
2016-11-08,243.5,248.30000299999998,239.0,240.600006,240.600006,20849.0
2016-11-09,196.550003,249.0,196.550003,236.80000299999998,236.80000299999998,45431.0
2016-11-10,243.69999700000002,259.75,242.100006,247.600006,247.600006,30105.0
2016-11-11,235.0,239.0,223.0,226.0,226.0,55439.0
2016-11-15,234.0,234.0,190.350006,195.5,195.5,62290.0
2016-11-16,204.350006,209.94999700000002,191.5,192.5,192.5,16526.0
2016-11-17,195.149994,196.899994,180.199997,182.850006,182.850006,30440.0
2016-11-18,188.600006,195.850006,185.0,188.550003,188.550003,9877.0
2016-11-21,187.600006,194.5,183.449997,185.0,185.0,10438.0
2016-11-22,188.5,190.050003,178.199997,182.800003,182.800003,12817.0
2016-11-23,189.5,193.050003,182.5,190.949997,190.949997,17268.0
2016-11-24,189.25,193.0,185.350006,189.850006,189.850006,6336.0
2016-11-25,194.25,218.44999700000002,190.0,205.850006,205.850006,45533.0
2016-11-28,204.050003,212.850006,202.100006,203.25,203.25,31252.0
2016-11-29,207.949997,211.0,201.100006,203.300003,203.300003,14214.0
2016-11-30,208.0,209.5,203.699997,206.300003,206.300003,13457.0
2016-12-01,210.44999700000002,210.5,196.5,197.850006,197.850006,27069.0
2016-12-02,199.350006,199.350006,190.5,191.75,191.75,24074.0
2016-12-05,195.0,195.050003,190.199997,193.25,193.25,6183.0
2016-12-06,199.800003,199.800003,193.0,196.149994,196.149994,8860.0
2016-12-07,201.949997,201.949997,190.050003,191.600006,191.600006,10556.0
2016-12-08,197.699997,197.699997,190.550003,193.649994,193.649994,8788.0
2016-12-09,197.75,197.800003,193.75,195.350006,195.350006,9114.0
2016-12-12,197.149994,198.800003,192.0,192.75,192.75,5119.0
2016-12-13,195.550003,196.0,191.0,192.199997,192.199997,4198.0
2016-12-14,197.75,197.75,190.149994,192.300003,192.300003,2946.0
2016-12-15,194.399994,195.300003,191.0,193.649994,193.649994,2239.0
2016-12-16,195.899994,195.899994,190.350006,192.75,192.75,4172.0
2016-12-19,196.800003,196.800003,189.949997,191.100006,191.100006,8586.0
2016-12-20,193.800003,193.800003,182.600006,184.399994,184.399994,6651.0
2016-12-21,188.75,188.899994,180.25,182.600006,182.600006,16607.0
2016-12-22,185.399994,185.399994,177.0,178.300003,178.300003,6294.0
2016-12-23,182.800003,183.0,177.149994,178.449997,178.449997,4333.0
2016-12-26,184.0,184.0,173.149994,176.199997,176.199997,3531.0
2016-12-27,179.850006,188.300003,174.100006,185.649994,185.649994,3777.0
2016-12-28,183.100006,189.800003,183.100006,184.5,184.5,7232.0
2016-12-29,188.800003,193.5,183.600006,188.25,188.25,2627.0
2016-12-30,193.699997,193.699997,185.0,189.800003,189.800003,2228.0
2017-01-02,196.0,196.0,189.600006,190.899994,190.899994,5447.0
2017-01-03,193.800003,193.949997,189.0,190.550003,190.550003,2268.0
2017-01-04,194.0,194.0,186.399994,188.25,188.25,4323.0
2017-01-05,189.550003,192.800003,187.050003,191.199997,191.199997,4205.0
2017-01-06,190.300003,193.100006,189.0,190.449997,190.449997,4191.0
2017-01-09,192.75,192.850006,187.199997,190.699997,190.699997,6109.0
2017-01-10,193.699997,194.5,189.149994,190.600006,190.600006,10305.0
2017-01-11,191.899994,193.949997,189.25,190.399994,190.399994,5482.0
2017-01-12,192.5,192.5,186.899994,187.5,187.5,8235.0
2017-01-13,188.050003,210.0,186.050003,202.350006,202.350006,318344.0
2017-01-16,201.5,207.800003,198.100006,200.100006,200.100006,51949.0
2017-01-17,201.399994,201.800003,194.149994,195.050003,195.050003,20512.0
2017-01-18,195.5,196.75,192.199997,193.25,193.25,13048.0
2017-01-19,195.0,202.0,192.600006,196.899994,196.899994,14920.0
2017-01-20,197.399994,197.600006,191.0,192.100006,192.100006,13258.0
2017-01-23,195.0,196.699997,191.0,191.050003,191.050003,7309.0
2017-01-24,192.0,192.949997,187.350006,190.699997,190.699997,9165.0
2017-01-25,189.100006,199.5,189.0,194.050003,194.050003,27158.0
2017-01-27,194.149994,196.0,190.800003,191.300003,191.300003,9281.0
2017-01-30,192.0,196.949997,188.0,188.800003,188.800003,10291.0
2017-01-31,188.100006,190.899994,185.0,185.800003,185.800003,6935.0
2017-02-01,186.149994,192.899994,184.100006,189.0,189.0,6235.0
2017-02-02,191.0,195.949997,189.100006,193.800003,193.800003,10938.0
2017-02-03,196.949997,199.0,192.600006,194.699997,194.699997,9672.0
2017-02-06,198.0,207.0,194.100006,196.449997,196.449997,27399.0
2017-02-07,195.050003,200.0,194.149994,195.5,195.5,6201.0
2017-02-08,195.149994,198.0,191.5,195.149994,195.149994,7295.0
2017-02-09,202.5,202.5,192.550003,195.449997,195.449997,9558.0
2017-02-10,188.0,189.0,181.25,182.100006,182.100006,62710.0
2017-02-13,181.0,181.649994,171.699997,172.899994,172.899994,43033.0
2017-02-14,172.949997,177.949997,170.0,172.25,172.25,16514.0
2017-02-15,174.0,174.800003,165.0,167.800003,167.800003,33383.0
2017-02-16,169.0,172.949997,168.0,169.899994,169.899994,22476.0
2017-02-17,174.800003,174.800003,168.149994,169.699997,169.699997,15734.0
2017-02-20,172.100006,173.75,168.149994,169.300003,169.300003,9039.0
2017-02-21,172.949997,172.949997,168.800003,170.0,170.0,12440.0
2017-02-22,171.850006,171.850006,167.0,167.949997,167.949997,26603.0
2017-02-23,169.050003,170.0,168.100006,169.75,169.75,10931.0
2017-02-27,169.75,171.350006,165.550003,167.5,167.5,12530.0
2017-02-28,168.050003,170.0,165.550003,166.449997,166.449997,11618.0
2017-03-01,168.0,182.699997,166.0,174.399994,174.399994,120706.0
2017-03-02,174.600006,180.0,170.550003,172.0,172.0,31480.0
2017-03-03,172.100006,173.75,168.5,169.149994,169.149994,9189.0
2017-03-06,168.0,173.0,166.199997,171.600006,171.600006,17946.0
2017-03-07,172.850006,184.850006,169.350006,179.149994,179.149994,59203.0
2017-03-08,180.5,182.0,174.199997,175.699997,175.699997,18871.0
2017-03-09,175.5,177.899994,173.0,174.699997,174.699997,7056.0
2017-03-10,174.350006,175.0,171.100006,171.899994,171.899994,7197.0
2017-03-14,178.0,183.600006,172.0,175.399994,175.399994,32963.0
2017-03-15,174.199997,180.0,171.600006,174.449997,174.449997,13722.0
2017-03-16,175.0,182.0,174.0,179.0,179.0,25850.0
2017-03-17,179.949997,179.949997,172.699997,173.199997,173.199997,22421.0
2017-03-20,174.699997,179.0,173.550003,177.399994,177.399994,21699.0
2017-03-21,178.899994,178.899994,172.699997,173.449997,173.449997,14268.0
2017-03-22,172.5,175.0,170.350006,173.600006,173.600006,8633.0
2017-03-23,176.850006,178.949997,173.149994,175.899994,175.899994,10984.0
2017-03-24,175.0,179.0,173.0,175.600006,175.600006,14614.0
2017-03-27,179.449997,179.449997,172.449997,175.850006,175.850006,6741.0
2017-03-28,178.649994,178.649994,173.100006,173.600006,173.600006,4042.0
2017-03-29,173.899994,176.800003,173.0,173.449997,173.449997,8692.0
2017-03-30,173.300003,182.899994,173.300003,179.800003,179.800003,32187.0
2017-03-31,178.0,181.0,175.149994,177.699997,177.699997,9332.0
2017-04-03,179.5,187.0,178.0,185.199997,185.199997,35655.0
2017-04-05,184.0,210.0,182.050003,198.600006,198.600006,118460.0
2017-04-06,198.0,209.550003,196.25,205.050003,205.050003,92221.0
2017-04-07,206.0,209.0,198.899994,201.199997,201.199997,48806.0
2017-04-10,201.199997,206.699997,196.600006,201.149994,201.149994,22704.0
2017-04-11,201.199997,207.550003,199.899994,204.199997,204.199997,37359.0
2017-04-12,202.0,205.649994,195.100006,200.199997,200.199997,16372.0
2017-04-13,198.0,203.0,197.350006,199.5,199.5,14663.0
2017-04-17,203.899994,203.899994,198.300003,199.75,199.75,8449.0
2017-04-18,202.0,202.050003,192.0,193.399994,193.399994,16609.0
2017-04-19,194.600006,195.449997,185.0,192.899994,192.899994,20343.0
2017-04-20,198.800003,198.800003,193.199997,194.850006,194.850006,5647.0
2017-04-21,194.0,197.899994,192.25,193.550003,193.550003,8793.0
2017-04-24,195.5,196.699997,188.550003,191.699997,191.699997,18343.0
2017-04-25,190.0,199.75,189.300003,191.050003,191.050003,7953.0
2017-04-26,191.100006,192.899994,184.399994,186.100006,186.100006,16918.0
2017-04-27,185.350006,192.899994,183.149994,187.399994,187.399994,10714.0
2017-04-28,187.399994,192.899994,183.050003,184.649994,184.649994,7583.0
2017-05-02,186.699997,194.800003,186.0,191.949997,191.949997,39949.0
2017-05-03,197.800003,204.899994,194.550003,196.25,196.25,109669.0
2017-05-04,197.050003,198.350006,192.0,193.800003,193.800003,16288.0
2017-05-05,194.0,194.399994,185.399994,187.350006,187.350006,17846.0
2017-05-08,185.0,194.949997,185.0,186.899994,186.899994,9604.0
2017-05-09,188.399994,192.0,185.300003,189.449997,189.449997,5918.0
2017-05-10,190.050003,191.0,186.350006,187.25,187.25,5972.0
2017-05-11,189.699997,191.449997,182.550003,183.800003,183.800003,26149.0
2017-05-12,183.800003,185.850006,178.399994,180.350006,180.350006,13096.0
2017-05-15,178.0,185.0,178.0,183.600006,183.600006,11502.0
2017-05-16,183.5,186.800003,178.199997,179.75,179.75,18619.0
2017-05-17,183.800003,183.800003,180.149994,181.449997,181.449997,5122.0
2017-05-18,180.0,182.800003,178.25,179.25,179.25,5699.0
2017-05-19,181.899994,181.899994,176.399994,177.550003,177.550003,6678.0
2017-05-22,176.550003,182.949997,172.399994,173.449997,173.449997,5091.0
2017-05-23,172.0,178.850006,171.0,174.800003,174.800003,5264.0
2017-05-24,177.850006,177.850006,164.199997,166.0,166.0,14149.0
2017-05-25,166.0,171.050003,166.0,167.800003,167.800003,14720.0
2017-05-26,166.0,175.149994,162.199997,168.25,168.25,17462.0
2017-05-29,167.5,171.850006,165.5,167.800003,167.800003,4861.0
2017-05-30,169.25,169.25,162.100006,164.300003,164.300003,5182.0
2017-05-31,169.899994,169.899994,163.5,166.949997,166.949997,8310.0
2017-06-01,164.199997,169.699997,164.199997,167.800003,167.800003,8024.0
2017-06-02,169.899994,174.5,162.100006,163.25,163.25,7048.0
2017-06-05,163.600006,166.0,160.100006,163.149994,163.149994,12093.0
2017-06-06,165.0,166.899994,160.399994,162.399994,162.399994,8372.0
2017-06-07,161.0,164.899994,160.600006,163.399994,163.399994,3297.0
2017-06-08,166.949997,166.949997,161.350006,162.899994,162.899994,3575.0
2017-06-09,164.0,170.0,162.0,162.600006,162.600006,3990.0
2017-06-12,163.0,187.399994,162.050003,180.199997,180.199997,97160.0
2017-06-13,180.350006,195.0,180.350006,190.050003,190.050003,127492.0
2017-06-14,191.850006,191.850006,182.649994,185.300003,185.300003,21398.0
2017-06-15,188.0,196.0,182.0,188.25,188.25,16355.0
2017-06-16,191.949997,196.800003,188.149994,193.25,193.25,31064.0
2017-06-19,192.0,195.75,184.300003,186.25,186.25,15155.0
2017-06-20,185.0,187.850006,182.050003,183.199997,183.199997,5816.0
2017-06-21,182.550003,186.5,179.0,183.449997,183.449997,5045.0
2017-06-22,182.0,203.199997,179.050003,192.100006,192.100006,106496.0
2017-06-23,192.0,192.0,182.0,185.699997,185.699997,25162.0
2017-06-27,186.949997,189.899994,182.0,185.25,185.25,6235.0
2017-06-28,183.0,187.550003,181.300003,183.949997,183.949997,7311.0
2017-06-29,183.649994,192.600006,183.0,185.949997,185.949997,13041.0
2017-06-30,185.0,193.449997,183.199997,184.449997,184.449997,8492.0
2017-07-03,184.149994,189.600006,183.550003,185.449997,185.449997,4156.0
2017-07-04,186.550003,189.300003,184.050003,187.649994,187.649994,3669.0
2017-07-05,189.699997,193.0,185.149994,189.050003,189.050003,8757.0
2017-07-06,193.0,193.0,187.0,187.800003,187.800003,9361.0
2017-07-07,186.0,190.5,184.100006,185.350006,185.350006,6608.0
2017-07-10,184.0,190.0,183.050003,189.850006,189.850006,1338.0
2017-07-11,188.0,193.600006,185.100006,185.899994,185.899994,20243.0
2017-07-12,188.899994,194.0,181.699997,191.0,191.0,10879.0
2017-07-13,192.800003,198.899994,188.399994,195.850006,195.850006,50180.0
2017-07-14,199.5,199.5,191.0,195.899994,195.899994,10605.0
2017-07-17,194.399994,196.0,190.050003,190.5,190.5,7573.0
2017-07-18,190.0,195.800003,185.649994,186.550003,186.550003,7746.0
2017-07-19,188.899994,191.449997,186.149994,187.600006,187.600006,7878.0
2017-07-20,189.699997,192.75,184.949997,185.75,185.75,10288.0
2017-07-21,187.5,191.899994,184.949997,188.199997,188.199997,16106.0
2017-07-24,189.899994,190.800003,185.5,185.600006,185.600006,4608.0
2017-07-25,188.0,192.0,185.399994,188.149994,188.149994,15705.0
2017-07-26,190.0,191.800003,185.600006,186.199997,186.199997,7547.0
2017-07-27,185.199997,188.850006,180.100006,181.5,181.5,5977.0
2017-07-28,180.449997,188.399994,180.449997,184.0,184.0,3692.0
2017-07-31,184.0,188.0,184.0,186.5,186.5,2849.0
2017-08-01,185.050003,186.449997,184.0,184.75,184.75,2803.0
2017-08-02,186.5,186.5,182.399994,182.800003,182.800003,12087.0
2017-08-03,184.699997,187.449997,178.399994,179.75,179.75,5535.0
2017-08-04,181.699997,182.0,178.050003,179.600006,179.600006,2501.0
2017-08-07,178.0,181.899994,177.350006,179.850006,179.850006,2772.0
2017-08-08,179.399994,181.0,171.600006,172.449997,172.449997,12919.0
2017-08-09,170.300003,174.0,168.0,168.350006,168.350006,6456.0
2017-08-10,166.300003,172.75,164.100006,164.5,164.5,5450.0
2017-08-11,164.100006,165.0,155.0,161.199997,161.199997,10350.0
2017-08-14,161.899994,168.949997,161.449997,163.25,163.25,4430.0
2017-08-16,166.75,173.800003,165.050003,171.550003,171.550003,6352.0
2017-08-17,175.0,175.0,169.050003,170.149994,170.149994,2863.0
2017-08-18,167.149994,169.949997,163.800003,166.050003,166.050003,4446.0
2017-08-21,168.0,169.699997,163.0,163.550003,163.550003,3155.0
2017-08-22,167.899994,167.899994,155.25,160.850006,160.850006,14034.0
2017-08-23,166.0,166.0,160.899994,163.149994,163.149994,1274.0
2017-08-24,167.350006,167.350006,161.0,163.350006,163.350006,2397.0
2017-08-28,168.0,171.949997,157.25,167.600006,167.600006,5676.0
2017-08-29,166.0,169.0,163.350006,165.949997,165.949997,6445.0
2017-08-30,165.0,172.0,162.5,166.949997,166.949997,3018.0
2017-08-31,165.0,168.949997,164.399994,165.149994,165.149994,2222.0
2017-09-01,164.0,174.0,163.25,171.75,171.75,6371.0
2017-09-04,172.0,174.899994,165.449997,167.899994,167.899994,7235.0
2017-09-05,166.149994,175.0,166.149994,171.5,171.5,10355.0
2017-09-06,169.0,175.0,166.399994,171.300003,171.300003,9508.0
2017-09-07,167.899994,193.899994,167.899994,186.850006,186.850006,91453.0
2017-09-08,188.0,191.449997,179.0,179.699997,179.699997,27262.0
2017-09-11,182.949997,184.399994,176.050003,177.850006,177.850006,8061.0
2017-09-12,178.100006,182.899994,174.25,179.600006,179.600006,9940.0
2017-09-13,179.0,184.850006,175.350006,177.449997,177.449997,15142.0
2017-09-14,176.550003,183.100006,176.550003,178.399994,178.399994,8459.0
2017-09-15,182.0,183.0,167.550003,174.800003,174.800003,8105.0
2017-09-18,174.800003,191.800003,174.149994,187.5,187.5,42619.0
2017-09-19,185.0,189.75,180.5,181.300003,181.300003,15308.0
2017-09-20,180.300003,196.0,180.050003,191.699997,191.699997,34635.0
2017-09-21,194.0,221.649994,194.0,205.800003,205.800003,447150.0
2017-09-22,204.5,205.0,188.399994,191.75,191.75,69997.0
2017-09-25,193.0,193.0,180.100006,187.5,187.5,28468.0
2017-09-26,183.850006,189.850006,181.0,182.699997,182.699997,8893.0
2017-09-27,186.399994,194.0,180.0,180.800003,180.800003,44584.0
2017-09-28,182.100006,184.5,180.149994,182.5,182.5,12168.0
2017-09-29,185.0,190.0,183.75,185.199997,185.199997,10171.0
2017-10-03,189.850006,189.899994,181.649994,183.300003,183.300003,7013.0
2017-10-04,182.0,190.0,182.0,186.25,186.25,15253.0
2017-10-05,188.850006,198.5,185.550003,196.0,196.0,62364.0
2017-10-06,193.0,204.649994,193.0,198.25,198.25,37026.0
2017-10-09,199.0,210.0,199.0,206.550003,206.550003,66165.0
2017-10-10,209.0,217.0,209.0,215.399994,215.399994,68838.0
2017-10-11,215.399994,220.0,206.350006,207.5,207.5,34363.0
2017-10-12,206.199997,212.350006,206.199997,208.0,208.0,12888.0
2017-10-13,206.0,218.5,206.0,209.449997,209.449997,41889.0
2017-10-16,207.25,213.69999700000002,203.0,204.0,204.0,23743.0
2017-10-17,205.449997,220.19999700000002,202.050003,217.399994,217.399994,44937.0
2017-10-18,217.0,250.94999700000002,214.649994,239.19999700000002,239.19999700000002,418348.0
2017-10-19,244.19999700000002,247.899994,238.5,243.80000299999998,243.80000299999998,60577.0
2017-10-23,244.5,256.799988,238.899994,248.399994,248.399994,124586.0
2017-10-24,251.399994,268.0,248.0,260.100006,260.100006,152008.0
2017-10-25,260.5,289.0,258.0,282.600006,282.600006,302940.0
2017-10-26,282.0,286.0,268.25,273.600006,273.600006,94161.0
2017-10-27,271.0,324.850006,271.0,309.700012,309.700012,919085.0
2017-10-30,310.549988,316.649994,295.0,298.850006,298.850006,152202.0
2017-10-31,297.350006,321.0,297.350006,315.600006,315.600006,294077.0
2017-11-01,316.0,372.25,316.0,363.700012,363.700012,1149105.0
2017-11-02,362.75,362.75,330.5,338.25,338.25,292226.0
2017-11-03,342.75,366.899994,341.5,345.799988,345.799988,393905.0
2017-11-06,336.700012,363.0,336.700012,343.149994,343.149994,173123.0
2017-11-07,344.0,346.899994,327.0,339.950012,339.950012,104976.0
2017-11-08,354.399994,373.899994,345.100006,353.0,353.0,728534.0
2017-11-09,359.0,370.0,353.100006,361.100006,361.100006,163304.0
2017-11-10,359.0,362.600006,343.149994,346.649994,346.649994,83370.0
2017-11-13,350.549988,354.899994,330.0,335.450012,335.450012,67287.0
2017-11-14,336.0,352.200012,327.0,352.200012,352.200012,51269.0
2017-11-15,356.0,369.799988,340.25,366.850006,366.850006,64633.0
2017-11-16,358.049988,375.0,358.0,366.75,366.75,25524.0
2017-11-17,375.0,378.0,351.0,357.100006,357.100006,23318.0
2017-11-20,360.100006,367.0,351.5,364.600006,364.600006,22545.0
2017-11-21,355.0,382.799988,355.0,380.25,380.25,72998.0
2017-11-22,383.0,396.0,375.0,388.0,388.0,42468.0
2017-11-23,394.950012,407.399994,388.100006,407.399994,407.399994,49821.0
2017-11-24,414.399994,427.75,414.399994,427.75,427.75,50101.0
2017-11-27,449.0,449.10000599999995,436.0,449.10000599999995,449.10000599999995,53978.0
2017-11-28,462.0,471.549988,462.0,471.549988,471.549988,9438.0
2017-11-29,495.10000599999995,495.10000599999995,495.10000599999995,495.10000599999995,495.10000599999995,22095.0
2017-11-30,510.0,510.0,470.35000599999995,478.0,478.0,106857.0
2017-12-01,485.0,501.89999400000005,472.14999400000005,483.549988,483.549988,56968.0
2017-12-04,494.0,507.700012,489.950012,507.700012,507.700012,140000.0
2017-12-05,516.0,533.049988,516.0,533.049988,533.049988,141648.0
2017-12-06,548.0,559.700012,538.0,558.25,558.25,77792.0
2017-12-07,564.900024,578.0,530.349976,530.349976,530.349976,32910.0
2017-12-08,503.85000599999995,545.0,503.85000599999995,519.799988,519.799988,39375.0
2017-12-11,530.0,530.0,495.0,507.049988,507.049988,26187.0
2017-12-12,500.0,505.049988,481.700012,484.35000599999995,484.35000599999995,31705.0
2017-12-13,463.0,487.0,462.0,481.89999400000005,481.89999400000005,17591.0
2017-12-14,470.0,480.0,457.85000599999995,461.85000599999995,461.85000599999995,28395.0
2017-12-15,480.0,484.89999400000005,465.0,484.89999400000005,484.89999400000005,6625.0
2017-12-18,505.0,509.10000599999995,464.0,509.10000599999995,509.10000599999995,26269.0
2017-12-19,520.0,534.549988,519.950012,534.549988,534.549988,230923.0
2017-12-20,561.25,561.25,561.25,561.25,561.25,7180.0
2017-12-21,589.299988,589.299988,561.25,589.299988,589.299988,112112.0
2017-12-22,594.5,594.5,565.400024,579.849976,579.849976,38633.0
2017-12-26,560.0,598.799988,556.0,565.150024,565.150024,66269.0
2017-12-27,551.0,575.0,540.049988,547.0,547.0,23982.0
2017-12-28,531.0,564.0,530.0,533.150024,533.150024,15199.0
2017-12-29,559.799988,559.799988,530.0,537.599976,537.599976,9523.0
2018-01-01,540.0,564.450012,515.0,564.450012,564.450012,16306.0
2018-01-02,588.0,588.0,558.0,564.049988,564.049988,31360.0
2018-01-03,565.200012,577.0,550.0,569.599976,569.599976,15005.0
2018-01-04,561.0,575.0,545.049988,560.299988,560.299988,18691.0
2018-01-05,561.0,588.299988,532.299988,556.599976,556.599976,43700.0
2018-01-08,570.0,570.0,545.5,557.450012,557.450012,15860.0
2018-01-09,570.0,574.0,552.0,562.849976,562.849976,7145.0
2018-01-10,562.849976,575.0,550.0,571.099976,571.099976,10598.0
2018-01-11,554.75,588.0,554.75,571.5,571.5,11088.0
2018-01-12,555.0,600.049988,555.0,582.299988,582.299988,941937.0
2018-01-15,611.400024,611.400024,611.400024,611.400024,611.400024,1591.0
2018-01-16,637.0,641.950012,622.0,634.150024,634.150024,92429.0
2018-01-17,638.0,642.900024,602.450012,629.0,629.0,58387.0
2018-01-18,648.650024,648.650024,597.549988,597.549988,597.549988,36907.0
2018-01-19,597.549988,597.549988,567.700012,576.150024,576.150024,86269.0
2018-01-22,590.0,604.950012,548.049988,604.950012,604.950012,27450.0
2018-01-23,622.0,635.150024,615.0,633.900024,633.900024,64112.0
2018-01-24,615.0,635.900024,603.0,610.849976,610.849976,27697.0
2018-01-25,612.349976,619.900024,585.0,600.950012,600.950012,14641.0
2018-01-29,629.799988,629.799988,600.099976,605.700012,605.700012,15373.0
2018-01-30,605.0,619.0,580.0,591.950012,591.950012,14702.0
2018-01-31,603.0,603.0,575.099976,578.799988,578.799988,16041.0
2018-02-01,594.0,596.0,560.0,583.400024,583.400024,11599.0
2018-02-02,580.0,580.0,554.25,575.0,575.0,113268.0
2018-02-05,547.0,590.0,546.25,576.25,576.25,28079.0
2018-02-06,568.0,568.0,547.450012,550.650024,550.650024,17501.0
2018-02-07,560.0,578.150024,560.0,578.150024,578.150024,18108.0
2018-02-08,585.25,607.049988,585.25,607.049988,607.049988,35002.0
2018-02-09,576.700012,600.049988,576.700012,576.700012,576.700012,98648.0
2018-02-12,553.0,581.0,547.900024,551.200012,551.200012,36473.0
2018-02-14,562.0,574.900024,546.450012,551.900024,551.900024,35899.0
2018-02-15,555.0,560.0,525.5,536.049988,536.049988,28851.0
2018-02-16,542.849976,543.900024,513.049988,517.0,517.0,34757.0
2018-02-19,525.0,525.0,492.0,494.39999400000005,494.39999400000005,30546.0
2018-02-20,495.0,499.799988,475.0,493.299988,493.299988,28012.0
2018-02-21,495.0,504.10000599999995,468.64999400000005,486.64999400000005,486.64999400000005,15975.0
2018-02-22,486.0,491.85000599999995,476.10000599999995,480.799988,480.799988,13471.0
2018-02-23,480.0,504.799988,473.049988,504.799988,504.799988,15570.0
2018-02-26,516.549988,524.0,504.0,515.799988,515.799988,34406.0
2018-02-27,519.900024,529.0,515.049988,516.799988,516.799988,12261.0
2018-02-28,514.0,516.5,498.0,514.200012,514.200012,11854.0
2018-03-01,506.549988,528.950012,506.549988,511.5,511.5,11157.0
2018-03-05,512.0,512.950012,490.5,494.0,494.0,11107.0
2018-03-06,504.89999400000005,504.89999400000005,482.0,488.799988,488.799988,8335.0
2018-03-07,488.799988,489.799988,475.0,479.39999400000005,479.39999400000005,19123.0
2018-03-08,466.14999400000005,503.35000599999995,466.14999400000005,480.85000599999995,480.85000599999995,52906.0
2018-03-09,483.25,488.950012,476.89999400000005,481.0,481.0,10492.0
2018-03-12,476.0,492.64999400000005,476.0,488.64999400000005,488.64999400000005,31153.0
2018-03-13,488.0,513.049988,482.0,512.450012,512.450012,35145.0
2018-03-14,506.35000599999995,526.0,498.0,521.75,521.75,19636.0
2018-03-15,525.0,530.0,503.0,511.049988,511.049988,74018.0
2018-03-16,511.60000599999995,521.349976,502.299988,507.75,507.75,14372.0
2018-03-19,505.14999400000005,513.450012,486.5,490.89999400000005,490.89999400000005,9118.0
2018-03-20,486.0,500.0,480.0,485.799988,485.799988,10559.0
2018-03-21,490.14999400000005,510.049988,481.25,490.60000599999995,490.60000599999995,43384.0
2018-03-22,496.0,504.450012,482.0,484.200012,484.200012,15373.0
2018-03-23,476.799988,480.0,467.5,474.200012,474.200012,23131.0
2018-03-26,479.5,497.89999400000005,475.950012,497.89999400000005,497.89999400000005,21962.0
2018-03-27,507.25,522.75,495.0,506.75,506.75,33382.0
2018-03-28,505.89999400000005,524.5,498.0,518.450012,518.450012,18587.0
2018-04-02,524.0,524.0,502.14999400000005,504.549988,504.549988,21171.0
2018-04-03,509.549988,529.75,508.950012,529.75,529.75,40989.0
2018-04-04,532.0,556.200012,505.549988,518.049988,518.049988,82256.0
2018-04-05,535.0,543.950012,526.0,535.049988,535.049988,39089.0
2018-04-06,525.349976,540.0,516.549988,523.450012,523.450012,21310.0
2018-04-09,534.0,534.0,512.25,520.200012,520.200012,19484.0
2018-04-10,528.900024,528.900024,507.0,512.099976,512.099976,9821.0
2018-04-11,511.85000599999995,524.700012,505.0,518.599976,518.599976,12488.0
2018-04-12,519.0,523.0,510.0,512.75,512.75,5786.0
2018-04-13,511.14999400000005,527.75,511.14999400000005,514.099976,514.099976,8915.0
2018-04-16,528.0,528.0,490.0,512.349976,512.349976,7524.0
2018-04-17,506.950012,529.950012,505.049988,515.25,515.25,17099.0
2018-04-18,526.799988,526.799988,502.60000599999995,506.75,506.75,8888.0
2018-04-19,513.349976,515.0,506.85000599999995,508.299988,508.299988,5551.0
2018-04-20,512.299988,514.150024,504.14999400000005,507.049988,507.049988,8518.0
2018-04-23,515.950012,520.0,507.049988,513.099976,513.099976,22137.0
2018-04-24,511.299988,514.700012,495.0,507.799988,507.799988,13110.0
2018-04-25,512.0,512.0,495.0,497.25,497.25,9734.0
2018-04-26,509.0,546.950012,500.0,546.950012,546.950012,50873.0
2018-04-27,580.0,594.950012,537.0,544.25,544.25,115087.0
2018-04-30,553.0,558.25,536.950012,547.549988,547.549988,23456.0
2018-05-02,547.799988,548.0,523.0,526.650024,526.650024,18957.0
2018-05-03,529.799988,536.0,507.0,509.049988,509.049988,16651.0
2018-05-04,513.5,529.0,506.14999400000005,520.599976,520.599976,14931.0
2018-05-07,528.950012,528.950012,510.10000599999995,514.849976,514.849976,8123.0
2018-05-08,508.0,518.349976,508.0,517.25,517.25,6958.0
2018-05-09,517.0,518.0,512.25,516.5,516.5,6073.0
2018-05-10,517.900024,517.900024,500.0,503.25,503.25,7997.0
2018-05-11,514.900024,514.900024,500.5,504.39999400000005,504.39999400000005,5485.0
2018-05-14,505.049988,510.0,490.25,493.5,493.5,10335.0
2018-05-15,485.0,493.950012,462.0,468.89999400000005,468.89999400000005,36226.0
2018-05-16,468.0,487.60000599999995,458.0,482.549988,482.549988,12987.0
2018-05-17,485.0,492.0,472.0,485.549988,485.549988,9994.0
2018-05-18,475.0,479.700012,450.0,459.14999400000005,459.14999400000005,18573.0
2018-05-21,456.0,461.35000599999995,429.0,437.0,437.0,16851.0
2018-05-22,437.0,479.799988,432.950012,462.299988,462.299988,23251.0
2018-05-23,460.0,467.35000599999995,451.0,454.75,454.75,2600.0
2018-05-24,459.799988,498.0,440.0,456.549988,456.549988,2824.0
2018-05-25,456.0,474.549988,450.0,452.10000599999995,452.10000599999995,5294.0
2018-05-28,462.0,470.049988,425.0,442.799988,442.799988,13369.0
2018-05-29,443.0,453.10000599999995,402.399994,419.75,419.75,52847.0
2018-05-30,419.75,458.60000599999995,417.0,444.299988,444.299988,37373.0
2018-05-31,447.0,448.950012,405.399994,415.399994,415.399994,44170.0
2018-06-01,409.0,416.700012,394.649994,394.649994,394.649994,32340.0
2018-06-04,378.0,384.049988,374.950012,374.950012,374.950012,7994.0
2018-06-05,356.25,385.0,356.25,356.25,356.25,34114.0
2018-06-06,338.450012,364.899994,338.450012,350.100006,350.100006,49230.0
2018-06-07,360.0,367.600006,332.600006,364.399994,364.399994,27966.0
2018-06-08,362.0,375.0,350.049988,371.799988,371.799988,7529.0
2018-06-11,371.799988,385.5,371.799988,375.25,375.25,14504.0
2018-06-12,384.899994,394.0,374.0,394.0,394.0,10217.0
2018-06-13,408.0,413.700012,394.0,413.600006,413.600006,15025.0
2018-06-14,422.799988,434.0,392.950012,395.600006,395.600006,38081.0
2018-06-15,396.5,412.200012,385.049988,403.950012,403.950012,15505.0
2018-06-18,391.100006,399.75,383.799988,384.600006,384.600006,10512.0
2018-06-19,380.0,386.0,365.399994,366.5,366.5,9221.0
2018-06-20,367.0,383.0,362.149994,368.450012,368.450012,20064.0
2018-06-21,372.899994,372.899994,350.049988,354.799988,354.799988,14894.0
2018-06-22,348.0,369.899994,337.100006,357.049988,357.049988,15524.0
2018-06-25,362.0,365.799988,351.0,361.149994,361.149994,8139.0
2018-06-26,358.899994,359.899994,345.649994,348.399994,348.399994,13365.0
2018-06-27,347.0,350.149994,331.0,331.100006,331.100006,16163.0
2018-06-28,325.0,347.0,316.700012,325.399994,325.399994,15153.0
2018-06-29,325.100006,339.0,325.100006,337.899994,337.899994,13064.0
2018-07-02,344.799988,344.799988,326.850006,332.5,332.5,3346.0
2018-07-03,331.200012,332.0,320.0,323.450012,323.450012,6936.0
2018-07-04,309.0,324.0,307.299988,310.549988,310.549988,8112.0
2018-07-05,310.5,320.0,295.049988,310.899994,310.899994,6017.0
2018-07-06,301.899994,321.549988,295.549988,314.850006,314.850006,5999.0
2018-07-09,320.0,320.0,299.149994,300.5,300.5,10552.0
2018-07-10,285.5,306.0,285.5,300.899994,300.899994,5822.0
2018-07-11,300.899994,306.399994,300.0,305.149994,305.149994,10277.0
2018-07-12,305.149994,320.399994,290.0,320.399994,320.399994,9720.0
2018-07-13,330.0,336.399994,316.0,317.600006,317.600006,4691.0
2018-07-16,317.600006,328.0,304.0,311.149994,311.149994,5686.0
2018-07-17,315.899994,315.899994,301.75,305.0,305.0,4128.0
2018-07-18,314.0,314.0,290.399994,305.0,305.0,3374.0
2018-07-19,294.0,311.799988,290.5,308.950012,308.950012,10008.0
2018-07-20,308.0,308.0,296.950012,304.25,304.25,15304.0
2018-07-23,319.0,319.0,304.25,311.350006,311.350006,6782.0
2018-07-24,316.899994,323.0,308.0,313.649994,313.649994,8672.0
2018-07-25,311.0,315.0,300.0,304.700012,304.700012,2693.0
2018-07-26,313.149994,313.149994,300.0,304.0,304.0,53036.0
2018-07-27,300.5,315.200012,300.5,312.049988,312.049988,6737.0
2018-07-30,305.0,323.850006,301.0,322.450012,322.450012,2849.0
2018-07-31,309.0,330.0,309.0,327.950012,327.950012,4046.0
2018-08-01,330.0,344.299988,325.0,344.299988,344.299988,3405.0
2018-08-02,361.399994,361.399994,350.0,358.549988,358.549988,8892.0
2018-08-03,370.0,376.450012,359.0,376.450012,376.450012,6512.0
2018-08-06,385.0,394.399994,358.100006,370.200012,370.200012,9898.0
2018-08-07,374.5,374.5,351.700012,352.649994,352.649994,4693.0
2018-08-08,364.0,364.0,335.049988,335.049988,335.049988,8830.0
2018-08-09,318.299988,330.100006,318.299988,318.350006,318.350006,23908.0
2018-08-10,308.0,334.25,308.0,328.899994,328.899994,17032.0
2018-08-13,325.549988,325.549988,312.5,313.100006,313.100006,12354.0
2018-08-14,306.0,317.950012,297.450012,297.75,297.75,37166.0
2018-08-16,290.25,297.899994,282.899994,290.0,290.0,43145.0
2018-08-17,298.0,304.5,290.549988,304.5,304.5,10766.0
2018-08-20,315.0,319.700012,305.0,315.25,315.25,21230.0
2018-08-21,321.0,321.649994,307.649994,308.350006,308.350006,6721.0
2018-08-23,308.0,310.0,301.100006,303.5,303.5,11287.0
2018-08-24,300.0,314.5,291.0,311.700012,311.700012,28394.0
2018-08-27,311.0,317.899994,306.5,309.950012,309.950012,5835.0
2018-08-28,312.0,312.0,302.450012,308.600006,308.600006,6278.0
2018-08-29,305.0,310.0,295.799988,301.399994,301.399994,8172.0
2018-08-30,300.149994,307.450012,293.649994,297.25,297.25,7804.0
2018-08-31,309.700012,309.700012,295.25,301.450012,301.450012,5143.0
2018-09-03,296.799988,307.950012,295.100006,297.5,297.5,8701.0
2018-09-04,306.950012,307.0,296.0,299.299988,299.299988,5555.0
2018-09-05,300.0,304.0,284.75,299.799988,299.799988,12302.0
2018-09-06,304.899994,305.0,291.0,291.950012,291.950012,10148.0
2018-09-07,292.0,299.0,290.200012,296.700012,296.700012,5514.0
2018-09-10,293.25,299.0,291.950012,294.649994,294.649994,7044.0
2018-09-11,302.0,302.0,281.25,286.049988,286.049988,11864.0
2018-09-12,284.0,299.899994,284.0,292.25,292.25,7713.0
2018-09-14,303.0,303.0,288.0,289.25,289.25,4461.0
2018-09-17,297.5,297.799988,278.149994,291.399994,291.399994,15795.0
2018-09-18,288.0,295.899994,284.0,288.350006,288.350006,7475.0
2018-09-19,294.799988,294.799988,283.049988,283.950012,283.950012,2740.0
2018-09-21,283.200012,295.0,269.799988,290.100006,290.100006,19530.0
2018-09-24,293.0,293.0,275.600006,275.649994,275.649994,5155.0
2018-09-25,263.0,272.450012,261.899994,261.899994,261.899994,8247.0
2018-09-26,268.950012,268.950012,251.100006,264.600006,264.600006,9636.0
2018-09-27,266.899994,267.0,260.25,261.049988,261.049988,3589.0
2018-09-28,261.5,261.5,248.0,248.350006,248.350006,5082.0
2018-10-01,249.0,249.0,235.94999700000002,235.94999700000002,235.94999700000002,17026.0
2018-10-03,234.0,234.0,224.19999700000002,224.19999700000002,224.19999700000002,18818.0
2018-10-04,217.350006,224.0,213.0,213.0,213.0,15435.0
2018-10-05,204.100006,222.94999700000002,204.100006,218.149994,218.149994,13082.0
2018-10-08,212.0,222.0,207.25,209.899994,209.899994,13507.0
2018-10-09,217.0,217.0,199.449997,199.550003,199.550003,7322.0
2018-10-10,201.0,209.5,201.0,209.5,209.5,6554.0
2018-10-11,204.5,219.94999700000002,199.050003,219.899994,219.899994,13152.0
2018-10-12,228.0,230.850006,218.0,230.850006,230.850006,7302.0
2018-10-15,241.899994,242.350006,238.0,242.350006,242.350006,3977.0
2018-10-16,252.94999700000002,254.44999700000002,247.0,254.44999700000002,254.44999700000002,5766.0
2018-10-17,267.0,267.149994,265.0,267.149994,267.149994,15261.0
2018-10-19,278.950012,278.950012,254.0,259.350006,259.350006,28753.0
2018-10-22,271.0,271.649994,246.399994,247.05000299999998,247.05000299999998,14386.0
2018-10-23,246.0,251.30000299999998,234.69999700000002,234.69999700000002,234.69999700000002,13970.0
2018-10-24,239.0,242.94999700000002,227.899994,237.149994,237.149994,5190.0
2018-10-25,234.149994,243.0,227.0,234.5,234.5,14426.0
2018-10-26,230.0,239.899994,229.0,231.05000299999998,231.05000299999998,4216.0
2018-10-29,241.649994,242.600006,241.649994,242.600006,242.600006,793.0
2018-10-30,243.0,266.850006,243.0,266.850006,266.850006,23553.0
2018-10-31,279.899994,282.799988,253.100006,273.399994,273.399994,14278.0
2018-11-01,277.75,279.899994,265.100006,269.799988,269.799988,7538.0
2018-11-02,276.399994,276.399994,261.75,262.649994,262.649994,6521.0
2018-11-05,260.0,274.0,251.0,255.399994,255.399994,5221.0
2018-11-06,268.799988,268.799988,251.0,258.700012,258.700012,5425.0
2018-11-07,260.0,277.0,253.0,270.549988,270.549988,11564.0
2018-11-09,275.0,275.0,257.600006,262.200012,262.200012,5945.0
2018-11-12,271.700012,272.649994,262.0,267.450012,267.450012,6722.0
2018-11-13,271.899994,271.899994,256.049988,261.100006,261.100006,2642.0
2018-11-14,264.850006,267.549988,251.0,252.30000299999998,252.30000299999998,5467.0
2018-11-15,259.0,259.0,248.5,251.850006,251.850006,3566.0
2018-11-16,253.75,255.05000299999998,245.0,248.399994,248.399994,2507.0
2018-11-19,242.5,257.700012,238.0,239.55000299999998,239.55000299999998,6851.0
2018-11-20,243.44999700000002,245.94999700000002,215.600006,222.100006,222.100006,23314.0
2018-11-21,230.0,244.30000299999998,222.149994,242.600006,242.600006,16545.0
2018-11-22,254.0,254.0,236.19999700000002,241.05000299999998,241.05000299999998,13131.0
2018-11-26,249.0,252.0,236.649994,238.80000299999998,238.80000299999998,5265.0
2018-11-27,243.0,243.19999700000002,225.649994,235.149994,235.149994,6073.0
2018-11-28,237.850006,240.0,221.0,223.850006,223.850006,7690.0
2018-11-29,222.5,229.899994,222.5,223.600006,223.600006,4237.0
2018-11-30,220.100006,228.850006,220.100006,222.80000299999998,222.80000299999998,6011.0
2018-12-03,225.94999700000002,236.94999700000002,222.05000299999998,227.94999700000002,227.94999700000002,6265.0
2018-12-04,231.94999700000002,232.0,225.149994,227.25,227.25,2400.0
2018-12-05,221.19999700000002,230.94999700000002,221.19999700000002,221.850006,221.850006,1686.0
2018-12-06,222.05000299999998,228.5,220.0,220.69999700000002,220.69999700000002,2155.0
2018-12-07,228.69999700000002,230.0,220.69999700000002,225.80000299999998,225.80000299999998,3255.0
2018-12-10,219.0,225.19999700000002,215.0,218.69999700000002,218.69999700000002,4112.0
2018-12-11,220.05000299999998,229.44999700000002,216.5,224.850006,224.850006,3987.0
2018-12-12,229.399994,242.0,219.350006,234.19999700000002,234.19999700000002,20430.0
2018-12-13,234.94999700000002,235.0,230.0,230.649994,230.649994,7559.0
2018-12-14,230.649994,231.0,225.55000299999998,227.44999700000002,227.44999700000002,3417.0
2018-12-17,227.649994,233.94999700000002,223.0,225.149994,225.149994,7674.0
2018-12-18,229.899994,229.899994,220.100006,226.25,226.25,9237.0
2018-12-19,233.399994,233.399994,225.0,228.55000299999998,228.55000299999998,7354.0
2018-12-20,233.44999700000002,241.0,231.94999700000002,235.05000299999998,235.05000299999998,12732.0
2018-12-21,237.69999700000002,242.0,225.5,230.350006,230.350006,7898.0
2018-12-24,226.850006,230.05000299999998,221.350006,223.399994,223.399994,3900.0
2018-12-26,220.0,232.80000299999998,217.25,228.19999700000002,228.19999700000002,9500.0
2018-12-27,231.94999700000002,243.69999700000002,228.399994,238.0,238.0,18428.0
2018-12-28,243.75,257.25,233.69999700000002,249.850006,249.850006,14044.0
2018-12-31,257.0,299.799988,255.600006,299.799988,299.799988,244273.0
2019-01-01,311.0,327.0,305.0,315.450012,315.450012,490771.0
2019-01-02,307.0,309.899994,283.950012,283.950012,283.950012,144528.0
2019-01-03,270.350006,277.0,255.600006,257.100006,257.100006,222026.0
2019-01-04,259.0,271.950012,255.0,262.850006,262.850006,103743.0
2019-01-07,265.0,269.799988,259.899994,261.100006,261.100006,34649.0
2019-01-08,260.0,263.450012,249.44999700000002,251.25,251.25,25320.0
2019-01-09,252.899994,276.350006,250.05000299999998,272.549988,272.549988,149166.0
2019-01-10,272.100006,272.100006,260.200012,262.399994,262.399994,27663.0
2019-01-11,265.0,269.799988,258.0,261.149994,261.149994,25348.0
2019-01-14,260.149994,261.0,255.100006,258.049988,258.049988,11504.0
2019-01-15,262.0,265.850006,257.049988,260.5,260.5,8287.0
2019-01-16,262.0,263.799988,253.0,255.100006,255.100006,11906.0
2019-01-17,255.19999700000002,259.450012,252.05000299999998,252.350006,252.350006,12712.0
2019-01-18,255.0,257.950012,242.649994,245.80000299999998,245.80000299999998,11841.0
2019-01-21,248.30000299999998,248.30000299999998,238.0,238.94999700000002,238.94999700000002,10745.0
2019-01-22,234.05000299999998,237.05000299999998,230.100006,233.44999700000002,233.44999700000002,15806.0
2019-01-23,232.0,256.75,232.0,256.399994,256.399994,85516.0
2019-01-24,258.0,258.549988,245.100006,246.30000299999998,246.30000299999998,21842.0
2019-01-25,246.75,251.0,234.75,240.25,240.25,12782.0
2019-01-28,243.0,244.44999700000002,230.149994,240.69999700000002,240.69999700000002,20827.0
2019-01-29,235.850006,242.69999700000002,233.5,237.55000299999998,237.55000299999998,8570.0
2019-01-30,234.19999700000002,251.75,234.149994,236.44999700000002,236.44999700000002,5149.0
2019-01-31,236.75,240.0,229.30000299999998,233.850006,233.850006,12569.0
2019-02-01,235.75,243.75,231.25,236.350006,236.350006,17741.0
2019-02-04,235.649994,239.80000299999998,224.100006,229.75,229.75,22723.0
2019-02-05,235.75,239.0,226.149994,229.5,229.5,10507.0
2019-02-06,228.19999700000002,234.600006,224.0,227.94999700000002,227.94999700000002,10350.0
2019-02-07,224.0,232.94999700000002,220.899994,224.899994,224.899994,14435.0
2019-02-08,224.05000299999998,228.30000299999998,224.0,226.5,226.5,5634.0
2019-02-11,232.25,232.25,208.0,216.399994,216.399994,15814.0
2019-02-12,207.949997,214.44999700000002,195.600006,210.44999700000002,210.44999700000002,52878.0
2019-02-14,207.0,207.899994,194.600006,195.699997,195.699997,31209.0
2019-02-15,197.899994,206.199997,193.199997,198.800003,198.800003,15629.0
2019-02-18,203.0,203.0,186.649994,187.199997,187.199997,13524.0
2019-02-19,191.800003,191.800003,179.0,180.899994,180.899994,21082.0
2019-02-20,182.5,189.699997,178.300003,186.75,186.75,25159.0
2019-02-21,183.850006,190.050003,183.100006,185.300003,185.300003,13836.0
2019-02-22,183.350006,193.399994,183.0,186.699997,186.699997,45790.0
2019-02-25,187.0,205.5,185.0,197.149994,197.149994,126377.0
2019-02-26,190.100006,193.699997,186.550003,187.199997,187.199997,35153.0
2019-02-27,188.699997,195.449997,180.0,181.0,181.0,71835.0
2019-02-28,181.949997,187.199997,170.600006,174.149994,174.149994,64181.0
2019-03-01,177.800003,182.899994,175.5,180.850006,180.850006,29424.0
2019-03-05,183.550003,198.449997,180.0,192.449997,192.449997,88071.0
2019-03-06,194.0,200.0,188.25,193.199997,193.199997,148575.0
2019-03-07,196.899994,201.399994,188.100006,198.300003,198.300003,116211.0
2019-03-08,198.0,200.25,191.350006,192.75,192.75,128537.0
2019-03-11,192.0,219.100006,192.0,210.25,210.25,974021.0
2019-03-12,210.649994,222.899994,202.350006,218.25,218.25,354376.0
2019-03-13,219.850006,225.25,207.0,210.0,210.0,129555.0
2019-03-14,210.600006,214.69999700000002,204.199997,205.649994,205.649994,61375.0
2019-03-15,207.399994,211.0,201.0,202.550003,202.550003,58388.0
2019-03-18,204.5,206.699997,195.0,196.199997,196.199997,49722.0
2019-03-19,197.800003,202.949997,193.399994,200.449997,200.449997,65376.0
2019-03-20,201.399994,205.0,195.25,197.199997,197.199997,46624.0
2019-03-22,197.0,202.399994,195.75,196.75,196.75,30801.0
2019-03-25,195.449997,195.449997,190.050003,194.25,194.25,42727.0
2019-03-26,195.800003,199.5,193.100006,195.699997,195.699997,22473.0
2019-03-27,195.0,200.0,191.0,192.300003,192.300003,41340.0
2019-03-28,193.550003,197.449997,192.0,192.800003,192.800003,23537.0
2019-04-01,197.899994,205.0,194.100006,199.350006,199.350006,59867.0
2019-04-02,200.949997,205.899994,198.649994,202.050003,202.050003,49401.0
2019-04-03,203.850006,205.800003,196.050003,196.800003,196.800003,29017.0
2019-04-04,196.800003,200.0,193.399994,194.600006,194.600006,35173.0
2019-04-05,193.149994,197.0,193.050003,194.600006,194.600006,20034.0
2019-04-08,196.300003,197.350006,192.0,193.899994,193.899994,20401.0
2019-04-09,194.0,194.550003,190.899994,191.75,191.75,19894.0
2019-04-10,192.5,192.5,188.0,189.149994,189.149994,29790.0
2019-04-11,189.149994,191.800003,186.75,187.899994,187.899994,23226.0
2019-04-12,187.050003,194.449997,185.149994,189.550003,189.550003,35065.0
2019-04-15,190.800003,191.850006,182.0,185.75,185.75,42049.0
2019-04-16,186.5,190.199997,183.0,186.399994,186.399994,42539.0
2019-04-18,187.899994,188.0,183.050003,184.800003,184.800003,13634.0
2019-04-22,184.300003,187.149994,177.050003,181.5,181.5,36147.0
2019-04-23,183.100006,183.100006,178.0,179.199997,179.199997,22525.0
2019-04-24,180.0,182.199997,178.0,179.649994,179.649994,28645.0
2019-04-25,178.100006,201.0,177.100006,188.600006,188.600006,277418.0
2019-04-26,190.899994,197.0,184.0,185.149994,185.149994,142292.0
2019-04-30,182.050003,183.949997,175.399994,176.300003,176.300003,47826.0
2019-05-02,177.0,179.149994,174.5,175.699997,175.699997,29984.0
2019-05-03,175.699997,178.699997,174.0,174.850006,174.850006,20976.0
2019-05-06,172.0,175.949997,171.100006,171.350006,171.350006,28408.0
2019-05-07,172.949997,175.949997,166.399994,167.5,167.5,26775.0
2019-05-08,166.899994,170.449997,164.199997,165.199997,165.199997,25511.0
2019-05-09,164.649994,164.949997,160.0,161.0,161.0,23184.0
2019-05-10,161.449997,170.699997,161.0,168.25,168.25,56927.0
2019-05-13,167.149994,170.199997,156.149994,158.149994,158.149994,25331.0
2019-05-14,160.0,163.199997,153.600006,157.100006,157.100006,25424.0
2019-05-15,157.0,165.699997,155.899994,164.0,164.0,54479.0
2019-05-16,165.050003,167.0,160.199997,166.149994,166.149994,15524.0
2019-05-17,169.5,182.0,166.25,176.600006,176.600006,60880.0
2019-05-20,185.0,187.0,178.100006,183.0,183.0,43871.0
2019-05-21,183.899994,189.899994,176.5,177.699997,177.699997,29321.0
2019-05-22,179.899994,180.050003,172.800003,175.600006,175.600006,21659.0
2019-05-23,179.0,182.5,174.100006,177.0,177.0,36481.0
2019-05-24,179.0,192.5,179.0,190.550003,190.550003,72618.0
2019-05-27,194.0,197.899994,192.050003,195.100006,195.100006,44329.0
2019-05-28,196.800003,196.800003,186.449997,189.0,189.0,39051.0
2019-05-29,189.0,189.0,180.449997,181.050003,181.050003,28438.0
2019-05-30,182.399994,192.0,182.100006,190.649994,190.649994,47816.0
2019-05-31,194.300003,194.300003,183.0,185.75,185.75,19401.0
2019-06-03,187.949997,188.5,180.5,181.699997,181.699997,23689.0
2019-06-04,185.0,185.0,180.949997,181.199997,181.199997,11284.0
2019-06-06,183.0,183.0,175.149994,177.350006,177.350006,10312.0
2019-06-07,175.149994,179.649994,174.5,175.399994,175.399994,9123.0
2019-06-10,175.100006,178.899994,168.0,170.199997,170.199997,21449.0
2019-06-11,171.75,179.0,170.300003,173.300003,173.300003,14663.0
2019-06-12,171.050003,175.0,168.100006,171.300003,171.300003,22674.0
2019-06-13,170.050003,170.699997,165.149994,169.399994,169.399994,19344.0
2019-06-14,169.149994,172.449997,167.050003,168.300003,168.300003,18419.0
2019-06-17,168.050003,169.5,162.0,163.75,163.75,22062.0
2019-06-18,162.949997,165.800003,160.100006,162.100006,162.100006,14895.0
2019-06-19,162.100006,164.0,157.5,159.199997,159.199997,21012.0
2019-06-20,157.949997,160.0,151.25,158.800003,158.800003,16900.0
2019-06-21,156.0,161.75,156.0,157.75,157.75,13467.0
2019-06-24,159.800003,165.899994,158.149994,163.149994,163.149994,13988.0
2019-06-25,163.350006,165.800003,161.100006,162.699997,162.699997,9733.0
2019-06-26,161.850006,166.300003,161.699997,164.449997,164.449997,10699.0
2019-06-27,164.149994,174.0,164.050003,170.5,170.5,14487.0
2019-06-28,172.5,182.149994,171.75,173.399994,173.399994,37843.0
2019-07-01,175.850006,179.800003,171.550003,178.75,178.75,23089.0
2019-07-02,179.899994,179.899994,176.0,178.350006,178.350006,13335.0
2019-07-03,180.800003,180.800003,176.100006,176.699997,176.699997,6541.0
2019-07-04,176.699997,177.550003,175.100006,175.699997,175.699997,5362.0
2019-07-05,176.149994,176.25,167.25,169.949997,169.949997,7898.0
2019-07-08,169.149994,169.149994,162.050003,164.0,164.0,8560.0
2019-07-09,164.0,170.850006,159.949997,168.0,168.0,16006.0
2019-07-10,169.399994,170.199997,163.149994,164.300003,164.300003,2909.0
2019-07-11,165.050003,169.5,163.100006,167.550003,167.550003,6632.0
2019-07-12,165.899994,169.149994,162.0,163.0,163.0,4890.0
2019-07-15,167.5,167.5,161.25,163.300003,163.300003,5223.0
2019-07-16,162.050003,166.5,159.949997,160.5,160.5,9038.0
2019-07-17,162.600006,162.600006,159.100006,159.649994,159.649994,9953.0
2019-07-18,160.850006,160.850006,157.25,158.699997,158.699997,6310.0
2019-07-19,158.649994,158.899994,150.0,151.399994,151.399994,28002.0
2019-07-22,150.100006,151.850006,145.100006,146.449997,146.449997,18785.0
2019-07-23,149.0,174.5,147.699997,169.050003,169.050003,73580.0
2019-07-24,169.899994,170.899994,158.199997,159.399994,159.399994,20778.0
2019-07-25,160.0,162.0,152.75,154.550003,154.550003,25994.0
2019-07-26,151.5,158.949997,151.300003,155.5,155.5,12473.0
2019-07-29,156.5,168.050003,152.25,159.25,159.25,25507.0
2019-07-30,160.949997,162.5,152.5,153.449997,153.449997,13347.0
2019-07-31,157.199997,157.199997,152.149994,153.550003,153.550003,7369.0
2019-08-01,153.5,156.699997,151.25,152.300003,152.300003,9976.0
2019-08-02,150.850006,154.899994,147.300003,148.399994,148.399994,16287.0
2019-08-05,152.0,163.800003,143.0,147.600006,147.600006,45311.0
2019-08-06,147.800003,153.0,147.800003,151.199997,151.199997,12432.0
2019-08-07,151.199997,159.0,151.199997,152.899994,152.899994,10787.0
2019-08-08,156.850006,156.949997,150.800003,151.899994,151.899994,12774.0
2019-08-09,155.899994,162.0,153.300003,156.399994,156.399994,15908.0
2019-08-13,161.899994,161.899994,151.800003,158.850006,158.850006,11872.0
2019-08-14,157.0,161.800003,152.149994,153.350006,153.350006,6356.0
2019-08-16,150.0,155.0,150.0,153.699997,153.699997,5619.0
2019-08-19,157.649994,159.949997,154.050003,158.649994,158.649994,6925.0
2019-08-20,156.050003,159.699997,156.0,158.050003,158.050003,11114.0
2019-08-21,155.5,158.949997,146.350006,148.649994,148.649994,38461.0
2019-08-22,148.050003,149.050003,142.199997,144.0,144.0,19706.0
2019-08-23,140.550003,152.949997,139.5,150.199997,150.199997,18856.0
2019-08-26,157.5,157.5,149.5,151.050003,151.050003,11953.0
2019-08-27,152.800003,156.5,150.0,152.949997,152.949997,21549.0
2019-08-28,153.300003,153.949997,147.100006,148.199997,148.199997,7115.0
2019-08-29,147.25,148.949997,145.050003,147.899994,147.899994,9883.0
2019-08-30,147.899994,149.850006,145.550003,147.850006,147.850006,7798.0
2019-09-03,146.899994,147.949997,139.0,143.0,143.0,17572.0
2019-09-04,144.800003,144.800003,141.100006,142.399994,142.399994,8566.0
2019-09-05,143.399994,147.75,142.0,146.449997,146.449997,10792.0
2019-09-06,146.300003,153.0,144.25,151.600006,151.600006,15836.0
2019-09-09,147.649994,151.949997,146.25,148.600006,148.600006,15754.0
2019-09-11,150.5,178.300003,148.25,174.050003,174.050003,109014.0
2019-09-12,172.850006,184.5,165.0,167.050003,167.050003,36092.0
2019-09-13,167.050003,172.5,164.0,169.75,169.75,16813.0
2019-09-16,168.050003,168.699997,161.699997,164.699997,164.699997,9354.0
2019-09-17,163.949997,170.399994,155.600006,156.949997,156.949997,19459.0
2019-09-18,156.949997,161.699997,156.800003,158.100006,158.100006,7662.0
2019-09-19,162.699997,162.75,152.100006,153.649994,153.649994,7512.0
2019-09-20,153.949997,167.050003,151.800003,160.699997,160.699997,27274.0
2019-09-23,163.050003,174.800003,163.0,170.899994,170.899994,53807.0
2019-09-24,170.850006,181.0,165.0,166.550003,166.550003,64393.0
2019-09-25,166.350006,166.399994,161.0,161.850006,161.850006,12188.0
2019-09-26,162.949997,173.800003,160.0,166.399994,166.399994,37376.0
2019-09-27,167.800003,172.0,161.149994,161.800003,161.800003,27992.0
2019-09-30,161.800003,163.800003,146.600006,150.850006,150.850006,388100.0
2019-10-01,151.050003,155.699997,147.300003,151.350006,151.350006,64374.0
2019-10-03,150.0,153.399994,148.050003,150.149994,150.149994,21068.0
2019-10-04,152.649994,153.949997,147.100006,149.350006,149.350006,25811.0
2019-10-07,148.100006,152.199997,142.600006,144.899994,144.899994,30903.0
2019-10-09,149.5,150.5,145.100006,148.649994,148.649994,20299.0
2019-10-10,147.149994,148.699997,145.5,147.050003,147.050003,18307.0
2019-10-11,149.800003,150.300003,147.100006,147.800003,147.800003,9655.0
2019-10-14,147.25,152.449997,145.0,151.449997,151.449997,22538.0
2019-10-15,150.25,155.0,149.5,150.949997,150.949997,14146.0
2019-10-16,149.5,152.449997,145.25,147.949997,147.949997,12063.0
2019-10-17,149.350006,149.550003,142.100006,148.0,148.0,16222.0
2019-10-18,153.0,153.0,147.5,147.949997,147.949997,48055.0
2019-10-22,150.0,159.300003,142.350006,152.899994,152.899994,107414.0
2019-10-23,154.5,166.300003,152.550003,159.600006,159.600006,130094.0
2019-10-24,161.649994,166.800003,159.0,159.399994,159.399994,78459.0
2019-10-25,159.399994,160.949997,155.199997,157.300003,157.300003,31407.0
2019-10-27,,,,,,
2019-10-29,158.850006,165.0,158.0,161.649994,161.649994,34652.0
2019-10-30,162.649994,168.5,161.300003,164.699997,164.699997,55223.0
2019-10-31,166.199997,176.5,165.550003,168.699997,168.699997,78366.0
2019-11-01,169.050003,188.899994,169.0,183.5,183.5,313513.0
2019-11-04,188.399994,195.0,186.0,188.199997,188.199997,162134.0
2019-11-05,189.0,196.050003,181.0,194.300003,194.300003,114560.0
2019-11-06,192.550003,199.0,187.550003,189.949997,189.949997,53420.0
2019-11-07,192.0,202.0,188.149994,196.100006,196.100006,100843.0
2019-11-08,193.0,197.899994,189.899994,190.600006,190.600006,42226.0
2019-11-11,193.0,196.5,188.0,189.949997,189.949997,30468.0
2019-11-13,190.0,193.449997,187.350006,190.050003,190.050003,53691.0
2019-11-14,190.0,200.0,189.100006,190.199997,190.199997,39141.0
2019-11-15,191.800003,192.0,186.699997,189.800003,189.800003,34383.0
2019-11-18,189.0,192.899994,188.100006,190.5,190.5,21192.0
2019-11-19,190.149994,191.75,188.100006,190.600006,190.600006,18830.0
2019-11-20,189.050003,191.449997,189.0,190.0,190.0,20841.0
2019-11-21,190.199997,190.800003,187.949997,189.899994,189.899994,34958.0
2019-11-22,188.850006,219.0,186.350006,211.899994,211.899994,304796.0
2019-11-25,213.899994,222.0,208.100006,210.05000299999998,210.05000299999998,135687.0
2019-11-26,210.05000299999998,214.75,202.0,203.300003,203.300003,49878.0
2019-11-27,203.300003,220.850006,203.25,213.94999700000002,213.94999700000002,195568.0
2019-11-28,216.5,217.899994,209.0,210.25,210.25,45199.0
2019-11-29,210.30000299999998,218.0,202.600006,204.149994,204.149994,66655.0
2019-12-02,205.899994,206.949997,194.399994,195.800003,195.800003,42297.0
2019-12-03,196.0,197.0,190.100006,191.899994,191.899994,24505.0
2019-12-04,194.5,194.5,189.550003,191.100006,191.100006,16239.0
2019-12-05,190.899994,199.949997,190.0,197.300003,197.300003,45286.0
2019-12-06,197.550003,199.300003,190.100006,192.0,192.0,21509.0
2019-12-09,192.300003,195.399994,190.25,191.149994,191.149994,21755.0
2019-12-10,190.949997,194.199997,190.550003,193.050003,193.050003,31534.0
2019-12-11,190.100006,194.899994,190.100006,192.949997,192.949997,17740.0
2019-12-12,191.649994,194.449997,191.649994,193.199997,193.199997,7259.0
2019-12-13,192.050003,198.0,192.050003,195.100006,195.100006,13157.0
2019-12-16,196.5,196.5,192.5,193.25,193.25,5946.0
2019-12-17,194.449997,196.050003,192.5,193.199997,193.199997,12260.0
2019-12-18,194.550003,199.0,193.050003,193.350006,193.350006,14102.0
2019-12-19,194.399994,215.5,192.699997,209.75,209.75,259291.0
2019-12-20,206.0,211.149994,201.550003,202.600006,202.600006,41600.0
2019-12-23,203.0,203.800003,194.0,196.0,196.0,25710.0
2019-12-24,195.399994,204.800003,194.0,201.75,201.75,31716.0
2019-12-26,201.600006,209.0,198.600006,201.899994,201.899994,45865.0
2019-12-27,201.600006,204.699997,197.0,197.550003,197.550003,23048.0
2019-12-30,196.0,201.800003,196.0,198.100006,198.100006,22705.0
2019-12-31,198.100006,202.449997,196.5,198.649994,198.649994,18795.0
2020-01-01,199.899994,201.649994,197.100006,198.949997,198.949997,13235.0
2020-01-02,199.850006,217.0,198.100006,214.55000299999998,214.55000299999998,146094.0
2020-01-03,215.600006,216.80000299999998,207.0,207.800003,207.800003,50782.0
2020-01-06,201.649994,204.699997,197.100006,198.050003,198.050003,33308.0
2020-01-07,200.899994,237.649994,200.850006,237.649994,237.649994,1293029.0
2020-01-08,240.0,272.0,234.0,246.55000299999998,246.55000299999998,3587568.0
2020-01-09,247.100006,260.100006,242.0,244.0,244.0,511109.0
2020-01-10,247.19999700000002,247.19999700000002,232.649994,236.899994,236.899994,174067.0
2020-01-13,236.25,255.80000299999998,232.600006,250.100006,250.100006,434423.0
2020-01-14,249.5,252.600006,243.600006,245.149994,245.149994,72975.0
2020-01-15,246.5,247.19999700000002,241.0,245.350006,245.350006,64052.0
2020-01-16,245.350006,259.899994,245.0,255.899994,255.899994,224011.0
2020-01-17,257.0,258.0,249.94999700000002,250.80000299999998,250.80000299999998,62260.0
2020-01-20,252.80000299999998,256.700012,244.399994,245.649994,245.649994,27813.0
2020-01-21,245.0,258.600006,241.19999700000002,252.80000299999998,252.80000299999998,132785.0
2020-01-22,256.0,258.799988,248.0,250.850006,250.850006,67271.0
2020-01-23,251.5,284.899994,251.5,270.700012,270.700012,1035093.0
2020-01-24,273.299988,277.450012,270.25,274.25,274.25,171973.0
2020-01-27,274.0,277.5,258.0,259.649994,259.649994,104217.0
2020-01-28,260.0,268.5,253.0,256.899994,256.899994,179424.0
2020-01-29,260.0,264.0,251.0,252.19999700000002,252.19999700000002,66210.0
2020-01-30,253.80000299999998,253.80000299999998,240.75,242.100006,242.100006,102195.0
2020-01-31,244.350006,254.69999700000002,222.30000299999998,228.600006,228.600006,269749.0
