2012-05-29,88.449997,88.5,85.0,86.900002,86.578148,42283.0
2012-05-30,87.0,88.800003,87.0,88.0,87.674072,40652.0
2012-05-31,86.949997,88.949997,86.0,88.0,87.674072,104222.0
2012-06-01,89.900002,89.900002,86.199997,86.199997,85.880737,52804.0
2012-06-04,92.800003,92.800003,86.0,89.5,89.168518,54459.0
2012-06-05,88.900002,91.400002,86.150002,87.650002,87.32537099999999,49666.0
2012-06-06,87.0,87.0,85.5,86.0,85.68148000000001,53908.0
2012-06-07,86.25,89.25,86.25,88.199997,87.873329,26530.0
2012-06-08,87.349998,94.699997,85.0,89.5,89.168518,136129.0
2012-06-11,86.900002,88.599998,85.0,86.050003,85.7313,23897.0
2012-06-12,84.0,88.400002,82.300003,83.900002,83.589256,20551.0
2012-06-13,85.0,87.900002,83.0,83.949997,83.63906899999999,63377.0
2012-06-14,86.599998,87.349998,83.0,83.800003,83.489632,40239.0
2012-06-15,83.050003,86.800003,82.0,84.699997,84.386292,51277.0
2012-06-18,88.900002,88.900002,80.599998,83.050003,82.742409,79695.0
2012-06-19,82.599998,84.900002,82.0,82.050003,81.746117,47584.0
2012-06-20,81.099998,83.949997,81.0,82.699997,82.3937,36936.0
2012-06-21,71.300003,83.900002,71.300003,81.949997,81.646477,53999.0
2012-06-22,83.849998,83.849998,81.050003,82.050003,81.746117,62271.0
2012-06-25,80.400002,83.800003,80.400002,82.699997,82.3937,63810.0
2012-06-26,83.75,83.75,81.099998,81.599998,81.297775,76641.0
2012-06-27,83.949997,83.949997,81.0,81.849998,81.546852,26608.0
2012-06-28,82.0,83.0,81.5,82.449997,82.144623,49332.0
2012-06-29,81.550003,84.0,81.099998,81.75,81.44722,45751.0
2012-07-02,87.75,88.800003,81.0,83.199997,82.891846,66339.0
2012-07-03,81.099998,83.949997,81.099998,82.300003,81.995186,35235.0
2012-07-04,83.949997,84.0,81.0,83.150002,82.84204100000001,59243.0
2012-07-05,85.0,85.0,81.099998,82.650002,82.343887,36351.0
2012-07-06,81.0,86.849998,81.0,84.050003,83.738708,90060.0
2012-07-09,82.550003,87.0,82.5,84.449997,84.137215,48940.0
2012-07-10,88.849998,88.849998,81.75,83.599998,83.290367,50657.0
2012-07-11,86.599998,86.75,82.199997,85.199997,84.884438,36084.0
2012-07-12,87.849998,87.849998,82.0,83.650002,83.340187,72340.0
2012-07-13,83.449997,87.699997,82.050003,86.050003,85.7313,65733.0
2012-07-16,83.949997,87.800003,83.0,84.449997,84.137215,106194.0
2012-07-17,81.300003,87.75,81.25,84.5,84.187035,66776.0
2012-07-18,82.099998,85.0,82.0,83.050003,82.742409,55738.0
2012-07-19,81.0,85.0,81.0,83.0,82.692589,32099.0
2012-07-20,87.599998,87.599998,81.550003,82.550003,82.244263,43183.0
2012-07-23,86.849998,86.849998,81.699997,83.0,82.692589,66537.0
2012-07-24,82.300003,86.900002,82.300003,84.349998,84.03759000000001,36154.0
2012-07-25,84.900002,84.900002,82.349998,83.0,82.692589,31427.0
2012-07-26,82.25,84.949997,81.0,82.75,82.44351999999999,37194.0
2012-07-27,85.25,86.099998,83.0,83.0,82.692589,92666.0
2012-07-30,82.099998,87.849998,81.0,82.949997,82.642776,90422.0
2012-07-31,82.199997,85.800003,82.0,84.449997,84.137215,50983.0
2012-08-01,82.150002,86.0,82.150002,85.849998,85.532036,83149.0
2012-08-02,89.900002,89.900002,81.150002,85.900002,85.581856,80991.0
2012-08-03,86.949997,90.0,83.0,86.849998,86.528328,96800.0
2012-08-06,83.050003,87.0,83.0,85.449997,85.133514,146890.0
2012-08-07,86.949997,88.0,84.0,86.449997,86.129814,41763.0
2012-08-08,90.0,90.0,82.5,85.849998,85.532036,68562.0
2012-08-09,89.900002,89.900002,82.050003,86.349998,86.030182,350733.0
2012-08-10,87.150002,87.150002,83.599998,86.25,85.930557,40248.0
2012-08-13,86.949997,87.199997,83.5,86.150002,85.830925,110226.0
2012-08-14,83.599998,89.0,83.599998,85.949997,85.63166,90090.0
2012-08-16,85.099998,87.199997,84.75,86.900002,86.578148,82536.0
2012-08-17,86.949997,87.599998,84.050003,86.849998,86.528328,60168.0
2012-08-21,83.099998,89.0,83.050003,87.650002,87.32537099999999,82126.0
2012-08-22,85.300003,90.800003,85.300003,86.25,85.930557,96737.0
2012-08-23,101.900002,101.900002,85.0,88.5,88.172218,80687.0
2012-08-24,88.949997,90.0,86.099998,88.0,87.674072,30522.0
2012-08-27,89.449997,89.449997,85.0,87.800003,87.474815,90916.0
2012-08-28,86.0,89.800003,86.0,87.900002,87.574448,102414.0
2012-08-29,79.25,90.0,79.25,88.199997,87.873329,60593.0
2012-08-30,85.0,88.949997,85.0,87.949997,87.624252,58500.0
2012-08-31,88.949997,88.949997,86.050003,88.449997,88.12240600000001,55747.0
2012-09-03,88.949997,88.949997,86.099998,87.550003,87.225746,113139.0
2012-09-04,88.949997,89.0,86.099998,87.900002,87.574448,76565.0
2012-09-05,92.849998,92.849998,86.199997,88.75,88.421295,78884.0
2012-09-06,88.949997,88.949997,86.75,87.199997,86.87702900000001,126391.0
2012-09-07,89.650002,89.650002,87.050003,87.949997,87.624252,96300.0
2012-09-08,,,,,,
2012-09-10,89.0,89.0,86.099998,88.75,88.421295,121060.0
2012-09-11,88.449997,89.0,87.0,87.949997,87.624252,44357.0
2012-09-12,88.849998,90.0,88.0,88.800003,88.471115,118639.0
2012-09-13,88.849998,88.900002,88.0,88.300003,87.972961,67745.0
2012-09-14,88.949997,90.900002,84.199997,87.199997,86.87702900000001,109232.0
2012-09-17,91.849998,91.849998,86.0,86.699997,86.378883,118283.0
2012-09-18,86.0,88.449997,86.0,86.900002,86.578148,76576.0
2012-09-20,86.849998,88.5,86.0,87.349998,87.026482,157695.0
2012-09-21,86.199997,91.449997,86.099998,89.5,89.168518,72847.0
2012-09-24,90.550003,94.0,88.050003,93.0,92.655556,140667.0
2012-09-25,99.449997,99.449997,92.0,94.800003,94.448891,132430.0
2012-09-26,92.5,97.0,92.25,95.900002,95.544815,139021.0
2012-09-27,90.199997,97.0,90.199997,95.5,95.146294,49173.0
2012-09-28,94.050003,97.0,94.0,95.300003,94.947037,73714.0
2012-10-01,92.0,98.949997,92.0,97.349998,96.989441,161031.0
2012-10-03,97.5,99.800003,87.050003,97.050003,96.690559,150990.0
2012-10-04,97.0,97.0,94.0,94.449997,94.10018199999999,116702.0
2012-10-05,96.0,97.199997,88.25,93.099998,92.75518000000001,132620.0
2012-10-08,99.0,99.0,86.5,93.449997,93.103882,201563.0
2012-10-09,92.0,94.900002,92.0,93.25,92.904625,242650.0
2012-10-10,93.25,94.900002,91.5,93.099998,92.75518000000001,115619.0
2012-10-11,93.150002,95.0,92.5,94.300003,93.950745,168627.0
2012-10-12,93.0,94.5,91.099998,94.150002,93.8013,102349.0
2012-10-15,93.199997,94.75,91.699997,93.0,92.655556,166044.0
2012-10-16,92.800003,94.0,92.300003,92.599998,92.25703399999999,78149.0
2012-10-17,93.75,94.599998,90.0,91.849998,91.509811,91178.0
2012-10-18,90.449997,91.949997,90.0,90.599998,90.264442,48809.0
2012-10-19,89.5,91.900002,89.5,90.300003,89.965561,69905.0
2012-10-22,93.900002,93.949997,90.0,90.400002,90.065186,100085.0
2012-10-23,90.050003,91.5,90.050003,90.949997,90.61314399999999,109340.0
2012-10-25,90.150002,91.900002,90.099998,91.099998,90.762589,97544.0
2012-10-29,90.599998,93.5,90.0,90.449997,90.114998,141214.0
2012-10-30,91.449997,92.0,89.849998,91.5,91.16111,70669.0
2012-10-31,90.300003,93.900002,90.25,91.050003,90.712776,90331.0
2012-11-01,90.400002,91.949997,90.199997,91.449997,91.11129,242428.0
2012-11-02,91.5,92.400002,90.550003,90.550003,90.21463,87911.0
2012-11-05,92.25,92.800003,89.599998,90.050003,89.716484,131096.0
2012-11-06,91.650002,91.849998,89.050003,90.349998,90.015366,144364.0
2012-11-07,92.0,92.0,89.0,89.75,89.41759499999999,103564.0
2012-11-08,92.0,92.0,89.199997,90.449997,90.114998,127290.0
2012-11-09,90.550003,91.599998,89.849998,90.449997,90.114998,65396.0
2012-11-11,,,,,,
2012-11-12,91.5,92.199997,90.5,91.449997,91.11129,128633.0
2012-11-15,95.800003,95.800003,89.099998,89.699997,89.367775,114058.0
2012-11-16,91.599998,93.0,90.0,90.699997,90.364067,50148.0
2012-11-19,92.0,94.0,90.0,93.550003,93.20352199999999,113294.0
2012-11-20,92.5,92.5,88.550003,89.699997,89.367775,102440.0
2012-11-21,90.300003,90.800003,89.550003,89.900002,89.56703900000001,62933.0
2012-11-22,92.0,92.0,89.0,89.449997,89.118698,85711.0
2012-11-23,90.5,92.0,90.0,90.300003,89.965561,282265.0
2012-11-26,91.050003,93.0,89.849998,92.800003,92.456299,231837.0
2012-11-27,91.900002,92.900002,90.0,91.400002,91.061485,189604.0
2012-11-29,90.599998,92.0,89.900002,91.150002,90.81240799999999,168873.0
2012-11-30,91.0,94.0,90.199997,92.25,91.908333,116952.0
2012-12-03,91.0,98.0,90.849998,94.449997,94.10018199999999,345422.0
2012-12-04,92.5,98.0,92.349998,97.199997,96.839996,88075.0
2012-12-05,111.0,111.0,94.5,98.0,97.637039,112032.0
2012-12-06,104.849998,104.849998,95.699997,99.0,98.63333100000001,152969.0
2012-12-07,101.5,104.0,98.550003,101.849998,101.472778,129861.0
2012-12-10,100.400002,103.949997,99.800003,101.349998,100.974625,114677.0
2012-12-11,111.900002,111.900002,99.550003,101.400002,101.024445,115970.0
2012-12-12,101.0,104.0,101.0,103.699997,103.315926,124183.0
2012-12-13,108.0,108.0,101.300003,103.550003,103.166481,93367.0
2012-12-14,104.0,104.0,102.099998,102.699997,102.319626,69871.0
2012-12-17,104.75,110.0,102.050003,107.400002,107.00222,110704.0
2012-12-18,105.300003,112.0,105.25,107.949997,107.550179,27237.0
2012-12-19,112.0,115.699997,107.0,111.75,111.33611299999998,94178.0
2012-12-20,115.0,115.800003,110.0,112.25,111.834259,75521.0
2012-12-21,117.0,117.5,110.5,111.800003,111.385925,263875.0
2012-12-24,108.599998,115.0,105.0,114.0,113.577774,111361.0
2012-12-26,113.0,118.0,112.5,117.150002,116.71611000000001,81102.0
2012-12-27,118.0,119.800003,114.150002,117.400002,116.96518700000001,84060.0
2012-12-28,117.699997,118.0,115.0,117.0,116.566666,94390.0
2012-12-31,113.150002,118.900002,113.150002,117.099998,116.66628999999999,102277.0
2013-01-01,116.099998,130.899994,116.050003,124.800003,124.337776,140316.0
2013-01-02,129.0,135.0,125.0,125.400002,124.93555500000001,63168.0
2013-01-03,128.949997,130.0,123.0,125.349998,124.88573500000001,68828.0
2013-01-04,128.0,136.800003,125.050003,130.25,129.767593,79553.0
2013-01-07,131.0,139.699997,127.900002,129.850006,129.36908,121425.0
2013-01-08,132.949997,133.0,121.0,125.150002,124.686485,60903.0
2013-01-09,128.75,128.75,115.599998,125.199997,124.73629,182855.0
2013-01-10,132.600006,132.600006,124.25,124.849998,124.38758899999999,42186.0
2013-01-11,130.0,130.0,124.0,125.800003,125.334076,67054.0
2013-01-14,122.099998,130.0,122.099998,124.900002,124.437408,87544.0
2013-01-15,129.949997,130.75,123.050003,126.400002,125.931854,83717.0
2013-01-16,126.0,130.0,121.0,126.699997,126.23073600000001,99628.0
2013-01-17,125.0,127.0,125.0,126.300003,125.832222,119466.0
2013-01-18,130.0,130.0,123.0,125.349998,124.88573500000001,43673.0
2013-01-21,126.0,127.949997,124.300003,126.0,125.53333300000001,88235.0
2013-01-22,129.5,129.5,122.0,124.699997,124.23814399999999,90530.0
2013-01-23,124.0,135.0,124.0,130.600006,130.116302,179094.0
2013-01-24,130.0,132.0,125.75,130.899994,130.415176,62631.0
2013-01-25,134.0,134.0,127.300003,129.899994,129.41888400000002,73257.0
2013-01-28,129.5,138.699997,127.050003,137.149994,136.642029,117405.0
2013-01-29,134.600006,143.699997,134.5,135.649994,135.147583,83954.0
2013-01-30,137.0,146.949997,132.600006,142.600006,142.071854,136298.0
2013-01-31,143.899994,148.949997,136.0,137.850006,137.339447,53804.0
2013-02-01,134.0,142.899994,134.0,139.800003,139.282227,67094.0
2013-02-04,139.800003,140.899994,138.0,138.5,137.98703,69274.0
2013-02-05,141.0,151.0,135.5,139.25,138.734253,110391.0
2013-02-06,142.0,142.0,135.0,138.199997,137.688141,56620.0
2013-02-07,138.0,140.800003,138.0,138.300003,137.787781,66638.0
2013-02-08,137.0,141.699997,137.0,140.699997,140.178879,80489.0
2013-02-11,136.600006,152.949997,136.600006,146.800003,146.256302,98408.0
2013-02-12,151.0,156.600006,143.100006,144.850006,144.313522,57267.0
2013-02-13,142.050003,148.0,141.300003,143.75,143.21759,75736.0
2013-02-14,144.050003,146.949997,140.050003,140.300003,139.780365,77095.0
2013-02-15,140.0,143.399994,130.0,131.050003,130.564636,104205.0
2013-02-18,132.850006,134.949997,104.849998,104.849998,104.461662,42471.0
2013-02-19,94.400002,94.400002,94.400002,94.400002,94.05036899999999,1358.0
2013-02-20,85.0,85.0,85.0,85.0,84.685181,619.0
2013-02-21,76.5,76.5,76.5,76.5,76.216667,595.0
2013-02-22,72.699997,72.699997,72.699997,72.699997,72.43074,5939.0
2013-02-25,69.099998,69.099998,69.099998,69.099998,68.84407,440.0
2013-02-26,65.650002,65.650002,65.650002,65.650002,65.406853,135.0
2013-02-27,62.400002,62.400002,62.400002,62.400002,62.168888,138.0
2013-02-28,59.299999,59.299999,59.299999,59.299999,59.08036800000001,545.0
2013-03-01,56.349998,56.349998,56.349998,56.349998,56.141293000000005,81.0
2013-03-04,53.549999,53.549999,53.549999,53.549999,53.351665000000004,52.0
2013-03-05,50.900002,50.900002,50.900002,50.900002,50.711483,174.0
2013-03-06,48.400002,48.400002,48.400002,48.400002,48.220741,57.0
2013-03-07,46.0,46.0,46.0,46.0,45.829628,22001.0
2013-03-08,43.700001,43.700001,43.700001,43.700001,43.538146999999995,427.0
2013-03-11,41.549999,41.549999,41.549999,41.549999,41.396111,71.0
2013-03-12,39.5,39.5,39.5,39.5,39.353703,200.0
2013-03-13,37.549999,37.549999,37.549999,37.549999,37.410923,61.0
2013-03-14,35.700001,35.700001,35.700001,35.700001,35.56778,48.0
2013-03-15,33.950001,33.950001,33.950001,33.950001,33.824261,107.0
2013-03-18,32.299999,32.299999,32.299999,32.299999,32.18037,215.0
2013-03-19,30.700001,30.700001,30.700001,30.700001,30.586296,604.0
2013-03-20,29.200001,29.200001,29.200001,29.200001,29.091852000000003,4461.0
2013-03-21,27.75,27.75,27.75,27.75,27.647222999999997,8.0
2013-03-22,26.4,26.4,26.4,26.4,26.302221000000003,210.0
2013-03-25,25.1,25.1,25.1,25.1,25.007038,290.0
2013-03-26,23.85,23.85,23.85,23.85,23.761667000000003,201.0
2013-03-28,22.700001,22.700001,22.700001,22.700001,22.615927,110.0
2013-04-01,21.6,21.6,21.6,21.6,21.52,138.0
2013-04-02,20.549999,20.549999,20.549999,20.549999,20.473888,1657.0
2013-04-03,19.549999,19.549999,19.549999,19.549999,19.477592,1241.0
2013-04-04,18.6,18.6,18.6,18.6,18.531111,229.0
2013-04-05,17.700001,17.700001,17.700001,17.700001,17.634445,1058.0
2013-04-08,16.85,16.85,16.85,16.85,16.787592,592.0
2013-04-09,16.85,16.85,16.049999,16.049999,15.990554999999999,756.0
2013-04-10,15.25,15.25,15.25,15.25,15.193519,90.0
2013-04-11,14.5,14.5,14.5,14.5,14.446295999999998,2320.0
2013-04-12,13.8,13.8,13.8,13.8,13.748889000000002,741.0
2013-04-15,13.15,13.15,13.15,13.15,13.101295,1045.0
2013-04-16,12.5,12.5,12.5,12.5,12.453704,4098.0
2013-04-17,11.9,11.9,11.9,11.9,11.855926,1736.0
2013-04-18,11.35,11.35,11.35,11.35,11.307963,1867.0
2013-04-22,10.8,10.8,10.8,10.8,10.76,9184.0
2013-04-23,10.3,10.3,10.3,10.3,10.261852000000001,4417.0
2013-04-25,9.8,9.8,9.8,9.8,9.763703,3308.0
2013-04-26,9.35,9.35,9.35,9.35,9.315371,2832.0
2013-04-29,9.35,9.35,8.9,8.9,8.867037,20325.0
2013-04-30,8.5,8.5,8.5,8.5,8.468518,8096.0
2013-05-02,8.1,8.1,8.1,8.1,8.070001,20347.0
2013-05-03,7.7,7.7,7.7,7.7,7.671481,9529.0
2013-05-06,7.35,7.35,7.35,7.35,7.322778,9371.0
2013-05-07,7.0,7.0,7.0,7.0,6.974074000000001,28196.0
2013-05-08,6.65,6.65,6.65,6.65,6.625371,14951.0
2013-05-09,6.35,6.35,6.35,6.35,6.326480999999999,17123.0
2013-05-10,6.05,6.05,6.05,6.05,6.027593,20043.0
2013-05-13,5.5,5.5,5.5,5.5,5.47963,9427.0
2013-05-14,5.25,5.25,5.25,5.25,5.230556,1009.0
2013-05-15,5.0,5.0,5.0,5.0,4.981482,24795.0
2013-05-16,4.75,5.25,4.75,4.95,4.931666000000001,4642556.0
2013-05-17,5.0,5.15,5.0,5.15,5.1309260000000005,649521.0
2013-05-20,5.15,5.4,4.9,4.9,4.881851999999999,203386.0
2013-05-21,4.7,4.95,4.7,4.7,4.682592,1474265.0
2013-05-22,4.7,4.85,4.5,4.5,4.483333,484339.0
2013-05-23,4.3,4.4,4.3,4.3,4.2840739999999995,365883.0
2013-05-24,4.1,4.4,4.1,4.1,4.084815,204801.0
2013-05-27,3.9,4.3,3.9,4.3,4.2840739999999995,642699.0
2013-05-28,4.5,4.5,4.25,4.5,4.483333,683458.0
2013-05-29,4.7,4.7,4.55,4.7,4.682592,30347.0
2013-05-30,4.9,4.9,4.5,4.75,4.732408,101620.0
2013-05-31,4.55,4.8,4.55,4.55,4.533148000000001,78514.0
2013-06-03,4.35,4.7,4.35,4.35,4.333889,16941.0
2013-06-04,4.15,4.3,4.15,4.15,4.1346300000000005,99385.0
2013-06-05,4.25,4.25,4.0,4.1,4.084815,4353.0
2013-06-06,4.1,4.3,4.0,4.2,4.184444,262162.0
2013-06-07,4.4,4.4,4.4,4.4,4.383704,6105.0
2013-06-10,4.6,4.6,4.2,4.2,4.184444,74597.0
2013-06-11,4.2,4.25,4.0,4.15,4.1346300000000005,21264.0
2013-06-12,4.15,4.35,4.0,4.3,4.2840739999999995,13804.0
2013-06-13,4.15,4.5,4.1,4.4,4.383704,143963.0
2013-06-14,4.45,4.6,4.45,4.55,4.533148000000001,3644.0
2013-06-17,4.5,4.7,4.35,4.6,4.5829629999999995,49707.0
2013-06-18,4.45,4.7,4.4,4.4,4.383704,303514.0
2013-06-19,4.25,4.6,4.2,4.25,4.234259,260313.0
2013-06-20,4.2,4.25,4.1,4.2,4.184444,34843.0
2013-06-21,4.2,4.4,4.1,4.35,4.333889,66267.0
2013-06-24,4.45,4.45,4.15,4.15,4.1346300000000005,6443.0
2013-06-25,3.95,4.2,3.95,4.2,4.184444,13849.0
2013-06-26,4.0,4.35,4.0,4.05,4.035,38924.0
2013-06-27,4.1,4.25,3.9,4.0,3.985185,13901.0
2013-06-28,4.0,4.2,4.0,4.2,4.184444,13156.0
2013-07-01,4.2,4.35,4.0,4.2,4.184444,12752.0
2013-07-02,4.3,4.3,4.05,4.2,4.184444,15341.0
2013-07-03,4.05,4.3,4.0,4.05,4.035,19042.0
2013-07-04,3.95,4.25,3.95,4.2,4.184444,13400.0
2013-07-05,4.1,4.3,4.05,4.25,4.234259,6833.0
2013-07-08,4.25,4.25,4.0,4.05,4.035,1930.0
2013-07-09,4.0,4.3,3.9,4.1,4.084815,124798.0
2013-07-10,4.25,4.25,3.85,3.9,3.885556,51112.0
2013-07-11,3.65,4.05,3.65,3.9,3.885556,9813.0
2013-07-12,3.7,4.0,3.7,3.85,3.8357410000000005,13401.0
2013-07-15,3.7,3.95,3.6,3.8,3.7859260000000003,24674.0
2013-07-16,3.95,4.15,3.5,4.15,4.1346300000000005,68682.0
2013-07-17,4.3,4.55,4.1,4.55,4.533148000000001,111736.0
2013-07-18,5.0,5.0,4.55,4.85,4.832037000000001,135483.0
2013-07-19,5.3,5.3,5.0,5.2,5.18074,76513.0
2013-07-22,5.4,5.45,4.95,4.95,4.931666000000001,96444.0
2013-07-23,4.75,5.0,4.75,4.95,4.931666000000001,47903.0
2013-07-24,4.8,4.95,4.75,4.75,4.732408,10068.0
2013-07-25,4.6,4.6,4.55,4.55,4.533148000000001,78944.0
2013-07-26,4.45,4.45,4.35,4.35,4.333889,65274.0
2013-07-29,4.4,4.4,4.15,4.2,4.184444,12310.0
2013-07-30,4.0,4.4,4.0,4.3,4.2840739999999995,227256.0
2013-07-31,4.25,4.4,4.15,4.25,4.234259,31977.0
2013-08-01,4.1,4.15,4.05,4.05,4.035,12189.0
2013-08-02,3.85,4.25,3.85,3.85,3.8357410000000005,27504.0
2013-08-05,3.95,4.0,3.8,3.95,3.93537,10990.0
2013-08-06,4.05,4.05,3.85,4.05,4.035,109998.0
2013-08-07,3.9,4.05,3.9,3.95,3.93537,15238.0
2013-08-08,4.0,4.05,4.0,4.0,3.985185,18695.0
2013-08-12,4.15,4.2,3.85,4.1,4.084815,39710.0
2013-08-13,4.2,4.3,4.1,4.3,4.2840739999999995,39701.0
2013-08-14,4.5,4.5,4.5,4.5,4.483333,13672.0
2013-08-16,4.65,4.7,4.55,4.65,4.632778,255648.0
2013-08-19,4.65,4.85,4.65,4.8,4.782222,73201.0
2013-08-20,4.85,5.0,4.8,4.95,4.931666000000001,78363.0
2013-08-21,4.9,5.0,4.8,4.9,4.881851999999999,40549.0
2013-08-22,4.8,5.0,4.8,4.9,4.881851999999999,5549.0
2013-08-23,4.9,5.0,4.85,4.95,4.931666000000001,14734.0
2013-08-26,5.0,5.1,4.85,5.05,5.031296,20020.0
2013-08-27,5.05,5.15,4.9,4.95,4.931666000000001,168748.0
2013-08-28,5.0,5.15,5.0,5.15,5.1309260000000005,99100.0
2013-08-29,5.15,5.4,5.15,5.35,5.330185,134482.0
2013-08-30,5.4,5.6,5.25,5.6,5.5792589999999995,69526.0
2013-09-02,5.85,5.85,5.65,5.8,5.778519,73643.0
2013-09-03,5.9,6.05,5.9,6.05,6.027593,19700.0
2013-09-04,6.0,6.35,5.9,6.2,6.177037,140748.0
2013-09-05,6.1,6.4,5.9,6.15,6.127222,52150.0
2013-09-06,6.35,6.35,5.85,6.15,6.127222,19770.0
2013-09-10,5.9,6.1,5.85,6.05,6.027593,153997.0
2013-09-11,6.05,6.05,5.75,5.75,5.728703,10770.0
2013-09-12,5.6,5.65,5.5,5.5,5.47963,8830.0
2013-09-13,5.25,5.25,5.25,5.25,5.230556,1000.0
2013-09-16,5.0,5.1,5.0,5.0,4.981482,37950.0
2013-09-17,5.2,5.2,5.0,5.2,5.18074,170875.0
2013-09-18,5.15,5.4,5.15,5.4,5.38,8015.0
2013-09-19,5.15,5.5,5.15,5.15,5.15,2460.0
2013-09-20,5.0,5.0,5.0,5.0,5.0,100.0
2013-09-23,4.75,5.2,4.75,4.75,4.75,12772.0
2013-09-24,4.8,4.8,4.8,4.8,4.8,3000.0
2013-09-25,4.95,4.95,4.95,4.95,4.95,103.0
2013-09-26,5.0,5.0,5.0,5.0,5.0,1.0
2013-09-27,5.25,5.25,4.75,4.75,4.75,3650.0
2013-09-30,4.8,4.8,4.55,4.55,4.55,3606.0
2013-10-01,4.45,4.55,4.45,4.55,4.55,22000.0
2013-10-03,4.35,4.75,4.35,4.75,4.75,52570.0
2013-10-04,4.95,4.95,4.55,4.95,4.95,401.0
2013-10-07,5.05,5.05,5.05,5.05,5.05,32.0
2013-10-08,5.05,5.05,4.85,5.0,5.0,96838.0
2013-10-09,4.75,5.1,4.75,5.1,5.1,2035.0
2013-10-10,4.85,5.35,4.85,5.0,5.0,114630.0
2013-10-11,4.9,5.0,4.9,4.95,4.95,1200.0
2013-10-14,5.0,5.0,4.85,5.0,5.0,2500.0
2013-10-15,4.95,4.95,4.75,4.95,4.95,7002.0
2013-10-17,5.1,5.1,4.75,4.8,4.8,1251.0
2013-10-18,4.85,5.0,4.85,4.95,4.95,39002.0
2013-10-21,4.85,4.95,4.85,4.85,4.85,72072.0
2013-10-22,4.75,5.05,4.75,5.0,5.0,42754.0
2013-10-23,5.2,5.2,4.9,4.95,4.95,71011.0
2013-10-24,5.0,5.0,4.75,4.8,4.8,9606.0
2013-10-25,4.8,5.0,4.8,5.0,5.0,7925.0
2013-10-28,5.0,5.0,4.75,4.75,4.75,4905.0
2013-10-29,4.8,4.9,4.6,4.7,4.7,1870.0
2013-10-30,4.85,4.85,4.6,4.85,4.85,7705.0
2013-10-31,4.8,4.95,4.7,4.75,4.75,11781.0
2013-11-01,4.65,4.9,4.55,4.55,4.55,10744.0
2013-11-05,4.6,4.75,4.45,4.45,4.45,6060.0
2013-11-06,4.4,4.65,4.25,4.6,4.6,32025.0
2013-11-07,4.55,4.8,4.55,4.8,4.8,8303.0
2013-11-08,4.9,4.9,4.85,4.85,4.85,601.0
2013-11-11,5.0,5.0,4.8,4.9,4.9,40494.0
2013-11-12,5.0,5.0,4.7,4.9,4.9,7310.0
2013-11-13,5.1,5.1,4.75,4.85,4.85,48490.0
2013-11-14,5.0,5.0,4.65,4.75,4.75,24420.0
2013-11-18,4.55,4.7,4.55,4.55,4.55,77160.0
2013-11-19,4.4,4.7,4.35,4.35,4.35,29579.0
2013-11-20,4.35,4.55,4.15,4.55,4.55,39126.0
2013-11-21,4.7,4.75,4.5,4.5,4.5,11050.0
2013-11-22,4.55,4.7,4.4,4.6,4.6,11050.0
2013-11-25,4.4,4.8,4.4,4.75,4.75,23170.0
2013-11-26,4.75,4.75,4.6,4.6,4.6,10950.0
2013-11-27,4.5,4.8,4.45,4.8,4.8,18232.0
2013-11-28,5.0,5.0,4.6,4.75,4.75,33048.0
2013-11-29,4.55,4.95,4.55,4.9,4.9,14096.0
2013-12-02,4.9,4.95,4.7,4.7,4.7,45856.0
2013-12-03,4.6,4.9,4.6,4.8,4.8,36741.0
2013-12-04,4.85,4.85,4.6,4.7,4.7,23137.0
2013-12-05,4.6,4.8,4.55,4.75,4.75,42500.0
2013-12-06,4.6,4.95,4.6,4.9,4.9,31552.0
2013-12-09,4.95,5.1,4.7,5.1,5.1,137522.0
2013-12-10,5.25,5.35,5.2,5.35,5.35,456116.0
2013-12-11,5.6,5.6,5.6,5.6,5.6,49622.0
2013-12-12,5.85,5.85,5.8,5.85,5.85,357598.0
2013-12-13,6.1,6.1,6.1,6.1,6.1,113719.0
2013-12-16,6.4,6.4,6.3,6.4,6.4,459486.0
2013-12-17,6.65,6.7,6.5,6.7,6.7,338025.0
2013-12-18,6.9,7.0,6.4,6.4,6.4,336532.0
2013-12-19,6.1,6.1,6.1,6.1,6.1,37264.0
2013-12-20,5.8,6.05,5.8,5.8,5.8,32881.0
2013-12-23,5.8,6.05,5.55,6.05,6.05,184652.0
2013-12-24,6.35,6.35,6.0,6.35,6.35,84896.0
2013-12-26,6.65,6.65,6.4,6.65,6.65,504260.0
2013-12-27,6.9,6.95,6.7,6.9,6.9,414473.0
2013-12-30,7.2,7.2,6.6,7.0,7.0,732514.0
2013-12-31,7.0,7.15,6.65,6.85,6.85,203933.0
2014-01-01,6.85,7.15,6.75,7.15,7.15,173832.0
2014-01-02,6.95,7.5,6.95,7.2,7.2,116288.0
2014-01-03,7.3,7.3,7.0,7.05,7.05,57990.0
2014-01-06,7.3,7.3,6.7,6.7,6.7,142240.0
2014-01-07,6.5,6.6,6.4,6.5,6.5,79476.0
2014-01-08,6.3,6.4,6.2,6.2,6.2,95480.0
2014-01-09,6.0,6.0,5.9,5.9,5.9,81270.0
2014-01-10,5.65,6.1,5.65,5.65,5.65,172533.0
2014-01-13,5.4,5.65,5.4,5.4,5.4,53570.0
2014-01-14,5.15,5.15,5.15,5.15,5.15,6260.0
2014-01-15,4.9,4.9,4.9,4.9,4.9,28860.0
2014-01-16,4.7,4.7,4.7,4.7,4.7,17764.0
2014-01-17,4.5,4.5,4.5,4.5,4.5,8541.0
2014-01-20,4.3,4.3,4.3,4.3,4.3,58786.0
2014-01-21,4.1,4.5,4.1,4.5,4.5,99405.0
2014-01-22,4.7,4.7,4.7,4.7,4.7,15047.0
2014-01-23,4.9,4.9,4.9,4.9,4.9,7976.0
2014-01-24,5.1,5.1,5.1,5.1,5.1,37262.0
2014-01-27,5.35,5.35,4.85,4.95,4.95,130729.0
2014-01-28,5.1,5.15,5.1,5.15,5.15,29476.0
2014-01-29,5.1,5.4,5.1,5.4,5.4,21421.0
2014-01-30,5.6,5.65,5.15,5.15,5.15,63785.0
2014-01-31,4.9,5.2,4.9,4.9,4.9,55762.0
2014-02-03,4.7,5.0,4.7,4.7,4.7,19756.0
2014-02-04,4.5,4.5,4.5,4.5,4.5,23347.0
2014-02-05,4.3,4.7,4.3,4.7,4.7,135975.0
2014-02-06,4.9,4.9,4.5,4.7,4.7,68821.0
2014-02-07,4.55,4.6,4.5,4.5,4.5,51361.0
2014-02-10,4.6,4.7,4.35,4.7,4.7,28999.0
2014-02-11,4.5,4.75,4.5,4.6,4.6,16984.0
2014-02-12,4.5,4.6,4.4,4.4,4.4,35059.0
2014-02-13,4.4,4.6,4.2,4.2,4.2,23687.0
2014-02-14,4.25,4.4,4.25,4.3,4.3,37495.0
2014-02-17,4.5,4.5,4.1,4.2,4.2,72584.0
2014-02-18,4.05,4.25,4.0,4.15,4.15,28900.0
2014-02-19,4.3,4.3,3.95,4.0,4.0,60164.0
2014-02-20,3.85,3.9,3.8,3.8,3.8,23854.0
2014-02-21,3.7,3.95,3.65,3.8,3.8,100013.0
2014-02-24,3.95,3.95,3.65,3.95,3.95,77864.0
2014-02-25,4.1,4.1,3.8,3.8,3.8,30772.0
2014-02-26,3.75,3.8,3.65,3.7,3.7,35686.0
2014-02-28,3.7,3.85,3.6,3.75,3.75,70559.0
2014-03-03,3.65,3.75,3.6,3.6,3.6,47067.0
2014-03-04,3.45,3.75,3.45,3.75,3.75,31805.0
2014-03-05,3.9,3.9,3.8,3.9,3.9,12200.0
2014-03-06,3.95,4.05,3.95,4.05,4.05,18555.0
2014-03-07,4.25,4.25,4.25,4.25,4.25,4850.0
2014-03-10,4.45,4.45,4.45,4.45,4.45,5922.0
2014-03-11,4.65,4.65,4.65,4.65,4.65,4896.0
2014-03-12,4.85,4.85,4.45,4.45,4.45,91116.0
2014-03-13,4.35,4.65,4.25,4.25,4.25,35413.0
2014-03-14,4.35,4.35,4.05,4.1,4.1,17350.0
2014-03-18,4.0,4.3,3.95,4.3,4.3,31509.0
2014-03-19,4.45,4.5,4.1,4.3,4.3,40238.0
2014-03-20,4.45,4.45,4.2,4.25,4.25,11951.0
2014-03-21,4.4,4.4,4.2,4.25,4.25,56652.0
2014-03-22,,,,,,
2014-03-24,4.45,4.45,4.2,4.2,4.2,130222.0
2014-03-25,4.35,4.4,4.05,4.25,4.25,373557.0
2014-03-26,4.25,4.4,4.05,4.1,4.1,626100.0
2014-03-27,4.25,4.25,3.9,4.0,4.0,103817.0
2014-03-28,4.15,4.15,3.85,3.85,3.85,20504.0
2014-03-31,3.85,3.85,3.7,3.7,3.7,298397.0
2014-04-01,3.85,3.85,3.75,3.85,3.85,128078.0
2014-04-02,3.9,4.0,3.9,4.0,4.0,13824.0
2014-04-03,4.2,4.2,3.9,3.95,3.95,33221.0
2014-04-04,3.9,4.1,3.8,4.0,4.0,31623.0
2014-04-07,4.0,4.2,3.9,4.15,4.15,62971.0
2014-04-09,4.15,4.3,3.95,4.05,4.05,127764.0
2014-04-10,3.95,4.05,3.9,3.95,3.95,22528.0
2014-04-11,4.0,4.0,3.8,3.9,3.9,312457.0
2014-04-15,4.0,4.0,3.75,3.9,3.9,87991.0
2014-04-16,3.9,4.0,3.85,3.95,3.95,152040.0
2014-04-17,3.95,4.1,3.95,4.0,4.0,25584.0
2014-04-21,4.0,4.15,4.0,4.05,4.05,35050.0
2014-04-22,4.2,4.25,4.05,4.25,4.25,69597.0
2014-04-23,4.45,4.45,4.3,4.45,4.45,76886.0
2014-04-24,4.45,4.45,4.45,4.45,4.45,0.0
2014-04-25,4.55,4.65,4.55,4.65,4.65,55781.0
2014-04-28,4.85,4.85,4.85,4.85,4.85,21473.0
2014-04-29,5.05,5.05,5.05,5.05,5.05,6535.0
2014-04-30,5.3,5.3,5.3,5.3,5.3,12919.0
2014-05-02,5.55,5.55,5.05,5.55,5.55,230459.0
2014-05-05,5.8,5.8,5.65,5.8,5.8,42684.0
2014-05-06,6.0,6.05,6.0,6.05,6.05,10256.0
2014-05-07,6.35,6.35,5.75,5.95,5.95,216759.0
2014-05-08,5.7,5.7,5.7,5.7,5.7,18693.0
2014-05-09,5.45,5.45,5.45,5.45,5.45,7214.0
2014-05-12,5.2,5.2,5.2,5.2,5.2,16699.0
2014-05-13,4.95,5.1,4.95,5.05,5.05,47704.0
2014-05-14,5.05,5.3,4.8,4.84999,4.84999,57237.0
2014-05-15,4.8,5.05,4.8,4.85,4.85,24653.0
2014-05-16,4.85,5.05,4.85,5.05,5.05,20311.0
2014-05-19,5.1,5.3,5.05,5.3,5.3,20044.0
2014-05-20,5.55,5.55,5.2,5.55,5.55,68096.0
2014-05-21,5.7,5.7,5.3,5.4,5.4,54275.0
2014-05-22,5.65,5.65,5.3,5.65,5.65,41082.0
2014-05-23,5.9,5.9,5.4,5.9,5.9,96994.0
2014-05-26,6.15,6.15,5.85,5.9,5.9,42295.0
2014-05-27,5.65,5.8,5.65,5.65,5.65,18975.0
2014-05-28,5.4,5.6,5.4,5.55,5.55,56050.0
2014-05-29,5.55,5.55,5.3,5.3,5.3,47414.0
2014-05-30,5.05,5.45,5.05,5.1,5.1,56410.0
2014-06-02,5.35,5.35,4.85,4.85,4.85,81762.0
2014-06-03,4.9,5.05,4.65,5.05,5.05,64508.0
2014-06-04,5.15,5.3,5.0,5.3,5.3,18595.0
2014-06-05,5.55,5.55,5.35,5.55,5.55,10193.0
2014-06-06,5.8,5.8,5.65,5.8,5.8,15422.0
2014-06-09,6.0,6.05,5.9,5.9,5.9,96258.0
2014-06-10,5.9,5.9,5.65,5.65,5.65,82100.0
2014-06-11,5.45,5.8,5.4,5.55,5.55,80010.0
2014-06-12,5.65,5.8,5.3,5.45,5.45,130652.0
2014-06-13,5.65,5.65,5.2,5.25,5.25,63380.0
2014-06-16,5.0,5.4,5.0,5.05,5.05,92246.0
2014-06-17,5.1,5.25,4.9,5.25,5.25,26562.0
2014-06-18,5.25,5.5,5.05,5.1,5.1,107220.0
2014-06-19,5.1,5.25,4.85,4.95,4.95,42197.0
2014-06-20,4.85,5.15,4.8,5.0,5.0,46450.0
2014-06-23,5.15,5.15,4.8,4.85,4.85,34970.0
2014-06-24,4.95,5.05,4.75,5.05,5.05,30037.0
2014-06-25,5.05,5.15,4.9,4.9,4.9,32846.0
2014-06-26,5.0,5.0,4.7,4.75,4.75,95938.0
2014-06-27,4.9,4.9,4.7,4.85,4.85,46265.0
2014-06-30,4.95,5.05,4.8,5.0,5.0,29361.0
2014-07-01,5.0,5.25,4.85,5.2,5.2,187711.0
2014-07-02,5.3,5.3,4.95,4.95,4.95,128208.0
2014-07-03,4.85,4.85,4.75,4.85,4.85,71127.0
2014-07-04,4.85,5.0,4.65,4.9,4.9,60143.0
2014-07-07,4.85,5.1,4.85,5.1,5.1,51429.0
2014-07-08,5.1,5.1,4.9,4.95,4.95,41167.0
2014-07-09,4.65,4.7,4.5,4.6,4.6,53941.0
2014-07-10,4.5,4.75,4.4,4.65,4.65,13940.0
2014-07-11,4.9,4.9,4.45,4.5,4.5,26544.0
2014-07-14,4.5,4.75,4.1,4.15,4.15,30515.0
2014-07-15,4.2,4.45,4.1,4.25,4.25,14922.0
2014-07-16,4.2,4.5,4.15,4.5,4.5,35740.0
2014-07-17,4.65,4.65,4.2,4.4,4.4,88723.0
2014-07-18,4.6,4.6,4.1,4.25,4.25,74311.0
2014-07-21,4.45,4.45,4.05,4.1,4.1,83395.0
2014-07-22,4.15,4.3,3.8,4.0,4.0,40740.0
2014-07-23,4.1,4.15,3.95,4.05,4.05,61545.0
2014-07-24,4.1,4.45,4.0,4.45,4.45,67733.0
2014-07-25,4.8,4.85,4.55,4.85,4.85,213316.0
2014-07-28,5.3,5.3,4.5,4.6,4.6,133880.0
2014-07-30,4.35,4.75,4.35,4.65,4.65,47770.0
2014-07-31,4.5,4.75,4.35,4.45,4.45,38303.0
2014-08-01,4.25,4.45,4.2,4.3,4.3,43887.0
2014-08-04,4.45,5.15,4.45,5.15,5.15,157245.0
2014-08-05,5.2,5.5,4.9,5.1,5.1,141851.0
2014-08-06,5.0,5.2,4.9,5.0,5.0,25477.0
2014-08-07,5.45,5.45,4.8,4.9,4.9,27546.0
2014-08-08,4.9,5.1,4.5,4.9,4.9,17912.0
2014-08-11,4.9,5.35,4.5,5.05,5.05,271882.0
2014-08-12,4.95,5.15,4.9,4.95,4.95,77192.0
2014-08-13,4.8,5.0,4.75,4.8,4.8,37439.0
2014-08-14,4.6,4.6,4.15,4.2,4.2,83864.0
2014-08-18,4.2,4.2,4.0,4.1,4.1,57447.0
2014-08-19,4.1,4.5,4.1,4.5,4.5,48129.0
2014-08-20,4.05,4.65,4.05,4.6,4.6,52678.0
2014-08-21,4.85,4.9,4.1,4.75,4.75,67626.0
2014-08-22,4.5,4.8,4.1,4.5,4.5,141399.0
2014-08-25,4.55,4.65,4.25,4.4,4.4,39745.0
2014-08-26,3.8,4.3,3.8,4.15,4.15,80321.0
2014-08-27,4.25,4.45,4.1,4.15,4.15,34451.0
2014-08-28,4.25,4.25,4.15,4.15,4.15,28284.0
2014-09-01,4.2,4.4,4.1,4.4,4.4,22492.0
2014-09-02,4.25,4.5,4.1,4.3,4.3,78185.0
2014-09-03,4.2,4.4,4.1,4.25,4.25,43608.0
2014-09-04,4.3,4.3,4.15,4.25,4.25,275369.0
2014-09-05,4.3,4.35,4.25,4.25,4.25,64691.0
2014-09-08,4.2,5.1,4.1,5.1,5.1,368379.0
2014-09-09,5.3,6.1,5.1,5.4,5.4,527617.0
2014-09-10,5.45,5.7,4.5,5.1,5.1,82954.0
2014-09-11,5.0,5.35,5.0,5.2,5.2,94350.0
2014-09-12,5.5,5.5,4.95,5.25,5.25,169374.0
2014-09-15,5.25,5.65,5.25,5.5,5.5,77164.0
2014-09-16,5.75,5.75,5.05,5.1,5.1,80472.0
2014-09-17,5.25,5.3,4.9,5.15,5.15,28368.0
2014-09-18,5.15,5.15,4.75,4.9,4.9,98103.0
2014-09-19,4.9,5.1,4.85,4.95,4.95,39417.0
2014-09-22,5.0,5.05,4.85,4.85,4.85,37233.0
2014-09-23,4.85,4.95,4.65,4.75,4.75,26840.0
2014-09-24,4.6,4.8,4.5,4.55,4.55,32637.0
2014-09-25,4.5,4.7,4.35,4.55,4.55,53883.0
2014-09-26,4.2,4.6,4.15,4.3,4.3,23482.0
2014-09-29,4.55,4.65,4.45,4.65,4.65,25442.0
2014-09-30,4.65,4.7,4.45,4.6,4.6,12844.0
2014-10-01,4.45,4.5,4.15,4.4,4.4,8230.0
2014-10-07,4.6,4.6,4.25,4.3,4.3,29453.0
2014-10-08,4.25,4.6,4.15,4.5,4.5,6371.0
2014-10-09,4.5,4.5,4.4,4.5,4.5,8305.0
2014-10-10,4.3,4.45,4.25,4.3,4.3,64246.0
2014-10-13,4.5,4.5,4.2,4.45,4.45,14547.0
2014-10-14,4.2,4.4,4.2,4.35,4.35,39905.0
2014-10-15,4.35,4.35,4.35,4.35,4.35,0.0
2014-10-16,4.2,4.35,4.1,4.2,4.2,178587.0
2014-10-17,4.3,4.3,4.05,4.15,4.15,83699.0
2014-10-20,4.05,4.35,4.05,4.15,4.15,19459.0
2014-10-21,4.2,4.3,4.0,4.0,4.0,26630.0
2014-10-22,4.0,4.6,4.0,4.45,4.45,88723.0
2014-10-27,4.35,4.7,4.25,4.25,4.25,78980.0
2014-10-28,4.5,4.65,4.1,4.55,4.55,79820.0
2014-10-29,4.6,4.8,4.35,4.7,4.7,79421.0
2014-10-30,4.4,4.95,4.4,4.85,4.85,47432.0
2014-10-31,5.0,5.8,4.8,5.65,5.65,482978.0
2014-11-03,5.6,5.95,5.35,5.7,5.7,380513.0
2014-11-05,5.7,5.85,5.1,5.2,5.2,140876.0
2014-11-07,5.2,5.25,4.7,5.1,5.1,132725.0
2014-11-10,5.25,5.3,4.95,5.05,5.05,106760.0
2014-11-11,5.15,5.15,4.7,4.8,4.8,59626.0
2014-11-12,4.7,5.7,4.7,5.05,5.05,210216.0
2014-11-13,4.85,5.05,4.55,4.85,4.85,90965.0
2014-11-14,5.0,5.2,4.7,5.15,5.15,73043.0
2014-11-17,4.9,5.3,4.7,5.2,5.2,164046.0
2014-11-18,5.15,5.45,5.1,5.1,5.1,144279.0
2014-11-19,5.25,5.3,4.9,5.0,5.0,166182.0
2014-11-20,5.2,5.2,4.9,5.0,5.0,39046.0
2014-11-21,5.05,5.1,4.85,4.9,4.9,88514.0
2014-11-24,5.0,5.15,4.85,4.85,4.85,66881.0
2014-11-25,4.65,5.0,4.6,4.8,4.8,51296.0
2014-11-26,4.75,4.8,4.6,4.7,4.7,19167.0
2014-11-27,4.85,4.85,4.45,4.6,4.6,43827.0
2014-11-28,4.75,4.75,4.4,4.5,4.5,30233.0
2014-12-01,4.5,5.0,4.0,4.55,4.55,153593.0
2014-12-02,4.5,4.6,4.25,4.5,4.5,65896.0
2014-12-03,4.35,4.7,4.25,4.3,4.3,82235.0
2014-12-04,4.3,4.5,4.3,4.35,4.35,59030.0
2014-12-05,4.35,4.45,4.3,4.4,4.4,27830.0
2014-12-08,4.8,4.8,4.15,4.3,4.3,58002.0
2014-12-09,4.3,4.4,4.2,4.25,4.25,45541.0
2014-12-10,4.2,4.35,4.1,4.35,4.35,19822.0
2014-12-11,4.35,4.35,4.1,4.2,4.2,40419.0
2014-12-12,4.0,4.3,4.0,4.1,4.1,43398.0
2014-12-15,4.1,4.2,4.0,4.0,4.0,47470.0
2014-12-16,3.85,4.05,3.7,3.75,3.75,54136.0
2014-12-17,3.7,3.95,3.6,3.65,3.65,60317.0
2014-12-18,3.9,4.15,3.8,3.95,3.95,19384.0
2014-12-19,3.9,4.1,3.8,3.95,3.95,21234.0
2014-12-22,3.6,4.0,3.6,3.9,3.9,24990.0
2014-12-23,3.9,4.0,3.55,3.6,3.6,56689.0
2014-12-24,3.6,3.8,3.6,3.8,3.8,27196.0
2014-12-26,3.8,3.9,3.75,3.9,3.9,8071.0
2014-12-29,3.8,3.85,3.6,3.75,3.75,43284.0
2014-12-30,3.75,3.85,3.5,3.6,3.6,16318.0
2014-12-31,3.75,3.85,3.6,3.65,3.65,38096.0
2015-01-01,3.65,3.95,3.65,3.9,3.9,24309.0
2015-01-02,4.25,4.25,3.75,3.95,3.95,57102.0
2015-01-05,3.9,4.1,3.9,4.0,4.0,22324.0
2015-01-06,4.0,4.0,3.7,3.7,3.7,40699.0
2015-01-07,3.9,3.9,3.65,3.7,3.7,31723.0
2015-01-08,3.8,3.9,3.6,3.65,3.65,62154.0
2015-01-09,3.8,4.1,3.6,3.85,3.85,106091.0
2015-01-12,3.95,4.1,3.7,3.9,3.9,93805.0
2015-01-13,3.95,3.95,3.7,3.8,3.8,24968.0
2015-01-14,3.85,3.9,3.65,3.7,3.7,28325.0
2015-01-15,3.9,3.9,3.65,3.7,3.7,48799.0
2015-01-16,3.65,3.8,3.65,3.75,3.75,32931.0
2015-01-19,3.7,3.8,3.55,3.75,3.75,28661.0
2015-01-20,3.7,3.9,3.7,3.75,3.75,24212.0
2015-01-21,3.8,3.85,3.7,3.7,3.7,56652.0
2015-01-22,3.75,3.8,3.75,3.8,3.8,6625.0
2015-01-23,3.9,3.9,3.7,3.75,3.75,69590.0
2015-01-27,3.35,3.9,3.35,3.75,3.75,11012.0
2015-01-28,3.75,3.85,3.7,3.8,3.8,6996.0
2015-01-29,3.7,3.8,3.7,3.7,3.7,14130.0
2015-01-30,3.65,3.8,3.65,3.65,3.65,23388.0
2015-02-02,3.65,3.75,3.65,3.75,3.75,16482.0
2015-02-03,3.75,3.75,3.65,3.7,3.7,9115.0
2015-02-04,3.7,3.75,3.65,3.65,3.65,15125.0
2015-02-05,3.8,3.8,3.65,3.7,3.7,6339.0
2015-02-06,3.7,3.7,3.6,3.65,3.65,6338.0
2015-02-09,3.6,3.7,3.6,3.6,3.6,63300.0
2015-02-10,3.45,3.7,3.45,3.65,3.65,24583.0
2015-02-11,3.5,3.7,3.5,3.7,3.7,143000.0
2015-02-12,3.6,3.7,3.55,3.7,3.7,14644.0
2015-02-13,3.75,3.75,3.55,3.7,3.7,30329.0
2015-02-16,3.7,4.4,3.7,4.1,4.1,209526.0
2015-02-18,4.25,4.55,4.1,4.15,4.15,53080.0
2015-02-19,4.2,4.5,3.9,4.4,4.4,36702.0
2015-02-20,4.5,4.5,4.0,4.2,4.2,31663.0
2015-02-23,4.3,4.4,3.9,4.0,4.0,33500.0
2015-02-24,4.0,4.15,4.0,4.0,4.0,44349.0
2015-02-25,4.0,4.1,3.8,4.0,4.0,11942.0
2015-02-26,4.0,4.0,3.8,3.85,3.85,22081.0
2015-02-27,3.85,3.95,3.8,3.85,3.85,12400.0
2015-02-28,,,,,,
2015-03-02,4.2,4.2,3.6,3.85,3.85,27159.0
2015-03-03,3.8,4.0,3.4,3.75,3.75,28326.0
2015-03-04,3.75,3.85,3.65,3.65,3.65,28604.0
2015-03-05,3.8,3.8,3.6,3.65,3.65,40839.0
2015-03-09,3.6,3.8,3.55,3.7,3.7,21356.0
2015-03-10,3.75,3.75,3.6,3.6,3.6,6919.0
2015-03-11,3.55,3.65,3.5,3.5,3.5,23849.0
2015-03-12,3.5,3.65,3.5,3.65,3.65,14749.0
2015-03-13,3.65,3.65,3.45,3.55,3.55,21070.0
2015-03-16,3.5,3.55,3.5,3.55,3.55,4686.0
2015-03-17,3.4,3.65,3.3,3.4,3.4,32861.0
2015-03-18,3.4,3.5,3.3,3.4,3.4,6920.0
2015-03-19,3.4,3.55,3.3,3.3,3.3,22376.0
2015-03-20,3.45,3.45,3.1,3.15,3.15,41776.0
2015-03-23,3.15,3.5,2.6,3.2,3.2,66825.0
2015-03-24,3.0,3.25,3.0,3.0,3.0,30533.0
2015-03-25,3.1,3.2,2.75,2.95,2.95,36878.0
2015-03-26,2.9,3.0,2.8,3.0,3.0,27178.0
2015-03-27,2.95,3.1,2.95,3.05,3.05,10143.0
2015-03-30,3.0,3.1,2.55,2.95,2.95,23250.0
2015-03-31,3.0,3.4,3.0,3.4,3.4,24904.0
2015-04-01,3.4,4.05,3.0,3.3,3.3,63493.0
2015-04-06,3.2,3.95,3.2,3.95,3.95,177489.0
2015-04-07,4.15,4.7,4.05,4.6,4.6,372015.0
2015-04-08,4.6,4.6,4.15,4.45,4.45,93124.0
2015-04-09,4.45,4.45,4.05,4.1,4.1,47875.0
2015-04-10,4.2,4.5,4.0,4.45,4.45,148474.0
2015-04-13,4.4,4.4,4.05,4.15,4.15,102089.0
2015-04-15,4.15,4.5,4.15,4.2,4.2,54482.0
2015-04-16,4.1,4.55,4.1,4.25,4.25,39433.0
2015-04-17,4.2,4.5,4.15,4.4,4.4,134652.0
2015-04-20,4.4,4.55,4.3,4.35,4.35,30478.0
2015-04-21,4.15,4.4,4.05,4.35,4.35,19186.0
2015-04-22,4.45,4.45,4.15,4.15,4.15,20444.0
2015-04-23,4.15,4.25,4.1,4.2,4.2,27498.0
2015-04-24,4.25,4.4,3.9,4.0,4.0,70148.0
2015-04-27,4.15,4.15,3.8,3.85,3.85,17615.0
2015-04-28,3.7,4.2,3.7,4.15,4.15,38584.0
2015-04-29,4.2,4.25,3.95,3.95,3.95,52961.0
2015-04-30,3.95,4.05,3.85,3.85,3.85,15445.0
2015-05-04,3.95,3.95,3.8,3.8,3.8,13627.0
2015-05-05,3.8,3.8,3.7,3.8,3.8,25975.0
2015-05-06,3.75,3.95,3.65,3.65,3.65,18034.0
2015-05-07,3.8,3.8,3.65,3.65,3.65,18172.0
2015-05-08,3.6,3.75,3.1,3.6,3.6,9150.0
2015-05-11,3.75,3.95,3.6,3.7,3.7,10915.0
2015-05-12,3.5,3.75,3.45,3.7,3.7,6044.0
2015-05-13,3.55,3.65,3.5,3.65,3.65,15473.0
2015-05-14,3.6,3.6,3.45,3.5,3.5,7806.0
2015-05-15,3.4,3.7,3.4,3.4,3.4,14962.0
2015-05-18,3.7,3.8,3.55,3.65,3.65,23634.0
2015-05-19,3.6,3.8,3.6,3.65,3.65,3911.0
2015-05-20,3.85,3.85,3.5,3.7,3.7,20664.0
2015-05-21,3.45,3.65,3.45,3.65,3.65,7501.0
2015-05-22,3.5,3.7,3.5,3.7,3.7,3541.0
2015-05-25,3.6,3.6,3.45,3.5,3.5,16646.0
2015-05-26,3.4,3.8,3.3,3.6,3.6,57374.0
2015-05-27,3.3,4.0,3.3,3.9,3.9,90050.0
2015-05-28,4.2,4.2,3.8,3.85,3.85,19372.0
2015-05-29,3.9,4.05,3.8,3.85,3.85,14644.0
2015-06-01,3.7,3.85,3.4,3.7,3.7,62874.0
2015-06-02,3.6,3.65,3.45,3.5,3.5,22211.0
2015-06-03,3.4,3.7,3.25,3.4,3.4,39102.0
2015-06-04,3.45,3.45,3.25,3.3,3.3,26122.0
2015-06-05,3.3,3.35,3.1,3.15,3.15,63100.0
2015-06-08,3.25,3.25,3.0,3.05,3.05,23161.0
2015-06-09,3.0,3.1,2.9,3.1,3.1,47975.0
2015-06-10,3.2,3.2,3.0,3.05,3.05,4602.0
2015-06-11,3.05,3.1,2.9,3.1,3.1,19250.0
2015-06-12,2.85,3.05,2.85,2.95,2.95,12324.0
2015-06-15,2.9,3.0,2.9,3.0,3.0,47113.0
2015-06-16,3.0,3.05,3.0,3.0,3.0,10416.0
2015-06-17,3.15,3.15,2.9,3.1,3.1,17044.0
2015-06-18,3.15,3.15,3.05,3.05,3.05,35765.0
2015-06-19,3.1,3.45,3.05,3.2,3.2,22595.0
2015-06-22,3.35,3.8,3.3,3.8,3.8,120457.0
2015-06-23,3.45,3.9,3.3,3.65,3.65,89554.0
2015-06-24,3.6,3.75,3.4,3.5,3.5,35600.0
2015-06-25,3.5,3.6,3.4,3.5,3.5,22885.0
2015-06-26,3.6,3.65,3.45,3.45,3.45,12281.0
2015-06-29,3.45,3.45,3.2,3.25,3.25,23449.0
2015-06-30,3.45,3.45,3.2,3.4,3.4,35380.0
2015-07-01,3.45,3.45,3.25,3.3,3.3,37492.0
2015-07-02,3.4,3.4,3.15,3.3,3.3,7017.0
2015-07-03,3.3,3.5,3.2,3.25,3.25,29363.0
2015-07-06,3.35,3.35,3.25,3.35,3.35,22337.0
2015-07-07,3.35,3.75,3.3,3.55,3.55,16785.0
2015-07-08,3.45,3.5,3.35,3.4,3.4,12275.0
2015-07-09,3.45,3.75,3.45,3.6,3.6,14537.0
2015-07-10,3.7,3.8,3.6,3.65,3.65,40309.0
2015-07-13,3.6,3.8,3.55,3.75,3.75,2923.0
2015-07-14,3.6,3.8,3.4,3.55,3.55,61129.0
2015-07-15,3.65,3.65,3.55,3.6,3.6,12736.0
2015-07-16,3.5,3.6,3.4,3.45,3.45,14112.0
2015-07-17,3.55,4.1,3.5,4.1,4.1,308601.0
2015-07-20,4.5,4.55,3.9,4.15,4.15,141357.0
2015-07-21,4.2,4.95,4.05,4.85,4.85,552387.0
2015-07-22,4.85,5.25,4.6,5.05,5.05,581692.0
2015-07-23,5.15,5.3,4.95,5.0,5.0,290915.0
2015-07-24,5.0,5.5,4.95,5.4,5.4,230415.0
2015-07-27,5.55,5.75,5.1,5.4,5.4,180081.0
2015-07-28,5.1,5.85,5.1,5.55,5.55,426361.0
2015-07-29,5.7,5.75,5.45,5.55,5.55,121180.0
2015-07-30,5.65,5.75,5.35,5.45,5.45,127440.0
2015-07-31,5.4,5.95,5.4,5.8,5.8,537455.0
2015-08-03,6.0,6.2,5.7,5.95,5.95,281339.0
2015-08-04,6.05,6.2,5.4,5.9,5.9,134110.0
2015-08-05,5.35,5.35,5.35,5.35,5.35,131768.0
2015-08-06,4.85,4.85,4.85,4.85,4.85,38380.0
2015-08-07,4.15,4.7,3.9,3.9,3.9,468281.0
2015-08-10,3.75,4.05,3.45,3.55,3.55,211218.0
2015-08-11,4.0,4.0,3.55,3.8,3.8,83929.0
2015-08-12,3.55,4.0,3.5,3.95,3.95,92253.0
2015-08-13,4.1,4.35,3.8,4.1,4.1,307860.0
2015-08-14,4.4,4.7,4.0,4.45,4.45,351691.0
2015-08-17,4.75,4.75,4.0,4.15,4.15,169945.0
2015-08-18,4.3,4.3,3.85,3.9,3.9,79891.0
2015-08-19,4.05,4.05,3.65,3.7,3.7,116804.0
2015-08-20,3.8,3.85,3.65,3.65,3.65,59726.0
2015-08-21,3.6,3.65,3.25,3.55,3.55,50954.0
2015-08-24,3.4,3.6,2.9,2.95,2.95,150387.0
2015-08-25,3.2,3.2,2.85,3.15,3.15,109167.0
2015-08-26,3.0,3.35,2.95,3.0,3.0,69335.0
2015-08-27,3.05,3.25,3.0,3.1,3.1,49407.0
2015-08-28,3.3,3.4,3.2,3.35,3.35,42958.0
2015-08-31,3.15,3.3,3.05,3.05,3.05,94835.0
2015-09-01,3.0,3.35,3.0,3.15,3.15,82237.0
2015-09-02,3.3,3.3,3.05,3.1,3.1,9861.0
2015-09-03,3.15,3.4,3.05,3.15,3.15,17999.0
2015-09-04,3.0,3.2,2.9,3.15,3.15,18778.0
2015-09-07,3.3,3.3,2.95,3.05,3.05,29416.0
2015-09-08,3.0,3.1,2.9,3.0,3.0,2529.0
2015-09-09,3.1,3.3,3.0,3.0,3.0,33149.0
2015-09-10,3.0,3.1,3.0,3.05,3.05,26768.0
2015-09-11,3.1,3.2,3.05,3.1,3.1,26783.0
2015-09-14,3.2,3.4,3.05,3.35,3.35,32505.0
2015-09-15,3.25,3.25,3.1,3.1,3.1,22283.0
2015-09-16,3.2,3.25,3.05,3.1,3.1,3862.0
2015-09-18,3.2,3.3,3.15,3.2,3.2,9815.0
2015-09-21,3.05,3.25,2.95,3.05,3.05,67495.0
2015-09-22,3.1,3.15,3.05,3.15,3.15,15447.0
2015-09-23,3.1,3.1,3.0,3.0,3.0,6363.0
2015-09-24,3.05,3.3,3.0,3.3,3.3,65107.0
2015-09-28,3.55,3.6,3.35,3.5,3.5,75829.0
2015-09-29,3.35,3.5,3.35,3.45,3.45,14351.0
2015-09-30,3.5,3.5,3.25,3.3,3.3,6646.0
2015-10-01,3.25,3.4,3.2,3.2,3.2,4871.0
2015-10-05,3.35,3.5,3.2,3.25,3.25,26439.0
2015-10-06,3.4,3.4,3.25,3.35,3.35,3701.0
2015-10-07,3.35,3.45,3.3,3.4,3.4,22947.0
2015-10-08,3.25,3.45,3.25,3.3,3.3,27384.0
2015-10-09,3.25,3.3,3.15,3.2,3.2,55602.0
2015-10-12,3.2,3.25,3.2,3.2,3.2,9998.0
2015-10-13,3.25,3.3,3.2,3.2,3.2,13509.0
2015-10-14,3.2,3.3,3.2,3.25,3.25,9755.0
2015-10-15,3.1,3.45,3.1,3.2,3.2,22247.0
2015-10-16,3.3,3.3,3.25,3.25,3.25,9203.0
2015-10-19,3.2,3.45,3.15,3.25,3.25,79063.0
2015-10-20,3.3,3.35,3.2,3.35,3.35,9091.0
2015-10-21,3.2,3.35,3.2,3.2,3.2,10099.0
2015-10-23,3.3,3.35,3.25,3.3,3.3,18211.0
2015-10-26,3.25,3.35,3.2,3.35,3.35,15081.0
2015-10-27,3.3,3.3,3.15,3.15,3.15,11451.0
2015-10-28,3.15,3.25,3.0,3.2,3.2,66000.0
2015-10-29,3.25,3.25,3.2,3.25,3.25,21317.0
2015-10-30,3.2,3.25,3.0,3.05,3.05,69857.0
2015-11-02,3.05,3.15,3.0,3.05,3.05,12025.0
2015-11-03,3.05,3.1,3.0,3.0,3.0,45287.0
2015-11-04,3.1,3.1,2.8,3.0,3.0,28469.0
2015-11-05,3.0,3.15,3.0,3.05,3.05,7450.0
2015-11-06,3.05,3.15,2.9,3.0,3.0,68131.0
2015-11-09,3.05,3.1,2.85,3.1,3.1,8165.0
2015-11-10,3.05,3.1,2.9,2.9,2.9,37038.0
2015-11-13,2.9,3.1,2.85,2.9,2.9,84003.0
2015-11-16,3.0,3.0,2.8,2.8,2.8,55689.0
2015-11-17,2.95,2.95,2.85,2.9,2.9,19117.0
2015-11-18,3.0,3.0,2.85,2.85,2.85,45776.0
2015-11-19,2.7,2.95,2.7,2.8,2.8,23463.0
2015-11-20,2.65,2.95,2.65,2.8,2.8,42123.0
2015-11-23,2.75,2.95,2.75,2.85,2.85,17714.0
2015-11-24,2.95,3.1,2.85,3.05,3.05,75466.0
2015-11-26,3.0,3.5,3.0,3.15,3.15,268156.0
2015-11-27,3.05,3.3,2.95,3.0,3.0,136586.0
2015-11-30,3.2,3.2,2.75,2.95,2.95,986287.0
2015-12-01,3.0,3.05,2.9,3.0,3.0,51407.0
2015-12-02,3.05,3.1,2.9,3.0,3.0,67640.0
2015-12-03,2.9,3.0,2.9,2.95,2.95,91193.0
2015-12-04,3.0,3.0,2.95,3.0,3.0,33403.0
2015-12-07,3.1,3.1,2.95,3.0,3.0,39480.0
2015-12-08,3.05,3.3,3.0,3.2,3.2,195663.0
2015-12-09,3.3,3.3,3.05,3.1,3.1,66770.0
2015-12-10,3.2,3.2,3.0,3.15,3.15,49983.0
2015-12-11,3.1,3.25,3.05,3.1,3.1,35191.0
2015-12-14,3.1,3.1,2.65,2.7,2.7,1712498.0
2015-12-15,2.75,3.15,2.75,3.1,3.1,277720.0
2015-12-16,3.15,3.25,2.7,2.75,2.75,517546.0
2015-12-17,2.9,2.95,2.7,2.75,2.75,292573.0
2015-12-18,2.9,2.9,2.7,2.85,2.85,59502.0
2015-12-21,2.9,3.4,2.9,3.35,3.35,1021025.0
2015-12-22,3.6,3.75,3.35,3.35,3.35,793419.0
2015-12-23,3.5,4.0,3.4,4.0,4.0,681181.0
2015-12-24,4.3,4.3,4.05,4.05,4.05,442292.0
2015-12-28,4.05,4.35,3.7,4.05,4.05,332821.0
2015-12-29,4.1,4.1,3.65,3.65,3.65,499558.0
2015-12-30,3.45,3.75,3.3,3.4,3.4,506733.0
2015-12-31,3.35,3.55,3.25,3.4,3.4,273455.0
2016-01-01,3.6,3.7,3.35,3.7,3.7,657954.0
2016-01-04,4.05,4.05,3.95,4.05,4.05,540000.0
2016-01-05,4.45,4.45,4.25,4.45,4.45,880075.0
2016-01-06,4.85,4.85,4.05,4.15,4.15,1522232.0
2016-01-07,4.0,4.15,3.75,3.95,3.95,823534.0
2016-01-08,3.95,4.15,3.6,3.75,3.75,704825.0
2016-01-11,3.7,3.75,3.4,3.65,3.65,949840.0
2016-01-12,3.7,3.75,3.35,3.45,3.45,685118.0
2016-01-13,3.5,3.5,3.3,3.3,3.3,440908.0
2016-01-14,3.15,3.25,3.15,3.15,3.15,204098.0
2016-01-15,3.05,3.2,3.0,3.0,3.0,544042.0
2016-01-18,2.95,2.95,2.85,2.85,2.85,455098.0
2016-01-19,2.9,2.95,2.8,2.95,2.95,188204.0
2016-01-20,3.05,3.05,2.9,2.95,2.95,356585.0
2016-01-21,3.05,3.05,2.85,2.95,2.95,265436.0
2016-01-22,2.95,3.05,2.9,3.0,3.0,213471.0
2016-01-25,3.1,3.1,2.95,3.05,3.05,180480.0
2016-01-27,3.0,3.1,2.95,3.05,3.05,56451.0
2016-01-28,3.05,3.1,2.95,3.05,3.05,85500.0
2016-01-29,3.1,3.15,3.0,3.05,3.05,145636.0
2016-02-01,3.05,3.15,3.05,3.05,3.05,62012.0
2016-02-02,3.05,3.15,3.05,3.05,3.05,64332.0
2016-02-03,3.0,3.05,2.95,2.95,2.95,103916.0
2016-02-04,2.95,3.05,2.9,2.95,2.95,112845.0
2016-02-05,3.0,3.05,2.95,3.0,3.0,69311.0
2016-02-08,2.95,3.1,2.95,3.0,3.0,79851.0
2016-02-09,3.0,3.05,2.9,2.95,2.95,102938.0
2016-02-10,2.95,3.05,2.9,3.05,3.05,106151.0
2016-02-11,2.95,3.1,2.9,2.95,2.95,230292.0
2016-02-12,2.95,2.95,2.75,2.95,2.95,165009.0
2016-02-15,2.8,2.95,2.8,2.85,2.85,145365.0
2016-02-16,2.85,2.85,2.75,2.8,2.8,47283.0
2016-02-17,2.8,2.8,2.7,2.75,2.75,61454.0
2016-02-18,2.9,2.9,2.7,2.75,2.75,79703.0
2016-02-19,2.8,2.85,2.7,2.85,2.85,109245.0
2016-02-22,2.95,3.1,2.95,3.1,3.1,107420.0
2016-02-23,3.2,3.35,3.1,3.15,3.15,248689.0
2016-02-24,3.05,3.25,3.0,3.05,3.05,144835.0
2016-02-25,3.1,3.1,2.95,3.05,3.05,64702.0
2016-02-26,3.0,3.05,2.95,2.95,2.95,79078.0
2016-02-29,3.1,3.1,2.9,2.9,2.9,54549.0
2016-03-01,2.9,3.15,2.9,3.1,3.1,124359.0
2016-03-02,3.0,3.2,3.0,3.05,3.05,98743.0
2016-03-03,3.05,3.2,3.0,3.1,3.1,62418.0
2016-03-04,3.25,3.7,3.05,3.7,3.7,609205.0
2016-03-08,3.85,4.3,3.65,3.8,3.8,944670.0
2016-03-09,3.75,4.0,3.3,3.8,3.8,490059.0
2016-03-10,3.9,3.9,3.55,3.65,3.65,225060.0
2016-03-11,3.7,3.8,3.6,3.7,3.7,202363.0
2016-03-14,3.65,3.8,3.65,3.65,3.65,142120.0
2016-03-15,3.5,3.95,3.5,3.8,3.8,196398.0
2016-03-16,3.95,3.95,3.65,3.75,3.75,185424.0
2016-03-17,3.95,4.2,3.75,3.95,3.95,1014537.0
2016-03-18,4.0,4.7,3.75,4.6,4.6,1677508.0
2016-03-21,4.75,4.75,4.1,4.35,4.35,945290.0
2016-03-22,4.4,4.9,4.25,4.65,4.65,653509.0
2016-03-23,4.8,4.8,4.45,4.5,4.5,294716.0
2016-03-28,4.8,4.8,4.15,4.35,4.35,394846.0
2016-03-29,4.25,4.45,4.15,4.3,4.3,164653.0
2016-03-30,4.3,4.45,4.2,4.4,4.4,83558.0
2016-03-31,4.0,4.7,4.0,4.2,4.2,136865.0
2016-04-01,4.05,4.4,4.0,4.05,4.05,266587.0
2016-04-04,4.4,4.85,4.1,4.7,4.7,810308.0
2016-04-05,5.0,5.6,4.8,5.55,5.55,4029151.0
2016-04-06,5.95,6.15,5.45,5.7,5.7,6766025.0
2016-04-07,5.95,5.95,4.6,4.6,4.6,4905964.0
2016-04-08,4.25,5.4,4.25,5.2,5.2,3532764.0
2016-04-11,5.3,5.45,4.55,4.6,4.6,5804063.0
2016-04-12,4.85,4.85,3.9,4.15,4.15,5246328.0
2016-04-13,4.2,4.65,4.05,4.3,4.3,2025335.0
2016-04-18,4.3,4.45,3.65,3.7,3.7,7277467.0
2016-04-20,3.75,4.4,3.65,4.4,4.4,10148882.0
2016-04-21,4.7,4.7,4.25,4.4,4.4,2754252.0
2016-04-22,4.3,4.5,3.9,4.0,4.0,4066505.0
2016-04-25,4.1,4.2,3.75,3.8,3.8,3887790.0
2016-04-26,3.85,4.0,3.45,3.6,3.6,8267872.0
2016-04-27,3.65,3.9,3.65,3.85,3.85,1773646.0
2016-04-28,3.9,4.0,3.75,3.85,3.85,1158610.0
2016-04-29,3.8,4.0,3.65,3.75,3.75,4120978.0
2016-05-02,3.8,3.85,3.4,3.45,3.45,5248755.0
2016-05-03,3.5,3.55,3.15,3.15,3.15,6110283.0
2016-05-04,3.15,3.4,3.1,3.2,3.2,2516303.0
2016-05-05,3.15,3.25,3.1,3.15,3.15,695944.0
2016-05-06,3.25,3.35,3.0,3.3,3.3,713265.0
2016-05-09,3.3,3.4,3.3,3.35,3.35,497452.0
2016-05-10,3.35,3.4,3.25,3.3,3.3,505649.0
2016-05-11,3.3,3.3,3.15,3.2,3.2,486015.0
2016-05-12,3.2,3.35,3.2,3.35,3.35,483769.0
2016-05-13,3.3,3.35,3.2,3.2,3.2,510048.0
2016-05-16,3.3,3.3,3.2,3.25,3.25,489254.0
2016-05-17,3.3,3.35,3.25,3.3,3.3,279265.0
2016-05-18,3.25,3.35,3.15,3.2,3.2,449308.0
2016-05-19,3.25,3.35,3.15,3.25,3.25,433218.0
2016-05-20,3.3,3.3,3.15,3.2,3.2,381256.0
2016-05-23,3.2,3.3,3.2,3.25,3.25,133340.0
2016-05-24,3.25,3.3,3.2,3.2,3.2,180505.0
2016-05-25,3.3,3.3,3.15,3.25,3.25,225263.0
2016-05-26,3.3,3.3,3.2,3.2,3.2,182106.0
2016-05-27,3.2,3.3,3.2,3.2,3.2,291244.0
2016-05-30,3.2,3.3,3.0,3.1,3.1,713517.0
2016-05-31,3.05,3.15,2.9,3.05,3.05,437475.0
2016-06-01,3.05,3.05,2.95,2.95,2.95,185219.0
2016-06-02,3.0,3.0,2.85,2.95,2.95,425570.0
2016-06-03,2.95,3.0,2.9,2.95,2.95,260073.0
2016-06-06,3.0,3.1,2.95,3.05,3.05,364665.0
2016-06-07,3.1,3.1,2.95,3.0,3.0,446337.0
2016-06-08,3.0,3.1,3.0,3.05,3.05,145881.0
2016-06-09,3.05,3.1,3.0,3.0,3.0,150730.0
2016-06-10,3.0,3.05,2.95,3.0,3.0,364523.0
2016-06-13,3.0,3.4,2.95,3.2,3.2,573799.0
2016-06-14,3.3,3.8,3.3,3.8,3.8,1291366.0
2016-06-15,4.2,4.55,4.1,4.55,4.55,4053331.0
2016-06-16,4.9,4.95,4.1,4.3,4.3,3261873.0
2016-06-17,4.3,4.55,4.05,4.15,4.15,1293473.0
2016-06-20,4.15,4.15,3.75,3.8,3.8,1141966.0
2016-06-21,3.85,4.1,3.75,3.95,3.95,684058.0
2016-06-22,4.15,4.3,4.1,4.3,4.3,1367246.0
2016-06-23,4.4,4.45,4.05,4.15,4.15,469786.0
2016-06-24,3.95,4.2,3.8,4.15,4.15,1181094.0
2016-06-27,4.2,4.55,4.05,4.35,4.35,1343996.0
2016-06-28,4.45,4.45,4.25,4.4,4.4,536759.0
2016-06-29,4.5,4.5,4.2,4.3,4.3,658243.0
2016-06-30,4.25,4.3,3.9,4.0,4.0,1568628.0
2016-07-01,4.0,4.25,4.0,4.1,4.1,417223.0
2016-07-04,4.2,4.25,4.1,4.1,4.1,506280.0
2016-07-05,4.2,4.2,3.95,4.0,4.0,504210.0
2016-07-07,3.95,4.05,3.9,3.95,3.95,531671.0
2016-07-08,4.0,4.05,3.85,3.95,3.95,239192.0
2016-07-11,4.0,4.1,3.95,4.0,4.0,318381.0
2016-07-12,4.05,4.1,3.9,3.95,3.95,418685.0
2016-07-13,3.95,4.1,3.85,3.85,3.85,447972.0
2016-07-14,3.95,4.25,3.9,4.15,4.15,723033.0
2016-07-15,4.2,4.2,4.0,4.05,4.05,431430.0
2016-07-18,4.1,4.3,3.35,4.1,4.1,1047487.0
2016-07-19,4.15,4.15,4.0,4.05,4.05,284597.0
2016-07-20,4.1,4.15,4.0,4.1,4.1,266940.0
2016-07-21,4.1,4.15,4.0,4.1,4.1,241367.0
2016-07-22,4.15,4.2,4.05,4.1,4.1,381043.0
2016-07-25,4.05,4.25,4.05,4.1,4.1,679905.0
2016-07-26,4.1,4.15,4.05,4.1,4.1,302642.0
2016-07-27,4.1,4.15,3.9,3.95,3.95,355563.0
2016-07-28,4.05,4.15,3.95,4.1,4.1,401532.0
2016-07-29,4.1,4.1,3.9,3.95,3.95,359156.0
2016-08-01,4.0,4.0,3.7,3.8,3.8,481049.0
2016-08-02,3.8,3.85,3.6,3.65,3.65,456776.0
2016-08-03,3.8,3.8,3.6,3.7,3.7,192403.0
2016-08-04,3.8,3.8,3.6,3.65,3.65,280435.0
2016-08-05,3.65,4.1,3.6,3.95,3.95,916250.0
2016-08-08,4.0,4.05,3.85,4.0,4.0,396617.0
2016-08-09,4.0,4.15,3.85,3.95,3.95,289368.0
2016-08-10,4.5,4.5,4.0,4.05,4.05,817759.0
2016-08-11,4.15,4.15,3.95,4.0,4.0,289240.0
2016-08-12,4.1,4.1,3.85,4.0,4.0,333967.0
2016-08-16,3.9,4.0,3.85,3.85,3.85,170821.0
2016-08-17,3.85,3.95,3.8,3.8,3.8,181463.0
2016-08-18,3.8,3.95,3.8,3.9,3.9,129021.0
2016-08-19,3.8,3.9,3.7,3.75,3.75,224683.0
2016-08-22,3.8,3.9,3.6,3.75,3.75,1192734.0
2016-08-23,3.8,3.8,3.7,3.75,3.75,135246.0
2016-08-24,3.8,3.85,3.7,3.8,3.8,1989904.0
2016-08-25,3.85,3.85,3.4,3.75,3.75,400701.0
2016-08-26,3.75,3.75,3.45,3.5,3.5,673244.0
2016-08-29,3.55,3.75,3.4,3.45,3.45,790256.0
2016-08-30,3.45,3.6,3.45,3.55,3.55,287220.0
2016-08-31,4.15,4.15,3.8,3.85,3.85,1500728.0
2016-09-01,3.8,3.9,3.6,3.65,3.65,407490.0
2016-09-02,3.75,3.75,3.35,3.5,3.5,1822500.0
2016-09-06,3.6,3.65,3.5,3.6,3.6,363910.0
2016-09-07,3.75,3.75,3.4,3.45,3.45,575238.0
2016-09-08,3.5,3.5,3.35,3.4,3.4,612132.0
2016-09-09,3.45,3.45,3.25,3.3,3.3,556217.0
2016-09-12,3.3,3.35,3.2,3.3,3.3,348370.0
2016-09-14,3.35,3.4,3.25,3.35,3.35,348296.0
2016-09-15,3.4,3.5,3.35,3.35,3.35,289926.0
2016-09-16,3.35,3.4,3.35,3.4,3.4,150915.0
2016-09-19,3.4,3.45,3.35,3.4,3.4,187240.0
2016-09-20,3.4,3.45,3.3,3.35,3.35,315356.0
2016-09-21,3.35,3.65,3.35,3.4,3.4,925137.0
2016-09-22,3.65,3.65,3.4,3.5,3.5,807728.0
2016-09-23,3.55,3.55,3.4,3.45,3.45,497795.0
2016-09-26,3.45,3.5,3.35,3.4,3.4,532410.0
2016-09-27,3.45,3.45,3.35,3.35,3.35,237484.0
2016-09-28,3.35,3.45,3.3,3.4,3.4,368502.0
2016-09-29,3.4,3.5,3.05,3.1,3.1,1005918.0
2016-09-30,3.05,3.3,3.05,3.2,3.2,611271.0
2016-10-03,3.2,3.4,3.15,3.4,3.4,658719.0
2016-10-04,3.4,3.45,3.3,3.4,3.4,243517.0
2016-10-05,3.4,3.5,3.35,3.4,3.4,318735.0
2016-10-06,3.4,3.45,3.3,3.35,3.35,1080523.0
2016-10-07,3.35,3.35,3.25,3.35,3.35,2422598.0
2016-10-10,3.4,3.45,3.3,3.3,3.3,725942.0
2016-10-13,3.4,3.45,3.25,3.3,3.3,323618.0
2016-10-14,3.35,3.4,3.25,3.35,3.35,282994.0
2016-10-17,3.45,3.45,3.25,3.35,3.35,694155.0
2016-10-18,3.4,3.4,3.25,3.3,3.3,850656.0
2016-10-19,3.35,3.35,3.25,3.3,3.3,271902.0
2016-10-20,3.35,3.55,3.25,3.4,3.4,1554297.0
2016-10-21,3.4,3.45,3.3,3.35,3.35,596164.0
2016-10-24,3.4,3.45,3.35,3.35,3.35,515167.0
2016-10-25,3.4,3.4,3.25,3.35,3.35,482662.0
2016-10-26,3.35,3.35,3.3,3.35,3.35,337161.0
2016-10-27,3.35,3.35,3.25,3.25,3.25,312274.0
2016-10-28,3.3,3.3,3.2,3.25,3.25,426335.0
2016-11-01,3.3,3.35,3.3,3.3,3.3,274806.0
2016-11-02,3.25,3.35,3.2,3.35,3.35,317059.0
2016-11-03,3.35,3.35,3.25,3.25,3.25,379086.0
2016-11-04,3.25,3.3,3.05,3.1,3.1,365332.0
2016-11-07,3.2,3.2,3.0,3.05,3.05,648665.0
2016-11-08,3.1,3.15,3.0,3.05,3.05,227704.0
2016-11-09,2.9,3.15,2.5,3.1,3.1,676450.0
2016-11-10,3.2,3.25,3.1,3.15,3.15,257595.0
2016-11-11,3.15,3.2,3.05,3.15,3.15,243827.0
2016-11-15,3.2,3.2,2.9,3.0,3.0,300795.0
2016-11-16,3.15,3.15,2.9,2.9,2.9,255091.0
2016-11-17,3.05,3.05,2.75,2.95,2.95,251057.0
2016-11-18,2.95,3.0,2.9,2.95,2.95,181603.0
2016-11-21,2.95,2.95,2.85,2.85,2.85,228762.0
2016-11-22,2.95,2.95,2.7,2.75,2.75,280136.0
2016-11-23,2.8,2.95,2.65,2.95,2.95,223798.0
2016-11-24,2.9,2.95,2.8,2.85,2.85,143107.0
2016-11-25,2.9,3.0,2.85,2.95,2.95,139677.0
2016-11-28,3.0,3.0,2.9,3.0,3.0,71040.0
2016-11-29,3.05,3.05,2.8,2.95,2.95,266465.0
2016-11-30,3.0,3.0,2.9,3.0,3.0,75024.0
2016-12-01,3.0,3.0,2.9,2.95,2.95,91765.0
2016-12-02,2.9,3.0,2.85,2.9,2.9,95736.0
2016-12-05,3.0,3.0,2.9,2.9,2.9,45994.0
2016-12-06,2.95,3.0,2.9,2.9,2.9,123117.0
2016-12-07,2.95,2.95,2.85,2.85,2.85,111968.0
2016-12-08,2.95,2.95,2.85,2.9,2.9,171230.0
2016-12-09,2.85,2.95,2.85,2.9,2.9,57230.0
2016-12-12,2.9,2.95,2.85,2.9,2.9,77638.0
2016-12-13,2.95,3.0,2.85,2.85,2.85,707516.0
2016-12-14,2.9,2.95,2.85,2.9,2.9,124820.0
2016-12-15,2.85,2.9,2.85,2.85,2.85,104298.0
2016-12-16,2.9,2.9,2.85,2.85,2.85,36111.0
2016-12-19,2.85,2.9,2.85,2.9,2.9,89307.0
2016-12-20,2.9,2.9,2.8,2.9,2.9,80390.0
2016-12-21,2.85,2.9,2.75,2.85,2.85,173136.0
2016-12-22,2.8,2.85,2.8,2.8,2.8,68245.0
2016-12-23,2.8,2.85,2.75,2.75,2.75,132197.0
2016-12-26,2.85,2.85,2.7,2.75,2.75,119498.0
2016-12-27,2.8,2.85,2.75,2.8,2.8,42704.0
2016-12-28,2.8,2.8,2.7,2.75,2.75,129756.0
2016-12-29,2.7,2.8,2.7,2.75,2.75,54248.0
2016-12-30,2.75,2.85,2.7,2.8,2.8,221841.0
2017-01-02,2.8,2.9,2.75,2.8,2.8,128420.0
2017-01-03,2.8,2.9,2.8,2.85,2.85,44691.0
2017-01-04,2.9,3.1,2.85,2.9,2.9,530587.0
2017-01-05,2.9,2.95,2.85,2.9,2.9,140241.0
2017-01-06,2.9,2.95,2.85,2.85,2.85,94206.0
2017-01-09,2.85,2.95,2.8,2.9,2.9,94223.0
2017-01-10,2.9,2.95,2.85,2.85,2.85,87061.0
2017-01-11,2.85,2.95,2.85,2.9,2.9,102603.0
2017-01-12,2.9,2.9,2.85,2.9,2.9,106820.0
2017-01-13,2.8,2.9,2.8,2.85,2.85,105198.0
2017-01-16,2.85,2.95,2.85,2.85,2.85,88080.0
2017-01-17,2.9,2.9,2.8,2.85,2.85,126017.0
2017-01-18,2.85,2.85,2.8,2.85,2.85,83559.0
2017-01-19,2.9,2.9,2.8,2.85,2.85,87768.0
2017-01-20,2.9,2.9,2.8,2.85,2.85,92506.0
2017-01-23,2.85,2.9,2.75,2.8,2.8,88446.0
2017-01-24,2.85,2.85,2.75,2.8,2.8,166573.0
2017-01-25,2.75,2.8,2.75,2.75,2.75,169098.0
2017-01-27,2.75,2.8,2.65,2.8,2.8,213946.0
2017-01-30,2.75,2.85,2.7,2.75,2.75,163916.0
2017-01-31,2.8,2.8,2.7,2.75,2.75,196608.0
2017-02-01,2.7,2.8,2.7,2.8,2.8,197274.0
2017-02-02,2.8,2.8,2.7,2.75,2.75,32466.0
2017-02-03,2.75,2.8,2.7,2.7,2.7,168915.0
2017-02-06,2.7,2.8,2.65,2.75,2.75,604839.0
2017-02-07,2.8,3.3,2.8,3.3,3.3,2972908.0
2017-02-08,3.4,3.6,3.1,3.15,3.15,2099342.0
2017-02-09,3.3,3.3,2.95,3.15,3.15,679060.0
2017-02-10,3.05,3.05,2.8,2.85,2.85,1006762.0
2017-02-13,2.9,3.2,2.85,3.15,3.15,1136751.0
2017-02-14,3.15,3.2,2.95,3.0,3.0,486541.0
2017-02-15,3.0,3.0,2.85,2.85,2.85,281633.0
2017-02-16,2.9,2.95,2.85,2.9,2.9,182940.0
2017-02-17,2.95,2.95,2.85,2.95,2.95,182875.0
2017-02-20,3.0,3.05,2.95,3.0,3.0,406767.0
2017-02-21,3.05,3.1,2.95,3.05,3.05,471636.0
2017-02-22,3.0,3.15,3.0,3.05,3.05,367273.0
2017-02-23,3.05,3.3,3.05,3.2,3.2,371921.0
2017-02-27,3.2,3.2,3.0,3.15,3.15,217334.0
2017-02-28,3.25,3.25,3.1,3.15,3.15,155325.0
2017-03-01,3.25,3.25,3.1,3.15,3.15,175349.0
2017-03-02,3.15,3.2,3.0,3.05,3.05,197976.0
2017-03-03,3.0,3.1,3.0,3.0,3.0,66208.0
2017-03-06,3.05,3.05,3.0,3.05,3.05,139576.0
2017-03-07,3.1,3.1,3.0,3.0,3.0,103236.0
2017-03-08,3.0,3.05,2.95,2.95,2.95,92832.0
2017-03-09,2.95,3.0,2.9,2.95,2.95,98149.0
2017-03-10,2.95,3.0,2.95,2.95,2.95,191866.0
2017-03-14,3.0,3.05,2.85,3.0,3.0,207987.0
2017-03-15,3.0,3.0,2.85,2.9,2.9,444244.0
2017-03-16,2.95,3.0,2.85,2.95,2.95,139073.0
2017-03-17,2.95,2.95,2.85,2.95,2.95,204873.0
2017-03-20,3.0,3.0,2.85,2.9,2.9,84810.0
2017-03-21,2.9,2.95,2.85,2.85,2.85,134869.0
2017-03-22,2.85,2.9,2.8,2.8,2.8,176266.0
2017-03-23,2.85,2.9,2.8,2.8,2.8,103438.0
2017-03-24,2.8,2.9,2.8,2.8,2.8,190315.0
2017-03-27,2.8,2.85,2.75,2.8,2.8,146855.0
2017-03-28,2.85,2.85,2.75,2.8,2.8,82325.0
2017-03-29,2.75,2.85,2.7,2.7,2.7,331416.0
2017-03-30,2.7,2.85,2.5,2.8,2.8,544688.0
2017-03-31,2.8,2.8,2.75,2.8,2.8,101350.0
2017-04-03,2.8,2.8,2.7,2.8,2.8,176107.0
2017-04-05,2.8,3.05,2.75,2.9,2.9,505097.0
2017-04-06,2.9,2.95,2.8,2.85,2.85,132353.0
2017-04-07,2.85,2.9,2.8,2.85,2.85,156889.0
2017-04-10,2.85,2.9,2.8,2.8,2.8,167581.0
2017-04-11,2.9,3.05,2.8,2.85,2.85,338832.0
2017-04-12,2.9,3.25,2.85,3.15,3.15,1179230.0
2017-04-13,3.1,3.2,3.0,3.05,3.05,216433.0
2017-04-17,2.95,3.0,2.85,2.95,2.95,155542.0
2017-04-18,2.95,3.0,2.9,2.9,2.9,127526.0
2017-04-19,2.9,3.2,2.9,3.1,3.1,389594.0
2017-04-20,3.2,3.25,3.0,3.1,3.1,313220.0
2017-04-21,3.0,3.1,3.0,3.0,3.0,199940.0
2017-04-24,3.05,3.1,2.95,3.05,3.05,197304.0
2017-04-25,3.0,3.25,3.0,3.05,3.05,396031.0
2017-04-26,3.05,3.05,2.9,2.9,2.9,267695.0
2017-04-27,2.9,3.15,2.9,2.95,2.95,588649.0
2017-04-28,3.0,3.0,2.9,2.95,2.95,120655.0
2017-05-02,2.95,3.05,2.9,3.0,3.0,117130.0
2017-05-03,3.05,3.05,2.95,2.95,2.95,86000.0
2017-05-04,3.0,3.0,2.85,2.95,2.95,243796.0
2017-05-05,2.9,2.95,2.85,2.9,2.9,178336.0
2017-05-08,2.95,3.0,2.9,2.9,2.9,171079.0
2017-05-09,2.95,3.0,2.9,2.9,2.9,103124.0
2017-05-10,2.9,2.95,2.85,2.85,2.85,219915.0
2017-05-11,2.9,2.95,2.85,2.9,2.9,159158.0
2017-05-12,2.9,2.95,2.85,2.9,2.9,74814.0
2017-05-15,2.9,2.95,2.8,2.85,2.85,138575.0
2017-05-16,2.9,2.9,2.85,2.9,2.9,89868.0
2017-05-17,2.85,2.9,2.85,2.9,2.9,23897.0
2017-05-18,2.85,2.85,2.7,2.7,2.7,632376.0
2017-05-19,2.7,2.8,2.6,2.6,2.6,502474.0
2017-05-22,2.65,2.7,2.55,2.65,2.65,321271.0
2017-05-23,2.7,2.7,2.5,2.55,2.55,471028.0
2017-05-24,2.6,2.6,2.45,2.5,2.5,499673.0
2017-05-25,2.55,2.55,2.45,2.5,2.5,158998.0
2017-05-26,2.55,2.55,2.45,2.5,2.5,222750.0
2017-05-29,2.45,2.5,2.25,2.35,2.35,452248.0
2017-05-30,2.35,2.35,2.15,2.2,2.2,433362.0
2017-05-31,2.25,2.3,2.2,2.2,2.2,220142.0
2017-06-01,2.2,2.25,2.15,2.2,2.2,109150.0
2017-06-02,2.2,2.5,2.15,2.4,2.4,413527.0
2017-06-05,2.4,2.55,2.35,2.5,2.5,296909.0
2017-06-06,2.45,2.5,2.3,2.35,2.35,136515.0
2017-06-07,2.4,2.4,2.25,2.3,2.3,142379.0
2017-06-08,2.35,2.35,2.25,2.25,2.25,98634.0
2017-06-09,2.3,2.7,2.25,2.65,2.65,868011.0
2017-06-12,2.5,2.55,2.3,2.45,2.45,491693.0
2017-06-13,2.45,2.45,2.25,2.3,2.3,535965.0
2017-06-14,2.3,2.3,2.2,2.25,2.25,332012.0
2017-06-15,2.25,2.3,2.25,2.25,2.25,97821.0
2017-06-16,2.25,2.3,2.2,2.25,2.25,161868.0
2017-06-19,2.25,2.25,2.15,2.15,2.15,180471.0
2017-06-20,2.15,2.2,2.1,2.1,2.1,407397.0
2017-06-21,2.15,2.2,2.05,2.15,2.15,284057.0
2017-06-22,2.15,2.3,2.1,2.15,2.15,698916.0
2017-06-23,2.15,2.2,2.1,2.15,2.15,185782.0
2017-06-27,2.2,2.2,1.95,2.0,2.0,499945.0
2017-06-28,2.0,2.1,1.9,1.95,1.95,295474.0
2017-06-29,2.0,2.05,1.95,1.95,1.95,168423.0
2017-06-30,1.95,2.0,1.95,2.0,2.0,193552.0
2017-07-03,2.0,2.05,1.95,2.0,2.0,194423.0
2017-07-04,2.0,2.0,1.95,2.0,2.0,187001.0
2017-07-05,2.0,2.05,1.95,2.0,2.0,114035.0
2017-07-06,2.0,2.1,1.95,2.0,2.0,231668.0
2017-07-07,2.0,2.0,1.9,1.95,1.95,173989.0
2017-07-10,1.95,2.05,1.95,1.95,1.95,316164.0
2017-07-11,2.0,2.0,1.9,1.95,1.95,235533.0
2017-07-12,1.9,2.0,1.9,1.95,1.95,210658.0
2017-07-13,2.0,2.3,1.95,2.3,2.3,1183590.0
2017-07-14,2.45,2.75,2.4,2.75,2.75,2920208.0
2017-07-17,2.85,3.0,2.55,2.65,2.65,1614211.0
2017-07-18,2.65,2.75,2.55,2.7,2.7,818820.0
2017-07-19,2.65,2.75,2.6,2.7,2.7,449053.0
2017-07-20,2.65,2.75,2.6,2.6,2.6,136206.0
2017-07-21,2.6,2.6,2.5,2.5,2.5,96173.0
2017-07-24,2.4,2.6,2.4,2.4,2.4,125857.0
2017-07-25,2.4,2.4,2.3,2.3,2.3,187356.0
2017-07-26,2.3,2.4,2.2,2.35,2.35,92440.0
2017-07-27,2.4,2.45,2.35,2.45,2.45,145507.0
2017-07-28,2.45,2.55,2.45,2.55,2.55,56168.0
2017-07-31,2.5,2.6,2.45,2.5,2.5,90800.0
2017-08-01,2.55,2.55,2.45,2.45,2.45,79460.0
2017-08-02,2.4,2.5,2.35,2.35,2.35,208969.0
2017-08-03,2.35,2.35,2.25,2.3,2.3,66433.0
2017-08-04,2.35,2.4,2.2,2.35,2.35,162123.0
2017-08-07,2.35,2.4,2.25,2.25,2.25,166235.0
2017-08-08,2.3,2.3,2.15,2.15,2.15,243935.0
2017-08-09,2.2,2.2,2.05,2.05,2.05,197167.0
2017-08-10,1.95,2.1,1.95,2.0,2.0,73386.0
2017-08-11,1.95,2.0,1.9,2.0,2.0,88115.0
2017-08-14,2.0,2.1,2.0,2.05,2.05,62336.0
2017-08-16,2.15,2.15,1.95,2.0,2.0,44113.0
2017-08-17,2.05,2.05,1.95,2.0,2.0,77862.0
2017-08-18,2.05,2.05,1.95,1.95,1.95,55136.0
2017-08-21,2.0,2.0,1.95,1.95,1.95,113410.0
2017-08-22,1.95,2.0,1.9,1.95,1.95,92391.0
2017-08-23,1.9,2.0,1.9,1.95,1.95,43938.0
2017-08-24,2.0,2.0,1.9,1.9,1.9,178226.0
2017-08-28,1.9,1.95,1.9,1.95,1.95,249446.0
2017-08-29,2.0,2.0,1.9,2.0,2.0,171466.0
2017-08-30,2.05,2.1,2.05,2.1,2.1,186459.0
2017-08-31,2.2,2.2,2.1,2.2,2.2,204757.0
2017-09-01,2.25,2.3,2.25,2.3,2.3,70265.0
2017-09-04,2.35,2.4,2.35,2.4,2.4,75089.0
2017-09-05,2.5,2.5,2.4,2.5,2.5,79340.0
2017-09-06,2.6,2.6,2.4,2.4,2.4,369745.0
2017-09-07,2.3,2.45,2.3,2.3,2.3,72451.0
2017-09-08,2.2,2.4,2.2,2.4,2.4,346498.0
2017-09-11,2.5,2.5,2.3,2.3,2.3,676838.0
2017-09-12,2.25,2.25,2.2,2.2,2.2,141995.0
2017-09-13,2.2,2.2,2.1,2.1,2.1,123551.0
2017-09-14,2.15,2.2,2.05,2.15,2.15,173850.0
2017-09-15,2.2,2.25,2.15,2.25,2.25,188522.0
2017-09-18,2.35,2.35,2.15,2.2,2.2,85828.0
2017-09-19,2.2,2.25,2.15,2.25,2.25,83847.0
2017-09-20,2.3,2.3,2.2,2.25,2.25,95878.0
2017-09-21,2.3,2.3,2.2,2.2,2.2,49413.0
2017-09-22,2.25,2.25,2.1,2.1,2.1,80942.0
2017-09-25,2.1,2.15,2.0,2.1,2.1,62576.0
2017-09-26,2.1,2.15,2.05,2.1,2.1,79359.0
2017-09-27,2.1,2.15,2.05,2.15,2.15,37991.0
2017-09-28,2.1,2.2,2.05,2.05,2.05,167991.0
2017-09-29,2.05,2.1,2.0,2.05,2.05,68195.0
2017-10-03,2.15,2.15,2.1,2.15,2.15,41786.0
2017-10-04,2.2,2.25,2.15,2.25,2.25,135615.0
2017-10-05,2.25,2.3,2.15,2.15,2.15,113535.0
2017-10-06,2.1,2.1,2.05,2.05,2.05,208817.0
2017-10-09,2.15,2.15,2.05,2.1,2.1,57630.0
2017-10-10,2.15,2.2,2.05,2.15,2.15,94639.0
2017-10-11,2.15,2.2,2.1,2.15,2.15,51566.0
2017-10-12,2.15,2.2,2.1,2.1,2.1,65577.0
2017-10-13,2.15,2.2,2.1,2.1,2.1,218835.0
2017-10-16,2.15,2.15,2.05,2.15,2.15,48652.0
2017-10-17,2.2,2.2,2.05,2.05,2.05,87709.0
2017-10-18,2.05,2.05,2.0,2.0,2.0,224679.0
2017-10-19,2.05,2.1,2.0,2.05,2.05,56507.0
2017-10-23,2.0,2.1,2.0,2.05,2.05,297738.0
2017-10-24,2.05,2.05,2.0,2.0,2.0,61334.0
2017-10-25,2.05,2.1,2.0,2.1,2.1,91980.0
2017-10-26,2.1,2.1,2.0,2.05,2.05,250460.0
2017-10-27,2.05,2.1,2.0,2.05,2.05,82489.0
2017-10-30,2.05,2.1,2.0,2.05,2.05,96983.0
2017-10-31,2.1,2.1,2.0,2.05,2.05,169355.0
2017-11-01,2.1,2.15,2.0,2.1,2.1,203253.0
2017-11-02,2.15,2.3,2.1,2.3,2.3,589592.0
2017-11-03,2.35,2.5,2.2,2.25,2.25,1356611.0
2017-11-06,2.25,2.4,2.15,2.25,2.25,509563.0
2017-11-07,2.3,2.3,2.15,2.2,2.2,156244.0
2017-11-08,2.2,2.25,2.05,2.1,2.1,223819.0
2017-11-09,2.15,2.3,2.1,2.3,2.3,450979.0
2017-11-10,2.5,2.5,2.15,2.2,2.2,588669.0
2017-11-13,2.2,2.3,2.15,2.2,2.2,267128.0
2017-11-14,2.2,2.25,2.15,2.15,2.15,135199.0
2017-11-15,2.15,2.25,2.1,2.15,2.15,222885.0
2017-11-16,2.2,2.25,2.15,2.15,2.15,147908.0
2017-11-17,2.2,2.25,2.1,2.2,2.2,303608.0
2017-11-20,2.2,2.25,2.15,2.15,2.15,386899.0
2017-11-21,2.15,2.25,2.15,2.25,2.25,176887.0
2017-11-22,2.25,2.25,2.1,2.2,2.2,238263.0
2017-11-23,2.15,2.2,2.1,2.1,2.1,61613.0
2017-11-24,2.15,2.3,2.1,2.3,2.3,872481.0
2017-11-27,2.3,2.35,2.2,2.25,2.25,358717.0
2017-11-28,2.25,2.3,2.2,2.2,2.2,374175.0
2017-11-29,2.2,2.25,2.15,2.25,2.25,197538.0
2017-11-30,2.2,2.25,2.1,2.15,2.15,313403.0
2017-12-01,2.2,2.3,2.15,2.15,2.15,310328.0
2017-12-04,2.2,2.25,2.15,2.15,2.15,266894.0
2017-12-05,2.2,2.35,2.15,2.3,2.3,1103746.0
2017-12-06,2.3,2.5,2.25,2.45,2.45,1627528.0
2017-12-07,2.55,2.9,2.5,2.9,2.9,2659389.0
2017-12-08,3.3,3.45,3.2,3.45,3.45,3392103.0
2017-12-11,3.7,3.75,3.15,3.15,3.15,2178830.0
2017-12-12,2.95,3.15,2.85,2.85,2.85,788213.0
2017-12-13,2.6,2.95,2.6,2.75,2.75,3172464.0
2017-12-14,2.85,2.85,2.85,2.85,2.85,175484.0
2017-12-15,2.95,2.95,2.95,2.95,2.95,85847.0
2017-12-18,3.0,3.05,2.85,3.0,3.0,978232.0
2017-12-19,3.0,3.0,2.85,2.85,2.85,349551.0
2017-12-20,2.8,2.9,2.75,2.75,2.75,530782.0
2017-12-21,2.75,2.75,2.65,2.7,2.7,143962.0
2017-12-22,2.8,2.8,2.75,2.8,2.8,67895.0
2017-12-26,2.9,2.9,2.8,2.9,2.9,190043.0
2017-12-27,3.0,3.0,2.9,3.0,3.0,144500.0
2017-12-28,3.15,3.15,3.05,3.15,3.15,186360.0
2017-12-29,3.25,3.3,3.05,3.1,3.1,434529.0
2018-01-01,3.15,3.2,2.95,3.0,3.0,217176.0
2018-01-02,3.0,3.1,2.85,2.95,2.95,199421.0
2018-01-03,3.05,3.05,2.9,3.05,3.05,334919.0
2018-01-04,3.2,3.2,3.1,3.2,3.2,264659.0
2018-01-05,3.25,3.35,3.05,3.15,3.15,221145.0
2018-01-08,3.2,3.2,3.0,3.0,3.0,350865.0
2018-01-09,3.0,3.15,2.9,3.15,3.15,354221.0
2018-01-10,3.15,3.2,3.0,3.05,3.05,316226.0
2018-01-11,3.05,3.2,2.9,3.1,3.1,472719.0
2018-01-12,3.05,3.15,3.0,3.1,3.1,116379.0
2018-01-15,3.15,3.15,2.95,3.0,3.0,276257.0
2018-01-16,2.95,3.1,2.95,3.0,3.0,176915.0
2018-01-17,2.95,3.0,2.85,2.95,2.95,146091.0
2018-01-18,2.85,3.0,2.85,2.85,2.85,131913.0
2018-01-19,2.85,2.85,2.75,2.75,2.75,92001.0
2018-01-22,2.75,2.75,2.65,2.65,2.65,116464.0
2018-01-23,2.6,2.75,2.55,2.7,2.7,153068.0
2018-01-24,2.7,2.8,2.7,2.75,2.75,97698.0
2018-01-25,2.75,2.85,2.65,2.65,2.65,52222.0
2018-01-29,2.6,2.75,2.6,2.7,2.7,56017.0
2018-01-30,2.65,2.75,2.6,2.6,2.6,121363.0
2018-01-31,2.55,2.6,2.5,2.55,2.55,221415.0
2018-02-01,2.55,2.6,2.45,2.5,2.5,141738.0
2018-02-02,2.5,2.5,2.4,2.4,2.4,125511.0
2018-02-05,2.4,2.4,2.3,2.35,2.35,158484.0
2018-02-06,2.3,2.4,2.25,2.35,2.35,96819.0
2018-02-07,2.45,2.45,2.4,2.45,2.45,37570.0
2018-02-08,2.55,2.55,2.55,2.55,2.55,49983.0
2018-02-09,2.65,2.65,2.55,2.65,2.65,145429.0
2018-02-12,2.75,2.75,2.75,2.75,2.75,20963.0
2018-02-14,2.85,2.85,2.65,2.7,2.7,194555.0
2018-02-15,2.6,2.6,2.6,2.6,2.6,31990.0
2018-02-16,2.5,2.5,2.5,2.5,2.5,15290.0
2018-02-19,2.5,2.5,2.4,2.4,2.4,99436.0
2018-02-20,2.3,2.45,2.3,2.3,2.3,347019.0
2018-02-21,2.35,2.35,2.2,2.2,2.2,152920.0
2018-02-22,2.2,2.3,2.1,2.3,2.3,160372.0
2018-02-23,2.4,2.4,2.35,2.4,2.4,52281.0
2018-02-26,2.4,2.5,2.3,2.3,2.3,178088.0
2018-02-27,2.35,2.35,2.2,2.25,2.25,52978.0
2018-02-28,2.25,2.35,2.2,2.3,2.3,176330.0
2018-03-01,2.35,2.4,2.25,2.35,2.35,131468.0
2018-03-05,2.3,2.35,2.25,2.35,2.35,56435.0
2018-03-06,2.35,2.35,2.25,2.25,2.25,135718.0
2018-03-07,2.3,2.3,2.15,2.15,2.15,137828.0
2018-03-08,2.15,2.2,2.05,2.15,2.15,139660.0
2018-03-09,2.1,2.25,2.05,2.1,2.1,141684.0
2018-03-12,2.05,2.15,2.05,2.05,2.05,85560.0
2018-03-13,2.05,2.1,2.0,2.05,2.05,263081.0
2018-03-14,2.0,2.1,2.0,2.0,2.0,95074.0
2018-03-15,2.0,2.1,1.95,2.1,2.1,155577.0
2018-03-16,2.2,2.2,2.1,2.15,2.15,107058.0
2018-03-19,2.05,2.15,2.05,2.05,2.05,48748.0
2018-03-20,2.05,2.1,1.95,1.95,1.95,65981.0
2018-03-21,1.95,2.0,1.9,1.9,1.9,70533.0
2018-03-22,1.9,1.95,1.85,1.95,1.95,98446.0
2018-03-23,1.9,1.9,1.9,1.9,1.9,9593.0
2018-03-26,1.9,1.9,1.85,1.85,1.85,18768.0
2018-03-27,1.8,1.8,1.8,1.8,1.8,36286.0
2018-03-28,1.75,1.85,1.75,1.75,1.75,57607.0
2018-04-02,1.75,1.8,1.7,1.8,1.8,57361.0
2018-04-03,1.85,1.85,1.75,1.8,1.8,17629.0
2018-04-04,1.75,1.85,1.75,1.8,1.8,20918.0
2018-04-05,1.85,1.85,1.75,1.8,1.8,85110.0
2018-04-06,1.8,1.85,1.8,1.85,1.85,24433.0
2018-04-09,1.9,1.9,1.9,1.9,1.9,22640.0
2018-04-10,1.95,1.95,1.95,1.95,1.95,36197.0
2018-04-11,2.0,2.0,2.0,2.0,2.0,22668.0
2018-04-12,2.1,2.1,2.0,2.1,2.1,37518.0
2018-04-13,2.2,2.2,2.0,2.2,2.2,14235.0
2018-04-16,2.2,2.2,2.1,2.1,2.1,2765.0
2018-04-17,2.1,2.2,2.05,2.15,2.15,28421.0
2018-04-18,2.1,2.2,2.05,2.1,2.1,18055.0
2018-04-19,2.2,2.2,2.05,2.05,2.05,23489.0
2018-04-20,2.15,2.15,2.0,2.1,2.1,4977.0
2018-04-23,2.15,2.15,2.0,2.0,2.0,38546.0
2018-04-24,2.0,2.1,1.9,1.95,1.95,37215.0
2018-04-25,2.0,2.0,1.9,1.9,1.9,88331.0
2018-04-26,1.95,1.95,1.85,1.85,1.85,13605.0
2018-04-27,1.8,1.9,1.8,1.8,1.8,62036.0
2018-04-30,1.85,1.85,1.75,1.85,1.85,30626.0
2018-05-02,1.85,1.9,1.8,1.85,1.85,12239.0
2018-05-03,1.8,1.85,1.8,1.8,1.8,18190.0
2018-05-04,1.8,1.85,1.75,1.75,1.75,62119.0
2018-05-07,1.8,1.8,1.75,1.75,1.75,17066.0
2018-05-08,1.75,1.8,1.75,1.75,1.75,30867.0
2018-05-09,1.7,1.8,1.7,1.7,1.7,61310.0
2018-05-10,1.75,1.75,1.7,1.7,1.7,35611.0
2018-05-11,1.65,1.75,1.65,1.65,1.65,54402.0
2018-05-14,1.65,1.7,1.6,1.6,1.6,25314.0
2018-05-15,1.65,1.65,1.55,1.55,1.55,16297.0
2018-05-16,1.5,1.5,1.5,1.5,1.5,19820.0
2018-05-17,1.5,1.55,1.45,1.5,1.5,59686.0
2018-05-18,1.45,1.5,1.45,1.5,1.5,42824.0
2018-05-21,1.45,1.55,1.45,1.5,1.5,12654.0
2018-05-22,1.5,1.5,1.45,1.45,1.45,3710.0
2018-05-23,1.5,1.5,1.4,1.45,1.45,49302.0
2018-05-24,1.4,1.5,1.4,1.45,1.45,42405.0
2018-05-25,1.4,1.5,1.4,1.4,1.4,51828.0
2018-05-28,1.45,1.45,1.4,1.45,1.45,12804.0
2018-05-29,1.45,1.5,1.4,1.45,1.45,55731.0
2018-05-30,1.4,1.45,1.4,1.4,1.4,26573.0
2018-05-31,1.45,1.45,1.35,1.35,1.35,66038.0
2018-06-01,1.35,1.4,1.35,1.4,1.4,35324.0
2018-06-04,1.4,1.4,1.35,1.35,1.35,41736.0
2018-06-05,1.3,1.35,1.3,1.3,1.3,43920.0
2018-06-06,1.25,1.35,1.25,1.25,1.25,51524.0
2018-06-07,1.3,1.3,1.25,1.3,1.3,19074.0
2018-06-08,1.25,1.35,1.25,1.25,1.25,10432.0
2018-06-11,1.25,1.3,1.25,1.3,1.3,42102.0
2018-06-12,1.3,1.35,1.3,1.35,1.35,2099.0
2018-06-13,1.35,1.4,1.35,1.4,1.4,27745.0
2018-06-14,1.35,1.4,1.35,1.35,1.35,78538.0
2018-06-15,1.35,1.4,1.3,1.35,1.35,34306.0
2018-06-18,1.4,1.4,1.35,1.4,1.4,94184.0
2018-06-19,1.4,1.45,1.35,1.4,1.4,92703.0
2018-06-20,1.4,1.45,1.35,1.4,1.4,22745.0
2018-06-21,1.45,1.45,1.4,1.4,1.4,14409.0
2018-06-22,1.4,1.45,1.35,1.35,1.35,138259.0
2018-06-25,1.35,1.4,1.3,1.3,1.3,38725.0
2018-06-26,1.35,1.35,1.3,1.3,1.3,101669.0
2018-06-27,1.3,1.35,1.25,1.25,1.25,160384.0
2018-06-28,1.3,1.3,1.2,1.25,1.25,40625.0
2018-06-29,1.2,1.25,1.2,1.2,1.2,169160.0
2018-07-02,1.25,1.25,1.15,1.2,1.2,245948.0
2018-07-03,1.2,1.25,1.15,1.25,1.25,150439.0
2018-07-04,1.3,1.3,1.2,1.3,1.3,57148.0
2018-07-05,1.3,1.35,1.3,1.3,1.3,101347.0
2018-07-06,1.35,1.35,1.3,1.3,1.3,75689.0
2018-07-09,1.35,1.35,1.25,1.25,1.25,193079.0
2018-07-10,1.25,1.3,1.2,1.25,1.25,123937.0
2018-07-11,1.25,1.3,1.25,1.25,1.25,84866.0
2018-07-12,1.3,1.3,1.2,1.25,1.25,117802.0
2018-07-13,1.25,1.25,1.2,1.2,1.2,70676.0
2018-07-16,1.15,1.25,1.15,1.15,1.15,64198.0
2018-07-17,1.15,1.2,1.1,1.15,1.15,108751.0
2018-07-18,1.1,1.15,1.1,1.1,1.1,53592.0
2018-07-19,1.15,1.15,1.05,1.05,1.05,38453.0
2018-07-20,1.05,1.1,1.0,1.0,1.0,236169.0
2018-07-23,1.0,1.05,1.0,1.05,1.05,81816.0
2018-07-24,1.0,1.1,1.0,1.0,1.0,228336.0
2018-07-25,1.0,1.05,0.95,1.05,1.05,111362.0
2018-07-26,1.05,1.1,1.0,1.1,1.1,90055.0
2018-07-27,1.1,1.15,1.1,1.15,1.15,28825.0
2018-07-30,1.15,1.2,1.1,1.15,1.15,90273.0
2018-07-31,1.2,1.2,1.1,1.15,1.15,12910.0
2018-08-01,1.1,1.2,1.1,1.15,1.15,150070.0
2018-08-02,1.2,1.2,1.15,1.2,1.2,30897.0
2018-08-03,1.15,1.25,1.15,1.25,1.25,77990.0
2018-08-06,1.3,1.3,1.25,1.3,1.3,86266.0
2018-08-07,1.3,1.4,1.3,1.35,1.35,221354.0
2018-08-08,1.4,1.45,1.35,1.45,1.45,71941.0
2018-08-09,1.55,1.55,1.45,1.55,1.55,81397.0
2018-08-10,1.6,1.6,1.5,1.5,1.5,254099.0
2018-08-13,1.45,1.45,1.45,1.45,1.45,34475.0
2018-08-14,1.4,1.4,1.4,1.4,1.4,14635.0
2018-08-16,1.35,1.35,1.35,1.35,1.35,16427.0
2018-08-17,1.3,1.4,1.3,1.3,1.3,171070.0
2018-08-20,1.4,1.4,1.3,1.3,1.3,186871.0
2018-08-21,1.35,1.35,1.3,1.3,1.3,22880.0
2018-08-23,1.3,1.35,1.25,1.3,1.3,135838.0
2018-08-24,1.25,1.3,1.25,1.25,1.25,67294.0
2018-08-27,1.25,1.3,1.2,1.2,1.2,106095.0
2018-08-28,1.25,1.25,1.2,1.2,1.2,31993.0
2018-08-29,1.2,1.25,1.15,1.25,1.25,63411.0
2018-08-30,1.3,1.3,1.2,1.2,1.2,95046.0
2018-08-31,1.25,1.25,1.2,1.25,1.25,45445.0
2018-09-03,1.25,1.3,1.25,1.3,1.3,37245.0
2018-09-04,1.35,1.35,1.25,1.3,1.3,107377.0
2018-09-05,1.3,1.35,1.25,1.3,1.3,40220.0
2018-09-06,1.25,1.35,1.25,1.3,1.3,10621.0
2018-09-07,1.3,1.35,1.25,1.3,1.3,114789.0
2018-09-10,1.35,1.35,1.25,1.35,1.35,95377.0
2018-09-11,1.4,1.4,1.35,1.4,1.4,245463.0
2018-09-12,1.35,1.45,1.35,1.35,1.35,28790.0
2018-09-14,1.35,1.4,1.3,1.3,1.3,117533.0
2018-09-17,1.3,1.35,1.25,1.3,1.3,149530.0
2018-09-18,1.35,1.35,1.25,1.25,1.25,167651.0
2018-09-19,1.2,1.3,1.2,1.2,1.2,56331.0
2018-09-21,1.15,1.25,1.15,1.2,1.2,84604.0
2018-09-24,1.15,1.25,1.15,1.15,1.15,69302.0
2018-09-25,1.2,1.2,1.1,1.1,1.1,118657.0
2018-09-26,1.15,1.15,1.1,1.15,1.15,87698.0
2018-09-27,1.15,1.2,1.1,1.2,1.2,118198.0
2018-09-28,1.15,1.15,1.15,1.15,1.15,13354.0
2018-10-01,1.1,1.1,1.1,1.1,1.1,15833.0
2018-10-03,1.1,1.15,1.05,1.05,1.05,62581.0
2018-10-04,1.05,1.1,1.0,1.05,1.05,31280.0
2018-10-05,1.05,1.1,1.0,1.1,1.1,37598.0
2018-10-08,1.05,1.1,1.05,1.05,1.05,53671.0
2018-10-09,1.05,1.05,1.05,1.05,1.05,3129.0
2018-10-10,1.05,1.1,1.0,1.05,1.05,62480.0
2018-10-11,1.05,1.1,1.0,1.0,1.0,30892.0
2018-10-12,1.05,1.05,1.0,1.05,1.05,70355.0
2018-10-15,1.1,1.1,1.05,1.05,1.05,17610.0
2018-10-16,1.1,1.1,1.05,1.1,1.1,89541.0
2018-10-17,1.05,1.15,1.05,1.1,1.1,79278.0
2018-10-19,1.15,1.15,1.05,1.05,1.05,6734.0
2018-10-22,1.1,1.1,1.0,1.0,1.0,88680.0
2018-10-23,1.05,1.05,0.95,1.0,1.0,41436.0
2018-10-24,1.0,1.05,0.95,1.05,1.05,26545.0
2018-10-25,1.0,1.05,1.0,1.05,1.05,36586.0
2018-10-26,1.0,1.05,1.0,1.0,1.0,30964.0
2018-10-29,1.0,1.05,1.0,1.0,1.0,18150.0
2018-10-30,1.0,1.05,0.95,1.05,1.05,38310.0
2018-10-31,1.05,1.1,1.0,1.05,1.05,61037.0
2018-11-01,1.1,1.1,1.0,1.05,1.05,15981.0
2018-11-02,1.05,1.1,1.0,1.0,1.0,89684.0
2018-11-05,1.05,1.05,1.0,1.0,1.0,67482.0
2018-11-06,1.0,1.05,1.0,1.05,1.05,18064.0
2018-11-07,1.05,1.05,1.0,1.05,1.05,629.0
2018-11-09,1.05,1.05,1.0,1.05,1.05,31525.0
2018-11-12,1.0,1.1,1.0,1.05,1.05,20703.0
2018-11-13,1.0,1.1,1.0,1.05,1.05,99579.0
2018-11-14,1.05,1.1,1.05,1.1,1.1,28281.0
2018-11-15,1.05,1.1,1.05,1.05,1.05,43572.0
2018-11-16,1.0,1.1,1.0,1.05,1.05,13006.0
2018-11-19,1.05,1.1,1.0,1.05,1.05,62500.0
2018-11-20,1.1,1.1,1.0,1.1,1.1,59797.0
2018-11-21,1.15,1.15,1.05,1.05,1.05,82999.0
2018-11-22,1.05,1.1,1.0,1.05,1.05,26575.0
2018-11-26,1.05,1.1,1.05,1.05,1.05,23388.0
2018-11-27,1.1,1.1,1.0,1.1,1.1,35871.0
2018-11-28,1.1,1.1,1.05,1.05,1.05,40083.0
2018-11-29,1.0,1.05,1.0,1.0,1.0,55405.0
2018-11-30,1.0,1.05,1.0,1.05,1.05,16380.0
2018-12-03,1.05,1.05,1.0,1.05,1.05,333455.0
2018-12-04,1.1,1.1,1.0,1.0,1.0,146292.0
2018-12-05,1.0,1.05,1.0,1.0,1.0,59692.0
2018-12-06,1.0,1.05,1.0,1.0,1.0,39921.0
2018-12-07,1.05,1.05,1.0,1.0,1.0,37527.0
2018-12-10,1.1,1.1,1.0,1.0,1.0,118461.0
2018-12-11,1.0,1.05,1.0,1.05,1.05,70584.0
2018-12-12,1.05,1.05,1.0,1.0,1.0,70670.0
2018-12-13,1.05,1.05,1.0,1.05,1.05,69504.0
2018-12-14,1.0,1.05,1.0,1.0,1.0,31228.0
2018-12-17,1.05,1.05,1.0,1.0,1.0,27508.0
2018-12-18,1.0,1.05,1.0,1.05,1.05,31557.0
2018-12-19,1.0,1.05,0.95,1.0,1.0,294896.0
2018-12-20,1.05,1.05,0.95,0.95,0.95,107971.0
2018-12-21,0.95,1.0,0.95,0.95,0.95,124526.0
2018-12-24,1.0,1.0,0.95,1.0,1.0,35485.0
2018-12-26,1.0,1.0,0.95,0.95,0.95,64561.0
2018-12-27,0.95,1.0,0.95,1.0,1.0,48510.0
2018-12-28,1.0,1.0,0.95,1.0,1.0,18260.0
2018-12-31,0.95,1.0,0.95,1.0,1.0,13044.0
2019-01-01,1.05,1.05,0.95,0.95,0.95,10208.0
2019-01-02,0.95,1.0,0.95,1.0,1.0,21028.0
2019-01-03,1.0,1.0,0.95,0.95,0.95,24681.0
2019-01-04,0.95,1.0,0.95,1.0,1.0,148041.0
2019-01-07,1.05,1.1,1.05,1.1,1.1,121561.0
2019-01-08,1.1,1.2,1.1,1.2,1.2,49469.0
2019-01-09,1.25,1.25,1.25,1.25,1.25,5859.0
2019-01-10,1.3,1.3,1.2,1.3,1.3,323381.0
2019-01-11,1.35,1.35,1.3,1.35,1.35,175119.0
2019-01-14,1.35,1.35,1.3,1.35,1.35,68450.0
2019-01-15,1.35,1.35,1.3,1.3,1.3,41964.0
2019-01-16,1.25,1.25,1.25,1.25,1.25,12088.0
2019-01-17,1.3,1.3,1.2,1.2,1.2,2513.0
2019-01-18,1.2,1.2,1.2,1.2,1.2,4560.0
2019-01-21,1.15,1.15,1.15,1.15,1.15,7157.0
2019-01-22,1.1,1.1,1.1,1.1,1.1,20992.0
2019-01-23,1.1,1.1,1.05,1.1,1.1,19460.0
2019-01-24,1.15,1.15,1.05,1.15,1.15,26736.0
2019-01-25,1.15,1.2,1.1,1.15,1.15,81242.0
2019-01-28,1.1,1.1,1.1,1.1,1.1,3332.0
2019-01-29,1.05,1.05,1.05,1.05,1.05,25617.0
2019-01-30,1.1,1.1,1.0,1.05,1.05,9553.0
2019-01-31,1.0,1.1,1.0,1.0,1.0,29005.0
2019-02-01,1.0,1.05,0.95,1.0,1.0,52636.0
2019-02-04,1.0,1.05,0.95,0.95,0.95,125806.0
2019-02-05,0.9,1.0,0.9,0.9,0.9,65938.0
2019-02-06,0.9,0.95,0.9,0.9,0.9,11378.0
2019-02-07,0.9,0.95,0.85,0.95,0.95,34661.0
2019-02-08,0.9,1.0,0.9,0.95,0.95,28448.0
2019-02-11,0.9,1.0,0.9,0.9,0.9,39692.0
2019-02-12,0.85,0.95,0.85,0.85,0.85,37451.0
2019-02-14,0.85,0.9,0.85,0.9,0.9,33852.0
2019-02-15,0.9,0.9,0.85,0.9,0.9,22302.0
2019-02-18,0.9,0.9,0.85,0.85,0.85,22004.0
2019-02-19,0.85,0.9,0.85,0.9,0.9,46306.0
2019-02-20,0.9,0.95,0.85,0.9,0.9,16366.0
2019-02-21,0.95,0.95,0.85,0.9,0.9,7101.0
2019-02-22,0.9,0.95,0.9,0.95,0.95,51759.0
2019-02-25,1.0,1.0,0.9,0.95,0.95,21372.0
2019-02-26,0.95,1.0,0.9,1.0,1.0,94548.0
2019-02-27,1.05,1.05,1.0,1.0,1.0,53435.0
2019-02-28,1.05,1.05,1.05,1.05,1.05,44653.0
2019-03-01,1.1,1.1,1.0,1.05,1.05,34451.0
2019-03-05,1.1,1.1,1.0,1.05,1.05,46110.0
2019-03-06,1.1,1.1,1.0,1.05,1.05,91893.0
2019-03-07,1.0,1.05,1.0,1.0,1.0,30308.0
2019-03-08,1.0,1.05,0.95,1.0,1.0,22812.0
2019-03-11,1.05,1.05,1.0,1.0,1.0,9992.0
2019-03-12,1.0,1.0,0.95,1.0,1.0,19287.0
2019-03-13,0.95,1.05,0.95,1.0,1.0,32664.0
2019-03-14,1.0,1.05,0.95,1.0,1.0,16987.0
2019-03-15,1.0,1.0,0.95,1.0,1.0,13089.0
2019-03-18,1.0,1.0,0.95,1.0,1.0,10172.0
2019-03-19,0.95,1.05,0.95,1.0,1.0,51876.0
2019-03-20,1.0,1.0,0.95,0.95,0.95,32905.0
2019-03-22,0.9,1.0,0.9,0.95,0.95,58521.0
2019-03-25,1.0,1.0,0.95,0.95,0.95,13932.0
2019-03-26,0.95,0.95,0.9,0.9,0.9,103270.0
2019-03-27,0.9,0.95,0.85,0.95,0.95,44741.0
2019-03-28,0.95,1.0,0.9,0.9,0.9,26508.0
2019-04-01,0.9,0.9,0.85,0.9,0.9,75505.0
2019-04-02,0.95,0.95,0.85,0.9,0.9,68649.0
2019-04-03,0.95,0.95,0.9,0.95,0.95,52762.0
2019-04-04,1.0,1.0,0.95,0.95,0.95,38519.0
2019-04-05,1.0,1.0,0.9,1.0,1.0,277186.0
2019-04-08,1.05,1.1,0.95,1.1,1.1,261749.0
2019-04-09,1.1,1.15,1.0,1.0,1.0,291686.0
2019-04-10,1.05,1.05,0.95,1.0,1.0,109820.0
2019-04-11,1.05,1.1,0.95,1.05,1.05,82367.0
2019-04-12,1.05,1.1,0.95,1.1,1.1,133521.0
2019-04-15,1.05,1.05,1.0,1.05,1.05,21384.0
2019-04-16,1.05,1.05,1.0,1.0,1.0,40700.0
2019-04-18,1.05,1.05,0.95,1.0,1.0,79613.0
2019-04-22,1.0,1.05,1.0,1.05,1.05,16064.0
2019-04-23,1.0,1.05,0.95,0.95,0.95,60629.0
2019-04-24,0.95,1.0,0.95,1.0,1.0,11372.0
2019-04-25,1.0,1.05,0.95,1.0,1.0,13819.0
2019-04-26,1.0,1.0,0.95,1.0,1.0,14303.0
2019-04-30,1.0,1.0,0.95,1.0,1.0,33849.0
2019-05-02,1.0,1.0,0.9,1.0,1.0,33282.0
2019-05-03,1.0,1.0,0.9,0.95,0.95,6158.0
2019-05-06,1.0,1.0,0.9,0.95,0.95,29291.0
2019-05-07,0.95,0.95,0.9,0.95,0.95,14310.0
2019-05-08,0.9,0.95,0.9,0.9,0.9,31354.0
2019-05-09,0.9,0.9,0.85,0.9,0.9,75849.0
2019-05-10,0.9,0.9,0.85,0.9,0.9,3479.0
2019-05-13,0.9,0.9,0.85,0.85,0.85,41894.0
2019-05-14,0.9,0.9,0.85,0.9,0.9,9945.0
2019-05-15,0.9,0.95,0.85,0.95,0.95,24366.0
2019-05-16,0.95,0.95,0.9,0.9,0.9,12871.0
2019-05-17,0.9,0.9,0.85,0.85,0.85,47251.0
2019-05-20,0.85,0.9,0.8,0.9,0.9,22639.0
2019-05-21,0.95,0.95,0.85,0.95,0.95,3922.0
2019-05-22,0.9,0.9,0.9,0.9,0.9,9272.0
2019-05-23,0.85,0.85,0.85,0.85,0.85,12534.0
2019-05-24,0.8,0.85,0.8,0.8,0.8,31359.0
2019-05-27,0.8,0.85,0.75,0.75,0.75,12217.0
2019-05-28,0.8,0.8,0.75,0.8,0.8,6698.0
2019-05-29,0.75,0.85,0.75,0.85,0.85,10690.0
2019-05-30,0.9,0.9,0.8,0.9,0.9,3457.0
2019-05-31,0.9,0.9,0.9,0.9,0.9,1170.0
2019-06-03,0.9,0.9,0.85,0.85,0.85,9025.0
2019-06-04,0.8,0.85,0.8,0.8,0.8,47192.0
2019-06-06,0.8,0.85,0.75,0.75,0.75,28563.0
2019-06-07,0.8,0.8,0.75,0.8,0.8,1968.0
2019-06-10,0.85,0.95,0.8,0.9,0.9,319126.0
2019-06-11,0.85,0.9,0.8,0.85,0.85,46299.0
2019-06-12,0.8,0.9,0.8,0.8,0.8,12402.0
2019-06-13,0.8,0.85,0.8,0.8,0.8,9987.0
2019-06-14,0.8,0.8,0.75,0.8,0.8,32686.0
2019-06-17,0.85,0.85,0.7,0.8,0.8,9653.0
2019-06-18,0.8,0.8,0.7,0.7,0.7,67025.0
2019-06-19,0.7,0.75,0.6,0.65,0.65,58451.0
2019-06-20,0.65,0.65,0.6,0.65,0.65,51384.0
2019-06-21,0.65,0.7,0.6,0.65,0.65,48147.0
2019-06-24,0.7,0.75,0.65,0.7,0.7,25073.0
2019-06-25,0.65,0.7,0.65,0.7,0.7,77500.0
2019-06-26,0.65,0.7,0.65,0.65,0.65,9819.0
2019-06-27,0.7,0.7,0.6,0.7,0.7,66392.0
2019-06-28,0.7,0.7,0.6,0.7,0.7,27851.0
2019-07-01,0.6,0.7,0.6,0.7,0.7,14900.0
2019-07-02,0.7,0.7,0.6,0.6,0.6,7319.0
2019-07-03,0.65,0.7,0.6,0.65,0.65,93687.0
2019-07-04,0.6,0.7,0.6,0.65,0.65,12961.0
2019-07-05,0.65,0.7,0.6,0.6,0.6,12874.0
2019-07-08,0.55,0.7,0.55,0.55,0.55,44206.0
2019-07-09,0.55,0.6,0.55,0.6,0.6,10843.0
2019-07-10,0.6,0.6,0.6,0.6,0.6,250.0
2019-07-11,0.7,0.7,0.6,0.7,0.7,2525.0
2019-07-12,0.65,0.65,0.65,0.65,0.65,210.0
2019-07-15,0.6,0.65,0.6,0.6,0.6,8900.0
2019-07-16,0.5,0.5,0.5,0.5,0.5,18900.0
2019-07-17,0.6,0.6,0.5,0.6,0.6,902.0
2019-07-18,0.55,0.55,0.5,0.55,0.55,15459.0
2019-07-19,0.5,0.5,0.45,0.5,0.5,10696.0
2019-07-22,0.6,0.6,0.55,0.6,0.6,9110.0
2019-07-23,0.6,0.6,0.5,0.6,0.6,19155.0
2019-07-24,0.65,0.65,0.5,0.65,0.65,70602.0
2019-07-25,0.6,0.65,0.6,0.6,0.6,2025.0
2019-07-26,0.55,0.55,0.5,0.55,0.55,19270.0
2019-07-29,0.55,0.6,0.55,0.55,0.55,47802.0
2019-07-30,0.55,0.55,0.5,0.55,0.55,16214.0
2019-07-31,0.65,0.65,0.55,0.65,0.65,12946.0
2019-08-01,0.65,0.75,0.55,0.65,0.65,4330.0
2019-08-02,0.6,0.6,0.6,0.6,0.6,3003.0
2019-08-05,0.6,0.6,0.55,0.6,0.6,10050.0
2019-08-06,0.6,0.6,0.6,0.6,0.6,1010.0
2019-08-07,0.6,0.6,0.6,0.6,0.6,130.0
2019-08-08,0.5,0.7,0.5,0.5,0.5,71.0
2019-08-09,0.55,0.6,0.55,0.55,0.55,5519.0
2019-08-13,0.55,0.6,0.55,0.55,0.55,9001.0
2019-08-14,0.6,0.65,0.55,0.6,0.6,29264.0
2019-08-16,0.55,0.6,0.55,0.55,0.55,10093.0
2019-08-19,0.55,0.6,0.5,0.55,0.55,48595.0
2019-08-20,0.55,0.6,0.55,0.55,0.55,36611.0
2019-08-21,0.55,0.65,0.55,0.55,0.55,6502.0
2019-08-22,0.55,0.55,0.5,0.55,0.55,2855.0
2019-08-23,0.5,0.55,0.5,0.5,0.5,8372.0
2019-08-26,0.6,0.6,0.5,0.6,0.6,66433.0
2019-08-27,0.55,0.6,0.55,0.55,0.55,133524.0
2019-08-28,0.6,0.6,0.6,0.6,0.6,12000.0
2019-08-29,0.6,0.6,0.6,0.6,0.6,0.0
2019-08-30,0.6,0.6,0.6,0.6,0.6,0.0
2019-09-03,0.6,0.6,0.6,0.6,0.6,1500.0
2019-09-04,0.6,0.6,0.5,0.6,0.6,10001.0
2019-09-05,0.55,0.55,0.55,0.55,0.55,62003.0
2019-09-06,0.6,0.6,0.55,0.6,0.6,25875.0
2019-09-09,0.55,0.6,0.5,0.55,0.55,8240.0
2019-09-11,0.55,0.55,0.55,0.55,0.55,0.0
2019-09-12,0.55,0.55,0.55,0.55,0.55,0.0
2019-09-13,0.6,0.65,0.55,0.6,0.6,6501.0
2019-09-16,0.6,0.6,0.6,0.6,0.6,5177.0
2019-09-17,0.6,0.6,0.6,0.6,0.6,15495.0
2019-09-18,0.6,0.6,0.55,0.6,0.6,6410.0
2019-09-19,0.55,0.6,0.55,0.55,0.55,2264.0
2019-09-20,0.55,0.6,0.55,0.55,0.55,1851.0
2019-09-23,0.6,0.6,0.55,0.6,0.6,7950.0
2019-09-24,0.55,0.6,0.55,0.55,0.55,6577.0
2019-09-25,0.55,0.6,0.55,0.55,0.55,1010.0
2019-09-26,0.55,0.55,0.5,0.55,0.55,10188.0
2019-09-27,0.55,0.55,0.55,0.55,0.55,0.0
2019-09-30,0.5,0.55,0.5,0.5,0.5,21762.0
2019-10-01,0.45,0.5,0.4,0.45,0.45,40151.0
2019-10-03,0.45,0.5,0.45,0.45,0.45,4052.0
2019-10-04,0.5,0.5,0.45,0.5,0.5,3011.0
2019-10-07,0.45,0.45,0.45,0.45,0.45,8110.0
2019-10-09,0.45,0.45,0.45,0.45,0.45,8705.0
2019-10-10,0.5,0.5,0.4,0.5,0.5,20249.0
2019-10-11,0.45,0.5,0.5,0.5,0.5,1250.0
2019-10-14,0.45,0.5,0.45,0.45,0.45,4810.0
2019-10-15,0.4,0.45,0.45,0.45,0.45,2000.0
2019-10-16,0.4,0.45,0.4,0.4,0.4,4010.0
2019-10-17,0.45,0.45,0.35,0.45,0.45,9940.0
2019-10-18,0.5,0.5,0.45,0.5,0.5,1196.0
2019-10-22,0.5,0.5,0.5,0.5,0.5,100.0
2019-10-23,0.5,0.5,0.45,0.5,0.5,20601.0
2019-10-24,0.5,0.5,0.45,0.5,0.5,9035.0
2019-10-25,0.5,0.5,0.45,0.5,0.5,16701.0
2019-10-27,,,,,,
2019-10-29,0.5,0.5,0.45,0.5,0.5,20001.0
2019-10-30,0.45,0.5,0.45,0.45,0.45,7289.0
2019-10-31,0.45,0.45,0.4,0.45,0.45,83872.0
2019-11-01,0.45,0.5,0.45,0.45,0.45,6504.0
2019-11-04,0.5,0.5,0.45,0.5,0.5,21701.0
2019-11-05,0.55,0.55,0.45,0.55,0.55,2080.0
2019-11-06,0.5,0.5,0.5,0.5,0.5,2301.0
2019-11-07,0.45,0.5,0.45,0.45,0.45,2375.0
2019-11-08,0.45,0.5,0.45,0.45,0.45,6201.0
2019-11-11,0.5,0.5,0.45,0.5,0.5,14356.0
2019-11-13,0.5,0.5,0.45,0.5,0.5,4950.0
2019-11-14,0.5,0.5,0.45,0.5,0.5,6603.0
2019-11-15,0.45,0.45,0.45,0.45,0.45,6794.0
2019-11-18,0.45,0.45,0.45,0.45,0.45,14065.0
2019-11-19,0.45,0.45,0.4,0.45,0.45,14850.0
2019-11-20,0.45,0.45,0.45,0.45,0.45,10661.0
2019-11-21,0.4,0.45,0.4,0.4,0.4,42227.0
2019-11-22,0.45,0.45,0.4,0.45,0.45,24903.0
2019-11-25,0.45,0.45,0.4,0.45,0.45,45517.0
2019-11-26,0.45,0.45,0.45,0.45,0.45,44020.0
2019-11-27,0.5,0.5,0.45,0.5,0.5,13704.0
2019-11-28,0.5,0.5,0.45,0.45,0.45,16350.0
2019-11-29,0.5,0.5,0.5,0.5,0.5,762.0
2019-12-02,0.45,0.5,0.45,0.45,0.45,13814.0
2019-12-03,0.45,0.5,0.45,0.45,0.45,4803.0
2019-12-04,0.5,0.5,0.45,0.5,0.5,5389.0
2019-12-05,0.5,0.5,0.45,0.5,0.5,5721.0
2019-12-06,0.5,0.5,0.5,0.5,0.5,2365.0
2019-12-09,0.5,0.5,0.45,0.5,0.5,3144.0
2019-12-10,0.5,0.5,0.45,0.5,0.5,2801.0
2019-12-11,0.5,0.5,0.5,0.5,0.5,100.0
2019-12-12,0.5,0.5,0.5,0.5,0.5,19250.0
2019-12-13,0.5,0.5,0.45,0.5,0.5,20174.0
2019-12-16,0.5,0.55,0.5,0.5,0.5,1110.0
2019-12-17,0.5,0.5,0.5,0.5,0.5,6291.0
2019-12-18,0.5,0.5,0.45,0.5,0.5,38101.0
2019-12-19,0.5,0.5,0.5,0.5,0.5,2602.0
2019-12-20,0.45,0.45,0.45,0.45,0.45,17915.0
2019-12-23,0.4,0.45,0.4,0.4,0.4,5503.0
2019-12-24,0.45,0.45,0.4,0.45,0.45,7601.0
2019-12-26,0.5,0.5,0.45,0.5,0.5,3300.0
2019-12-27,0.5,0.5,0.45,0.5,0.5,23461.0
2019-12-30,0.5,0.5,0.45,0.5,0.5,8010.0
2019-12-31,0.5,0.5,0.5,0.5,0.5,0.0
2020-01-01,0.45,0.5,0.45,0.45,0.45,15600.0
2020-01-02,0.5,0.5,0.45,0.5,0.5,5200.0
2020-01-03,0.5,0.5,0.5,0.5,0.5,1300.0
2020-01-06,0.45,0.5,0.45,0.45,0.45,9450.0
2020-01-07,0.5,0.5,0.5,0.5,0.5,13261.0
2020-01-08,0.45,0.5,0.45,0.45,0.45,12650.0
2020-01-09,0.5,0.5,0.5,0.5,0.5,5685.0
2020-01-10,0.5,0.5,0.5,0.5,0.5,4725.0
2020-01-13,0.55,0.55,0.5,0.55,0.55,30.0
2020-01-14,0.5,0.55,0.5,0.5,0.5,11264.0
2020-01-15,0.45,0.5,0.45,0.45,0.45,2316.0
2020-01-16,0.5,0.5,0.45,0.5,0.5,10265.0
2020-01-17,0.45,0.5,0.45,0.45,0.45,6331.0
2020-01-20,0.5,0.5,0.45,0.5,0.5,953.0
2020-01-21,0.5,0.5,0.45,0.5,0.5,10249.0
2020-01-22,0.5,0.55,0.5,0.5,0.5,2266.0
2020-01-23,0.5,0.5,0.5,0.5,0.5,7848.0
2020-01-24,,,,,,
2020-01-27,0.55,0.55,0.5,0.55,0.55,35000.0
2020-01-28,0.55,0.55,0.55,0.55,0.55,3.0
2020-01-29,0.6,0.6,0.5,0.6,0.6,8899.0
2020-01-30,0.55,0.65,0.55,0.55,0.55,15158.0
2020-01-31,0.5,0.5,0.5,0.5,0.5,1500.0
