2012-03-02,13.65,13.95,12.85,13.0,11.169611,39357.0
2012-03-03,,,,,,
2012-03-05,13.05,13.4,12.5,12.6,10.82593,31174.0
2012-03-06,13.4,13.4,12.35,12.45,10.69705,54535.0
2012-03-07,12.85,12.85,12.25,12.6,10.82593,37146.0
2012-03-09,12.0,13.2,12.0,12.6,10.82593,20112.0
2012-03-12,13.45,13.45,12.3,12.45,10.69705,67208.0
2012-03-13,12.5,13.15,12.2,12.3,10.56817,26437.0
2012-03-14,12.95,12.95,12.5,12.55,10.782969999999999,32429.0
2012-03-15,12.0,12.9,12.0,12.75,10.954811,10783.0
2012-03-16,12.0,12.95,12.0,12.5,10.740008999999999,12523.0
2012-03-19,12.05,12.8,12.05,12.4,10.654089,17760.0
2012-03-20,12.25,12.55,12.0,12.35,10.611131,8149.0
2012-03-21,12.35,12.6,12.35,12.45,10.69705,50995.0
2012-03-22,12.15,13.0,12.15,12.25,10.525211,64508.0
2012-03-23,12.85,12.85,12.05,12.1,10.39633,14045.0
2012-03-26,12.0,12.15,11.7,11.95,10.267449000000001,10310.0
2012-03-27,12.0,12.0,11.85,11.85,10.181529,11400.0
2012-03-28,12.4,12.4,11.15,11.2,9.623047999999999,63228.0
2012-03-29,11.95,11.95,9.2,11.2,9.623047999999999,10312.0
2012-03-30,10.95,11.85,10.95,11.6,9.966728,4362.0
2012-04-02,11.9,11.95,11.5,11.95,10.267449000000001,2937.0
2012-04-03,11.55,12.3,11.0,11.85,10.181529,6266.0
2012-04-04,12.35,12.95,12.3,12.3,10.56817,3404.0
2012-04-09,13.35,13.35,11.95,12.2,10.482249000000001,25810.0
2012-04-10,12.05,12.5,10.0,11.95,10.267449000000001,41879.0
2012-04-11,12.25,12.25,11.6,11.9,10.22449,50210.0
2012-04-12,12.4,12.4,11.7,11.8,10.13857,17776.0
2012-04-13,11.9,12.2,11.9,11.9,10.22449,6636.0
2012-04-16,12.4,12.4,11.65,12.05,10.353369,5608.0
2012-04-17,12.25,12.25,11.65,11.75,10.09561,9506.0
2012-04-18,11.8,11.95,11.55,11.9,10.22449,73517.0
2012-04-19,12.25,12.25,10.15,11.45,9.83785,157356.0
2012-04-20,11.4,11.6,11.2,11.55,9.92377,9157.0
2012-04-23,11.9,11.9,11.15,11.45,9.83785,200394.0
2012-04-24,12.45,12.45,11.2,11.4,9.794888,112246.0
2012-04-25,11.5,11.8,10.75,11.7,10.052649,59547.0
2012-04-26,11.9,11.9,11.1,11.8,10.13857,164255.0
2012-04-27,11.7,11.9,11.1,11.4,9.794888,75841.0
2012-04-30,11.75,11.85,11.1,11.75,10.09561,4150.0
2012-05-02,11.75,11.75,11.25,11.5,9.880809,3341.0
2012-05-03,11.7,11.7,11.3,11.5,9.880809,7202.0
2012-05-04,11.1,11.7,11.0,11.15,9.580089,33937.0
2012-05-07,10.75,11.35,10.75,10.9,9.365289,21726.0
2012-05-08,10.95,11.2,10.7,11.2,9.623047999999999,53910.0
2012-05-09,9.5,11.0,9.15,10.55,9.064569,28819.0
2012-05-10,10.0,10.95,9.7,10.55,9.064569,26478.0
2012-05-11,10.5,10.7,10.25,10.3,8.849769,10207.0
2012-05-14,10.85,10.85,10.1,10.2,8.763846000000001,12113.0
2012-05-15,10.1,10.75,10.1,10.25,8.806809,58611.0
2012-05-16,10.05,10.7,10.05,10.65,9.150489,9990.0
2012-05-17,10.75,10.75,10.3,10.3,8.849769,3489.0
2012-05-18,10.5,10.7,9.55,10.1,8.677928999999999,12296.0
2012-05-21,10.7,10.7,10.05,10.7,9.193448,6337.0
2012-05-22,10.95,10.95,10.25,10.25,8.806809,7150.0
2012-05-23,10.6,10.6,9.6,10.1,8.677928999999999,2234.0
2012-05-24,10.65,10.65,10.25,10.25,8.806809,100.0
2012-05-25,10.05,10.25,9.7,9.95,8.549047,133848.0
2012-05-28,10.2,10.3,9.7,10.25,8.806809,185098.0
2012-05-29,10.25,10.4,10.0,10.25,8.806809,4797.0
2012-05-30,9.8,10.7,9.8,10.3,8.849769,17063.0
2012-05-31,10.35,10.35,9.6,10.2,8.763846000000001,35751.0
2012-06-01,9.95,10.45,9.95,10.0,8.592008,7400.0
2012-06-04,8.55,11.0,8.55,10.15,8.720888,27224.0
2012-06-05,10.4,10.4,10.3,10.3,8.849769,4156.0
2012-06-06,10.9,10.9,10.15,10.35,8.892728,16281.0
2012-06-07,10.6,10.6,10.2,10.2,8.763846000000001,1200.0
2012-06-08,10.75,10.95,9.9,10.1,8.677928999999999,44060.0
2012-06-11,10.6,10.6,10.0,10.1,8.677928999999999,28144.0
2012-06-12,10.3,10.6,9.8,10.0,8.592008,33564.0
2012-06-13,10.45,10.45,9.9,10.4,8.935687,7801.0
2012-06-14,10.4,10.4,10.05,10.1,8.677928999999999,14920.0
2012-06-15,10.3,10.4,9.9,9.95,8.549047,7440.0
2012-06-18,10.2,10.2,9.95,10.0,8.592008,9402.0
2012-06-19,10.15,10.3,9.95,10.25,8.806809,10927.0
2012-06-20,10.75,10.75,9.9,10.05,8.63497,156353.0
2012-06-21,10.15,10.35,10.0,10.1,8.677928999999999,13553.0
2012-06-22,10.4,10.4,9.85,9.85,8.463128999999999,47563.0
2012-06-25,9.9,10.25,9.6,10.0,8.592008,25999.0
2012-06-26,10.15,10.35,9.8,10.2,8.763846000000001,41912.0
2012-06-27,10.6,10.6,10.05,10.1,8.677928999999999,13188.0
2012-06-28,10.7,10.7,10.15,10.15,8.720888,62197.0
2012-06-29,10.85,10.85,10.25,10.8,9.279368,12670.0
2012-07-02,10.85,10.85,10.15,10.85,9.322330000000001,11124.0
2012-07-03,10.85,10.85,10.4,10.75,9.236408,7936.0
2012-07-04,10.85,11.3,10.8,11.2,9.623047999999999,15081.0
2012-07-05,11.4,11.45,11.0,11.15,9.580089,13808.0
2012-07-06,11.45,11.45,10.7,11.2,9.623047999999999,11611.0
2012-07-09,11.65,11.65,10.75,11.3,9.708969,757.0
2012-07-10,11.65,11.65,11.1,11.35,9.75193,5710.0
2012-07-11,11.95,11.95,10.75,11.4,9.794888,1259.0
2012-07-12,11.6,11.6,10.65,10.95,9.408249,6269.0
2012-07-13,10.85,11.95,10.7,10.9,9.365289,39781.0
2012-07-16,11.4,11.4,10.65,11.25,9.666008999999999,10654.0
2012-07-17,11.65,11.65,10.8,11.2,9.623047999999999,3303.0
2012-07-18,11.55,11.55,11.0,11.05,9.49417,7172.0
2012-07-19,11.85,11.85,11.1,11.4,9.794888,7775.0
2012-07-20,11.6,11.9,11.05,11.8,10.13857,5802.0
2012-07-23,11.9,12.2,11.15,12.0,10.310410000000001,184746.0
2012-07-24,12.0,12.5,11.6,12.3,10.56817,12604.0
2012-07-25,12.5,12.5,11.8,12.25,10.525211,102870.0
2012-07-26,12.4,12.4,11.5,11.65,10.009689,5627.0
2012-07-27,12.1,12.1,11.05,11.1,9.537128,6448.0
2012-07-30,11.8,11.85,11.05,11.25,9.666008999999999,956.0
2012-07-31,11.9,11.9,10.85,11.0,9.451209,3792.0
2012-08-01,11.65,11.65,11.0,11.0,9.451209,1464.0
2012-08-02,11.7,11.7,10.75,11.0,9.451209,1917.0
2012-08-03,10.5,11.25,10.4,10.85,9.322330000000001,20288.0
2012-08-06,10.8,11.25,10.5,11.0,9.451209,38651.0
2012-08-07,11.0,11.65,10.75,10.95,9.408249,27824.0
2012-08-08,10.75,11.65,10.75,10.9,9.365289,13115.0
2012-08-09,10.75,11.7,10.65,11.0,9.451209,55770.0
2012-08-10,11.0,11.0,10.8,11.0,9.451209,31400.0
2012-08-13,11.8,11.8,10.85,11.0,9.451209,35027.0
2012-08-14,11.0,11.0,10.0,10.8,9.279368,57719.0
2012-08-16,10.75,11.0,10.75,10.9,9.365289,12220.0
2012-08-17,10.8,11.0,10.8,10.95,9.408249,24018.0
2012-08-21,11.55,11.55,10.2,10.85,9.322330000000001,829.0
2012-08-22,11.0,11.0,10.65,10.85,9.322330000000001,1645.0
2012-08-23,10.75,10.95,10.2,10.8,9.279368,1993.0
2012-08-24,10.75,10.75,10.4,10.7,9.193448,20610.0
2012-08-27,10.6,10.9,10.25,10.5,9.021609,7698.0
2012-08-28,10.35,10.85,10.05,10.6,9.107529,7333.0
2012-08-29,10.85,10.9,10.4,10.65,9.150489,11560.0
2012-08-30,10.5,10.9,10.5,10.8,9.279368,1121.0
2012-08-31,10.55,11.0,10.5,10.65,9.150489,3201.0
2012-09-03,10.35,10.9,10.0,10.8,9.279368,7634.0
2012-09-04,11.25,11.25,10.1,10.75,9.236408,61889.0
2012-09-05,11.55,11.55,10.2,10.75,9.236408,54791.0
2012-09-06,11.35,11.35,10.25,10.85,9.322330000000001,10273.0
2012-09-07,10.7,10.7,10.4,10.7,9.193448,2706.0
2012-09-08,,,,,,
2012-09-10,10.9,11.2,10.75,11.05,9.49417,27271.0
2012-09-11,11.0,11.2,11.0,11.05,9.49417,4313.0
2012-09-12,12.6,12.6,11.0,11.1,9.803281,5720.0
2012-09-13,12.85,12.85,11.0,11.0,9.714964,20504.0
2012-09-14,11.0,11.45,11.0,11.25,9.935758,4500.0
2012-09-17,11.05,12.0,11.0,11.25,9.935758,4904.0
2012-09-18,12.05,12.05,11.25,11.5,10.156551,3256.0
2012-09-20,11.95,11.95,11.1,11.35,10.024077,3234.0
2012-09-21,11.55,11.7,11.0,11.05,9.759122999999999,25998.0
2012-09-24,11.05,11.7,11.0,11.05,9.759122999999999,10287.0
2012-09-25,11.9,11.9,11.05,11.25,9.935758,59282.0
2012-09-26,11.7,11.7,10.9,11.4,10.068234,4151.0
2012-09-27,11.85,11.85,11.05,11.2,9.891599000000001,7104.0
2012-09-28,11.2,11.6,11.0,11.25,9.935758,121610.0
2012-10-01,11.3,11.7,11.1,11.7,10.333188,3002.0
2012-10-03,11.95,12.2,11.3,11.95,10.553983,8392.0
2012-10-04,12.25,12.25,11.9,12.25,10.818937,104076.0
2012-10-05,12.6,12.6,11.7,11.95,10.553983,3930.0
2012-10-08,12.5,12.5,11.8,12.4,10.951412,16675.0
2012-10-09,12.6,12.9,12.4,12.6,11.12805,106866.0
2012-10-10,12.65,12.7,11.85,12.65,11.172207,11729.0
2012-10-11,12.4,13.3,12.0,12.45,10.995573,4027.0
2012-10-12,12.4,13.1,11.8,12.5,11.039731,4522.0
2012-10-15,12.4,13.1,12.0,13.0,11.481321000000001,18822.0
2012-10-16,12.7,13.0,12.2,12.55,11.083891,3446.0
2012-10-17,12.3,12.95,12.3,12.7,11.216367,2517.0
2012-10-18,12.7,12.85,11.55,11.7,10.333188,64082.0
2012-10-19,11.8,11.8,11.5,11.55,10.200712,21303.0
2012-10-22,11.4,11.95,11.4,11.8,10.421507,16676.0
2012-10-23,11.05,12.2,11.05,11.8,10.421507,94910.0
2012-10-25,11.8,11.9,11.55,11.75,10.377348,36500.0
2012-10-29,11.45,11.9,11.1,11.5,10.156551,7564.0
2012-10-30,11.05,11.6,10.1,11.6,10.244871,43744.0
2012-10-31,12.95,12.95,11.3,11.9,10.509825,17515.0
2012-11-01,11.75,11.95,11.3,11.65,10.289029,198468.0
2012-11-02,11.5,12.6,11.35,11.65,10.289029,3128.0
2012-11-05,11.55,12.0,11.55,11.8,10.421507,1682.0
2012-11-06,12.95,12.95,11.35,12.0,10.598142999999999,2120.0
2012-11-07,11.9,12.4,11.1,11.75,10.377348,5488.0
2012-11-08,11.7,14.1,11.5,14.1,12.452817999999999,128352.0
2012-11-09,14.95,16.450001,14.0,14.6,12.894405,402931.0
2012-11-11,,,,,,
2012-11-12,14.4,15.6,14.1,15.0,13.247677,251775.0
2012-11-15,15.3,15.3,13.3,13.45,11.87875,95871.0
2012-11-16,14.4,14.8,13.25,14.15,12.496976,138312.0
2012-11-19,14.2,14.2,13.3,13.8,12.187864,9775.0
2012-11-20,13.7,14.5,13.05,13.45,11.87875,60826.0
2012-11-21,13.0,16.1,13.0,16.1,14.219173999999999,1822284.0
2012-11-22,16.5,16.5,15.8,16.200001,14.307492000000002,470509.0
2012-11-23,16.450001,19.4,16.299999,19.299999,17.045343,1836316.0
2012-11-26,19.4,21.049999,19.25,20.5,18.105162,1036494.0
2012-11-27,20.700001,21.200001,19.75,19.9,17.575251,738189.0
2012-11-29,20.0,20.5,19.5,19.799999,17.486932999999997,909857.0
2012-11-30,19.700001,20.0,19.450001,19.5,17.221979,654384.0
2012-12-03,19.950001,21.1,19.700001,20.5,18.105162,904556.0
2012-12-04,21.0,21.1,20.75,21.0,18.546749,844985.0
2012-12-05,21.450001,21.450001,20.5,20.549999,18.149321,546575.0
2012-12-06,20.85,20.9,19.950001,20.049999,17.707726,399186.0
2012-12-07,20.4,20.450001,20.0,20.0,17.66357,232066.0
2012-12-10,20.049999,21.0,20.0,20.75,18.325953,338349.0
2012-12-11,20.5,22.799999,20.049999,22.700001,20.048154999999998,3519395.0
2012-12-12,23.0,24.85,23.0,24.6,21.726194,1474210.0
2012-12-13,24.85,26.299999,24.1,24.950001,22.035304999999997,2530893.0
2012-12-14,25.0,25.450001,24.450001,24.65,21.77035,1318145.0
2012-12-17,25.0,25.799999,24.9,25.049999,22.123619,1936931.0
2012-12-18,27.0,27.549999,26.4,27.5,24.287411,5827886.0
2012-12-19,28.700001,29.299999,27.049999,27.950001,24.684839,3330103.0
2012-12-20,28.0,28.0,26.5,27.049999,23.889975,2526444.0
2012-12-21,27.0,27.1,25.5,25.85,22.830166000000002,1016565.0
2012-12-24,26.25,26.85,25.0,25.200001,22.2561,849173.0
2012-12-26,25.450001,26.799999,25.25,25.85,22.830166000000002,1230986.0
2012-12-27,25.950001,26.4,25.0,25.049999,22.123619,474758.0
2012-12-28,25.35,26.4,24.950001,25.0,22.079462,3289543.0
2012-12-31,25.75,26.15,22.65,23.049999,20.357264,1281830.0
2013-01-01,23.4,24.0,21.049999,22.0,19.429928,936062.0
2013-01-02,22.549999,22.950001,21.200001,21.450001,18.944178,1458947.0
2013-01-03,21.5,21.5,19.799999,20.5,18.105162,1047649.0
2013-01-04,20.75,21.200001,20.450001,20.549999,18.149321,600643.0
2013-01-07,20.75,20.950001,19.6,19.799999,17.486932999999997,804247.0
2013-01-08,19.65,19.700001,19.0,19.0,16.780392000000003,1082960.0
2013-01-09,19.200001,20.15,18.5,19.0,16.780392000000003,1227497.0
2013-01-10,19.0,19.35,18.35,18.4,16.250486,627702.0
2013-01-11,18.0,18.9,18.0,18.25,16.11801,688588.0
2013-01-14,18.25,18.6,17.35,17.35,15.323148000000002,451498.0
2013-01-15,17.299999,18.200001,16.549999,18.1,15.985532000000001,719145.0
2013-01-16,18.200001,18.5,17.6,17.9,15.808894,858350.0
2013-01-17,18.25,18.25,17.299999,17.5,15.455625,857819.0
2013-01-18,17.5,17.9,17.0,17.200001,15.190672,601844.0
2013-01-21,17.1,17.450001,16.9,17.0,15.014033999999999,657746.0
2013-01-22,17.35,17.35,16.549999,16.9,14.925717,335533.0
2013-01-23,17.15,17.15,16.5,16.6,14.660764000000002,75463.0
2013-01-24,16.299999,16.950001,15.8,15.9,14.042537,808798.0
2013-01-25,15.9,15.95,15.3,15.5,13.689266,205104.0
2013-01-28,15.3,15.4,15.0,15.05,13.291838,600186.0
2013-01-29,15.3,15.3,14.3,14.4,12.717769,393717.0
2013-01-30,14.3,14.5,13.7,13.7,12.099544999999999,354688.0
2013-01-31,13.7,14.35,13.35,14.25,12.585293,376162.0
2013-02-01,14.05,14.95,13.55,13.65,12.055387,643536.0
2013-02-04,13.65,14.25,13.0,13.05,11.525478999999999,712701.0
2013-02-05,13.05,13.05,12.45,12.55,11.083891,348771.0
2013-02-06,12.5,12.5,11.95,12.05,10.642302,694942.0
2013-02-07,12.1,12.4,11.45,11.45,10.112394,312378.0
2013-02-08,11.45,11.5,10.95,11.0,9.714964,745905.0
2013-02-11,10.9,11.55,10.9,11.55,10.200712,64047.0
2013-02-12,12.1,12.1,11.5,11.75,10.377348,174507.0
2013-02-13,11.55,12.3,11.25,12.0,10.598142999999999,1145352.0
2013-02-14,12.25,12.55,11.4,11.4,10.068234,216232.0
2013-02-15,10.85,11.95,10.85,11.95,10.553983,219248.0
2013-02-18,12.1,12.2,11.4,11.45,10.112394,392072.0
2013-02-19,11.4,11.6,11.05,11.35,10.024077,255892.0
2013-02-20,11.3,11.55,10.9,11.0,9.714964,119081.0
2013-02-21,11.0,11.25,10.75,10.9,9.626645,182368.0
2013-02-22,11.0,11.4,11.0,11.4,10.068234,225720.0
2013-02-25,11.8,11.8,10.85,10.9,9.626645,185858.0
2013-02-26,11.3,11.3,10.75,10.8,9.538329,110360.0
2013-02-27,11.25,11.25,10.4,10.65,9.405851,147056.0
2013-02-28,11.0,11.15,10.3,10.4,9.185057,121743.0
2013-03-01,10.5,10.9,10.5,10.75,9.494168,84858.0
2013-03-04,10.5,10.9,10.4,10.55,9.317533000000001,163657.0
2013-03-05,10.9,10.9,10.5,10.55,9.317533000000001,150107.0
2013-03-06,11.0,11.0,10.45,10.5,9.273375,200582.0
2013-03-07,10.5,11.05,10.45,10.95,9.670805,86750.0
2013-03-08,10.85,11.5,10.8,11.05,9.759122999999999,110326.0
2013-03-11,11.05,11.4,11.05,11.35,10.024077,15147.0
2013-03-12,11.5,11.5,10.75,10.9,9.626645,52097.0
2013-03-13,10.75,10.95,10.55,10.7,9.45001,167922.0
2013-03-14,10.6,10.85,9.9,10.45,9.229215,212417.0
2013-03-15,10.65,10.7,10.1,10.4,9.185057,60995.0
2013-03-18,10.15,10.4,10.15,10.25,9.052581,62259.0
2013-03-19,10.15,10.45,9.9,10.0,8.831785,387053.0
2013-03-20,9.9,10.0,9.4,9.5,8.390196000000001,64783.0
2013-03-21,9.4,9.75,9.05,9.1,8.036925,139472.0
2013-03-22,9.1,9.4,8.9,8.95,7.904447,69786.0
2013-03-25,8.9,9.4,8.7,9.2,8.125243,84467.0
2013-03-26,9.45,9.45,8.95,9.2,8.125243,34535.0
2013-03-28,9.2,9.4,9.0,9.35,8.257719,49756.0
2013-04-01,9.55,9.8,9.2,9.65,8.522672,30133.0
2013-04-02,9.5,10.6,9.5,10.5,9.273375,127709.0
2013-04-03,9.45,10.4,9.45,9.85,8.699309,70803.0
2013-04-04,9.75,9.9,9.45,9.6,8.478514,81995.0
2013-04-05,9.45,9.8,9.3,9.65,8.522672,8674.0
2013-04-08,9.95,10.15,9.4,9.85,8.699309,16089.0
2013-04-09,9.8,10.15,9.7,9.7,8.566832000000002,24636.0
2013-04-10,9.7,9.85,9.4,9.7,8.566832000000002,50011.0
2013-04-11,9.85,9.9,9.6,9.75,8.61099,29709.0
2013-04-12,9.6,10.1,9.55,9.85,8.699309,75243.0
2013-04-15,9.95,10.4,9.5,10.15,8.964262,56391.0
2013-04-16,10.0,10.5,9.75,10.2,9.00842,134656.0
2013-04-17,10.4,10.4,10.0,10.05,8.875944,72753.0
2013-04-18,10.0,10.25,9.85,9.95,8.787625,48821.0
2013-04-22,10.0,10.2,9.85,9.95,8.787625,79367.0
2013-04-23,9.9,10.05,9.7,10.0,8.831785,22625.0
2013-04-25,9.9,10.2,9.8,9.9,8.743466,26425.0
2013-04-26,9.85,10.0,9.75,9.85,8.699309,23920.0
2013-04-29,9.8,10.0,9.75,9.75,8.61099,36975.0
2013-04-30,9.75,10.2,9.75,9.8,8.655149,47369.0
2013-05-02,9.95,10.15,9.45,9.65,8.522672,117472.0
2013-05-03,9.7,9.95,9.6,9.8,8.655149,20132.0
2013-05-06,9.95,10.1,9.75,10.0,8.831785,27536.0
2013-05-07,10.0,10.0,9.5,9.85,8.699309,97332.0
2013-05-08,9.9,9.95,9.55,9.75,8.61099,23197.0
2013-05-09,9.95,10.1,9.4,9.45,8.346036999999999,129330.0
2013-05-10,9.7,9.85,9.55,9.85,8.699309,35025.0
2013-05-13,9.9,10.0,9.65,9.75,8.61099,12202.0
2013-05-14,9.7,9.9,9.6,9.75,8.61099,15686.0
2013-05-15,9.7,10.1,9.4,9.5,8.390196000000001,187704.0
2013-05-16,9.45,9.7,9.45,9.65,8.522672,12282.0
2013-05-17,9.5,9.8,9.5,9.65,8.522672,42379.0
2013-05-20,9.7,9.85,9.4,9.8,8.655149,39575.0
2013-05-21,9.7,9.85,9.55,9.65,8.522672,18689.0
2013-05-22,9.85,9.85,9.4,9.6,8.478514,20724.0
2013-05-23,9.6,9.6,9.15,9.2,8.125243,41813.0
2013-05-24,9.25,9.5,9.0,9.0,7.948607000000001,20381.0
2013-05-27,9.1,10.5,8.95,10.3,9.096739,99108.0
2013-05-28,10.1,10.2,9.6,10.0,8.831785,29768.0
2013-05-29,9.9,10.25,9.7,10.0,8.831785,57761.0
2013-05-30,10.4,10.4,9.45,9.55,8.434355,81574.0
2013-05-31,9.45,9.8,9.25,9.4,8.301879,61168.0
2013-06-03,9.4,9.8,8.95,9.5,8.390196000000001,9560.0
2013-06-04,9.5,9.7,9.35,9.55,8.434355,13295.0
2013-06-05,9.5,9.7,9.1,9.5,8.390196000000001,19202.0
2013-06-06,9.3,9.7,9.3,9.45,8.346036999999999,18240.0
2013-06-07,9.75,9.75,9.35,9.45,8.346036999999999,12271.0
2013-06-10,9.05,9.8,9.05,9.4,8.301879,21691.0
2013-06-11,9.7,9.7,9.05,9.3,8.213560000000001,36053.0
2013-06-12,9.2,9.5,9.2,9.25,8.169400999999999,10297.0
2013-06-13,9.2,9.35,8.75,8.8,7.771971000000001,29882.0
2013-06-14,8.8,9.2,8.6,8.9,7.860288000000001,47820.0
2013-06-17,8.9,9.15,8.7,8.95,7.904447,9570.0
2013-06-18,9.0,9.3,8.7,9.1,8.036925,69487.0
2013-06-19,9.05,9.25,9.0,9.0,7.948607000000001,12620.0
2013-06-20,9.0,9.15,8.8,8.85,7.816128999999999,15013.0
2013-06-21,8.75,9.0,8.75,8.85,7.816128999999999,35578.0
2013-06-24,8.9,8.95,8.3,8.7,7.683653,25236.0
2013-06-25,8.95,8.95,8.55,8.9,7.860288000000001,10517.0
2013-06-26,8.7,9.25,8.4,8.95,7.904447,17792.0
2013-06-27,8.75,9.4,8.75,9.3,8.213560000000001,12253.0
2013-06-28,9.4,9.4,8.9,9.0,7.948607000000001,37026.0
2013-07-01,9.4,9.4,8.85,9.0,7.948607000000001,6948.0
2013-07-02,9.35,9.35,8.9,9.25,8.169400999999999,10713.0
2013-07-03,9.3,9.3,8.9,9.15,8.081082,6910.0
2013-07-04,9.3,9.3,9.0,9.05,7.9927660000000005,8941.0
2013-07-05,9.05,9.7,9.05,9.5,8.390196000000001,16992.0
2013-07-08,9.5,9.6,9.1,9.25,8.169400999999999,7411.0
2013-07-09,9.25,9.5,9.25,9.45,8.346036999999999,6346.0
2013-07-10,9.1,9.65,9.1,9.3,8.213560000000001,5954.0
2013-07-11,9.8,9.8,9.3,9.4,8.301879,16746.0
2013-07-12,9.2,9.75,9.2,9.35,8.257719,14845.0
2013-07-15,9.6,9.95,9.3,9.75,8.61099,18369.0
2013-07-16,9.5,9.75,9.35,9.7,8.566832000000002,13224.0
2013-07-17,9.9,10.0,9.55,9.6,8.478514,36820.0
2013-07-18,9.5,9.9,9.2,9.6,8.478514,10862.0
2013-07-19,9.45,9.75,9.2,9.3,8.213560000000001,33413.0
2013-07-22,9.2,9.7,9.1,9.7,8.566832000000002,11545.0
2013-07-23,9.35,9.7,9.3,9.65,8.522672,7519.0
2013-07-24,9.8,9.8,9.0,9.1,8.036925,82126.0
2013-07-25,9.0,9.5,8.85,9.2,8.125243,32324.0
2013-07-26,9.05,9.1,8.45,8.85,7.816128999999999,17859.0
2013-07-29,8.7,9.3,8.65,8.85,7.816128999999999,10989.0
2013-07-30,8.75,8.95,8.35,8.4,7.418699,10748.0
2013-07-31,8.4,8.6,7.8,8.05,7.109586999999999,16360.0
2013-08-01,8.4,8.4,7.75,7.95,7.021267999999999,18224.0
2013-08-02,8.0,8.75,7.85,8.1,7.153746000000001,21467.0
2013-08-05,8.0,9.3,7.9,8.9,7.860288000000001,17526.0
2013-08-06,8.25,8.85,8.25,8.3,7.330382000000001,14090.0
2013-08-07,8.25,8.55,8.0,8.3,7.330382000000001,14254.0
2013-08-08,8.5,9.0,8.3,8.95,7.904447,11128.0
2013-08-12,8.7,9.6,8.35,9.35,8.257719,29859.0
2013-08-13,9.5,9.6,8.8,9.45,8.346036999999999,41615.0
2013-08-14,9.2,9.8,9.1,9.55,8.434355,8872.0
2013-08-16,9.3,9.7,9.05,9.25,8.169400999999999,12875.0
2013-08-19,9.05,9.5,8.55,9.1,8.036925,33937.0
2013-08-20,9.0,9.15,8.65,8.85,7.816128999999999,9146.0
2013-08-21,9.7,9.7,8.6,8.9,7.860288000000001,50793.0
2013-08-22,8.75,9.4,8.25,8.95,7.904447,11898.0
2013-08-23,8.75,9.45,8.55,9.05,7.9927660000000005,26168.0
2013-08-26,9.1,9.35,9.0,9.2,8.125243,16254.0
2013-08-27,9.25,9.3,8.95,9.15,8.081082,7530.0
2013-08-28,8.9,9.1,8.4,8.8,7.771971000000001,22291.0
2013-08-29,8.7,9.1,8.55,8.95,7.904447,13929.0
2013-08-30,8.8,9.2,8.8,9.0,7.948607000000001,31210.0
2013-09-02,9.4,9.4,9.0,9.3,8.213560000000001,48392.0
2013-09-03,9.4,9.4,8.75,8.9,7.860288000000001,22231.0
2013-09-04,9.6,9.6,9.05,9.15,8.081082,36623.0
2013-09-05,9.65,9.65,9.1,9.35,8.257719,25338.0
2013-09-06,9.35,10.05,9.2,9.85,8.699309,50779.0
2013-09-10,9.75,10.1,9.1,9.35,8.257719,78049.0
2013-09-11,9.2,9.75,9.2,9.6,8.478514,12968.0
2013-09-12,10.75,10.75,9.2,9.3,8.570671,56663.0
2013-09-13,9.55,9.55,9.25,9.3,8.570671,12704.0
2013-09-16,9.3,9.3,8.95,9.0,8.294199,19588.0
2013-09-17,8.95,9.0,8.45,8.85,8.155961,12335.0
2013-09-18,9.35,9.35,8.3,8.35,7.695173,71210.0
2013-09-19,7.85,8.9,7.85,8.8,8.109882,36591.0
2013-09-20,8.7,8.95,8.4,8.45,7.78733,67922.0
2013-09-23,8.5,8.95,8.15,8.85,8.155961,70871.0
2013-09-24,8.9,8.95,8.3,8.55,7.879488,71848.0
2013-09-25,8.75,8.8,8.3,8.45,7.78733,64109.0
2013-09-26,8.85,8.85,8.1,8.4,7.741250999999999,90581.0
2013-09-27,8.65,8.8,8.4,8.55,7.879488,40240.0
2013-09-30,8.7,8.75,8.25,8.65,7.971646000000001,48260.0
2013-10-01,8.85,9.1,8.55,8.75,8.063804,37517.0
2013-10-03,8.8,9.2,8.65,9.0,8.294199,74708.0
2013-10-04,9.2,9.3,8.55,8.75,8.063804,114503.0
2013-10-07,8.6,9.0,8.6,8.9,8.20204,3073.0
2013-10-08,9.2,10.2,8.7,9.45,8.708908000000001,76336.0
2013-10-09,10.2,10.45,8.75,8.95,8.24812,383818.0
2013-10-10,9.5,9.5,8.6,8.75,8.063804,184307.0
2013-10-11,9.4,9.4,8.5,8.75,8.063804,62338.0
2013-10-14,8.9,9.0,8.7,8.75,8.063804,16710.0
2013-10-15,8.75,9.3,8.4,8.75,8.063804,101107.0
2013-10-17,8.85,9.0,8.6,8.95,8.24812,18415.0
2013-10-18,9.0,9.15,8.9,9.1,8.386356,25951.0
2013-10-21,9.15,9.15,8.9,9.05,8.340278999999999,17122.0
2013-10-22,8.9,9.15,8.9,9.0,8.294199,11208.0
2013-10-23,9.0,9.4,8.9,9.2,8.478514,28659.0
2013-10-24,9.2,9.3,9.05,9.2,8.478514,20949.0
2013-10-25,9.3,9.3,9.1,9.1,8.386356,7429.0
2013-10-28,9.1,9.35,9.0,9.05,8.340278999999999,12278.0
2013-10-29,9.2,9.3,9.0,9.3,8.570671,37455.0
2013-10-30,9.35,9.4,9.1,9.25,8.524592,6769.0
2013-10-31,9.15,9.35,9.1,9.25,8.524592,20078.0
2013-11-01,9.15,9.45,9.15,9.3,8.570671,19223.0
2013-11-05,9.25,9.4,9.0,9.05,8.340278999999999,9544.0
2013-11-06,9.35,9.4,9.1,9.2,8.478514,18613.0
2013-11-07,9.35,9.35,9.1,9.25,8.524592,35532.0
2013-11-08,9.1,9.2,9.1,9.2,8.478514,2832.0
2013-11-11,9.1,9.25,9.05,9.15,8.432435,7715.0
2013-11-12,9.3,9.35,8.9,8.95,8.24812,23232.0
2013-11-13,9.0,9.25,8.8,9.15,8.432435,32804.0
2013-11-14,9.0,9.3,9.0,9.15,8.432435,12773.0
2013-11-18,9.1,9.6,9.0,9.1,8.386356,26305.0
2013-11-19,9.25,9.25,9.0,9.0,8.294199,13961.0
2013-11-20,9.2,9.25,9.05,9.15,8.432435,4651.0
2013-11-21,9.05,9.3,9.0,9.25,8.524592,25171.0
2013-11-22,9.05,9.3,9.05,9.15,8.432435,15823.0
2013-11-25,8.6,9.3,8.6,9.1,8.386356,7855.0
2013-11-26,9.05,9.3,9.0,9.1,8.386356,12505.0
2013-11-27,9.25,9.35,9.15,9.3,8.570671,13959.0
2013-11-28,9.2,9.2,9.05,9.1,8.386356,2653.0
2013-11-29,9.1,10.9,9.1,10.9,10.045195,172312.0
2013-12-02,11.65,13.05,11.65,13.05,12.026587,499504.0
2013-12-03,13.95,14.25,13.3,13.9,12.809928,297610.0
2013-12-04,13.75,13.75,12.55,12.6,11.611877999999999,123040.0
2013-12-05,12.8,12.8,11.6,12.05,11.10501,105825.0
2013-12-06,12.0,12.3,11.2,11.55,10.644219999999999,66889.0
2013-12-09,11.55,11.75,10.6,11.1,10.229511,51303.0
2013-12-10,10.65,11.15,10.45,10.85,9.999118,33063.0
2013-12-11,10.9,10.9,10.55,10.75,9.90696,30583.0
2013-12-12,10.55,10.85,10.35,10.5,9.676563999999999,27218.0
2013-12-13,10.35,10.7,10.1,10.15,9.354011999999999,19023.0
2013-12-16,10.2,10.65,10.0,10.6,9.768723,23075.0
2013-12-17,10.5,11.05,10.4,10.75,9.90696,25106.0
2013-12-18,10.8,11.25,10.75,11.25,10.367747999999999,26087.0
2013-12-19,11.25,11.5,10.75,10.85,9.999118,19941.0
2013-12-20,10.75,11.0,10.5,10.65,9.8148,18848.0
2013-12-23,10.9,11.15,10.6,11.15,10.27559,18301.0
2013-12-24,11.7,11.7,11.3,11.5,10.598142999999999,29781.0
2013-12-26,11.5,12.0,11.3,11.9,10.966773,26771.0
2013-12-27,12.4,12.45,11.8,12.1,11.151089,22158.0
2013-12-30,12.35,12.35,11.6,11.95,11.012853,42022.0
2013-12-31,11.6,12.1,11.4,11.4,10.505984,80284.0
2014-01-01,11.4,11.5,11.25,11.3,10.413827000000001,30737.0
2014-01-02,11.75,11.75,11.1,11.3,10.413827000000001,32514.0
2014-01-03,11.1,11.45,10.75,11.25,10.367747999999999,30925.0
2014-01-06,11.4,11.8,11.15,11.6,10.6903,41024.0
2014-01-07,11.45,12.75,11.45,12.75,11.750114,94354.0
2014-01-08,13.25,13.65,12.7,12.75,11.750114,35063.0
2014-01-09,12.9,13.35,12.25,12.3,11.335403999999999,24259.0
2014-01-10,12.75,12.8,12.3,12.35,11.381483,12659.0
2014-01-13,12.7,12.7,11.9,12.3,11.335403999999999,29162.0
2014-01-14,12.05,12.65,12.0,12.5,11.51972,23232.0
2014-01-15,12.7,12.75,12.15,12.15,11.197167,12730.0
2014-01-16,12.15,12.5,11.8,11.85,10.920695,34667.0
2014-01-17,11.9,12.2,11.6,11.7,10.782458,5354.0
2014-01-20,11.6,12.1,11.45,11.85,10.920695,13163.0
2014-01-21,12.2,12.3,11.65,11.65,10.736379,8966.0
2014-01-22,11.65,11.95,11.4,11.6,10.6903,14229.0
2014-01-23,11.5,11.85,11.1,11.1,10.229511,31624.0
2014-01-24,11.3,11.65,10.5,10.55,9.722643,29350.0
2014-01-27,10.4,10.75,10.2,10.65,9.8148,14224.0
2014-01-28,10.6,10.9,10.05,10.8,9.953039,7058.0
2014-01-29,10.3,10.95,10.3,10.65,9.8148,8863.0
2014-01-30,10.1,10.85,10.1,10.65,9.8148,15524.0
2014-01-31,10.75,10.8,10.15,10.5,9.676563999999999,12092.0
2014-02-03,11.0,11.0,10.1,10.3,9.492249000000001,18224.0
2014-02-04,10.35,10.35,9.65,10.0,9.215776,23347.0
2014-02-05,10.5,10.5,9.9,9.95,9.169698,5059.0
2014-02-06,10.0,10.0,9.75,9.8,9.031460000000001,16228.0
2014-02-07,10.0,10.0,9.75,9.85,9.077539,7141.0
2014-02-10,9.75,9.9,9.35,9.65,8.893222999999999,20928.0
2014-02-11,9.75,10.0,9.25,9.45,8.708908000000001,9023.0
2014-02-12,9.35,9.75,9.25,9.35,8.616750999999999,21709.0
2014-02-13,9.5,9.8,9.0,9.2,8.478514,43678.0
2014-02-14,9.55,9.55,9.15,9.25,8.524592,1550.0
2014-02-17,9.6,9.65,9.3,9.45,8.708908000000001,13368.0
2014-02-18,9.45,9.75,8.75,9.45,8.708908000000001,14670.0
2014-02-19,9.65,10.2,9.6,10.05,9.261855,17161.0
2014-02-20,10.1,10.2,9.8,9.9,9.123617999999999,11690.0
2014-02-21,10.25,10.25,10.0,10.15,9.354011999999999,6133.0
2014-02-24,10.0,10.4,9.6,10.25,9.44617,9164.0
2014-02-25,9.85,10.45,9.85,10.2,9.400089999999999,21439.0
2014-02-26,10.0,10.5,10.0,10.1,9.307934,17867.0
2014-02-28,10.5,10.5,10.0,10.2,9.400089999999999,8701.0
2014-03-03,10.0,10.25,9.9,9.95,9.169698,14699.0
2014-03-04,10.3,10.3,9.55,9.75,8.985381,5266.0
2014-03-05,9.7,9.95,9.55,9.8,9.031460000000001,8286.0
2014-03-06,10.0,10.0,9.75,9.75,8.985381,4928.0
2014-03-07,10.2,11.3,10.2,10.9,10.045195,82077.0
2014-03-10,10.3,11.1,9.3,10.2,9.400089999999999,32937.0
2014-03-11,11.2,11.2,9.65,10.0,9.215776,18421.0
2014-03-12,9.9,10.4,9.9,10.2,9.400089999999999,14164.0
2014-03-13,10.0,10.4,10.0,10.1,9.307934,11666.0
2014-03-14,10.1,10.4,9.85,10.0,9.215776,6308.0
2014-03-18,10.4,10.5,10.15,10.25,9.44617,20157.0
2014-03-19,10.5,10.5,9.95,10.2,9.400089999999999,8092.0
2014-03-20,9.35,10.3,9.35,10.25,9.44617,7106.0
2014-03-21,10.05,10.65,10.05,10.45,9.630486,28771.0
2014-03-22,,,,,,
2014-03-24,10.65,10.65,10.25,10.4,9.584408,10323.0
2014-03-25,10.1,10.65,9.9,10.0,9.215776,19789.0
2014-03-26,10.45,10.5,9.8,9.95,9.169698,41211.0
2014-03-27,10.4,10.4,9.8,10.25,9.44617,11061.0
2014-03-28,10.3,10.4,9.95,10.05,9.261855,28779.0
2014-03-31,10.15,11.0,9.8,10.75,9.90696,99305.0
2014-04-01,10.6,10.95,10.55,10.75,9.90696,46013.0
2014-04-02,10.85,11.05,10.65,10.75,9.90696,17814.0
2014-04-03,11.05,11.05,10.6,10.75,9.90696,3306.0
2014-04-04,10.6,10.8,10.25,10.55,9.722643,18722.0
2014-04-07,10.25,10.8,10.0,10.5,9.676563999999999,13817.0
2014-04-09,10.2,11.2,10.2,10.7,9.86088,29051.0
2014-04-10,10.7,11.15,10.7,10.95,10.091275,11031.0
2014-04-11,10.8,11.0,10.65,10.8,9.953039,11282.0
2014-04-15,10.65,10.8,10.55,10.7,9.86088,14844.0
2014-04-16,10.55,10.9,10.25,10.45,9.630486,10832.0
2014-04-17,10.5,10.7,10.2,10.55,9.722643,13183.0
2014-04-21,10.2,11.0,10.1,10.6,9.768723,16276.0
2014-04-22,10.3,11.3,10.3,10.8,9.953039,31232.0
2014-04-23,10.75,11.1,10.7,10.95,10.091275,5850.0
2014-04-24,10.95,10.95,10.95,10.95,10.091275,0.0
2014-04-25,11.0,11.0,10.6,10.65,9.8148,10829.0
2014-04-28,11.75,11.75,10.6,10.95,10.091275,7595.0
2014-04-29,10.4,11.4,10.4,10.8,9.953039,13382.0
2014-04-30,10.75,11.1,10.6,10.75,9.90696,16051.0
2014-05-02,10.75,11.15,10.6,10.8,9.953039,23017.0
2014-05-05,11.3,11.3,10.8,10.9,10.045195,15817.0
2014-05-06,11.0,11.0,10.6,10.65,9.8148,27107.0
2014-05-07,10.95,11.1,10.65,10.7,9.86088,5438.0
2014-05-08,10.6,11.1,10.6,10.95,10.091275,12423.0
2014-05-09,10.7,11.1,10.7,11.0,10.137353,23331.0
2014-05-12,11.1,11.1,10.65,10.95,10.091275,24931.0
2014-05-13,10.65,11.25,10.65,10.8,9.953039,34896.0
2014-05-14,10.65,11.0,10.2,10.9,10.045195,13366.0
2014-05-15,11.1,11.5,10.7,10.95,10.091275,55377.0
2014-05-16,10.8,11.25,10.5,10.5,9.676563999999999,56746.0
2014-05-19,10.5,10.95,10.4,10.75,9.90696,63521.0
2014-05-20,10.6,12.7,10.6,12.55,11.565799,82122.0
2014-05-21,12.9,13.3,12.2,12.6,11.611877999999999,52031.0
2014-05-22,13.0,13.1,12.6,12.7,11.704036,48422.0
2014-05-23,12.8,13.45,12.7,12.9,11.88835,66841.0
2014-05-26,13.2,13.5,11.6,12.3,11.335403999999999,48328.0
2014-05-27,12.4,13.1,11.5,12.2,11.243248,54208.0
2014-05-28,12.0,12.6,11.85,11.95,11.012853,33811.0
2014-05-29,12.4,12.4,11.55,11.6,10.6903,12528.0
2014-05-30,11.6,12.1,11.15,11.3,10.413827000000001,17003.0
2014-06-02,11.75,12.4,11.2,12.0,11.05893,77986.0
2014-06-03,12.7,12.7,11.5,11.7,10.782458,25904.0
2014-06-04,12.1,12.1,11.6,11.7,10.782458,23206.0
2014-06-05,11.75,12.2,11.7,11.8,10.874616,42441.0
2014-06-06,12.3,12.3,11.95,12.15,11.197167,36217.0
2014-06-09,12.3,12.9,12.25,12.45,11.473641,63587.0
2014-06-10,12.25,12.75,11.85,12.45,11.473641,24544.0
2014-06-11,12.3,14.9,12.3,14.9,13.731506,598464.0
2014-06-12,15.5,17.049999,15.2,15.8,14.560926,425434.0
2014-06-13,16.0,16.4,13.75,14.15,13.040322,175956.0
2014-06-16,14.1,14.1,11.35,13.2,12.164825,87713.0
2014-06-17,13.5,14.4,13.2,13.85,12.76385,60927.0
2014-06-18,13.75,14.2,13.4,13.45,12.395219,44066.0
2014-06-19,13.4,13.95,13.1,13.45,12.395219,42357.0
2014-06-20,13.3,14.0,13.3,13.6,12.533457,26270.0
2014-06-23,13.5,14.0,13.5,13.75,12.671691000000001,22660.0
2014-06-24,13.95,15.0,13.7,14.65,13.501110999999998,81800.0
2014-06-25,14.6,14.7,13.75,14.05,12.948165,15348.0
2014-06-26,14.0,14.2,13.5,13.9,12.809928,19248.0
2014-06-27,13.8,14.4,13.1,13.7,12.625613000000001,24344.0
2014-06-30,14.2,14.9,13.75,14.55,13.408954999999999,48492.0
2014-07-01,15.3,15.3,13.65,14.65,13.501110999999998,64304.0
2014-07-02,14.95,15.05,14.5,14.7,13.547191,54046.0
2014-07-03,14.65,15.5,14.65,14.85,13.685428,42349.0
2014-07-04,15.25,15.4,14.7,14.9,13.731506,42627.0
2014-07-07,15.0,15.4,14.25,14.65,13.501110999999998,31674.0
2014-07-08,14.25,14.95,13.8,13.85,12.76385,37527.0
2014-07-09,15.6,15.6,13.1,13.6,12.533457,31229.0
2014-07-10,14.95,14.95,12.8,13.45,12.395219,26583.0
2014-07-11,13.9,13.9,12.45,13.0,11.980508,40181.0
2014-07-14,13.0,13.0,10.65,11.5,10.598142999999999,73000.0
2014-07-15,11.65,12.0,11.65,11.85,10.920695,24005.0
2014-07-16,11.7,12.0,11.55,11.85,10.920695,10156.0
2014-07-17,11.7,12.5,11.5,11.8,10.874616,28976.0
2014-07-18,12.05,12.3,11.95,12.05,11.10501,12892.0
2014-07-21,13.4,13.4,11.95,12.45,11.473641,22205.0
2014-07-22,12.6,12.95,12.3,12.45,11.473641,14180.0
2014-07-23,12.85,13.0,12.15,12.7,11.704036,14426.0
2014-07-24,12.85,12.95,12.4,12.45,11.473641,6237.0
2014-07-25,12.35,12.7,12.25,12.3,11.335403999999999,1760.0
2014-07-28,12.3,12.7,12.1,12.1,11.151089,2401.0
2014-07-30,12.1,12.2,11.65,11.85,10.920695,9982.0
2014-07-31,11.9,12.45,11.2,11.55,10.644219999999999,11123.0
2014-08-01,11.45,12.0,11.05,11.7,10.782458,11608.0
2014-08-04,11.55,11.85,11.45,11.5,10.598142999999999,6838.0
2014-08-05,11.9,12.1,11.6,12.1,11.151089,4343.0
2014-08-06,12.0,12.45,11.6,11.75,10.828536999999999,5950.0
2014-08-07,12.0,12.0,11.2,11.5,10.598142999999999,15650.0
2014-08-08,12.0,12.0,11.35,11.6,10.6903,8854.0
2014-08-11,12.25,12.25,11.5,11.75,10.828536999999999,3383.0
2014-08-12,11.6,12.2,11.1,11.5,10.598142999999999,8556.0
2014-08-13,12.0,12.0,11.4,11.4,10.505984,9827.0
2014-08-14,12.7,12.7,11.15,11.5,10.598142999999999,7169.0
2014-08-18,12.0,13.75,11.6,11.95,11.012853,23265.0
2014-08-19,11.8,12.4,11.55,11.95,11.012853,14835.0
2014-08-20,11.85,12.3,11.65,12.2,11.243248,35572.0
2014-08-21,12.4,12.4,11.5,11.85,11.290888,13678.0
2014-08-22,12.0,12.1,11.3,12.0,11.433810000000001,8811.0
2014-08-25,12.0,12.0,11.4,11.6,11.052684,12222.0
2014-08-26,11.5,12.0,11.1,11.6,11.052684,59935.0
2014-08-27,11.5,11.65,11.35,11.35,10.81448,28681.0
2014-08-28,11.4,11.85,11.35,11.35,10.81448,13868.0
2014-09-01,12.0,12.0,11.1,11.6,11.052684,14465.0
2014-09-02,11.65,11.9,11.3,11.5,10.957400999999999,7443.0
2014-09-03,11.6,13.8,11.6,13.8,13.148882,127655.0
2014-09-04,15.6,15.6,13.0,13.85,13.196523999999998,270542.0
2014-09-05,14.0,14.3,12.95,13.15,12.529551,74462.0
2014-09-08,13.4,13.85,12.7,13.7,13.0536,49752.0
2014-09-09,13.7,14.75,13.65,14.1,13.434728,80214.0
2014-09-10,14.2,14.3,13.7,13.9,13.244163,27117.0
2014-09-11,14.3,14.3,13.8,13.85,13.196523999999998,21588.0
2014-09-12,13.85,14.0,12.9,13.2,12.577191000000001,55446.0
2014-09-15,13.0,13.4,12.5,12.9,12.291346,49577.0
2014-09-16,13.0,13.35,11.7,12.0,11.433810000000001,53115.0
2014-09-17,12.3,12.3,11.7,12.15,11.576734,26624.0
2014-09-18,12.15,12.9,11.8,12.65,12.053142,19398.0
2014-09-19,13.55,13.55,12.35,12.45,11.862578,17212.0
2014-09-22,12.9,14.6,12.05,13.5,12.863036,131994.0
2014-09-23,14.3,14.3,12.25,12.35,11.767297,75950.0
2014-09-24,12.2,12.8,11.9,12.55,11.95786,29248.0
2014-09-25,12.5,12.8,11.9,11.95,11.38617,15738.0
2014-09-26,12.0,12.4,11.4,12.0,11.433810000000001,41990.0
2014-09-29,12.5,13.1,11.9,12.55,11.95786,22628.0
2014-09-30,12.85,12.85,12.0,12.05,11.481451,19993.0
2014-10-01,12.0,12.0,11.7,11.85,11.290888,13380.0
2014-10-07,11.7,12.25,11.6,11.8,11.243248,11105.0
2014-10-08,11.9,12.2,11.6,11.75,11.195606,7392.0
2014-10-09,12.25,12.25,11.75,11.9,11.338529,8683.0
2014-10-10,12.1,12.1,11.55,11.75,11.195606,19579.0
2014-10-13,11.75,12.0,11.5,11.6,11.052684,21801.0
2014-10-14,12.0,12.0,11.6,11.65,11.100324,11981.0
2014-10-15,11.65,11.65,11.65,11.65,11.100324,0.0
2014-10-16,11.55,11.95,11.3,11.5,10.957400999999999,21963.0
2014-10-17,11.3,11.5,10.9,11.0,10.480992,48313.0
2014-10-20,11.5,11.6,11.0,11.4,10.862121,3401.0
2014-10-21,11.1,11.55,11.0,11.15,10.623916,28089.0
2014-10-22,11.05,11.4,10.6,11.35,10.81448,13939.0
2014-10-27,11.85,11.85,11.25,11.4,10.862121,18419.0
2014-10-28,11.6,11.9,11.05,11.45,10.909761,3577.0
2014-10-29,11.35,11.7,11.35,11.4,10.862121,5952.0
2014-10-30,11.4,11.5,11.1,11.45,10.909761,13585.0
2014-10-31,11.45,11.85,11.15,11.75,11.195606,56016.0
2014-11-03,11.6,12.5,11.6,12.2,11.624375,44786.0
2014-11-05,11.35,12.75,11.35,12.3,11.719656,26403.0
2014-11-07,12.3,12.35,11.7,11.95,11.38617,20822.0
2014-11-10,12.65,12.65,11.7,11.95,11.38617,17864.0
2014-11-11,11.8,12.3,11.65,11.9,11.338529,13777.0
2014-11-12,11.65,11.85,11.15,11.4,10.862121,45143.0
2014-11-13,11.4,11.65,11.1,11.25,10.719197,14833.0
2014-11-14,11.3,11.9,11.3,11.5,10.957400999999999,27555.0
2014-11-17,11.45,11.8,11.3,11.5,10.957400999999999,8694.0
2014-11-18,11.4,11.8,11.35,11.5,10.957400999999999,15864.0
2014-11-19,11.75,11.75,11.5,11.5,10.957400999999999,8439.0
2014-11-20,11.5,11.85,11.3,11.4,10.862121,14679.0
2014-11-21,11.75,11.75,11.3,11.3,10.766839,5933.0
2014-11-24,11.35,11.7,11.25,11.3,10.766839,5019.0
2014-11-25,11.65,11.65,10.7,10.8,10.290431,18821.0
2014-11-26,10.75,11.25,10.7,10.95,10.433352000000001,14220.0
2014-11-27,10.9,11.2,10.8,10.85,10.338071000000001,14301.0
2014-11-28,10.85,11.2,10.85,11.0,10.480992,12814.0
2014-12-01,11.0,11.2,10.8,10.85,10.338071000000001,8300.0
2014-12-02,10.85,11.3,10.35,11.2,10.671557,61032.0
2014-12-03,11.0,11.5,10.95,11.45,10.909761,15265.0
2014-12-04,11.2,13.25,11.1,12.65,12.053142,250525.0
2014-12-05,12.4,12.75,12.1,12.25,11.672015,35893.0
2014-12-08,12.25,12.25,11.9,11.9,11.338529,37794.0
2014-12-09,11.9,11.95,11.15,11.3,10.766839,57473.0
2014-12-10,11.75,11.75,11.25,11.3,10.766839,13253.0
2014-12-11,11.65,11.65,11.4,11.4,10.862121,28165.0
2014-12-12,11.4,11.65,11.1,11.1,10.576275,24709.0
2014-12-15,11.0,12.65,10.9,12.3,11.719656,79941.0
2014-12-16,12.15,12.3,11.15,11.25,10.719197,28579.0
2014-12-17,11.2,11.45,10.9,11.25,10.719197,48336.0
2014-12-18,11.3,11.7,11.25,11.35,10.81448,7593.0
2014-12-19,11.9,11.9,11.05,11.3,10.766839,8436.0
2014-12-22,11.7,11.7,10.9,11.15,10.623916,20751.0
2014-12-23,11.4,11.4,10.85,11.2,10.671557,8567.0
2014-12-24,11.3,11.55,11.0,11.2,10.671557,4471.0
2014-12-26,11.15,11.55,11.0,11.3,10.766839,14862.0
2014-12-29,11.45,12.05,11.2,11.55,11.005042999999999,55341.0
2014-12-30,11.8,11.8,11.5,11.75,11.195606,28142.0
2014-12-31,11.8,11.85,11.35,11.55,11.005042999999999,13653.0
2015-01-01,11.95,12.25,11.4,11.7,11.147966,13882.0
2015-01-02,11.9,11.9,11.5,11.7,11.147966,12437.0
2015-01-05,11.55,12.0,11.35,11.6,11.052684,13223.0
2015-01-06,11.6,11.6,11.1,11.2,10.671557,18236.0
2015-01-07,11.2,11.55,11.1,11.15,10.623916,4931.0
2015-01-08,11.2,11.5,11.1,11.45,10.909761,13523.0
2015-01-09,11.45,11.75,10.65,11.45,10.909761,18343.0
2015-01-12,11.7,11.7,10.95,11.3,10.766839,31146.0
2015-01-13,11.3,11.55,11.2,11.35,10.81448,6740.0
2015-01-14,11.2,11.75,11.2,11.5,10.957400999999999,15324.0
2015-01-15,11.9,11.9,11.2,11.5,10.957400999999999,13621.0
2015-01-16,11.4,11.6,11.2,11.45,10.909761,4852.0
2015-01-19,11.9,11.9,11.4,11.6,11.052684,5232.0
2015-01-20,11.5,11.75,11.1,11.55,11.005042999999999,23205.0
2015-01-21,11.4,11.6,11.25,11.5,10.957400999999999,20520.0
2015-01-22,11.35,11.85,11.3,11.45,10.909761,26990.0
2015-01-23,11.4,11.7,11.3,11.55,11.005042999999999,42367.0
2015-01-27,11.65,11.9,11.45,11.7,11.147966,4734.0
2015-01-28,11.2,12.2,11.2,11.6,11.052684,18913.0
2015-01-29,11.75,12.2,11.65,11.8,11.243248,75231.0
2015-01-30,11.7,12.05,11.2,11.55,11.005042999999999,21198.0
2015-02-02,11.6,11.9,11.4,11.65,11.100324,3672.0
2015-02-03,11.85,11.85,11.3,11.45,10.909761,10776.0
2015-02-04,11.75,11.75,11.5,11.55,11.005042999999999,2064.0
2015-02-05,11.55,11.7,11.45,11.55,11.005042999999999,49748.0
2015-02-06,11.45,11.9,11.3,11.4,10.862121,7117.0
2015-02-09,11.4,11.7,11.1,11.3,10.766839,19282.0
2015-02-10,11.15,11.95,11.15,11.15,10.623916,13108.0
2015-02-11,11.85,11.85,11.3,11.3,10.766839,4357.0
2015-02-12,11.6,11.7,11.0,11.3,10.766839,38839.0
2015-02-13,11.2,11.5,11.05,11.1,10.576275,10434.0
2015-02-16,11.15,11.3,10.25,11.0,10.480992,18895.0
2015-02-18,11.15,11.35,11.05,11.05,10.528635000000001,10041.0
2015-02-19,11.4,11.4,10.9,11.15,10.623916,3472.0
2015-02-20,11.05,11.35,10.85,11.1,10.576275,8546.0
2015-02-23,11.35,11.45,10.95,11.0,10.480992,24238.0
2015-02-24,10.45,11.15,10.45,10.85,10.338071000000001,4895.0
2015-02-25,11.1,11.2,10.65,10.85,10.338071000000001,5903.0
2015-02-26,11.0,11.2,10.2,10.8,10.290431,6058.0
2015-02-27,11.0,11.2,10.8,10.85,10.338071000000001,3651.0
2015-02-28,,,,,,
2015-03-02,10.8,11.0,10.1,10.85,10.338071000000001,33187.0
2015-03-03,10.95,10.95,10.3,10.75,10.242789,3707.0
2015-03-04,10.7,11.0,10.5,10.55,10.052225,8424.0
2015-03-05,10.9,10.9,10.25,10.4,9.909302,8393.0
2015-03-09,10.9,10.9,10.0,10.1,9.623457,12070.0
2015-03-10,10.7,10.7,9.35,10.2,9.718738,22093.0
2015-03-11,10.7,10.75,10.1,10.5,10.004584,20551.0
2015-03-12,10.9,10.9,10.0,10.35,9.861661999999999,7025.0
2015-03-13,10.75,10.75,9.4,10.05,9.575816,18109.0
2015-03-16,10.6,10.6,9.8,10.0,9.528175,21862.0
2015-03-17,10.3,10.3,9.75,10.05,9.575816,23684.0
2015-03-18,10.1,10.25,9.65,9.9,9.432893,9913.0
2015-03-19,9.9,10.15,9.7,9.75,9.28997,11376.0
2015-03-20,9.8,10.1,9.6,10.0,9.528175,6233.0
2015-03-23,9.85,9.95,9.5,9.75,9.28997,12818.0
2015-03-24,9.6,9.85,9.1,9.55,9.099407000000001,19948.0
2015-03-25,9.75,9.8,9.0,9.35,8.908843,17058.0
2015-03-26,9.8,9.8,9.0,9.1,8.670639999999999,13655.0
2015-03-27,9.5,9.5,9.0,9.15,8.71828,10904.0
2015-03-30,10.85,10.85,8.8,9.3,8.861203,6522.0
2015-03-31,10.35,10.35,9.25,9.5,9.051766,20168.0
2015-04-01,9.4,10.05,9.0,9.7,9.24233,15083.0
2015-04-06,10.35,10.35,9.75,10.05,9.575816,3582.0
2015-04-07,10.4,10.4,9.7,9.95,9.480535,5977.0
2015-04-08,10.85,10.85,10.35,10.7,10.195147,35497.0
2015-04-09,11.4,11.4,10.3,10.85,10.338071000000001,5989.0
2015-04-10,10.85,11.4,10.4,10.85,10.338071000000001,8859.0
2015-04-13,11.35,11.35,10.5,10.6,10.099865,16023.0
2015-04-15,12.05,12.05,9.85,10.55,10.052225,58578.0
2015-04-16,10.4,10.9,10.1,10.2,9.718738,5317.0
2015-04-17,10.75,10.8,10.05,10.45,9.956942,32455.0
2015-04-20,10.2,10.85,10.2,10.5,10.004584,5795.0
2015-04-21,10.5,10.8,9.35,10.0,9.528175,27565.0
2015-04-22,10.0,10.2,9.75,9.8,9.337611,5006.0
2015-04-23,10.3,10.3,10.0,10.05,9.575816,1029.0
2015-04-24,10.05,10.15,9.8,10.0,9.528175,5331.0
2015-04-27,10.05,10.8,9.8,10.45,9.956942,28903.0
2015-04-28,10.8,10.8,10.05,10.2,9.718738,2171.0
2015-04-29,10.75,10.75,9.9,10.15,9.671097,15702.0
2015-04-30,10.35,10.35,9.8,9.9,9.432893,2118.0
2015-05-04,9.9,10.1,9.8,9.95,9.480535,10610.0
2015-05-05,10.0,10.25,10.0,10.05,9.575816,2037.0
2015-05-06,10.4,10.4,9.6,9.95,9.480535,6136.0
2015-05-07,9.95,9.95,9.2,9.35,8.908843,15257.0
2015-05-08,10.4,10.45,9.4,9.55,9.099407000000001,10843.0
2015-05-11,9.7,9.8,9.25,9.7,9.24233,16838.0
2015-05-12,9.7,9.75,9.3,9.6,9.147048,1306.0
2015-05-13,9.55,10.0,9.1,9.4,8.956485,7532.0
2015-05-14,9.7,9.7,9.3,9.4,8.956485,4148.0
2015-05-15,9.7,9.7,9.4,9.6,9.147048,8279.0
2015-05-18,9.55,9.8,9.15,9.6,9.147048,7863.0
2015-05-19,9.6,9.8,9.2,9.45,9.004126,7452.0
2015-05-20,9.5,9.8,9.2,9.75,9.28997,5131.0
2015-05-21,9.75,10.05,9.5,9.7,9.24233,12405.0
2015-05-22,9.55,10.35,9.25,9.6,9.147048,12117.0
2015-05-25,9.55,10.0,9.5,9.85,9.385253,2616.0
2015-05-26,10.0,10.5,9.5,10.05,9.575816,11306.0
2015-05-27,10.0,10.5,9.9,10.0,9.528175,31264.0
2015-05-28,10.35,10.35,9.5,9.8,9.337611,18581.0
2015-05-29,10.15,10.15,8.65,9.2,8.765921,23226.0
2015-06-01,9.3,9.7,9.0,9.5,9.051766,16381.0
2015-06-02,9.9,9.9,9.2,9.2,8.765921,15524.0
2015-06-03,9.4,9.5,8.75,8.95,8.527716999999999,15814.0
2015-06-04,8.95,9.25,8.5,8.8,8.384794,6654.0
2015-06-05,9.1,9.4,8.3,8.55,8.14659,36390.0
2015-06-08,8.45,8.75,8.3,8.35,7.956026,14328.0
2015-06-09,8.4,8.7,8.3,8.5,8.098949000000001,1900.0
2015-06-10,8.35,8.75,8.25,8.5,8.098949000000001,3339.0
2015-06-11,8.6,8.6,8.2,8.3,7.908385000000001,2978.0
2015-06-12,8.35,8.5,8.0,8.35,7.956026,8783.0
2015-06-15,8.55,8.9,8.45,8.65,8.241872,3751.0
2015-06-16,8.65,9.4,8.5,9.2,8.765921,6988.0
2015-06-17,9.2,9.2,8.5,8.8,8.384794,4594.0
2015-06-18,8.7,8.7,8.45,8.5,8.098949000000001,7482.0
2015-06-19,8.55,8.9,8.55,8.85,8.432435,7881.0
2015-06-22,8.8,8.85,8.6,8.65,8.241872,2411.0
2015-06-23,8.9,9.5,8.75,8.8,8.384794,35200.0
2015-06-24,8.8,8.9,8.65,8.75,8.337152,3311.0
2015-06-25,8.95,8.95,8.6,8.7,8.289512,4214.0
2015-06-26,8.6,8.8,8.6,8.8,8.384794,3270.0
2015-06-29,8.6,8.6,8.35,8.35,7.956026,6809.0
2015-06-30,9.3,9.3,8.4,8.65,8.241872,8300.0
2015-07-01,8.9,8.9,8.5,8.55,8.14659,1804.0
2015-07-02,8.55,8.9,8.5,8.7,8.289512,7346.0
2015-07-03,8.85,9.5,8.5,9.0,8.575357,44339.0
2015-07-06,9.0,9.4,8.5,9.0,8.575357,8973.0
2015-07-07,9.0,9.5,9.0,9.3,8.861203,36911.0
2015-07-08,9.2,9.3,8.55,9.05,8.622999,6118.0
2015-07-09,9.7,9.7,9.0,9.0,8.575357,4482.0
2015-07-10,9.05,9.7,9.05,9.3,8.861203,6431.0
2015-07-13,9.5,9.5,9.1,9.25,8.813561,2615.0
2015-07-14,9.5,9.5,9.0,9.15,8.71828,4502.0
2015-07-15,9.5,9.7,9.15,9.3,8.861203,24551.0
2015-07-16,9.5,9.5,9.05,9.4,8.956485,20067.0
2015-07-17,9.45,9.8,9.0,9.7,9.24233,26364.0
2015-07-20,9.6,9.8,9.3,9.75,9.28997,10122.0
2015-07-21,9.6,9.8,9.3,9.3,8.861203,31242.0
2015-07-22,9.2,9.5,9.1,9.2,8.765921,2786.0
2015-07-23,9.25,9.35,8.95,9.0,8.575357,9075.0
2015-07-24,9.25,9.25,9.1,9.2,8.765921,4848.0
2015-07-27,9.0,9.45,9.0,9.1,8.670639999999999,2476.0
2015-07-28,9.05,9.5,9.05,9.15,8.71828,12450.0
2015-07-29,9.45,9.45,9.0,9.3,8.861203,7211.0
2015-07-30,9.3,9.7,8.25,9.6,9.147048,116732.0
2015-07-31,9.3,9.5,9.15,9.35,8.908843,6095.0
2015-08-03,9.25,9.4,8.95,9.1,8.670639999999999,7291.0
2015-08-04,9.0,9.4,8.9,9.1,8.670639999999999,13545.0
2015-08-05,9.05,9.5,9.0,9.15,8.71828,10976.0
2015-08-06,9.05,9.15,8.8,9.1,8.670639999999999,20660.0
2015-08-07,9.0,9.25,8.85,9.0,8.575357,9399.0
2015-08-10,9.0,9.2,8.9,9.05,8.622999,6624.0
2015-08-11,8.9,9.1,8.5,8.95,8.527716999999999,5546.0
2015-08-12,8.95,9.1,8.75,8.95,8.527716999999999,6452.0
2015-08-13,9.2,9.25,8.55,8.8,8.384794,7975.0
2015-08-14,8.8,9.25,8.1,9.1,8.670639999999999,11484.0
2015-08-17,9.1,9.1,8.75,9.0,8.575357,2930.0
2015-08-18,9.0,9.1,8.65,8.8,8.384794,11588.0
2015-08-19,9.1,9.1,8.65,9.0,8.575357,16717.0
2015-08-20,9.0,9.1,9.0,9.0,8.575357,1154.0
2015-08-21,9.05,9.05,8.65,9.0,8.575357,7782.0
2015-08-24,8.8,8.8,8.4,8.55,8.14659,16705.0
2015-08-25,9.0,9.0,8.0,8.15,7.765461999999999,40644.0
2015-08-26,8.05,8.75,8.05,8.35,7.956026,6649.0
2015-08-27,8.5,8.95,8.35,8.7,8.289512,5587.0
2015-08-28,8.65,8.85,8.5,8.85,8.432435,5394.0
2015-08-31,8.7,8.9,8.4,8.65,8.241872,2455.0
2015-09-01,8.55,8.7,8.35,8.5,8.098949000000001,783.0
2015-09-02,8.45,8.6,8.35,8.45,8.051307000000001,3480.0
2015-09-03,9.35,9.35,8.35,8.6,8.194231,1214.0
2015-09-04,8.75,8.75,8.3,8.3,7.908385000000001,4774.0
2015-09-07,8.75,8.75,8.25,8.45,8.051307000000001,5904.0
2015-09-08,8.75,8.75,8.45,8.6,8.194231,3250.0
2015-09-09,9.95,9.95,8.65,8.7,8.289512,5142.0
2015-09-10,8.95,8.95,8.2,8.5,8.098949000000001,8325.0
2015-09-11,8.7,8.7,8.1,8.3,7.908385000000001,17288.0
2015-09-14,8.6,8.7,8.35,8.7,8.289512,20226.0
2015-09-15,8.65,8.75,8.35,8.6,8.194231,19346.0
2015-09-16,8.75,9.1,7.95,8.35,7.956026,76728.0
2015-09-18,8.25,8.35,7.7,8.05,7.763153,59314.0
2015-09-21,8.0,8.2,7.8,8.15,7.85959,10423.0
2015-09-22,7.95,8.05,7.6,8.0,7.7149350000000005,21224.0
2015-09-23,7.9,7.95,7.7,7.9,7.618498,11986.0
2015-09-24,8.0,8.2,8.0,8.0,7.7149350000000005,7561.0
2015-09-28,8.0,8.15,7.85,7.95,7.666717,8767.0
2015-09-29,7.85,8.05,7.8,8.05,7.763153,2397.0
2015-09-30,8.05,8.2,7.9,7.95,7.666717,8978.0
2015-10-01,7.9,8.2,7.8,8.2,7.907807000000001,6397.0
2015-10-05,8.0,8.5,7.85,8.5,8.197118,11831.0
2015-10-06,8.4,8.5,8.1,8.45,8.148899,7729.0
2015-10-07,8.65,8.75,8.35,8.65,8.341773,5001.0
2015-10-08,8.7,8.75,8.3,8.75,8.43821,5713.0
2015-10-09,8.75,8.75,8.6,8.7,8.389992,16317.0
2015-10-12,9.25,9.25,8.65,8.75,8.43821,6280.0
2015-10-13,8.75,8.95,8.7,8.95,8.631083,5347.0
2015-10-14,8.8,8.85,8.5,8.8,8.486429,11931.0
2015-10-15,8.8,8.95,8.55,8.95,8.631083,10498.0
2015-10-16,8.95,9.75,8.6,9.75,9.402576,22291.0
2015-10-19,9.5,9.5,9.0,9.1,8.775739,6632.0
2015-10-20,9.15,9.15,8.75,8.8,8.486429,5082.0
2015-10-21,8.9,9.2,8.8,8.95,8.631083,2249.0
2015-10-23,9.0,9.25,8.9,9.25,8.920392999999999,4394.0
2015-10-26,9.25,9.25,8.75,9.05,8.727521000000001,3568.0
2015-10-27,9.2,9.2,8.1,8.45,8.148899,33194.0
2015-10-28,8.5,10.05,8.1,9.6,9.257922,75364.0
2015-10-29,9.85,9.85,9.0,9.25,8.920392999999999,11819.0
2015-10-30,9.8,9.8,8.75,8.8,8.486429,18009.0
2015-11-02,8.8,9.7,8.55,9.1,8.775739,14132.0
2015-11-03,9.25,9.75,8.7,8.95,8.631083,37455.0
2015-11-04,9.0,9.25,8.8,9.1,8.775739,3727.0
2015-11-05,9.0,9.1,8.75,9.1,8.775739,13804.0
2015-11-06,9.25,9.8,8.8,9.0,8.679302,9201.0
2015-11-09,9.1,9.25,8.55,9.25,8.920392999999999,1750.0
2015-11-10,9.4,9.5,8.95,9.25,8.920392999999999,6629.0
2015-11-13,9.75,9.75,8.7,9.35,9.016831,16234.0
2015-11-16,9.9,9.9,9.15,9.15,8.823955999999999,8669.0
2015-11-17,9.6,9.6,9.05,9.05,8.727521000000001,4866.0
2015-11-18,9.4,9.5,9.0,9.3,8.968612,3811.0
2015-11-19,9.2,9.55,8.7,9.05,8.727521000000001,13707.0
2015-11-20,9.0,9.4,9.0,9.15,8.823955999999999,14018.0
2015-11-23,9.9,9.9,8.35,9.0,8.679302,11739.0
2015-11-24,9.4,10.8,9.35,10.8,10.415161,221190.0
2015-11-26,11.3,12.5,10.8,11.8,11.379529,353006.0
2015-11-27,12.2,12.2,11.3,11.65,11.234874000000001,58932.0
2015-11-30,11.75,11.8,11.25,11.6,11.186657,19505.0
2015-12-01,12.25,13.25,11.35,12.65,12.19924,155192.0
2015-12-02,12.65,13.0,12.0,12.05,11.620621,29649.0
2015-12-03,13.5,13.5,11.65,12.15,11.717057,54773.0
2015-12-04,12.9,14.5,12.3,13.55,13.067169999999999,508186.0
2015-12-07,13.9,14.5,13.3,13.8,13.308263,192704.0
2015-12-08,15.4,15.4,12.8,13.2,12.729642,178740.0
2015-12-09,13.4,13.75,11.6,12.05,11.620621,62476.0
2015-12-10,12.9,12.95,11.8,12.65,12.19924,47459.0
2015-12-11,12.65,13.3,12.0,12.6,12.151022,27586.0
2015-12-14,12.6,12.6,11.7,11.9,11.475964999999999,70152.0
2015-12-15,12.15,12.6,11.75,12.0,11.572402,46298.0
2015-12-16,13.4,13.45,12.2,12.75,12.295678,94684.0
2015-12-17,13.9,13.9,12.35,12.6,12.151022,43306.0
2015-12-18,12.65,13.1,12.55,12.65,12.19924,85432.0
2015-12-21,12.75,14.5,12.6,13.75,13.260044,229410.0
2015-12-22,14.35,14.35,13.3,13.9,13.404698000000002,82718.0
2015-12-23,14.35,14.35,12.8,13.0,12.536769,94145.0
2015-12-24,12.9,13.5,12.65,13.25,12.777861,28377.0
2015-12-28,13.9,13.9,12.3,12.9,12.440332000000001,88419.0
2015-12-29,14.0,14.0,12.5,12.7,12.247459,53258.0
2015-12-30,13.35,13.35,12.55,12.7,12.247459,66449.0
2015-12-31,13.5,13.5,12.1,12.4,11.958149,41481.0
2016-01-01,12.5,12.7,11.55,12.4,11.958149,51173.0
2016-01-04,12.6,12.85,11.8,11.95,11.524184,89014.0
2016-01-05,12.4,12.7,12.05,12.55,12.102803,36745.0
2016-01-06,12.75,12.9,12.3,12.4,11.958149,75568.0
2016-01-07,12.85,12.85,11.45,11.8,11.379529,75869.0
2016-01-08,12.0,12.2,11.55,11.8,11.379529,56475.0
2016-01-11,12.0,12.0,11.15,11.3,10.897345,60940.0
2016-01-12,11.4,11.5,10.95,11.15,10.752689,35707.0
2016-01-13,11.45,11.45,10.3,10.8,10.415161,78511.0
2016-01-14,10.8,10.85,10.2,10.5,10.125852,37485.0
2016-01-15,10.9,11.65,9.2,10.1,9.740105999999999,93477.0
2016-01-18,10.7,10.7,9.2,9.65,9.30614,22062.0
2016-01-19,9.9,10.2,9.4,10.1,9.740105999999999,8280.0
2016-01-20,10.45,10.45,9.6,10.1,9.740105999999999,11416.0
2016-01-21,10.5,10.5,9.55,9.6,9.257922,8628.0
2016-01-22,9.45,10.4,9.45,10.1,9.740105999999999,11485.0
2016-01-25,10.5,10.9,10.0,10.8,10.415161,36674.0
2016-01-27,10.8,10.8,10.1,10.4,10.029416000000001,9808.0
2016-01-28,10.45,10.45,10.0,10.1,9.740105999999999,18062.0
2016-01-29,10.45,10.75,10.0,10.6,10.222289,48468.0
2016-02-01,10.15,10.75,10.1,10.1,9.740105999999999,27336.0
2016-02-02,10.45,10.7,10.0,10.45,10.077633,17737.0
2016-02-03,10.6,10.95,9.9,10.2,9.836542,11204.0
2016-02-04,10.95,10.95,9.5,9.65,9.30614,27438.0
2016-02-05,10.55,10.55,9.3,9.75,9.402576,11563.0
2016-02-08,11.25,11.25,9.45,9.7,9.354359,9655.0
2016-02-09,9.9,9.9,9.4,9.45,9.113266000000001,2240.0
2016-02-10,9.5,9.5,9.05,9.25,8.920392999999999,11913.0
2016-02-11,9.5,9.5,8.5,8.7,8.389992,14664.0
2016-02-12,8.5,8.9,7.0,8.8,8.486429,39176.0
2016-02-15,10.0,10.0,8.85,9.05,8.727521000000001,9563.0
2016-02-16,9.3,9.3,8.8,9.1,8.775739,6563.0
2016-02-17,9.4,9.4,7.85,8.15,7.85959,127910.0
2016-02-18,9.4,9.4,8.2,8.5,8.197118,46130.0
2016-02-19,9.85,9.85,8.5,8.65,8.341773,16925.0
2016-02-22,8.9,9.9,8.25,8.9,8.582865,114729.0
2016-02-23,9.85,9.85,8.55,8.95,8.631083,6456.0
2016-02-24,9.6,9.6,8.45,8.6,8.293555,32059.0
2016-02-25,8.95,9.05,8.65,8.9,8.582865,9730.0
2016-02-26,9.4,9.4,8.5,8.6,8.293555,5912.0
2016-02-29,9.0,9.0,8.5,8.85,8.534647999999999,14260.0
2016-03-01,9.15,9.15,8.75,9.0,8.679302,30267.0
2016-03-02,10.65,10.65,8.9,9.95,9.595449,25314.0
2016-03-03,9.5,10.1,9.5,9.75,9.402576,7648.0
2016-03-04,10.5,10.5,9.35,9.55,9.209702,5658.0
2016-03-08,9.55,9.8,9.1,9.3,8.968612,3511.0
2016-03-09,9.9,9.9,9.05,9.2,8.872175,731.0
2016-03-10,9.7,9.7,9.1,9.25,8.920392999999999,8872.0
2016-03-11,9.95,9.95,9.15,9.2,8.872175,2677.0
2016-03-14,9.95,9.95,8.95,9.4,9.065047999999999,18628.0
2016-03-15,10.0,10.0,8.95,9.2,8.872175,21573.0
2016-03-16,9.4,9.4,9.0,9.35,9.016831,2037.0
2016-03-17,9.9,9.9,9.25,9.4,9.065047999999999,8700.0
2016-03-18,9.5,9.5,9.05,9.25,8.920392999999999,12612.0
2016-03-21,9.6,9.6,9.05,9.3,8.968612,14942.0
2016-03-22,9.6,9.6,8.95,9.2,8.872175,18375.0
2016-03-23,9.3,9.4,9.15,9.15,8.823955999999999,690.0
2016-03-28,9.3,9.35,8.9,9.2,8.872175,16293.0
2016-03-29,9.5,9.9,9.05,9.8,9.450794,35440.0
2016-03-30,10.9,10.9,9.35,9.7,9.354359,14948.0
2016-03-31,9.7,9.7,9.3,9.6,9.257922,4644.0
2016-04-01,10.5,10.5,9.4,9.5,9.161485,2008.0
2016-04-04,9.7,9.7,9.2,9.65,9.30614,15297.0
2016-04-05,9.7,9.7,9.4,9.45,9.113266000000001,16046.0
2016-04-06,9.7,10.0,9.4,9.95,9.595449,1000.0
2016-04-07,10.5,10.5,9.15,9.6,9.257922,30453.0
2016-04-08,9.4,9.6,9.25,9.6,9.257922,7939.0
2016-04-11,10.3,10.3,9.3,9.4,9.065047999999999,10155.0
2016-04-12,9.55,9.85,9.15,9.6,9.257922,28887.0
2016-04-13,9.8,9.8,9.4,9.65,9.30614,25014.0
2016-04-18,9.8,10.0,9.5,9.85,9.499014,5782.0
2016-04-20,10.3,10.3,9.6,9.8,9.450794,9140.0
2016-04-21,10.0,10.05,9.55,9.9,9.547231,9169.0
2016-04-22,10.4,10.4,9.7,9.95,9.595449,18706.0
2016-04-25,10.0,10.0,9.2,9.55,9.209702,42905.0
2016-04-26,9.45,9.85,9.35,9.75,9.402576,6471.0
2016-04-27,10.2,10.2,9.6,9.7,9.354359,8820.0
2016-04-28,10.2,10.2,9.7,9.9,9.547231,4206.0
2016-04-29,10.2,10.2,9.45,9.5,9.161485,9709.0
2016-05-02,9.8,10.5,9.45,9.9,9.547231,19578.0
2016-05-03,10.2,10.2,9.7,9.8,9.450794,9816.0
2016-05-04,10.2,10.2,9.55,9.8,9.450794,3086.0
2016-05-05,10.2,10.2,9.55,9.95,9.595449,12149.0
2016-05-06,10.75,10.75,9.8,9.9,9.547231,27773.0
2016-05-09,10.2,10.2,9.65,9.75,9.402576,16089.0
2016-05-10,10.15,10.15,9.65,9.9,9.547231,6335.0
2016-05-11,9.8,10.25,9.75,9.9,9.547231,19905.0
2016-05-12,10.45,10.45,9.6,10.1,9.740105999999999,12991.0
2016-05-13,10.5,10.5,9.8,10.2,9.836542,1670.0
2016-05-16,10.0,10.0,9.75,9.8,9.450794,4049.0
2016-05-17,10.3,10.3,9.6,9.8,9.450794,9927.0
2016-05-18,9.7,9.95,9.55,9.9,9.547231,14537.0
2016-05-19,10.0,10.0,9.5,9.55,9.209702,3907.0
2016-05-20,9.8,9.8,9.35,9.55,9.209702,7681.0
2016-05-23,9.45,9.65,9.45,9.45,9.113266000000001,7296.0
2016-05-24,9.7,9.7,9.3,9.4,9.065047999999999,7653.0
2016-05-25,9.6,9.75,9.2,9.3,8.968612,10185.0
2016-05-26,9.5,10.3,9.2,9.8,9.450794,28323.0
2016-05-27,10.0,10.4,9.65,9.7,9.354359,33901.0
2016-05-30,9.7,9.85,9.6,9.65,9.30614,7016.0
2016-05-31,9.55,10.05,9.4,9.8,9.450794,14823.0
2016-06-01,9.8,9.95,9.65,9.95,9.595449,5366.0
2016-06-02,9.7,10.0,9.4,9.85,9.499014,28744.0
2016-06-03,9.5,9.95,9.5,9.7,9.354359,30105.0
2016-06-06,9.7,9.9,9.5,9.6,9.257922,14031.0
2016-06-07,9.75,10.15,9.5,9.9,9.547231,12587.0
2016-06-08,10.65,10.65,9.55,9.8,9.450794,14773.0
2016-06-09,9.75,10.85,9.55,9.75,9.402576,36614.0
2016-06-10,9.7,10.0,9.7,9.75,9.402576,2731.0
2016-06-13,9.65,9.95,9.5,9.55,9.209702,8330.0
2016-06-14,9.6,10.2,9.55,10.0,9.643668,6590.0
2016-06-15,9.8,10.15,9.7,9.8,9.450794,7931.0
2016-06-16,9.85,9.9,9.6,9.8,9.450794,5694.0
2016-06-17,11.45,11.45,9.55,10.1,9.740105999999999,23549.0
2016-06-20,10.15,10.15,9.75,9.85,9.499014,17856.0
2016-06-21,10.2,10.25,9.8,9.8,9.450794,4804.0
2016-06-22,10.25,10.25,9.65,9.85,9.499014,5489.0
2016-06-23,10.2,10.2,9.65,9.9,9.547231,10250.0
2016-06-24,9.7,9.9,9.3,9.8,9.450794,14680.0
2016-06-27,9.5,10.05,9.5,10.0,9.643668,12400.0
2016-06-28,9.9,10.15,9.8,10.0,9.643668,17531.0
2016-06-29,9.95,10.1,9.55,9.6,9.257922,58692.0
2016-06-30,10.55,10.55,9.7,9.95,9.595449,46730.0
2016-07-01,10.0,10.2,10.0,10.15,9.788323,10880.0
2016-07-04,10.0,11.25,10.0,10.3,9.932979,88546.0
2016-07-05,10.2,10.55,9.75,10.05,9.691888,55722.0
2016-07-07,10.05,10.35,10.0,10.2,9.836542,18170.0
2016-07-08,10.45,10.6,10.0,10.25,9.88476,33200.0
2016-07-11,10.25,10.5,10.1,10.15,9.788323,20436.0
2016-07-12,10.1,11.0,10.1,10.65,10.270507,63301.0
2016-07-13,10.65,10.9,10.15,10.2,9.836542,13026.0
2016-07-14,10.55,10.55,10.0,10.05,9.691888,38876.0
2016-07-15,10.05,10.1,9.5,9.9,9.547231,36814.0
2016-07-18,10.0,10.2,9.8,9.85,9.499014,11315.0
2016-07-19,10.0,10.0,9.85,10.0,9.643668,2040.0
2016-07-20,9.8,10.1,9.7,9.75,9.402576,15788.0
2016-07-21,9.9,9.9,9.65,9.75,9.402576,3837.0
2016-07-22,9.9,9.9,9.65,9.8,9.450794,7458.0
2016-07-25,9.9,10.0,9.65,9.85,9.499014,19589.0
2016-07-26,9.7,10.0,9.65,9.9,9.547231,5136.0
2016-07-27,9.8,9.95,9.75,9.8,9.450794,4725.0
2016-07-28,9.8,9.9,9.75,9.9,9.547231,2400.0
2016-07-29,9.9,11.5,9.7,11.15,10.752689,137755.0
2016-08-01,11.3,13.3,11.3,12.4,11.958149,308802.0
2016-08-02,12.85,12.85,11.05,11.55,11.138437,283979.0
2016-08-03,12.3,12.3,10.5,10.9,10.511599,181344.0
2016-08-04,12.0,12.65,11.4,11.55,11.138437,318118.0
2016-08-05,11.7,11.75,10.75,10.95,10.559816,74135.0
2016-08-08,10.95,11.35,10.8,11.0,10.608035000000001,34305.0
2016-08-09,11.0,11.15,10.5,10.7,10.318726,37646.0
2016-08-10,11.0,11.45,10.6,11.1,10.704473,76936.0
2016-08-11,11.2,11.2,10.55,10.7,10.318726,26055.0
2016-08-12,10.95,11.45,10.65,11.3,10.897345,57286.0
2016-08-16,11.4,11.4,10.75,10.8,10.415161,26939.0
2016-08-17,11.0,11.0,10.65,10.8,10.415161,10971.0
2016-08-18,10.8,11.1,8.7,10.6,10.222289,116125.0
2016-08-19,10.6,11.2,10.6,10.75,10.366944,21342.0
2016-08-22,10.8,11.1,10.75,10.95,10.559816,35690.0
2016-08-23,11.0,11.25,10.75,11.05,10.656253999999999,63311.0
2016-08-24,11.1,11.1,10.75,10.9,10.511599,16149.0
2016-08-25,11.2,11.2,10.7,10.75,10.366944,31819.0
2016-08-26,10.8,10.9,10.5,10.6,10.222289,14295.0
2016-08-29,10.9,10.9,10.55,10.6,10.222289,9977.0
2016-08-30,10.8,10.95,10.55,10.8,10.415161,12107.0
2016-08-31,11.0,11.0,10.65,10.65,10.270507,11318.0
2016-09-01,10.9,10.9,10.6,10.65,10.270507,11497.0
2016-09-02,10.6,10.7,10.5,10.6,10.319182000000001,14335.0
2016-09-06,10.85,10.9,10.6,10.8,10.513885,17283.0
2016-09-07,10.7,11.35,10.65,10.9,10.611235,47263.0
2016-09-08,10.8,11.1,10.7,10.8,10.513885,20779.0
2016-09-09,11.1,11.1,10.6,10.65,10.367858,15532.0
2016-09-12,10.6,10.7,10.3,10.4,10.124481,20137.0
2016-09-14,10.4,10.7,10.35,10.7,10.416533,9116.0
2016-09-15,10.65,10.75,10.4,10.5,10.221831,25558.0
2016-09-16,10.8,10.9,10.5,10.8,10.513885,37378.0
2016-09-19,11.0,11.0,10.6,10.6,10.319182000000001,16668.0
2016-09-20,11.85,11.85,10.1,10.35,10.075806,38804.0
2016-09-21,11.2,11.2,10.15,10.45,10.173157000000002,23808.0
2016-09-22,11.0,11.0,10.3,10.65,10.367858,25721.0
2016-09-23,10.95,10.95,10.35,10.45,10.173157000000002,6700.0
2016-09-26,12.2,12.2,11.4,11.75,11.438716000000001,435158.0
2016-09-27,11.9,12.5,11.75,12.05,11.73077,191980.0
2016-09-28,12.35,12.45,11.85,11.9,11.584743,128543.0
2016-09-29,12.3,12.3,9.95,10.75,10.465209,237544.0
2016-09-30,11.05,11.75,10.5,11.55,11.244016,93008.0
2016-10-03,11.9,12.0,11.35,11.6,11.292691,97092.0
2016-10-04,11.9,12.0,11.6,11.85,11.536067999999998,88578.0
2016-10-05,12.25,12.5,11.75,12.1,11.779444999999999,196687.0
2016-10-06,12.4,12.4,11.7,11.9,11.584743,70012.0
2016-10-07,12.0,12.0,11.6,11.7,11.390041,34489.0
2016-10-10,11.95,12.25,11.8,12.15,11.82812,63005.0
2016-10-13,11.95,12.35,11.95,12.15,11.82812,120483.0
2016-10-14,12.25,12.45,11.8,11.95,11.633417999999999,90322.0
2016-10-17,13.1,14.3,13.1,14.3,13.921161999999999,1195449.0
2016-10-18,15.0,15.5,13.1,14.5,14.115863000000001,938768.0
2016-10-19,14.8,14.85,13.5,13.7,13.337057000000001,144964.0
2016-10-20,14.0,14.8,13.5,14.35,13.969838000000001,227115.0
2016-10-21,14.8,14.8,13.4,14.0,13.629109,118208.0
2016-10-24,15.0,15.0,13.8,14.05,13.677783999999999,72780.0
2016-10-25,14.2,14.2,13.1,13.9,13.531757999999998,91385.0
2016-10-26,14.1,14.9,13.6,14.25,13.872487,240878.0
2016-10-27,14.45,17.1,14.0,17.1,16.646984,2010210.0
2016-10-28,17.85,20.0,17.5,18.75,18.253270999999998,2809507.0
2016-11-01,22.0,22.35,20.0,20.9,20.346313000000002,1034270.0
2016-11-02,19.1,19.700001,18.85,19.1,18.594,731520.0
2016-11-03,19.049999,20.450001,18.549999,18.85,18.350622,516694.0
2016-11-04,18.65,19.15,17.0,17.1,16.646984,612851.0
2016-11-07,17.5,17.75,15.75,16.1,15.673476,374194.0
2016-11-08,16.4,16.4,15.65,15.7,15.284072,130784.0
2016-11-09,14.95,15.65,14.95,15.35,14.943345,141443.0
2016-11-10,15.4,16.0,15.0,15.1,14.699967000000001,221412.0
2016-11-11,15.1,15.6,14.6,14.8,14.407915,116906.0
2016-11-15,14.7,15.25,14.1,14.1,13.726460000000001,120414.0
2016-11-16,14.0,14.5,13.5,13.75,13.385732,82644.0
2016-11-17,13.4,14.0,13.25,13.35,12.996329,70098.0
2016-11-18,13.75,14.0,13.05,13.6,13.239706,110734.0
2016-11-21,13.75,13.9,13.05,13.15,12.801627,61406.0
2016-11-22,13.45,13.45,12.6,13.0,12.655602,105116.0
2016-11-23,13.0,13.4,12.75,13.3,12.947655000000001,77040.0
2016-11-24,13.3,13.5,12.75,13.25,12.898978,81845.0
2016-11-25,13.05,13.9,13.05,13.9,13.531757999999998,90921.0
2016-11-28,14.0,14.55,14.0,14.4,14.018512,112745.0
2016-11-29,14.4,15.1,14.15,15.1,14.699967000000001,68330.0
2016-11-30,15.85,15.85,15.35,15.85,15.430098999999998,63025.0
2016-12-01,16.6,16.6,16.049999,16.6,16.160231,161395.0
2016-12-02,16.799999,16.799999,15.8,15.8,15.381423999999999,72877.0
2016-12-05,15.95,15.95,15.05,15.15,14.748643,74946.0
2016-12-06,15.15,15.9,15.0,15.9,15.478774,56792.0
2016-12-07,15.9,15.9,15.2,15.25,14.845994000000001,37292.0
2016-12-08,15.5,15.65,15.05,15.4,14.992021,36128.0
2016-12-09,15.7,15.7,14.75,15.5,15.089372000000001,52857.0
2016-12-12,15.5,15.65,15.0,15.05,14.651292999999999,36106.0
2016-12-13,15.45,15.45,14.75,14.95,14.553942000000001,25520.0
2016-12-14,14.8,15.3,14.7,14.85,14.456592,26466.0
2016-12-15,14.85,15.4,14.65,14.9,14.505265,35941.0
2016-12-16,15.35,15.35,14.8,15.0,14.602616000000001,10978.0
2016-12-19,15.0,15.2,14.6,14.7,14.310564999999999,15632.0
2016-12-20,14.5,14.95,14.4,14.65,14.261889000000002,22324.0
2016-12-21,14.3,14.7,14.0,14.1,13.726460000000001,23064.0
2016-12-22,14.0,14.6,13.55,14.3,13.921161999999999,32873.0
2016-12-23,14.45,14.45,13.85,14.05,13.677783999999999,25317.0
2016-12-26,13.9,14.35,13.6,13.95,13.580433,26066.0
2016-12-27,13.9,14.3,13.5,13.9,13.531757999999998,27196.0
2016-12-28,14.25,14.25,13.55,13.85,13.483082999999999,18075.0
2016-12-29,13.9,14.5,13.6,13.8,13.434408,24419.0
2016-12-30,13.75,14.45,13.65,14.15,13.775135,27996.0
2017-01-02,14.5,14.85,13.65,14.3,13.921161999999999,24416.0
2017-01-03,14.5,14.85,14.0,14.8,14.407915,26702.0
2017-01-04,15.5,15.5,15.5,15.5,15.089372000000001,42503.0
2017-01-05,16.15,16.25,15.7,16.25,15.819501999999998,51065.0
2017-01-06,16.9,16.9,15.45,15.45,15.040695000000001,86671.0
2017-01-09,15.8,16.0,15.05,15.45,15.040695000000001,46825.0
2017-01-10,15.8,15.9,15.3,15.55,15.138046,51640.0
2017-01-11,15.5,16.0,15.3,15.7,15.284072,69633.0
2017-01-12,16.0,16.4,14.95,16.200001,15.770826999999999,145544.0
2017-01-13,16.700001,16.700001,15.85,16.200001,15.770826999999999,53144.0
2017-01-16,15.8,16.35,15.4,15.5,15.089372000000001,145424.0
2017-01-17,15.95,15.95,15.25,15.55,15.138046,78178.0
2017-01-18,15.25,15.75,15.25,15.35,14.943345,44487.0
2017-01-19,15.65,16.0,15.3,15.9,15.478774,42192.0
2017-01-20,16.35,16.35,15.15,15.15,14.748643,142873.0
2017-01-23,15.5,15.5,14.65,14.95,14.553942000000001,31111.0
2017-01-24,15.25,15.35,14.9,15.2,14.797317999999999,34396.0
2017-01-25,15.2,15.3,14.9,14.95,14.553942000000001,57083.0
2017-01-27,14.8,15.65,14.7,15.35,14.943345,128579.0
2017-01-30,15.9,15.9,14.65,14.7,14.310564999999999,135145.0
2017-01-31,15.1,15.1,14.35,14.5,14.115863000000001,61202.0
2017-02-01,14.2,14.85,14.05,14.45,14.067186999999999,45351.0
2017-02-02,14.2,14.85,14.2,14.8,14.407915,20099.0
2017-02-03,14.55,14.95,14.55,14.8,14.407915,67197.0
2017-02-06,15.25,15.25,14.35,14.45,14.067186999999999,78095.0
2017-02-07,14.95,14.95,14.55,14.75,14.359241,46636.0
2017-02-08,15.0,15.0,14.3,14.55,14.164538,52030.0
2017-02-09,14.75,15.0,14.35,14.9,14.505265,98793.0
2017-02-10,14.5,14.8,13.6,13.7,13.337057000000001,294212.0
2017-02-13,14.1,14.1,13.25,13.3,12.947655000000001,84307.0
2017-02-14,13.45,13.65,13.0,13.2,12.850304,59209.0
2017-02-15,13.05,13.45,12.65,12.95,12.606926,72873.0
2017-02-16,13.2,13.45,12.55,13.0,12.655602,74370.0
2017-02-17,13.2,13.35,12.8,13.2,12.850304,28349.0
2017-02-20,13.4,13.4,12.95,13.2,12.850304,46352.0
2017-02-21,13.4,13.55,13.15,13.35,12.996329,29946.0
2017-02-22,13.4,13.5,13.0,13.2,12.850304,36542.0
2017-02-23,13.25,13.7,13.15,13.2,12.850304,25809.0
2017-02-27,13.1,13.4,12.9,12.95,12.606926,48705.0
2017-02-28,12.7,13.05,12.7,12.8,12.460899000000001,43931.0
2017-03-01,14.05,14.05,12.95,13.2,12.850304,49246.0
2017-03-02,13.7,13.7,13.0,13.0,12.655602,31178.0
2017-03-03,13.05,13.2,12.85,13.1,12.752953999999999,32067.0
2017-03-06,13.05,13.45,12.9,13.0,12.655602,37465.0
2017-03-07,13.0,13.2,12.7,12.85,12.509576,58113.0
2017-03-08,12.8,13.05,12.65,12.95,12.606926,34905.0
2017-03-09,12.95,13.75,12.75,13.15,12.801627,62864.0
2017-03-10,13.65,13.65,12.75,12.8,12.460899000000001,42242.0
2017-03-14,13.0,13.75,13.0,13.2,12.850304,87889.0
2017-03-15,13.2,13.45,12.6,12.8,12.460899000000001,46106.0
2017-03-16,13.0,13.3,12.5,12.85,12.509576,71932.0
2017-03-17,12.8,13.15,12.7,12.8,12.460899000000001,54278.0
2017-03-20,12.75,13.0,12.75,12.85,12.509576,22575.0
2017-03-21,13.0,13.0,12.5,12.6,12.266199,32493.0
2017-03-22,12.4,12.8,12.25,12.5,12.168847,42294.0
2017-03-23,13.0,13.0,12.0,12.35,12.022821,34479.0
2017-03-24,12.5,12.5,12.0,12.1,11.779444999999999,35401.0
2017-03-27,12.25,12.25,11.85,11.95,11.633417999999999,39012.0
2017-03-28,12.1,12.2,11.55,11.85,11.536067999999998,76985.0
2017-03-29,12.0,12.0,11.7,11.7,11.390041,15613.0
2017-03-30,11.55,12.0,11.55,11.75,11.438716000000001,54022.0
2017-03-31,11.35,12.0,11.35,11.8,11.487392,52084.0
2017-04-03,12.0,12.95,12.0,12.95,12.606926,71063.0
2017-04-05,13.0,13.8,12.6,13.45,13.093679,140351.0
2017-04-06,13.65,13.7,12.9,13.0,12.655602,59341.0
2017-04-07,13.2,13.6,12.8,13.2,12.850304,48381.0
2017-04-10,13.3,14.05,13.25,14.0,13.629109,131803.0
2017-04-11,14.2,14.2,13.75,14.0,13.629109,42442.0
2017-04-12,14.0,14.25,13.35,13.8,13.434408,58709.0
2017-04-13,13.65,14.1,13.45,13.9,13.531757999999998,123531.0
2017-04-17,13.9,13.9,13.35,13.55,13.191031,42625.0
2017-04-18,13.7,13.95,13.45,13.5,13.142354999999998,43628.0
2017-04-19,13.65,16.200001,13.3,16.1,15.673476,1345721.0
2017-04-20,16.25,18.450001,16.25,17.549999,17.085060000000002,3082200.0
2017-04-21,17.9,18.049999,16.5,16.75,16.306255,835375.0
2017-04-24,17.950001,17.950001,17.200001,17.450001,16.987713,467120.0
2017-04-25,17.6,17.700001,16.75,16.85,16.403606,227815.0
2017-04-26,17.0,17.65,16.0,16.299999,15.868176,208082.0
2017-04-27,16.1,16.5,15.9,16.1,15.673476,68604.0
2017-04-28,16.0,16.0,15.0,15.25,14.845994000000001,133658.0
2017-05-02,15.25,15.65,14.55,14.7,14.310564999999999,135113.0
2017-05-03,15.3,15.3,14.05,14.75,14.359241,97251.0
2017-05-04,15.0,15.3,14.5,14.95,14.553942000000001,88842.0
2017-05-05,15.3,15.3,14.5,14.65,14.261889000000002,106343.0
2017-05-08,14.75,15.4,14.7,15.1,14.699967000000001,134171.0
2017-05-09,15.1,15.7,14.8,14.95,14.553942000000001,80744.0
2017-05-10,15.0,15.2,14.7,14.75,14.359241,45372.0
2017-05-11,14.8,15.0,14.4,14.45,14.067186999999999,66203.0
2017-05-12,14.45,14.95,14.2,14.25,13.872487,76620.0
2017-05-15,14.15,14.6,14.15,14.25,13.872487,60979.0
2017-05-16,14.3,14.3,13.15,13.8,13.434408,123170.0
2017-05-17,13.9,14.2,13.7,13.85,13.483082999999999,80476.0
2017-05-18,13.7,13.8,13.25,13.6,13.239706,51536.0
2017-05-19,13.6,13.95,13.35,13.5,13.142354999999998,44521.0
2017-05-22,13.75,14.05,13.05,13.1,12.752953999999999,84324.0
2017-05-23,13.05,13.4,12.6,13.0,12.655602,35702.0
2017-05-24,12.9,13.15,11.8,12.1,11.779444999999999,127021.0
2017-05-25,12.0,13.1,11.8,12.45,12.120172,159568.0
2017-05-26,12.55,13.4,12.25,13.15,12.801627,86556.0
2017-05-29,13.15,13.5,12.85,13.05,12.704276,69133.0
2017-05-30,11.8,12.4,10.9,12.05,11.73077,248145.0
2017-05-31,12.4,12.4,11.65,11.95,11.633417999999999,107957.0
2017-06-01,11.9,12.0,11.65,11.75,11.438716000000001,36462.0
2017-06-02,12.0,12.1,11.65,12.0,11.682093,78394.0
2017-06-05,11.8,12.7,11.8,12.25,11.925471,95365.0
2017-06-06,12.55,12.55,12.1,12.2,11.876795,17358.0
2017-06-07,12.35,12.35,12.0,12.0,11.682093,26707.0
2017-06-08,12.35,12.35,11.8,12.1,11.779444999999999,25508.0
2017-06-09,12.1,12.1,11.7,11.95,11.633417999999999,37194.0
2017-06-12,12.0,12.1,11.85,12.0,11.682093,13847.0
2017-06-13,11.8,12.0,11.55,11.6,11.292691,65509.0
2017-06-14,11.6,11.95,11.5,11.75,11.438716000000001,48837.0
2017-06-15,11.9,11.95,11.65,11.7,11.390041,15260.0
2017-06-16,11.8,11.8,10.9,11.3,11.000638,117465.0
2017-06-19,11.5,11.7,11.0,11.35,11.049314,138506.0
2017-06-20,11.65,11.95,11.0,11.3,11.000638,70271.0
2017-06-21,11.7,11.7,11.2,11.5,11.19534,24644.0
2017-06-22,11.4,11.6,11.2,11.2,10.903286999999999,17375.0
2017-06-23,11.6,11.6,10.9,10.95,10.65991,48353.0
2017-06-27,11.1,11.3,10.55,11.1,10.805938000000001,59891.0
2017-06-28,11.2,11.2,10.6,11.0,10.708587,67621.0
2017-06-29,10.85,11.1,10.75,10.9,10.611235,13266.0
2017-06-30,10.8,11.6,10.65,11.1,10.805938000000001,39327.0
2017-07-03,11.3,11.5,11.1,11.4,11.097988,30226.0
2017-07-04,11.4,11.45,11.0,11.05,10.757261,22419.0
2017-07-05,11.05,11.35,11.0,11.05,10.757261,13540.0
2017-07-06,11.25,11.8,11.25,11.35,11.049314,56385.0
2017-07-07,11.65,11.9,11.45,11.6,11.292691,55935.0
2017-07-10,12.05,13.45,12.05,12.85,12.509576,110365.0
2017-07-11,13.0,13.9,13.0,13.25,12.898978,232605.0
2017-07-12,13.5,13.6,12.85,13.0,12.655602,70693.0
2017-07-13,13.0,13.05,12.55,12.75,12.412225,83238.0
2017-07-14,12.7,12.85,12.25,12.35,12.022821,47108.0
2017-07-17,12.7,12.7,11.9,12.25,11.925471,57020.0
2017-07-18,12.2,12.2,11.5,11.8,11.487392,50424.0
2017-07-19,11.55,12.3,11.55,12.2,11.876795,50184.0
2017-07-20,12.0,13.2,11.9,12.5,12.168847,102099.0
2017-07-21,12.9,12.9,12.35,12.4,12.071496,18236.0
2017-07-24,12.4,12.7,12.2,12.4,12.071496,35914.0
2017-07-25,12.3,12.35,11.75,12.05,11.73077,80282.0
2017-07-26,12.3,12.7,11.85,12.5,12.168847,102488.0
2017-07-27,12.2,12.7,12.1,12.2,11.876795,22437.0
2017-07-28,12.3,12.3,11.95,12.15,11.82812,39353.0
2017-07-31,12.05,12.4,12.0,12.15,11.82812,23318.0
2017-08-01,12.3,12.45,12.05,12.15,11.82812,26782.0
2017-08-02,12.2,12.4,12.0,12.1,11.779444999999999,27708.0
2017-08-03,12.2,12.2,11.8,11.9,11.584743,9927.0
2017-08-04,12.1,12.6,12.1,12.1,11.779444999999999,44066.0
2017-08-07,12.0,12.2,11.7,11.85,11.536067999999998,56243.0
2017-08-08,11.85,11.85,11.6,11.65,11.341365,57694.0
2017-08-09,11.6,11.6,10.6,11.2,10.903286999999999,36239.0
2017-08-10,11.0,11.45,10.85,11.0,10.708587,27927.0
2017-08-11,10.6,11.2,10.6,10.9,10.611235,34293.0
2017-08-14,11.2,11.45,10.9,11.05,10.757261,23249.0
2017-08-16,11.2,11.45,11.1,11.25,10.951962,15205.0
2017-08-17,11.15,11.4,11.05,11.15,10.854611,28453.0
2017-08-18,11.05,11.5,10.7,11.4,11.097988,99455.0
2017-08-21,11.65,11.65,11.1,11.2,10.903286999999999,18355.0
2017-08-22,11.0,11.15,10.8,10.95,10.65991,13919.0
2017-08-23,11.1,11.1,10.9,10.9,10.611235,8536.0
2017-08-24,11.1,11.5,11.0,11.15,10.854611,26693.0
2017-08-28,11.2,11.3,11.1,11.1,10.805938000000001,16194.0
2017-08-29,11.15,11.4,10.9,11.3,11.000638,21669.0
2017-08-30,11.5,11.95,11.4,11.65,11.341365,58350.0
2017-08-31,12.0,13.75,12.0,13.1,12.752953999999999,378808.0
2017-09-01,13.35,13.4,12.7,12.75,12.412225,79993.0
2017-09-04,13.0,13.2,12.2,12.35,12.022821,59758.0
2017-09-05,12.35,12.7,12.3,12.5,12.168847,14174.0
2017-09-06,12.5,12.7,12.2,12.4,12.071496,25211.0
2017-09-07,12.3,12.65,12.25,12.5,12.168847,38657.0
2017-09-08,12.7,12.7,12.25,12.55,12.217524000000001,28393.0
2017-09-11,12.35,15.05,12.35,15.05,14.651292999999999,2350503.0
2017-09-12,15.3,15.9,14.2,15.1,14.699967000000001,912362.0
2017-09-13,15.4,16.65,15.25,15.8,15.381423999999999,1051410.0
2017-09-14,15.95,18.15,15.75,17.6,17.133738,3101217.0
2017-09-15,17.6,18.450001,17.0,18.1,17.620491,1645545.0
2017-09-18,19.0,19.4,16.299999,16.549999,16.111553,1569839.0
2017-09-19,16.4,16.4,14.9,14.95,14.553942000000001,767145.0
2017-09-20,14.45,14.8,13.8,14.1,13.726460000000001,378129.0
2017-09-21,14.05,14.3,13.35,13.5,13.236229000000002,222056.0
2017-09-22,13.5,14.15,13.1,13.9,13.628413,287389.0
2017-09-25,14.05,14.4,13.25,13.45,13.187204999999999,150595.0
2017-09-26,13.4,13.5,13.05,13.2,12.942091,79725.0
2017-09-27,13.0,13.35,12.6,12.65,12.402837,69671.0
2017-09-28,12.65,13.25,12.4,13.1,12.844046,94784.0
2017-09-29,13.35,13.75,13.05,13.45,13.187204999999999,114864.0
2017-10-03,13.4,13.9,13.2,13.35,13.089160000000001,47687.0
2017-10-04,13.5,13.5,13.1,13.2,12.942091,44172.0
2017-10-05,13.4,13.4,12.85,12.95,12.696975,52334.0
2017-10-06,13.15,13.2,12.75,13.0,12.745998,70825.0
2017-10-09,13.0,14.3,13.0,14.2,13.922552,183231.0
2017-10-10,14.75,15.25,14.3,14.35,14.069622,233018.0
2017-10-11,14.6,14.7,13.5,13.7,13.432322000000001,57291.0
2017-10-12,13.5,13.8,12.9,13.3,13.040137,149897.0
2017-10-13,13.1,13.65,13.05,13.15,12.893067,77018.0
2017-10-16,13.1,13.35,13.05,13.1,12.844046,77728.0
2017-10-17,13.2,13.75,13.05,13.55,13.285252,55621.0
2017-10-18,13.35,13.8,13.35,13.45,13.187204999999999,45377.0
2017-10-19,13.5,13.65,13.35,13.55,13.285252,17857.0
2017-10-23,13.55,13.55,12.8,13.2,12.942091,67901.0
2017-10-24,13.35,13.5,13.1,13.35,13.089160000000001,37740.0
2017-10-25,13.4,13.75,13.1,13.45,13.187204999999999,37889.0
2017-10-26,13.25,13.5,13.15,13.35,13.089160000000001,41572.0
2017-10-27,13.3,13.5,13.2,13.25,12.991114,50692.0
2017-10-30,13.5,13.5,13.15,13.25,12.991114,77221.0
2017-10-31,13.25,13.85,13.15,13.55,13.285252,65888.0
2017-11-01,13.7,13.8,13.15,13.2,12.942091,88218.0
2017-11-02,13.55,13.55,13.25,13.4,13.138182999999998,42007.0
2017-11-03,13.5,13.5,13.25,13.3,13.040137,66566.0
2017-11-06,13.35,13.5,13.25,13.4,13.138182999999998,65147.0
2017-11-07,13.5,14.25,13.1,13.4,13.138182999999998,235665.0
2017-11-08,13.6,13.7,13.1,13.3,13.040137,52816.0
2017-11-09,13.15,13.55,13.1,13.2,12.942091,43209.0
2017-11-10,13.1,13.35,13.1,13.25,12.991114,28771.0
2017-11-13,13.3,13.35,12.8,13.05,12.795021,49188.0
2017-11-14,13.05,13.25,12.8,13.0,12.745998,51731.0
2017-11-15,13.0,13.15,12.8,12.85,12.598929,27639.0
2017-11-16,12.95,13.05,12.85,13.0,12.745998,29519.0
2017-11-17,12.95,13.2,12.95,13.05,12.795021,34944.0
2017-11-20,13.05,13.15,12.95,13.05,12.795021,30158.0
2017-11-21,13.05,13.1,12.6,12.85,12.598929,110462.0
2017-11-22,13.0,13.95,13.0,13.65,13.383298000000002,165525.0
2017-11-23,13.8,13.9,13.55,13.7,13.432322000000001,95181.0
2017-11-24,13.8,14.25,13.6,13.95,13.677435999999998,137259.0
2017-11-27,13.95,14.5,13.95,14.1,13.824506,101737.0
2017-11-28,14.3,15.1,14.1,14.4,14.118644,163410.0
2017-11-29,14.65,14.65,14.25,14.35,14.069622,61980.0
2017-11-30,14.35,14.5,14.05,14.3,14.020598000000001,42263.0
2017-12-01,14.55,14.6,13.75,13.85,13.579391000000001,65768.0
2017-12-04,13.85,13.95,13.2,13.25,12.991114,54318.0
2017-12-05,13.4,13.4,12.9,13.2,12.942091,51457.0
2017-12-06,13.3,13.3,12.9,13.1,12.844046,38863.0
2017-12-07,13.3,14.85,13.3,14.05,13.775482,166511.0
2017-12-08,14.6,14.6,13.85,13.95,13.677435999999998,57767.0
2017-12-11,14.3,14.3,13.25,13.7,13.432322000000001,68650.0
2017-12-12,13.7,13.85,13.5,13.7,13.432322000000001,38198.0
2017-12-13,13.85,14.5,13.35,13.8,13.530368,197167.0
2017-12-14,13.85,14.0,13.65,13.8,13.530368,72212.0
2017-12-15,14.0,14.45,13.75,14.05,13.775482,182226.0
2017-12-18,13.9,14.45,13.75,13.95,13.677435999999998,38470.0
2017-12-19,14.0,16.700001,13.85,16.700001,16.373707,1576928.0
2017-12-20,17.1,19.4,16.549999,18.299999,17.942442,3931449.0
2017-12-21,18.700001,19.65,18.15,18.9,18.530720000000002,1740328.0
2017-12-22,19.0,20.549999,18.65,19.65,19.266066,3009029.0
2017-12-26,20.65,21.6,19.9,21.5,21.07992,3283983.0
2017-12-27,21.799999,21.85,19.35,19.35,18.97193,1318873.0
2017-12-28,19.0,19.25,17.5,18.15,17.795376,982409.0
2017-12-29,18.5,19.5,18.5,18.65,18.285604,431574.0
2018-01-01,18.9,19.4,18.1,18.799999,18.432674,310731.0
2018-01-02,18.15,19.25,18.15,18.4,18.040489,254396.0
2018-01-03,18.75,18.9,18.1,18.200001,17.844398,157272.0
2018-01-04,18.799999,18.799999,17.299999,18.0,17.648305999999998,147911.0
2018-01-05,17.799999,18.299999,17.299999,17.5,17.158073,165448.0
2018-01-08,17.950001,17.950001,16.799999,17.0,16.667845,122412.0
2018-01-09,17.5,17.5,16.15,16.6,16.275661,92719.0
2018-01-10,17.0,17.4,16.200001,17.299999,16.961981,163698.0
2018-01-11,17.049999,17.799999,17.0,17.549999,17.207096,52770.0
2018-01-12,17.200001,17.9,16.9,17.049999,16.716866,62158.0
2018-01-15,17.6,17.6,16.6,16.950001,16.61882,84347.0
2018-01-16,16.6,17.4,16.25,16.4,16.079565,84627.0
2018-01-17,16.0,17.0,15.6,16.950001,16.61882,171989.0
2018-01-18,17.25,17.25,16.15,16.200001,15.883475,79981.0
2018-01-19,15.4,16.35,15.4,15.75,15.442267000000001,54537.0
2018-01-22,15.75,16.0,15.0,15.7,15.393244000000001,34159.0
2018-01-23,15.3,16.0,15.3,15.65,15.344220000000002,31507.0
2018-01-24,15.2,15.9,15.05,15.2,14.903013,52508.0
2018-01-25,15.4,15.95,14.6,15.05,14.755944,38264.0
2018-01-29,15.0,15.0,14.5,14.55,14.265714000000001,52227.0
2018-01-30,14.25,14.6,13.85,13.95,13.677435999999998,62952.0
2018-01-31,13.55,14.5,13.55,14.05,13.775482,55085.0
2018-02-01,14.2,14.5,13.8,14.15,13.873528,31704.0
2018-02-02,14.0,14.25,13.45,13.55,13.285252,57046.0
2018-02-05,13.0,14.2,12.9,13.95,13.677435999999998,75596.0
2018-02-06,13.3,13.45,13.3,13.35,13.089160000000001,21850.0
2018-02-07,14.0,14.0,13.3,13.4,13.138182999999998,43098.0
2018-02-08,13.85,14.05,13.0,14.05,13.775482,48571.0
2018-02-09,13.6,14.25,13.45,14.15,13.873528,43000.0
2018-02-12,13.7,14.45,13.7,14.0,13.726460000000001,45936.0
2018-02-14,14.0,14.0,13.65,13.85,13.579391000000001,36659.0
2018-02-15,13.7,14.0,13.65,13.7,13.432322000000001,28788.0
2018-02-16,13.7,13.9,13.2,13.35,13.089160000000001,28109.0
2018-02-19,13.45,13.8,12.9,13.0,12.745998,42107.0
2018-02-20,12.7,13.35,12.7,13.0,12.745998,17289.0
2018-02-21,13.6,13.6,12.95,13.05,12.795021,18839.0
2018-02-22,12.9,13.25,12.75,13.1,12.844046,32306.0
2018-02-23,13.3,13.3,13.0,13.2,12.942091,17468.0
2018-02-26,12.9,13.4,12.9,13.1,12.844046,25238.0
2018-02-27,13.2,13.5,13.0,13.1,12.844046,27387.0
2018-02-28,13.0,13.2,12.85,12.9,12.647950999999999,25686.0
2018-03-01,13.0,13.1,12.8,12.9,12.647950999999999,69525.0
2018-03-05,13.1,13.1,12.6,12.75,12.500883,33592.0
2018-03-06,12.95,12.95,12.5,12.6,12.353814,32650.0
2018-03-07,12.25,12.85,12.2,12.4,12.157721,13201.0
2018-03-08,12.4,12.7,12.0,12.2,11.961628999999999,40348.0
2018-03-09,12.45,12.5,12.15,12.25,12.010653,22609.0
2018-03-12,12.25,12.5,12.15,12.25,12.010653,17343.0
2018-03-13,12.0,12.45,12.0,12.25,12.010653,30471.0
2018-03-14,12.25,12.4,12.2,12.3,12.059675,16372.0
2018-03-15,12.15,12.4,12.1,12.2,11.961628999999999,25040.0
2018-03-16,12.35,12.5,12.1,12.3,12.059675,21508.0
2018-03-19,12.5,12.5,11.8,11.85,11.618468,31799.0
2018-03-20,12.25,12.25,11.5,11.9,11.667489999999999,22650.0
2018-03-21,12.1,12.1,11.7,11.8,11.569445,22898.0
2018-03-22,12.0,12.0,11.5,11.55,11.324328999999999,44438.0
2018-03-23,11.3,11.35,11.0,11.15,10.932144000000001,28915.0
2018-03-26,11.0,11.3,10.75,11.05,10.834099,73953.0
2018-03-27,11.1,11.5,11.0,11.3,11.079214,40315.0
2018-03-28,11.3,11.6,11.0,11.1,10.883122,47903.0
2018-04-02,11.0,11.6,11.0,11.25,11.03019,39130.0
2018-04-03,11.0,11.8,11.0,11.8,11.569445,18215.0
2018-04-04,12.1,12.35,12.0,12.35,12.108699,28100.0
2018-04-05,12.15,12.95,12.15,12.95,12.696975,37336.0
2018-04-06,13.45,14.2,13.35,13.65,13.383298000000002,62392.0
2018-04-09,13.6,14.3,13.4,13.65,13.383298000000002,66614.0
2018-04-10,13.75,14.0,13.0,13.9,13.628413,67675.0
2018-04-11,13.55,14.45,13.55,14.35,14.069622,111605.0
2018-04-12,14.45,14.9,14.15,14.85,14.559853,63568.0
2018-04-13,14.95,16.299999,14.95,16.25,15.932498,365289.0
2018-04-16,16.4,16.9,15.0,15.5,15.197151999999999,505600.0
2018-04-17,15.4,15.7,14.5,14.6,14.314735999999998,120980.0
2018-04-18,14.6,15.5,14.4,14.65,14.363759,88410.0
2018-04-19,14.8,15.1,14.5,14.8,14.510829000000001,53764.0
2018-04-20,15.1,15.1,14.6,14.8,14.510829000000001,60493.0
2018-04-23,14.9,15.0,13.35,14.25,13.971576,60832.0
2018-04-24,14.5,14.5,13.9,14.1,13.824506,51068.0
2018-04-25,14.0,14.25,13.45,13.5,13.236229000000002,61617.0
2018-04-26,14.0,14.0,12.8,13.05,12.795021,86382.0
2018-04-27,13.15,14.35,12.8,14.0,13.726460000000001,111912.0
2018-04-30,14.25,14.25,13.9,14.0,13.726460000000001,35174.0
2018-05-02,14.05,15.0,13.6,13.8,13.530368,25062.0
2018-05-03,13.55,14.1,13.4,13.75,13.481344,61393.0
2018-05-04,13.4,13.9,12.45,12.75,12.500883,99948.0
2018-05-07,13.1,13.1,12.5,12.85,12.598929,30338.0
2018-05-08,13.0,13.2,12.5,12.75,12.500883,27385.0
2018-05-09,12.8,13.0,11.65,12.35,12.108699,45919.0
2018-05-10,12.45,12.7,12.05,12.6,12.353814,50455.0
2018-05-11,13.0,13.0,12.3,12.35,12.108699,46205.0
2018-05-14,12.6,12.8,12.1,12.25,12.010653,22031.0
2018-05-15,12.25,12.5,11.9,12.05,11.814561,65728.0
2018-05-16,12.0,12.9,11.75,12.05,11.814561,115045.0
2018-05-17,12.1,12.45,12.0,12.3,12.059675,27659.0
2018-05-18,12.4,12.7,12.1,12.45,12.206744,41401.0
2018-05-21,12.3,12.5,11.8,12.1,11.863584,32223.0
2018-05-22,12.2,12.5,11.95,11.95,11.716514,86264.0
2018-05-23,11.95,12.05,11.8,11.9,11.667489999999999,18321.0
2018-05-24,12.15,12.2,11.75,11.9,11.667489999999999,34021.0
2018-05-25,12.15,12.4,11.9,12.0,11.765536,134477.0
2018-05-28,12.15,12.55,12.1,12.4,12.157721,29486.0
2018-05-29,12.15,12.6,12.15,12.3,12.059675,25861.0
2018-05-30,12.05,13.5,11.1,11.95,11.716514,254113.0
2018-05-31,12.1,12.2,11.65,11.65,11.422375,65917.0
2018-06-01,11.8,12.0,11.45,11.7,11.471397999999999,53418.0
2018-06-04,11.85,11.9,11.6,11.8,11.569445,71112.0
2018-06-05,11.55,11.9,11.5,11.55,11.324328999999999,68815.0
2018-06-06,11.8,11.85,11.5,11.8,11.569445,31193.0
2018-06-07,12.0,12.3,11.7,12.15,11.912606,49982.0
2018-06-08,12.15,12.25,11.55,11.8,11.569445,67426.0
2018-06-11,11.75,12.25,11.6,11.85,11.618468,46180.0
2018-06-12,11.8,12.4,11.8,12.25,12.010653,36703.0
2018-06-13,12.5,12.5,12.0,12.05,11.814561,44938.0
2018-06-14,12.15,12.25,11.9,12.15,11.912606,34382.0
2018-06-15,12.15,12.25,11.75,11.9,11.667489999999999,45946.0
2018-06-18,12.15,12.2,11.75,12.05,11.814561,17783.0
2018-06-19,12.15,12.3,11.85,12.05,11.814561,34388.0
2018-06-20,12.0,12.15,11.8,12.05,11.814561,52714.0
2018-06-21,12.2,12.2,11.8,12.0,11.765536,50388.0
2018-06-22,11.9,12.15,11.8,11.95,11.716514,42180.0
2018-06-25,12.2,12.6,11.85,12.1,11.863584,15006.0
2018-06-26,11.85,12.1,11.7,12.1,11.863584,41314.0
2018-06-27,11.9,12.0,11.5,11.6,11.373353,51591.0
2018-06-28,11.55,11.8,11.05,11.25,11.03019,66992.0
2018-06-29,11.25,11.75,11.0,11.4,11.177259,35827.0
2018-07-02,11.7,11.7,11.25,11.45,11.226282000000001,18230.0
2018-07-03,11.35,11.6,11.3,11.55,11.324328999999999,26553.0
2018-07-04,11.65,11.65,11.5,11.5,11.275307000000002,21834.0
2018-07-05,11.4,11.75,11.4,11.65,11.422375,30141.0
2018-07-06,11.5,11.65,11.5,11.5,11.275307000000002,15949.0
2018-07-09,11.3,11.65,11.3,11.45,11.226282000000001,18092.0
2018-07-10,11.7,11.7,11.45,11.5,11.275307000000002,37400.0
2018-07-11,11.5,11.85,11.35,11.65,11.422375,47524.0
2018-07-12,11.5,11.9,11.4,11.8,11.569445,24841.0
2018-07-13,11.9,11.9,11.55,11.7,11.471397999999999,36115.0
2018-07-16,11.45,11.85,11.45,11.55,11.324328999999999,58991.0
2018-07-17,11.45,11.75,11.45,11.55,11.324328999999999,15377.0
2018-07-18,11.4,12.25,11.3,11.65,11.422375,130132.0
2018-07-19,11.5,11.7,11.4,11.6,11.373353,27899.0
2018-07-20,11.4,11.65,11.0,11.3,11.079214,44184.0
2018-07-23,11.55,11.75,11.2,11.45,11.226282000000001,7665.0
2018-07-24,11.7,11.8,11.45,11.7,11.471397999999999,30088.0
2018-07-25,11.5,12.4,11.5,11.85,11.618468,114641.0
2018-07-26,12.1,12.1,11.25,11.55,11.324328999999999,34980.0
2018-07-27,11.45,11.85,11.45,11.75,11.520421,54022.0
2018-07-30,11.55,11.7,11.3,11.45,11.226282000000001,67137.0
2018-07-31,11.4,11.85,11.4,11.7,11.471397999999999,12622.0
2018-08-01,11.8,12.2,11.7,12.05,11.814561,38271.0
2018-08-02,12.2,12.2,11.6,11.95,11.716514,50499.0
2018-08-03,12.0,12.3,11.85,12.2,11.961628999999999,27510.0
2018-08-06,12.0,12.5,12.0,12.35,12.108699,31994.0
2018-08-07,12.2,12.5,12.05,12.25,12.010653,25145.0
2018-08-08,12.1,12.75,11.85,12.45,12.206744,111141.0
2018-08-09,12.45,13.0,12.2,12.55,12.304791,54997.0
2018-08-10,12.55,12.55,12.1,12.15,11.912606,25649.0
2018-08-13,12.0,12.75,11.75,12.15,11.912606,86385.0
2018-08-14,11.95,12.75,11.95,12.35,12.108699,41054.0
2018-08-16,12.45,12.45,12.0,12.1,11.863584,23743.0
2018-08-17,12.25,12.25,12.0,12.1,11.863584,30485.0
2018-08-20,12.3,12.4,12.1,12.25,12.010653,21660.0
2018-08-21,12.35,12.4,12.1,12.3,12.059675,20038.0
2018-08-23,12.3,12.35,11.8,12.05,11.814561,30676.0
2018-08-24,12.0,12.25,11.7,12.0,11.765536,20360.0
2018-08-27,11.85,12.35,11.85,12.35,12.108699,36686.0
2018-08-28,12.15,12.3,12.15,12.3,12.059675,24949.0
2018-08-29,12.6,12.6,12.1,12.3,12.059675,28992.0
2018-08-30,12.15,12.6,12.0,12.3,12.059675,30139.0
2018-08-31,12.45,12.45,12.2,12.25,12.010653,13515.0
2018-09-03,12.75,12.75,12.0,12.05,11.814561,22614.0
2018-09-04,12.2,12.2,12.0,12.15,11.912606,30027.0
2018-09-05,12.2,12.4,11.9,12.0,11.765536,28567.0
2018-09-06,12.1,12.15,11.9,12.0,11.765536,14702.0
2018-09-07,11.9,12.15,11.75,12.0,11.765536,30731.0
2018-09-10,12.0,12.15,11.85,12.0,11.864407,12245.0
2018-09-11,12.0,12.15,11.8,11.85,11.716102000000001,14918.0
2018-09-12,12.1,12.1,11.5,11.7,11.567797,17715.0
2018-09-14,11.6,12.1,11.6,11.7,11.567797,22020.0
2018-09-17,11.95,11.95,11.55,11.85,11.716102000000001,14495.0
2018-09-18,11.8,12.15,11.8,11.9,11.765536,25962.0
2018-09-19,11.95,12.15,11.65,11.8,11.666667,31401.0
2018-09-21,11.8,12.0,11.5,11.55,11.419492,42068.0
2018-09-24,11.3,11.65,11.15,11.3,11.172317,49106.0
2018-09-25,11.1,11.45,10.8,11.15,11.024011,21256.0
2018-09-26,10.95,11.25,10.9,11.15,11.024011,19545.0
2018-09-27,11.15,11.6,10.95,11.3,11.172317,69021.0
2018-09-28,11.5,11.95,10.95,11.15,11.024011,45756.0
2018-10-01,10.9,11.3,10.8,10.95,10.826271,29090.0
2018-10-03,11.15,11.15,10.8,11.05,10.925141,31179.0
2018-10-04,10.9,11.1,10.8,11.05,10.925141,12122.0
2018-10-05,11.05,11.3,10.8,10.95,10.826271,28623.0
2018-10-08,10.9,11.15,10.5,10.95,10.826271,30918.0
2018-10-09,10.9,11.1,10.8,10.95,10.826271,44836.0
2018-10-10,10.85,11.15,10.8,11.05,10.925141,16936.0
2018-10-11,11.0,11.4,10.55,10.8,10.677966,46043.0
2018-10-12,11.05,11.4,10.8,11.2,11.073446,22672.0
2018-10-15,11.0,11.4,10.95,11.15,11.024011,8550.0
2018-10-16,11.0,11.9,10.9,11.6,11.468927,24866.0
2018-10-17,11.85,12.0,11.4,11.5,11.370056,18001.0
2018-10-19,11.3,11.6,11.2,11.3,11.172317,17239.0
2018-10-22,11.3,11.4,11.05,11.2,11.073446,7365.0
2018-10-23,11.0,11.4,11.0,11.1,10.974577,12386.0
2018-10-24,11.1,11.3,11.0,11.15,11.024011,15245.0
2018-10-25,10.8,11.15,10.8,11.05,10.925141,8240.0
2018-10-26,10.95,11.3,10.85,11.0,10.875707,22499.0
2018-10-29,11.0,11.35,10.9,11.05,10.925141,14138.0
2018-10-30,11.05,11.25,11.05,11.15,11.024011,10389.0
2018-10-31,10.95,11.15,10.95,11.0,10.875707,15052.0
2018-11-01,11.0,11.25,11.0,11.1,10.974577,16392.0
2018-11-02,11.05,11.3,11.0,11.1,10.974577,21126.0
2018-11-05,11.3,11.3,11.0,11.0,10.875707,2851.0
2018-11-06,11.0,11.75,11.0,11.3,11.172317,14391.0
2018-11-07,11.25,11.7,11.1,11.45,11.320621000000001,25000.0
2018-11-09,11.5,12.4,11.2,11.8,11.666667,63118.0
2018-11-12,11.6,12.75,11.6,12.3,12.161017,61731.0
2018-11-13,12.45,12.45,11.9,12.05,11.913842,10087.0
2018-11-14,12.25,12.8,11.5,12.0,11.864407,48405.0
2018-11-15,12.25,12.5,12.0,12.15,12.012711999999999,6899.0
2018-11-16,12.0,12.4,11.25,11.35,11.221752,38132.0
2018-11-19,11.6,11.6,11.15,11.6,11.468927,10481.0
2018-11-20,11.8,11.8,11.35,11.4,11.271186,11339.0
2018-11-21,11.1,11.5,11.1,11.4,11.271186,3224.0
2018-11-22,11.2,11.6,11.15,11.25,11.122881,23025.0
2018-11-26,11.45,11.5,11.0,11.1,10.974577,24307.0
2018-11-27,11.3,11.3,11.0,11.15,11.024011,4779.0
2018-11-28,11.1,11.4,11.0,11.15,11.024011,8410.0
2018-11-29,11.15,11.35,11.15,11.25,11.122881,7030.0
2018-11-30,11.35,11.5,11.15,11.3,11.172317,4800.0
2018-12-03,11.45,11.45,10.7,10.95,10.826271,123540.0
2018-12-04,11.0,12.5,11.0,11.8,11.666667,109513.0
2018-12-05,11.5,11.75,11.3,11.5,11.370056,16712.0
2018-12-06,11.25,11.7,11.0,11.1,10.974577,38872.0
2018-12-07,11.05,11.3,11.0,11.05,10.925141,7155.0
2018-12-10,11.2,11.45,10.8,11.2,11.073446,22645.0
2018-12-11,11.2,11.2,10.85,10.95,10.826271,40250.0
2018-12-12,11.1,11.9,11.0,11.8,11.666667,44860.0
2018-12-13,11.65,11.65,11.35,11.4,11.271186,9755.0
2018-12-14,11.4,11.4,11.1,11.1,10.974577,10625.0
2018-12-17,11.2,11.45,11.0,11.25,11.122881,21094.0
2018-12-18,11.1,11.35,11.1,11.15,11.024011,12085.0
2018-12-19,11.15,11.35,11.0,11.15,11.024011,35037.0
2018-12-20,11.25,11.35,11.1,11.15,11.024011,10251.0
2018-12-21,11.15,11.25,11.05,11.15,11.024011,12880.0
2018-12-24,11.25,11.25,10.85,11.0,10.875707,36596.0
2018-12-26,10.9,11.15,10.65,10.9,10.776835,16577.0
2018-12-27,11.25,11.25,10.8,10.9,10.776835,10679.0
2018-12-28,10.9,11.2,10.85,11.0,10.875707,19263.0
2018-12-31,11.4,11.4,10.9,10.95,10.826271,8524.0
2019-01-01,11.0,11.05,10.95,11.05,10.925141,10783.0
2019-01-02,11.05,11.45,10.85,11.0,10.875707,9022.0
2019-01-03,10.9,11.05,10.85,10.9,10.776835,3643.0
2019-01-04,10.9,11.0,10.75,10.8,10.677966,14450.0
2019-01-07,10.85,11.4,10.8,10.95,10.826271,11666.0
2019-01-08,10.95,11.5,10.7,10.9,10.776835,19019.0
2019-01-09,11.05,11.15,10.95,11.0,10.875707,5792.0
2019-01-10,10.9,11.05,10.85,10.9,10.776835,7626.0
2019-01-11,10.95,11.0,10.9,11.0,10.875707,3260.0
2019-01-14,10.95,11.0,10.8,10.9,10.776835,5630.0
2019-01-15,11.0,11.0,10.8,10.9,10.776835,8791.0
2019-01-16,10.95,11.0,10.8,11.0,10.875707,6632.0
2019-01-17,11.0,11.05,10.8,11.0,10.875707,10287.0
2019-01-18,11.05,11.05,10.8,10.85,10.727402,9356.0
2019-01-21,10.8,10.95,10.7,10.7,10.579096,5622.0
2019-01-22,10.7,10.8,10.55,10.7,10.579096,21369.0
2019-01-23,10.65,10.85,10.6,10.75,10.628531,4377.0
2019-01-24,10.7,10.95,10.5,10.75,10.628531,8810.0
2019-01-25,10.55,10.95,10.4,10.5,10.381356,13485.0
2019-01-28,10.4,10.5,9.9,9.9,9.788136,56052.0
2019-01-29,9.9,10.0,9.35,9.6,9.491526,49186.0
2019-01-30,9.55,10.35,9.55,10.1,9.985876,34362.0
2019-01-31,10.0,10.1,9.75,10.0,9.887006,18067.0
2019-02-01,10.1,10.1,9.75,9.85,9.738700999999999,15359.0
2019-02-04,9.8,9.8,9.4,9.45,9.34322,28438.0
2019-02-05,9.3,9.45,8.85,9.0,8.898305,33706.0
2019-02-06,9.1,9.1,8.5,9.0,8.898305,16993.0
2019-02-07,8.75,9.25,8.75,9.15,9.046610000000001,26837.0
2019-02-08,9.0,9.3,8.85,9.05,8.947741,27990.0
2019-02-11,8.7,9.05,8.55,8.95,8.84887,26098.0
2019-02-12,8.8,9.45,8.7,9.15,9.046610000000001,19645.0
2019-02-14,9.25,9.35,8.9,9.2,9.096045,12212.0
2019-02-15,9.0,9.5,8.9,9.2,9.096045,22634.0
2019-02-18,8.8,9.4,8.75,9.0,8.898305,23984.0
2019-02-19,8.8,9.2,8.8,9.1,8.997175,5358.0
2019-02-20,9.1,9.35,8.9,9.1,8.997175,32075.0
2019-02-21,8.95,9.3,8.95,9.2,9.096045,5558.0
2019-02-22,9.45,9.5,9.1,9.5,9.392655,9843.0
2019-02-25,9.9,9.9,9.2,9.4,9.293785,7418.0
2019-02-26,9.2,9.35,9.0,9.15,9.046610000000001,8419.0
2019-02-27,9.05,9.85,9.0,9.45,9.34322,47529.0
2019-02-28,9.2,9.7,9.1,9.4,9.293785,4434.0
2019-03-01,9.3,9.8,9.15,9.35,9.24435,8063.0
2019-03-05,9.5,10.1,9.45,9.85,9.738700999999999,19907.0
2019-03-06,10.2,10.2,9.9,10.0,9.887006,10671.0
2019-03-07,10.05,10.15,9.75,9.95,9.83757,13525.0
2019-03-08,10.35,10.35,9.8,9.85,9.738700999999999,10635.0
2019-03-11,10.5,10.5,9.8,10.1,9.985876,31313.0
2019-03-12,10.35,10.6,10.0,10.3,10.183616,39970.0
2019-03-13,10.55,10.55,10.15,10.3,10.183616,17095.0
2019-03-14,10.1,10.6,10.1,10.45,10.331921000000001,16361.0
2019-03-15,10.3,10.45,9.8,10.15,10.035311,19353.0
2019-03-18,10.3,10.5,9.95,10.1,9.985876,16345.0
2019-03-19,10.5,10.5,10.0,10.2,10.084745,10623.0
2019-03-20,10.1,10.45,9.7,9.85,9.738700999999999,42608.0
2019-03-22,9.85,10.5,9.85,10.1,9.985876,39754.0
2019-03-25,9.8,10.0,9.7,9.85,9.738700999999999,10627.0
2019-03-26,9.85,9.9,9.6,9.75,9.639831,10508.0
2019-03-27,9.75,9.95,9.3,9.4,9.293785,30460.0
2019-03-28,9.4,9.4,9.0,9.25,9.145480000000001,44257.0
2019-04-01,8.45,10.1,8.1,10.05,9.93644,329117.0
2019-04-02,10.0,10.05,9.4,9.5,9.392655,91141.0
2019-04-03,9.7,9.7,9.0,9.35,9.24435,58110.0
2019-04-04,9.15,9.35,9.1,9.1,8.997175,14988.0
2019-04-05,9.3,9.5,9.1,9.3,9.194916000000001,20154.0
2019-04-08,9.3,9.7,9.1,9.1,8.997175,9250.0
2019-04-09,9.1,10.0,9.1,9.5,9.392655,17546.0
2019-04-10,9.4,9.4,9.1,9.2,9.096045,5690.0
2019-04-11,9.25,9.3,9.1,9.3,9.194916000000001,4347.0
2019-04-12,9.2,9.2,8.3,8.85,8.75,93614.0
2019-04-15,9.1,9.5,8.95,9.05,8.947741,36011.0
2019-04-16,9.25,9.3,9.0,9.0,8.898305,12334.0
2019-04-18,9.15,9.15,8.75,8.75,8.65113,21111.0
2019-04-22,8.75,9.0,8.75,8.9,8.799435,15563.0
2019-04-23,9.0,9.0,8.8,8.95,8.84887,9831.0
2019-04-24,9.0,9.15,8.6,8.7,8.601695,25422.0
2019-04-25,8.6,8.95,8.5,8.6,8.502825999999999,24561.0
2019-04-26,8.6,8.75,8.45,8.55,8.453389999999999,25940.0
2019-04-30,8.7,8.7,8.1,8.25,8.156779,14160.0
2019-05-02,8.3,8.45,8.0,8.25,8.156779,24463.0
2019-05-03,8.35,8.35,8.15,8.3,8.206215,9501.0
2019-05-06,8.3,8.6,8.05,8.55,8.453389999999999,7213.0
2019-05-07,8.6,8.8,8.1,8.2,8.107345,28171.0
2019-05-08,8.25,8.3,8.0,8.05,7.959039999999999,13881.0
2019-05-09,8.3,8.3,8.05,8.1,8.008475,9687.0
2019-05-10,8.2,8.2,8.0,8.05,7.959039999999999,10708.0
2019-05-13,8.1,8.1,7.95,7.95,7.860169,14289.0
2019-05-14,7.9,8.15,7.8,8.05,7.959039999999999,21120.0
2019-05-15,7.85,8.15,7.85,8.1,8.008475,4582.0
2019-05-16,7.95,8.0,7.9,7.9,7.810735,4951.0
2019-05-17,8.05,8.1,7.85,8.0,7.909605,8410.0
2019-05-20,8.0,8.9,7.9,8.65,8.552259,37954.0
2019-05-21,8.8,9.5,8.45,9.05,8.947741,26239.0
2019-05-22,8.9,9.25,8.8,9.2,9.096045,32039.0
2019-05-23,9.35,9.7,9.0,9.2,9.096045,24672.0
2019-05-24,9.35,9.5,9.1,9.25,9.145480000000001,27544.0
2019-05-27,9.45,9.55,9.25,9.5,9.392655,24665.0
2019-05-28,9.3,9.7,9.25,9.65,9.54096,20973.0
2019-05-29,9.4,9.65,9.3,9.55,9.442091,31731.0
2019-05-30,9.4,9.65,9.2,9.45,9.34322,25097.0
2019-05-31,9.85,9.85,9.25,9.4,9.293785,21926.0
2019-06-03,9.95,9.95,9.05,9.4,9.293785,16443.0
2019-06-04,9.3,9.55,9.0,9.35,9.24435,37458.0
2019-06-06,9.3,9.5,9.15,9.45,9.34322,16020.0
2019-06-07,9.3,9.5,9.15,9.45,9.34322,11000.0
2019-06-10,9.1,9.5,9.0,9.4,9.293785,20023.0
2019-06-11,9.4,9.6,9.15,9.35,9.24435,12340.0
2019-06-12,9.4,9.85,9.0,9.4,9.293785,37521.0
2019-06-13,9.25,9.6,9.1,9.5,9.392655,11818.0
2019-06-14,9.6,9.7,9.3,9.45,9.34322,44981.0
2019-06-17,9.45,9.9,9.3,9.3,9.194916000000001,22501.0
2019-06-18,9.75,9.75,9.0,9.35,9.24435,25841.0
2019-06-19,9.5,9.5,8.3,9.1,8.997175,33418.0
2019-06-20,9.0,9.3,8.75,9.05,8.947741,25295.0
2019-06-21,9.45,9.5,8.95,9.05,8.947741,10922.0
2019-06-24,9.0,9.6,8.95,9.35,9.24435,32511.0
2019-06-25,9.2,9.65,9.0,9.45,9.34322,38849.0
2019-06-26,9.3,9.6,9.15,9.5,9.392655,18406.0
2019-06-27,9.25,9.6,9.0,9.35,9.24435,38479.0
2019-06-28,9.25,9.65,9.1,9.45,9.34322,30222.0
2019-07-01,9.75,9.9,9.35,9.6,9.491526,9714.0
2019-07-02,9.75,9.8,9.15,9.25,9.145480000000001,6851.0
2019-07-03,9.5,9.5,9.2,9.4,9.293785,1608.0
2019-07-04,9.5,9.6,9.1,9.15,9.046610000000001,9139.0
2019-07-05,9.5,9.5,8.85,8.9,8.799435,10061.0
2019-07-08,8.85,8.95,7.2,7.9,7.810735,68123.0
2019-07-09,7.55,8.65,7.55,8.6,8.502825999999999,30199.0
2019-07-10,8.6,8.6,8.15,8.25,8.156779,6551.0
2019-07-11,8.05,8.7,8.05,8.65,8.552259,3085.0
2019-07-12,8.5,8.6,8.0,8.25,8.156779,5864.0
2019-07-15,8.95,9.85,8.3,8.8,8.700565,191384.0
2019-07-16,8.7,9.45,8.6,9.1,8.997175,112340.0
2019-07-17,9.25,9.6,9.0,9.15,9.046610000000001,55640.0
2019-07-18,9.45,9.45,8.55,8.7,8.601695,24149.0
2019-07-19,9.0,9.0,8.0,8.15,8.057909,23869.0
2019-07-22,8.15,8.4,7.95,8.35,8.255651,9167.0
2019-07-23,8.75,8.75,8.0,8.05,7.959039999999999,6887.0
2019-07-24,8.05,8.05,7.8,7.9,7.810735,8788.0
2019-07-25,7.7,8.4,7.7,8.05,7.959039999999999,2636.0
2019-07-26,8.3,8.4,7.7,8.0,7.909605,10926.0
2019-07-29,8.0,8.2,7.75,7.75,7.6624289999999995,9780.0
2019-07-30,7.7,8.1,7.55,7.95,7.860169,23734.0
2019-07-31,8.1,8.25,7.8,7.9,7.810735,12389.0
2019-08-01,7.75,8.2,7.7,8.15,8.057909,14039.0
2019-08-02,8.15,8.15,7.9,8.0,7.909605,6419.0
2019-08-05,8.1,8.1,7.5,7.8,7.711864,19829.0
2019-08-06,8.1,9.2,7.85,8.25,8.156779,38640.0
2019-08-07,8.0,8.35,7.9,8.0,7.909605,5451.0
2019-08-08,8.25,8.55,7.9,8.5,8.403955,18779.0
2019-08-09,8.5,8.6,8.25,8.5,8.403955,2532.0
2019-08-13,8.1,8.7,8.05,8.25,8.156779,12457.0
2019-08-14,8.05,8.5,8.0,8.4,8.305083999999999,15465.0
2019-08-16,8.35,8.6,8.1,8.45,8.354519999999999,10252.0
2019-08-19,8.75,8.75,8.35,8.55,8.453389999999999,34299.0
2019-08-20,8.75,8.85,8.3,8.75,8.65113,17877.0
2019-08-21,8.7,8.75,8.35,8.55,8.453389999999999,14702.0
2019-08-22,8.35,8.5,7.85,7.95,7.860169,12834.0
2019-08-23,8.3,8.6,7.95,8.5,8.403955,14771.0
2019-08-26,8.2,9.7,8.2,8.65,8.552259,67435.0
2019-08-27,9.2,10.0,8.4,8.85,8.75,188534.0
2019-08-28,8.8,9.65,8.4,8.85,8.85,108098.0
2019-08-29,8.7,8.7,8.15,8.55,8.55,20173.0
2019-08-30,8.55,8.75,8.35,8.65,8.65,15967.0
2019-09-03,8.5,8.65,8.2,8.45,8.45,13367.0
2019-09-04,8.8,8.8,8.3,8.45,8.45,4345.0
2019-09-05,8.5,8.65,8.45,8.55,8.55,5621.0
2019-09-06,8.8,9.8,8.6,8.8,8.8,55708.0
2019-09-09,8.8,9.05,8.6,8.9,8.9,15673.0
2019-09-11,8.6,9.5,8.6,8.95,8.95,43836.0
2019-09-12,9.0,9.35,8.85,9.0,9.0,139153.0
2019-09-13,9.25,9.5,8.8,9.0,9.0,28745.0
2019-09-16,8.9,9.3,8.75,8.8,8.8,11050.0
2019-09-17,8.7,9.2,8.55,8.75,8.75,23574.0
2019-09-18,8.9,9.35,8.7,9.0,9.0,20287.0
2019-09-19,9.0,9.0,8.6,8.85,8.85,13128.0
2019-09-20,9.0,9.0,8.65,8.7,8.7,8631.0
2019-09-23,9.45,9.45,8.7,9.1,9.1,53722.0
2019-09-24,8.95,9.2,8.8,9.1,9.1,17439.0
2019-09-25,8.9,9.2,8.9,8.95,8.95,38466.0
2019-09-26,8.95,9.25,8.9,9.05,9.05,69125.0
2019-09-27,8.95,9.15,8.9,9.05,9.05,63932.0
2019-09-30,9.0,9.25,8.55,9.05,9.05,82296.0
2019-10-01,9.0,9.1,7.9,8.0,8.0,51318.0
2019-10-03,7.75,8.8,7.75,8.3,8.3,31547.0
2019-10-04,8.35,8.4,8.1,8.15,8.15,3117.0
2019-10-07,8.1,8.6,7.75,8.05,8.05,37158.0
2019-10-09,8.0,8.1,7.95,8.0,8.0,13031.0
2019-10-10,8.2,8.25,7.6,7.95,7.95,16761.0
2019-10-11,8.0,8.35,7.6,7.9,7.9,28124.0
2019-10-14,8.25,8.25,7.9,7.9,7.9,9663.0
2019-10-15,7.8,8.1,7.7,7.9,7.9,14517.0
2019-10-16,7.8,8.0,7.7,7.8,7.8,7576.0
2019-10-17,7.7,7.9,7.7,7.85,7.85,4585.0
2019-10-18,7.85,8.05,7.7,7.85,7.85,18658.0
2019-10-22,7.55,8.1,7.55,7.95,7.95,11135.0
2019-10-23,8.1,8.2,7.7,7.8,7.8,14471.0
2019-10-24,7.8,8.35,7.7,7.85,7.85,47618.0
2019-10-25,8.0,8.15,7.8,7.9,7.9,7037.0
2019-10-27,,,,,,
2019-10-29,8.1,10.0,8.05,8.95,8.95,57048.0
2019-10-30,9.0,9.0,8.5,8.9,8.9,19378.0
2019-10-31,8.9,9.5,8.5,9.0,9.0,48743.0
2019-11-01,8.8,9.1,8.65,8.85,8.85,29132.0
2019-11-04,9.3,10.0,8.8,9.15,9.15,17694.0
2019-11-05,9.25,9.25,8.45,8.45,8.45,83739.0
2019-11-06,8.75,8.75,8.2,8.55,8.55,41330.0
2019-11-07,8.3,8.5,7.95,8.15,8.15,37164.0
2019-11-08,8.4,8.55,7.95,8.2,8.2,122223.0
2019-11-11,8.3,8.7,8.05,8.4,8.4,44219.0
2019-11-13,8.75,8.75,7.95,8.05,8.05,94115.0
2019-11-14,8.1,8.1,7.05,7.4,7.4,150044.0
2019-11-15,7.45,8.2,7.45,7.75,7.75,58674.0
2019-11-18,7.8,8.0,7.65,7.8,7.8,20191.0
2019-11-19,7.5,8.2,7.5,8.0,8.0,45660.0
2019-11-20,8.1,8.1,7.65,7.9,7.9,42037.0
2019-11-21,8.1,8.2,7.85,8.05,8.05,21121.0
2019-11-22,8.05,8.15,7.85,8.1,8.1,21350.0
2019-11-25,8.1,8.35,7.9,8.15,8.15,14001.0
2019-11-26,8.0,8.1,7.85,7.95,7.95,8381.0
2019-11-27,7.8,8.2,7.8,8.0,8.0,10149.0
2019-11-28,8.2,8.2,7.9,7.95,7.95,11221.0
2019-11-29,8.1,8.1,7.75,7.95,7.95,12151.0
2019-12-02,8.4,9.5,8.4,8.8,8.8,317239.0
2019-12-03,8.8,9.45,8.15,8.3,8.3,64388.0
2019-12-04,8.3,8.45,8.05,8.25,8.25,47278.0
2019-12-05,8.25,8.3,7.95,8.1,8.1,21605.0
2019-12-06,8.25,8.65,8.0,8.15,8.15,36422.0
2019-12-09,8.45,8.55,7.75,8.0,8.0,21722.0
2019-12-10,7.9,8.15,7.75,7.8,7.8,33933.0
2019-12-11,7.95,8.1,7.5,7.6,7.6,34001.0
2019-12-12,8.1,8.45,7.5,7.8,7.8,35193.0
2019-12-13,7.95,9.0,7.6,7.95,7.95,74207.0
2019-12-16,7.9,8.2,7.6,7.8,7.8,17474.0
2019-12-17,7.8,7.9,7.6,7.75,7.75,28787.0
2019-12-18,7.7,8.25,7.65,8.0,8.0,20927.0
2019-12-19,7.85,7.95,7.75,7.8,7.8,5004.0
2019-12-20,7.9,8.2,7.5,7.6,7.6,62496.0
2019-12-23,7.7,7.85,7.55,7.65,7.65,22366.0
2019-12-24,7.6,7.8,7.5,7.65,7.65,13055.0
2019-12-26,7.55,8.2,7.55,7.6,7.6,46323.0
2019-12-27,7.6,7.7,7.5,7.65,7.65,35716.0
2019-12-30,7.55,7.8,7.5,7.5,7.5,24185.0
2019-12-31,7.6,7.65,7.45,7.55,7.55,14985.0
2020-01-01,7.8,7.8,7.5,7.65,7.65,37107.0
2020-01-02,7.9,7.9,7.5,7.55,7.55,30625.0
2020-01-03,7.6,7.9,7.35,7.7,7.7,70836.0
2020-01-06,7.6,7.9,7.45,7.6,7.6,57524.0
2020-01-07,7.85,7.85,7.55,7.55,7.55,29035.0
2020-01-08,7.5,7.65,7.5,7.55,7.55,19805.0
2020-01-09,7.75,7.75,7.5,7.5,7.5,19003.0
2020-01-10,7.5,7.65,7.25,7.4,7.4,52870.0
2020-01-13,7.45,7.9,7.45,7.5,7.5,22967.0
2020-01-14,7.5,7.65,7.15,7.45,7.45,47813.0
2020-01-15,7.55,8.0,7.3,7.75,7.75,52964.0
2020-01-16,7.8,7.9,7.55,7.6,7.6,22754.0
2020-01-17,7.55,7.65,7.5,7.6,7.6,19647.0
2020-01-20,7.85,7.85,7.5,7.55,7.55,8288.0
2020-01-21,7.55,7.65,7.4,7.45,7.45,27763.0
2020-01-22,7.55,7.6,7.45,7.45,7.45,14218.0
2020-01-23,7.55,7.6,7.4,7.45,7.45,9135.0
2020-01-24,,,,,,
2020-01-27,7.4,7.6,7.4,7.45,7.45,14044.0
2020-01-28,7.5,7.5,7.3,7.3,7.3,8574.0
2020-01-29,7.25,7.4,7.2,7.35,7.35,15441.0
2020-01-30,7.25,7.35,7.2,7.2,7.2,7661.0
2020-01-31,7.1,7.3,6.95,7.1,7.1,32381.0
