2015-09-15,680.0,680.0,646.0,646.0,637.4940190000001,9711.0
2015-09-16,613.700012,613.700012,613.700012,613.700012,605.6192629999999,4573.0
2015-09-18,583.049988,583.049988,583.049988,583.049988,575.3728639999999,3550.0
2015-09-21,566.0,583.049988,553.900024,553.900024,546.606689,39048.0
2015-09-22,526.25,542.400024,526.25,532.700012,525.685852,79390.0
2015-09-23,533.0,559.299988,512.200012,558.700012,551.3435059999999,45033.0
2015-09-24,560.0,567.950012,531.0,533.549988,526.524658,26019.0
2015-09-28,540.0,540.0,509.200012,517.549988,510.735321,101160.0
2015-09-29,515.0,515.0,492.14999400000005,505.049988,498.39990199999994,52769.0
2015-09-30,505.049988,529.950012,499.0,518.599976,511.771484,129247.0
2015-10-01,,,,,,
2015-10-05,493.25,493.25,453.200012,465.450012,459.32132,533567.0
2015-10-06,,,,,,
2015-10-07,464.950012,478.35000599999995,459.950012,474.64999400000005,468.400208,284164.0
2015-10-08,471.0,509.39999400000005,471.0,490.35000599999995,483.893463,429912.0
2015-10-09,495.89999400000005,500.0,478.60000599999995,485.75,479.354034,104470.0
2015-10-12,,,,,,
2015-10-13,,,,,,
2015-10-14,491.0,503.799988,486.950012,492.25,485.768433,117124.0
2015-10-15,,,,,,
2015-10-16,488.0,491.799988,480.299988,485.549988,479.15664699999996,44017.0
2015-10-19,,,,,,
2015-10-20,,,,,,
2015-10-21,496.0,530.849976,492.60000599999995,521.599976,514.731995,307350.0
2015-10-23,524.799988,543.900024,521.0,526.400024,519.4688110000001,179262.0
2015-10-26,,,,,,
2015-10-27,526.0,534.799988,520.0,524.150024,517.248474,74739.0
2015-10-28,,,,,,
2015-10-29,533.0,558.0,532.150024,555.650024,548.333679,140909.0
2015-10-30,560.0,564.0,543.150024,555.200012,547.8896480000001,97364.0
2015-11-02,554.099976,560.700012,538.150024,540.75,533.6298830000001,49891.0
2015-11-03,545.599976,546.900024,531.950012,534.700012,527.659546,46393.0
2015-11-04,540.0,555.549988,535.700012,551.400024,544.1396480000001,64826.0
2015-11-05,,,,,,
2015-11-06,531.650024,544.0,515.0,532.700012,525.685852,104116.0
2015-11-09,530.0,530.0,514.650024,519.700012,512.857056,58219.0
2015-11-10,,,,,,
2015-11-13,,,,,,
2015-11-16,,,,,,
2015-11-17,,,,,,
2015-11-18,,,,,,
2015-11-19,,,,,,
2015-11-20,,,,,,
2015-11-23,,,,,,
2015-11-24,,,,,,
2015-11-26,,,,,,
2015-11-27,,,,,,
2015-11-30,,,,,,
2015-12-01,580.25,584.0,570.0,579.099976,571.474854,87019.0
2015-12-02,,,,,,
2015-12-03,,,,,,
2015-12-04,,,,,,
2015-12-07,560.0,569.5,548.0,553.400024,546.1132809999999,29933.0
2015-12-08,,,,,,
2015-12-09,,,,,,
2015-12-10,,,,,,
2015-12-11,,,,,,
2015-12-14,,,,,,
2015-12-15,,,,,,
2015-12-16,,,,,,
2015-12-17,,,,,,
2015-12-18,,,,,,
2015-12-21,,,,,,
2015-12-22,,,,,,
2015-12-23,,,,,,
2015-12-24,606.150024,609.700012,597.799988,600.299988,592.3957519999999,44572.0
2015-12-28,604.75,613.900024,591.049988,601.650024,593.728027,41139.0
2015-12-29,608.0,625.0,603.0,617.650024,609.517334,86015.0
2015-12-30,617.0,640.900024,610.25,618.0,609.862732,133221.0
2015-12-31,618.900024,644.400024,615.950012,624.650024,616.425171,145867.0
2016-01-01,628.799988,641.25,624.950012,628.700012,620.4217530000001,59459.0
2016-01-04,631.0,635.0,614.099976,618.549988,610.4054570000001,59254.0
2016-01-05,622.849976,672.0,619.5,655.099976,646.474182,193198.0
2016-01-06,659.900024,668.700012,638.099976,641.349976,632.905212,153533.0
2016-01-07,629.0,648.0,621.0,636.200012,627.82312,113346.0
2016-01-08,644.0,677.0,640.150024,644.150024,635.668457,277283.0
2016-01-11,625.5,661.799988,625.5,643.549988,635.076233,124101.0
2016-01-12,647.450012,651.450012,630.0,634.099976,625.750671,54209.0
2016-01-13,639.400024,640.700012,582.650024,607.599976,599.599609,87542.0
2016-01-14,599.75,605.049988,590.099976,592.599976,584.7971190000001,84003.0
2016-01-15,598.549988,604.950012,558.349976,562.049988,554.649353,62761.0
2016-01-18,542.0,569.950012,526.0,531.200012,524.2056269999999,61995.0
2016-01-19,544.950012,549.450012,532.0,542.049988,534.91272,51915.0
2016-01-20,527.049988,542.299988,526.0,535.900024,528.84375,76907.0
2016-01-21,540.049988,548.400024,531.0,540.700012,533.580505,30258.0
2016-01-22,547.0,562.5,540.099976,552.599976,545.32373,38842.0
2016-01-25,550.099976,574.0,550.099976,566.150024,558.695435,35298.0
2016-01-27,560.0,599.0,560.0,588.349976,580.603027,61341.0
2016-01-28,591.799988,591.950012,572.299988,575.25,567.675598,26916.0
2016-01-29,575.0,580.200012,566.0,572.299988,564.764404,260787.0
2016-02-01,574.849976,576.0,550.0,551.950012,544.6823730000001,108232.0
2016-02-02,555.0,558.0,536.099976,540.900024,533.777893,75992.0
2016-02-03,528.0,536.5,494.049988,508.64999400000005,501.95248399999997,59771.0
2016-02-04,514.950012,561.0,514.950012,530.400024,523.416199,105578.0
2016-02-05,532.049988,547.400024,532.049988,539.599976,532.494995,31000.0
2016-02-08,543.450012,552.0,536.0,544.299988,537.133118,100981.0
2016-02-09,519.0,546.849976,501.64999400000005,533.150024,526.129944,105207.0
2016-02-10,529.950012,543.900024,529.950012,533.549988,526.524658,28590.0
2016-02-11,530.099976,540.0,502.0,507.950012,501.261719,28744.0
2016-02-12,508.0,516.0,486.0,497.0,490.455902,94620.0
2016-02-15,500.0,530.0,500.0,521.599976,514.731995,25646.0
2016-02-16,525.0,529.900024,509.700012,510.89999400000005,504.172882,14734.0
2016-02-17,510.0,528.599976,509.0,525.0,518.087219,22670.0
2016-02-18,527.0,543.0,527.0,536.5,529.435791,36261.0
2016-02-19,539.0,539.0,521.75,532.799988,525.784546,9027.0
2016-02-22,532.0,539.900024,525.0,528.099976,521.146423,14015.0
2016-02-23,540.099976,541.700012,520.0,529.900024,522.922729,31272.0
2016-02-24,529.0,532.150024,511.0,518.5,511.672821,13378.0
2016-02-25,518.0,526.950012,492.5,500.10000599999995,493.51510599999995,30955.0
2016-02-26,511.0,511.0,490.0,491.799988,485.324371,10416.0
2016-02-29,492.0,498.200012,478.0,481.14999400000005,474.81460599999997,20893.0
2016-03-01,481.14999400000005,505.0,481.14999400000005,493.10000599999995,486.60726900000003,72118.0
2016-03-02,496.14999400000005,507.35000599999995,486.0,489.450012,483.005341,39112.0
2016-03-03,489.0,507.0,489.0,498.200012,491.64013700000004,105812.0
2016-03-04,500.0,508.950012,498.5,500.64999400000005,494.05783099999996,64530.0
2016-03-08,500.0,530.799988,497.10000599999995,506.14999400000005,499.485413,63658.0
2016-03-09,500.200012,509.799988,498.75,504.5,497.85717800000003,25576.0
2016-03-10,512.0,512.0,502.0,507.0,500.324219,71231.0
2016-03-11,510.0,515.0,502.299988,508.700012,502.001862,52902.0
2016-03-14,510.700012,512.0,500.0,501.25,494.649963,28158.0
2016-03-15,502.0,510.0,499.85000599999995,500.549988,493.959167,48623.0
2016-03-16,500.10000599999995,506.799988,500.0,502.950012,496.32757599999997,17331.0
2016-03-17,505.0,569.0,505.0,526.099976,519.172729,282366.0
2016-03-18,526.0,535.5,503.049988,520.200012,513.350403,62296.0
2016-03-21,520.0,539.0,520.0,527.700012,520.751709,33250.0
2016-03-22,518.049988,549.5,518.049988,544.900024,537.72522,84833.0
2016-03-23,549.200012,549.200012,523.049988,528.099976,521.146423,33960.0
2016-03-28,531.599976,533.599976,512.900024,523.25,516.360229,18677.0
2016-03-29,523.25,538.799988,520.5,534.849976,527.807495,28469.0
2016-03-30,534.0,543.0,530.650024,534.25,527.215393,14976.0
2016-03-31,536.0,565.0,536.0,552.549988,545.274475,240828.0
2016-04-01,546.950012,556.200012,536.349976,540.349976,533.2351070000001,44239.0
2016-04-04,544.0,544.049988,533.0,539.950012,532.840393,6310.0
2016-04-05,535.0,551.5,533.099976,538.75,531.6561889999999,20334.0
2016-04-06,539.950012,548.0,531.0,540.25,533.136475,44862.0
2016-04-07,545.0,547.0,530.400024,533.150024,526.129944,13062.0
2016-04-08,537.0,541.200012,530.599976,534.400024,527.3634030000001,8673.0
2016-04-11,537.150024,545.0,532.0,535.400024,528.350342,10547.0
2016-04-12,536.0,551.700012,533.0,540.549988,533.432495,28940.0
2016-04-13,545.900024,560.0,542.200012,550.0,542.758057,56532.0
2016-04-18,545.0,557.049988,542.200012,549.549988,542.313965,32395.0
2016-04-20,549.0,550.0,540.299988,542.299988,535.1594240000001,16898.0
2016-04-21,542.099976,550.0,534.5,537.950012,530.86676,9952.0
2016-04-22,538.0,545.0,532.400024,533.849976,526.820618,20841.0
2016-04-25,534.349976,542.700012,526.0,528.400024,521.442505,11743.0
2016-04-26,533.650024,539.0,522.0,524.150024,517.248474,24206.0
2016-04-27,526.950012,541.0,526.650024,534.900024,527.8568730000001,32172.0
2016-04-28,539.5,539.5,531.049988,535.200012,528.152893,15608.0
2016-04-29,539.0,539.0,525.299988,535.799988,528.744995,25682.0
2016-05-02,535.0,539.0,532.0,537.049988,529.978516,11800.0
2016-05-03,532.299988,550.0,532.299988,538.5,531.409485,20371.0
2016-05-04,541.950012,542.950012,531.849976,539.599976,532.494995,58786.0
2016-05-05,543.299988,543.400024,533.0,540.049988,532.939026,21224.0
2016-05-06,540.0,540.049988,517.849976,523.799988,516.903015,19555.0
2016-05-09,528.0,530.400024,515.0,518.049988,511.228699,19841.0
2016-05-10,518.0,529.900024,515.0,519.599976,512.758362,15608.0
2016-05-11,517.0,528.799988,515.25,519.75,512.9063719999999,11721.0
2016-05-12,519.900024,524.849976,517.0,523.450012,516.5576169999999,32619.0
2016-05-13,530.25,544.0,515.150024,519.900024,513.054382,86043.0
2016-05-16,521.0,524.400024,517.25,520.900024,514.041199,18171.0
2016-05-17,523.75,526.0,505.700012,518.0,511.17938200000003,55912.0
2016-05-18,527.950012,536.900024,516.5,519.450012,512.610291,131697.0
2016-05-19,522.700012,525.049988,505.10000599999995,509.5,502.791321,24785.0
2016-05-20,510.89999400000005,513.799988,496.0,501.549988,494.945984,32549.0
2016-05-23,502.700012,508.0,490.049988,495.049988,488.53158600000006,25014.0
2016-05-24,495.0,508.0,493.200012,504.950012,498.30123899999995,38648.0
2016-05-25,510.0,510.0,493.0,502.5,495.883484,13861.0
2016-05-26,504.950012,512.700012,501.950012,510.0,503.284729,25672.0
2016-05-27,510.299988,518.0,510.0,515.200012,508.41625999999997,18133.0
2016-05-30,515.0,525.0,513.0,515.099976,508.31753499999996,20250.0
2016-05-31,511.799988,525.599976,510.0,521.25,514.3865969999999,28985.0
2016-06-01,521.349976,524.700012,511.39999400000005,517.049988,510.24188200000003,11547.0
2016-06-02,519.400024,522.0,512.0,513.75,506.985352,8505.0
2016-06-03,515.150024,536.900024,513.0,527.900024,520.949036,560828.0
2016-06-06,530.0,542.200012,530.0,537.900024,530.8173830000001,78575.0
2016-06-07,536.0,537.950012,521.0,524.25,517.347107,18884.0
2016-06-08,525.099976,527.799988,517.049988,520.049988,513.2023929999999,8353.0
2016-06-09,521.549988,527.450012,514.0,516.799988,509.995209,12041.0
2016-06-10,525.150024,532.0,516.0,518.200012,511.37677,49661.0
2016-06-13,518.0,518.0,508.39999400000005,510.950012,504.222229,11585.0
2016-06-14,522.900024,529.75,514.0,517.049988,510.24188200000003,95593.0
2016-06-15,522.0,523.400024,516.299988,517.299988,510.48864699999996,23047.0
2016-06-16,517.0,520.0,510.85000599999995,515.5,508.71231100000006,37097.0
2016-06-17,515.099976,521.650024,514.5,517.450012,510.636658,88461.0
2016-06-20,517.0,531.5,515.099976,519.650024,512.807678,55937.0
2016-06-21,523.400024,528.599976,517.0,520.25,513.39978,40865.0
2016-06-22,520.950012,532.900024,519.0,521.599976,514.731995,69719.0
2016-06-23,522.5,526.450012,516.900024,524.200012,517.297791,192968.0
2016-06-24,501.0,520.0,498.60000599999995,517.700012,510.883392,166426.0
2016-06-27,521.0,525.549988,517.0,524.400024,517.4951169999999,84645.0
2016-06-28,555.0,574.549988,553.0,556.900024,549.567261,457737.0
2016-06-29,557.400024,565.0,550.099976,552.849976,545.570496,88209.0
2016-06-30,555.200012,566.400024,551.849976,557.650024,550.3073730000001,61020.0
2016-07-01,564.849976,571.0,540.0,548.0,540.7844240000001,88959.0
2016-07-04,548.349976,554.950012,540.099976,548.950012,541.7219240000001,33488.0
2016-07-05,546.200012,548.0,533.0,536.049988,528.99176,25382.0
2016-07-07,537.0,547.950012,533.0,543.799988,536.639709,114226.0
2016-07-08,565.599976,570.0,555.599976,561.5,554.106567,145831.0
2016-07-11,560.049988,565.900024,555.049988,559.950012,552.5770259999999,30215.0
2016-07-12,561.75,563.0,556.0,560.200012,552.823792,20853.0
2016-07-13,562.400024,563.0,553.25,559.25,551.886292,17994.0
2016-07-14,560.349976,560.950012,551.599976,557.799988,550.455383,60488.0
2016-07-15,557.75,559.150024,550.0,551.099976,543.8435059999999,18341.0
2016-07-18,551.700012,558.700012,550.0,551.0,543.7448730000001,10055.0
2016-07-19,552.799988,554.950012,549.849976,550.700012,543.448792,8499.0
2016-07-20,554.450012,564.650024,549.0,553.299988,546.0146480000001,14122.0
2016-07-21,553.0,564.0,548.25,558.049988,550.7020259999999,23112.0
2016-07-22,557.0,563.900024,553.25,560.5,553.119812,10001.0
2016-07-25,564.75,564.799988,544.0,554.799988,547.4948730000001,9896.0
2016-07-26,558.0,560.200012,548.0,551.5,544.2382809999999,7191.0
2016-07-27,551.950012,571.950012,548.549988,554.799988,547.4948730000001,28604.0
2016-07-28,558.5,586.5,558.400024,574.5,566.9354860000001,93601.0
2016-07-29,577.599976,598.700012,571.099976,591.799988,584.007629,71932.0
2016-08-01,577.200012,611.299988,577.200012,585.849976,578.136047,46545.0
2016-08-02,593.5,639.849976,586.0,631.25,622.9382320000001,187781.0
2016-08-03,632.450012,632.450012,603.599976,609.75,601.721313,139921.0
2016-08-04,612.400024,623.5,601.0,611.0,602.954895,46815.0
2016-08-05,611.75,632.700012,611.75,624.5,616.277039,42901.0
2016-08-08,621.0,635.0,617.049988,631.299988,622.987488,42485.0
2016-08-09,634.049988,634.900024,616.75,623.099976,614.8955080000001,14839.0
2016-08-10,623.0,624.200012,614.5,616.700012,608.579834,7847.0
2016-08-11,618.450012,624.900024,615.900024,622.75,614.550171,11558.0
2016-08-12,624.0,631.950012,616.0,618.5,610.35614,8244.0
2016-08-16,618.0,641.049988,612.0,621.450012,613.267212,156850.0
2016-08-17,620.650024,651.0,619.450012,640.700012,632.2637940000001,73656.0
2016-08-18,641.0,661.700012,641.0,653.900024,645.289978,39472.0
2016-08-19,655.0,690.0,653.0,677.450012,668.529907,78253.0
2016-08-22,670.200012,680.0,656.0,660.200012,651.50708,124874.0
2016-08-23,663.900024,682.799988,658.0,660.349976,651.655029,30965.0
2016-08-24,662.0,666.5,648.5,652.950012,644.352478,36939.0
2016-08-25,650.0,657.950012,634.5,642.900024,634.434814,14769.0
2016-08-26,654.950012,660.0,622.0,628.650024,620.372437,24520.0
2016-08-29,628.0,645.0,621.75,635.299988,626.934875,26350.0
2016-08-30,633.549988,642.0,627.0,630.200012,621.902039,16186.0
2016-08-31,633.0,644.0,629.0,637.849976,629.4512940000001,30482.0
2016-09-01,637.0,639.5,627.099976,630.099976,621.803345,7065.0
2016-09-02,635.0,648.0,630.0,641.299988,632.855896,34611.0
2016-09-06,646.0,648.700012,632.549988,637.650024,629.253967,15533.0
2016-09-07,643.0,643.0,623.099976,627.400024,619.138977,13730.0
2016-09-08,628.349976,635.0,623.599976,629.700012,621.408691,20584.0
2016-09-09,631.0,638.799988,624.25,628.849976,620.569763,37999.0
2016-09-12,628.0,642.0,610.0,620.400024,612.23114,61630.0
2016-09-14,620.0,624.299988,612.400024,614.849976,606.75415,9636.0
2016-09-15,619.549988,622.0,605.200012,608.950012,600.931885,10762.0
2016-09-16,609.25,642.0,609.0,636.650024,628.267151,68615.0
2016-09-19,639.5,640.0,615.0,618.049988,609.9119870000001,10300.0
2016-09-20,618.0,624.0,609.0,621.650024,613.4646,23848.0
2016-09-21,621.0,635.0,615.0,621.599976,615.89209,16946.0
2016-09-22,625.0,634.0,621.049988,624.5,618.765442,214658.0
2016-09-23,624.0,624.349976,605.849976,607.349976,601.772949,27693.0
2016-09-26,607.950012,611.900024,598.0,605.5,599.939941,45525.0
2016-09-27,606.0,642.5,606.0,618.75,613.0682370000001,110355.0
2016-09-28,620.0,624.799988,589.950012,605.0,599.44458,230308.0
2016-09-29,609.0,612.400024,568.700012,584.799988,579.429993,164662.0
2016-09-30,582.0,593.099976,568.599976,574.349976,569.075928,97878.0
2016-10-03,595.0,595.950012,575.0,578.25,572.940125,166321.0
2016-10-04,576.75,597.0,562.200012,579.099976,573.7823490000001,501133.0
2016-10-05,580.0,590.099976,570.0,580.450012,575.119995,46456.0
2016-10-06,581.5,597.0,580.450012,594.0,588.545532,95809.0
2016-10-07,600.099976,605.650024,588.599976,590.200012,584.7804570000001,176131.0
2016-10-10,595.549988,600.0,575.349976,580.549988,575.2189940000001,22098.0
2016-10-13,585.950012,585.950012,570.0,572.950012,567.688843,72083.0
2016-10-14,572.0,584.049988,565.0,573.900024,568.6301269999999,14577.0
2016-10-17,570.099976,599.0,570.099976,580.099976,574.773132,480807.0
2016-10-18,578.700012,597.0,578.700012,591.75,586.316162,558127.0
2016-10-19,595.599976,606.0,588.75,590.099976,584.681335,79631.0
2016-10-20,594.25,599.5,583.0,585.25,579.875854,47995.0
2016-10-21,587.5,594.0,573.099976,581.450012,576.110779,26978.0
2016-10-24,583.650024,589.0,578.0,580.200012,574.872314,16219.0
2016-10-25,583.650024,586.5,573.0,578.200012,572.890625,215052.0
2016-10-26,578.200012,621.0,572.0,585.049988,579.677734,565759.0
2016-10-27,582.0,584.0,572.0,574.75,569.47229,51948.0
2016-10-28,575.049988,582.0,570.799988,573.0,567.738342,28958.0
2016-11-01,583.0,583.0,572.099976,575.0,569.719971,23682.0
2016-11-02,570.599976,570.599976,556.200012,557.849976,552.727478,30054.0
2016-11-03,560.0,562.799988,551.0,553.049988,547.971558,54486.0
2016-11-04,556.950012,557.549988,541.549988,550.349976,545.296387,37274.0
2016-11-07,556.5,561.950012,547.25,556.5,551.3898929999999,21086.0
2016-11-08,561.0,561.0,550.0,554.150024,549.0615230000001,106280.0
2016-11-09,520.0,560.099976,470.0,558.099976,552.975159,66974.0
2016-11-10,560.0,568.5,554.349976,557.049988,551.934814,28330.0
2016-11-11,557.099976,560.0,548.0,550.849976,545.7917480000001,11860.0
2016-11-15,557.75,557.75,523.0,528.400024,523.5479740000001,17346.0
2016-11-16,521.25,538.450012,521.25,524.400024,519.584656,252970.0
2016-11-17,527.650024,531.0,517.5,520.849976,516.0672,42206.0
2016-11-18,523.299988,534.349976,521.0,526.049988,521.2194820000001,67508.0
2016-11-21,559.0,562.0,530.0,534.400024,529.492798,273681.0
2016-11-22,534.849976,539.0,512.299988,519.900024,515.1259769999999,75800.0
2016-11-23,519.900024,528.0,515.450012,526.150024,521.318604,24347.0
2016-11-24,524.0,542.0,520.0,529.549988,524.6873780000001,27658.0
2016-11-25,526.349976,538.099976,526.349976,531.450012,526.569946,64155.0
2016-11-28,530.0,532.5,519.0,529.200012,524.3405759999999,17131.0
2016-11-29,540.950012,544.700012,531.099976,539.0,534.050598,29159.0
2016-11-30,540.099976,548.0,540.0,546.349976,541.333069,23489.0
2016-12-01,546.0,549.0,539.900024,540.049988,535.090881,23985.0
2016-12-02,540.0,544.0,532.549988,535.0,530.087341,23222.0
2016-12-05,540.0,543.150024,535.0,537.75,532.812073,16832.0
2016-12-06,539.0,545.0,537.299988,538.200012,533.257996,14638.0
2016-12-07,535.0,545.0,532.900024,536.200012,531.276306,12885.0
2016-12-08,544.0,545.0,537.0,543.150024,538.162476,11966.0
2016-12-09,544.450012,557.0,540.0,553.0,547.9219969999999,35059.0
2016-12-12,555.049988,560.150024,549.950012,551.200012,546.13855,19666.0
2016-12-13,542.0,551.5,541.049988,544.650024,539.648682,10177.0
2016-12-14,547.049988,558.450012,539.950012,547.450012,542.4229740000001,169472.0
2016-12-15,545.0,559.799988,539.349976,542.549988,537.567993,19062.0
2016-12-16,546.0,557.900024,545.0,552.950012,547.8724980000001,27779.0
2016-12-19,555.75,557.950012,540.0,547.950012,542.918396,13021.0
2016-12-20,547.150024,551.799988,540.0,540.150024,535.190063,7888.0
2016-12-21,541.0,546.349976,536.25,539.450012,534.49646,84617.0
2016-12-22,540.0,540.0,523.0,526.5,521.665344,10145.0
2016-12-23,530.0,530.0,515.099976,516.799988,512.054443,13108.0
2016-12-26,518.25,525.0,505.0,510.5,505.81228600000003,11011.0
2016-12-27,503.0,523.0,503.0,518.099976,513.3424679999999,9067.0
2016-12-28,516.099976,524.900024,515.0,517.900024,513.144348,7494.0
2016-12-29,516.25,522.400024,516.0,519.599976,514.8287349999999,5202.0
2016-12-30,520.0,533.5,517.0,523.049988,518.2470089999999,16852.0
2017-01-02,524.950012,534.700012,524.0,529.900024,525.03418,9868.0
2017-01-03,532.0,538.0,529.900024,534.650024,529.74054,11003.0
2017-01-04,536.299988,544.0,532.200012,535.349976,530.434082,13546.0
2017-01-05,537.599976,542.900024,532.0,536.400024,531.4744870000001,6939.0
2017-01-06,533.799988,542.0,525.0,527.0,522.160828,13710.0
2017-01-09,532.25,562.700012,532.25,549.799988,544.751404,422072.0
2017-01-10,550.049988,558.0,545.0,546.200012,541.1845089999999,19319.0
2017-01-11,550.0,550.0,537.049988,539.950012,534.991882,10636.0
2017-01-12,544.0,547.0,539.0,541.25,536.279907,9049.0
2017-01-13,542.049988,542.049988,532.0,533.799988,528.898315,89147.0
2017-01-16,533.799988,539.900024,531.0,533.150024,528.254333,5947.0
2017-01-17,533.299988,537.849976,527.200012,529.549988,524.6873780000001,12852.0
2017-01-18,532.950012,542.400024,530.450012,538.849976,533.901917,73537.0
2017-01-19,541.0,545.0,539.099976,540.0,535.041382,10643.0
2017-01-20,542.0,543.849976,530.099976,532.150024,527.26355,76086.0
2017-01-23,536.950012,542.900024,533.950012,540.799988,535.8340450000001,59141.0
2017-01-24,540.299988,571.0,538.549988,552.599976,547.525635,186359.0
2017-01-25,549.950012,565.0,546.349976,554.849976,549.755005,318691.0
2017-01-27,558.0,585.0,557.0,580.950012,575.6153559999999,183953.0
2017-01-30,580.0,586.349976,568.700012,579.5,574.178711,43402.0
2017-01-31,577.950012,578.049988,569.0,570.799988,565.558533,21927.0
2017-02-01,562.200012,594.700012,562.200012,590.200012,584.7804570000001,93286.0
2017-02-02,593.0,598.0,580.0,586.700012,581.3125610000001,29983.0
2017-02-03,585.200012,594.950012,583.75,592.25,586.811584,124960.0
2017-02-06,600.0,615.0,597.349976,610.849976,605.240784,299959.0
2017-02-07,620.0,628.0,612.400024,618.549988,612.8701169999999,276131.0
2017-02-08,612.599976,622.950012,608.0,614.900024,609.253662,77750.0
2017-02-09,616.950012,627.0,613.0,616.650024,610.98761,123718.0
2017-02-10,618.549988,621.0,614.900024,617.849976,612.176514,21833.0
2017-02-13,620.0,626.0,609.650024,617.25,611.5820309999999,184229.0
2017-02-14,618.0,619.0,606.5,615.150024,609.501343,123507.0
2017-02-15,602.0,622.900024,602.0,617.0,611.33429,56536.0
2017-02-16,615.0,621.0,610.25,617.150024,611.483032,17318.0
2017-02-17,615.0,619.75,615.0,617.150024,611.483032,29429.0
2017-02-20,620.900024,620.900024,614.849976,619.150024,613.4646,13747.0
2017-02-21,617.049988,637.799988,616.299988,622.200012,616.486633,40215.0
2017-02-22,623.0,629.0,621.0,624.049988,618.319641,15462.0
2017-02-23,621.099976,633.0,620.5,622.700012,616.982056,20269.0
2017-02-27,617.599976,624.900024,615.5,622.299988,616.585693,16336.0
2017-02-28,620.349976,629.849976,620.0,624.849976,619.112244,46748.0
2017-03-01,628.950012,668.0,626.599976,660.299988,654.236694,254210.0
2017-03-02,663.0,686.049988,652.0,664.799988,658.695435,100523.0
2017-03-03,660.0,670.349976,655.0,668.349976,662.2127690000001,63877.0
2017-03-06,673.900024,685.0,667.0,671.549988,665.383423,75957.0
2017-03-07,673.950012,674.950012,667.849976,670.200012,664.045837,108216.0
2017-03-08,673.900024,707.0,658.049988,676.400024,670.188965,858667.0
2017-03-09,676.5,681.549988,660.099976,665.849976,659.735718,16170.0
2017-03-10,669.150024,672.900024,655.549988,660.150024,654.088135,12726.0
2017-03-14,668.0,687.900024,664.5,674.549988,668.355896,52085.0
2017-03-15,676.099976,678.0,670.849976,674.650024,668.455017,221252.0
2017-03-16,683.0,683.950012,673.900024,679.900024,673.656738,42176.0
2017-03-17,688.5,695.0,673.25,690.450012,684.109924,50160.0
2017-03-20,691.0,708.0,685.0,703.75,697.28772,47257.0
2017-03-21,701.700012,735.0,697.0,729.25,722.553589,242885.0
2017-03-22,722.200012,747.799988,720.099976,730.349976,723.643433,95169.0
2017-03-23,728.0,749.0,721.549988,733.049988,726.318665,51272.0
2017-03-24,739.900024,740.0,734.099976,736.150024,729.390259,229911.0
2017-03-27,741.950012,785.849976,735.049988,777.549988,770.4100950000001,242869.0
2017-03-28,778.0,800.0,778.0,786.900024,779.674255,152499.0
2017-03-29,790.0,813.0,772.0,799.849976,792.505249,290739.0
2017-03-30,805.0,820.0,792.849976,797.700012,790.3750610000001,119632.0
2017-03-31,801.0,801.0,765.049988,768.75,761.690918,71701.0
2017-04-03,773.400024,773.5,752.299988,757.450012,750.494629,154624.0
2017-04-05,757.75,794.0,755.049988,776.75,769.617432,600811.0
2017-04-06,776.75,782.900024,765.099976,771.349976,764.266968,221022.0
2017-04-07,768.0,777.0,765.0,773.5,766.397278,37749.0
2017-04-10,781.049988,790.0,765.0,770.799988,763.722046,79366.0
2017-04-11,767.349976,795.200012,767.0,789.900024,782.646729,78642.0
2017-04-12,797.950012,798.0,765.700012,786.400024,779.178833,62678.0
2017-04-13,780.0,822.900024,780.0,814.200012,806.723572,326436.0
2017-04-17,815.0,849.0,815.0,842.2000119999999,834.466431,157900.0
2017-04-18,850.599976,881.0,835.0,843.9500119999999,836.200378,382092.0
2017-04-19,844.0,871.7000119999999,843.9500119999999,855.0,847.148926,166415.0
2017-04-20,847.0,863.25,825.0,849.5499880000001,841.7489009999999,194443.0
2017-04-21,849.0,854.900024,826.450012,830.75,823.121582,161784.0
2017-04-24,829.0,838.150024,825.549988,829.349976,821.7344360000001,34274.0
2017-04-25,830.0,854.900024,830.0,843.650024,835.903137,103618.0
2017-04-26,845.0,855.0,831.0,832.75,825.10321,68656.0
2017-04-27,836.799988,855.0,835.0,841.650024,833.921509,37084.0
2017-04-28,847.9500119999999,865.0,841.0,844.650024,836.893921,72322.0
2017-05-02,853.2000119999999,856.650024,835.0,839.650024,831.93988,33569.0
2017-05-03,838.0,859.9500119999999,810.0,819.549988,812.024414,40335.0
2017-05-04,819.0,825.349976,778.549988,801.799988,794.4373780000001,62113.0
2017-05-05,810.0,810.0,782.799988,790.75,783.488892,128331.0
2017-05-08,790.0,807.75,787.0,792.700012,785.420959,154791.0
2017-05-09,795.0,797.200012,780.799988,783.599976,776.40448,21665.0
2017-05-10,784.0,791.5,777.549988,786.549988,779.327454,86819.0
2017-05-11,782.650024,785.900024,772.0,775.549988,768.428406,91912.0
2017-05-12,777.0,782.0,761.0,770.0,762.929382,31825.0
2017-05-15,778.0,785.0,761.200012,779.5,772.342163,62503.0
2017-05-16,779.5,783.25,769.0,771.150024,764.068909,194238.0
2017-05-17,765.099976,798.0,765.099976,790.200012,782.94397,99458.0
2017-05-18,782.0,791.0,773.0,787.849976,780.615479,41589.0
2017-05-19,792.0,798.200012,777.0,781.75,774.571533,39826.0
2017-05-22,788.049988,789.150024,768.450012,772.400024,765.3073730000001,143278.0
2017-05-23,764.0,770.0,742.5,764.650024,757.62854,18008.0
2017-05-24,775.549988,787.700012,749.0,750.150024,743.2617190000001,53193.0
2017-05-25,736.0,870.2000119999999,724.0,769.599976,762.53302,110615.0
2017-05-26,754.200012,762.0,740.900024,755.450012,748.513,122125.0
2017-05-29,755.0,759.700012,730.150024,739.150024,732.362671,39739.0
2017-05-30,737.049988,768.5,730.0,764.150024,757.133179,21505.0
2017-05-31,771.950012,779.900024,743.799988,761.5,754.507446,120718.0
2017-06-01,767.400024,767.400024,744.150024,759.950012,752.9717410000001,131832.0
2017-06-02,760.0,768.799988,745.0,750.549988,743.65802,152323.0
2017-06-05,750.5,765.0,749.299988,762.450012,755.44873,57379.0
2017-06-06,768.5,778.400024,760.0,764.75,757.7276,41925.0
2017-06-07,763.200012,784.0,760.099976,778.150024,771.004578,34034.0
2017-06-08,775.5,794.0,775.049988,789.849976,782.597107,26037.0
2017-06-09,788.599976,815.049988,786.099976,800.75,793.397034,71962.0
2017-06-12,797.799988,808.0,795.0,800.099976,792.7529910000001,32754.0
2017-06-13,799.299988,807.849976,793.549988,801.099976,793.743774,24923.0
2017-06-14,800.549988,802.0,786.75,792.700012,785.420959,114670.0
2017-06-15,789.049988,795.0,788.0,792.75,785.47052,16948.0
2017-06-16,792.0,804.0,790.0,799.900024,792.554871,49452.0
2017-06-19,805.0,809.950012,800.150024,805.75,798.351135,25602.0
2017-06-20,808.849976,815.0,795.0,802.549988,795.180481,19989.0
2017-06-21,797.5,807.849976,790.0,795.950012,788.641113,287501.0
2017-06-22,797.0,798.549988,753.900024,778.150024,771.004578,113761.0
2017-06-23,774.700012,774.700012,758.0,760.400024,753.417603,23121.0
2017-06-27,766.0,766.0,745.599976,749.400024,742.518555,19084.0
2017-06-28,755.0,756.849976,736.599976,744.599976,737.7626339999999,39659.0
2017-06-29,740.0,749.349976,730.150024,744.150024,737.316833,110768.0
2017-06-30,740.849976,750.900024,738.0,743.049988,736.226868,330449.0
2017-07-03,749.200012,759.0,740.200012,745.950012,739.100281,253631.0
2017-07-04,759.0,759.0,747.099976,754.549988,747.621277,315369.0
2017-07-05,754.599976,773.849976,748.0,758.950012,751.980896,36267.0
2017-07-06,760.049988,765.0,750.799988,761.599976,754.606506,14944.0
2017-07-07,750.0,760.450012,750.0,756.450012,749.5038450000001,15980.0
2017-07-10,751.0,892.599976,643.0,758.650024,751.6836549999999,4985.0
2017-07-11,754.099976,774.0,750.0,762.099976,755.101929,36374.0
2017-07-12,752.049988,773.950012,752.0,763.200012,756.191895,24979.0
2017-07-13,763.950012,767.150024,750.599976,752.099976,745.193726,99447.0
2017-07-14,733.099976,761.400024,733.099976,740.450012,733.650757,45466.0
2017-07-17,753.0,759.0,733.650024,741.349976,734.54248,85178.0
2017-07-18,747.950012,764.200012,741.25,754.900024,747.968079,30480.0
2017-07-19,742.5,769.950012,742.5,763.599976,756.588196,24096.0
2017-07-20,776.0,776.0,756.0,768.150024,761.096375,12891.0
2017-07-21,765.450012,770.0,760.0,767.200012,760.1550900000001,5234.0
2017-07-24,763.0,767.0,755.849976,763.900024,756.885437,8870.0
2017-07-25,764.950012,785.450012,761.0,764.349976,757.331238,21700.0
2017-07-26,772.549988,777.700012,764.0,765.200012,758.173523,6015.0
2017-07-27,769.950012,769.950012,757.650024,763.549988,756.538635,8817.0
2017-07-28,766.150024,773.0,755.299988,760.5,753.516663,19095.0
2017-07-31,760.0,765.0,749.599976,758.75,751.782715,13226.0
2017-08-01,768.799988,768.799988,755.0,759.0,752.0304570000001,4230.0
2017-08-02,759.950012,763.400024,748.0,756.950012,749.9992070000001,11469.0
2017-08-03,757.400024,769.0,740.0,748.0,741.131409,24348.0
2017-08-04,748.049988,765.0,745.549988,755.0,748.067139,8070.0
2017-08-07,743.299988,761.900024,741.099976,758.200012,751.237793,10339.0
2017-08-08,755.5,808.0,755.349976,774.150024,767.041321,73784.0
2017-08-09,776.5,814.25,765.200012,787.599976,780.367737,68147.0
2017-08-10,789.0,790.099976,711.0,748.200012,741.329651,25717.0
2017-08-11,760.0,789.0,749.950012,772.650024,765.555115,456377.0
2017-08-14,772.650024,779.799988,757.549988,764.0,756.9844969999999,19157.0
2017-08-16,765.0,784.0,765.0,777.849976,770.707275,43653.0
2017-08-17,773.049988,788.5,770.0,772.349976,765.257751,22545.0
2017-08-18,771.0,780.0,756.049988,770.0,762.929382,62702.0
2017-08-21,772.299988,778.0,765.0,766.599976,759.560608,31937.0
2017-08-22,773.549988,773.549988,761.5,771.049988,763.969788,18343.0
2017-08-23,772.450012,809.75,772.450012,793.450012,786.164124,92645.0
2017-08-24,795.0,802.0,780.549988,788.150024,780.912781,19634.0
2017-08-28,791.049988,802.0,785.5,789.450012,782.200806,15209.0
2017-08-29,793.0,798.200012,777.349976,780.099976,772.936646,33576.0
2017-08-30,783.599976,800.0,770.0,771.049988,763.969788,95790.0
2017-08-31,777.549988,789.349976,771.0,779.0,771.8468019999999,17351.0
2017-09-01,774.950012,796.0,774.950012,791.299988,784.033813,18555.0
2017-09-04,796.0,805.0,785.049988,799.799988,792.45575,21855.0
2017-09-05,801.950012,836.0,801.950012,825.650024,818.0684200000001,146616.0
2017-09-06,828.5,829.0,810.0,813.700012,806.228149,21561.0
2017-09-07,805.299988,844.400024,805.299988,829.0,821.3876339999999,81615.0
2017-09-08,836.450012,839.0,820.0,831.150024,823.517883,20160.0
2017-09-11,835.0,835.0,820.849976,824.200012,816.631714,14784.0
2017-09-12,825.0,853.75,821.0,848.599976,840.8076169999999,48485.0
2017-09-13,854.0,869.2999880000001,814.450012,824.549988,816.9784549999999,145067.0
2017-09-14,827.950012,844.4500119999999,824.700012,835.700012,828.0261230000001,114865.0
2017-09-15,833.0,844.75,820.599976,838.900024,831.196777,43038.0
2017-09-18,842.0499880000001,847.900024,833.200012,837.799988,830.106812,17235.0
2017-09-19,855.0,890.0,836.849976,844.75,836.993042,151865.0
2017-09-20,849.9500119999999,864.0,830.0,835.200012,830.480042,71272.0
2017-09-21,840.0,847.599976,815.150024,839.9500119999999,835.2031860000001,65110.0
2017-09-22,831.299988,849.0,818.0,838.25,833.512817,49453.0
2017-09-25,838.349976,844.0,811.200012,815.599976,810.990784,36483.0
2017-09-26,815.0,829.450012,810.0,824.950012,820.287964,19031.0
2017-09-27,829.950012,834.0,798.849976,809.549988,804.974976,26363.0
2017-09-28,816.0,818.0,796.400024,805.0,800.450684,20456.0
2017-09-29,811.700012,844.0,806.599976,837.549988,832.816772,80037.0
2017-10-03,846.0,872.849976,832.849976,860.0,855.1398929999999,81236.0
2017-10-04,860.0,877.0499880000001,860.0,868.2000119999999,863.2935789999999,56942.0
2017-10-05,867.0499880000001,923.0,867.0,906.4500119999999,901.3273929999999,212941.0
2017-10-06,915.7999880000001,925.0,895.0,910.0,904.8573,102260.0
2017-10-09,901.099976,911.849976,873.0,885.9500119999999,880.943237,27736.0
2017-10-10,878.0,893.900024,860.0,883.650024,878.65625,46008.0
2017-10-11,888.0,910.0,873.599976,877.2999880000001,872.342102,29871.0
2017-10-12,880.0,900.0,880.0,887.75,882.733032,23847.0
2017-10-13,887.75,894.400024,871.2000119999999,885.7999880000001,880.794067,63333.0
2017-10-16,909.7999880000001,945.0,900.0499880000001,932.5,927.2301640000001,179532.0
2017-10-17,939.7000119999999,939.7000119999999,915.0499880000001,919.7000119999999,914.5025019999999,85262.0
2017-10-18,915.0,922.2000119999999,906.0,917.0,911.817749,47906.0
2017-10-19,924.900024,925.0,915.0499880000001,917.650024,912.4641109999999,11774.0
2017-10-23,921.0,922.7000119999999,902.0499880000001,909.150024,904.0121460000001,24569.0
2017-10-24,911.0,920.4500119999999,890.0,902.849976,897.7476810000001,49390.0
2017-10-25,899.099976,911.7000119999999,886.150024,896.650024,891.5827640000001,102155.0
2017-10-26,897.7999880000001,903.75,884.9500119999999,899.5499880000001,894.4663699999999,32912.0
2017-10-27,897.150024,921.4500119999999,894.0,903.5499880000001,898.4437869999999,43060.0
2017-10-30,907.75,918.0,904.0499880000001,910.25,905.1058960000001,29526.0
2017-10-31,900.150024,920.0,900.150024,912.4500119999999,907.293518,40981.0
2017-11-01,919.0,920.0,895.5,913.849976,908.685547,42940.0
2017-11-02,913.599976,940.0,910.0,922.400024,917.187256,67254.0
2017-11-03,929.0,978.0,898.75,964.150024,958.701355,102381.0
2017-11-06,966.150024,973.900024,935.0,960.25,954.8233640000001,94072.0
2017-11-07,940.0,940.0,900.5,912.7000119999999,907.5420529999999,117748.0
2017-11-08,910.0,915.0,891.099976,898.349976,893.273132,101191.0
2017-11-09,906.0,908.0,863.849976,889.0499880000001,884.025696,67529.0
2017-11-10,890.0,893.9500119999999,880.0499880000001,882.7000119999999,877.711609,113347.0
2017-11-13,892.0,896.0,871.400024,875.75,870.800903,42411.0
2017-11-14,870.0,891.7999880000001,870.0,878.9500119999999,873.982788,41137.0
2017-11-15,880.0,885.5499880000001,857.650024,865.5499880000001,860.658508,38688.0
2017-11-16,869.0,869.0499880000001,850.0499880000001,852.900024,848.080017,30329.0
2017-11-17,865.0499880000001,876.0,838.0,843.4500119999999,838.683411,40180.0
2017-11-20,843.0,844.7999880000001,811.799988,833.900024,829.1874389999999,74484.0
2017-11-21,820.0,859.9500119999999,820.0,846.2999880000001,841.517273,66850.0
2017-11-22,854.75,857.0,836.0,838.599976,833.860779,18387.0
2017-11-23,842.400024,853.900024,840.0,850.599976,845.792969,15835.0
2017-11-24,850.0499880000001,859.0,840.0,848.400024,843.605469,12452.0
2017-11-27,850.0,850.0,843.0,845.25,840.473267,8638.0
2017-11-28,865.0,878.9500119999999,861.0,864.0,859.11731,164261.0
2017-11-29,865.099976,872.0,851.5499880000001,865.849976,860.956787,97562.0
2017-11-30,869.0,889.0,855.0499880000001,879.099976,874.1318970000001,112001.0
2017-12-01,880.0,884.0,851.7999880000001,858.4500119999999,853.5986330000001,43584.0
2017-12-04,867.0,867.0,850.0499880000001,859.849976,854.990723,126386.0
2017-12-05,859.650024,873.0,838.0,846.0499880000001,841.2687380000001,34090.0
2017-12-06,854.5,861.75,841.0,854.0499880000001,849.2235109999999,37220.0
2017-12-07,856.650024,867.0,840.0,844.2000119999999,839.429199,35411.0
2017-12-08,849.9500119999999,851.0,842.099976,848.2000119999999,843.406555,49814.0
2017-12-11,849.2999880000001,851.2000119999999,835.0,836.400024,831.673279,22345.0
2017-12-12,839.099976,844.099976,827.0,830.700012,826.005493,39459.0
2017-12-13,830.599976,837.0,818.849976,827.549988,822.87323,13036.0
2017-12-14,830.0,832.700012,823.75,826.650024,821.9783940000001,48452.0
2017-12-15,845.5,845.5,825.0,833.0,828.29248,80917.0
2017-12-18,825.0,862.900024,819.849976,836.75,832.021301,138946.0
2017-12-19,847.9500119999999,848.0,836.0,837.5,832.767029,79347.0
2017-12-20,844.0,844.0,830.5,832.5,827.795288,92420.0
2017-12-21,834.0,840.0,820.0,825.799988,821.133179,93927.0
2017-12-22,831.75,833.0,817.0,820.799988,816.1613769999999,35694.0
2017-12-26,830.0,835.0,821.0,823.900024,819.243896,36489.0
2017-12-27,825.0,831.75,823.0,826.799988,822.1275019999999,21714.0
2017-12-28,828.599976,850.7999880000001,820.0,841.599976,836.8438719999999,133968.0
2017-12-29,847.0,848.0,835.099976,840.5499880000001,835.799805,16152.0
2018-01-01,846.9500119999999,847.0,837.0,844.150024,839.379456,17171.0
2018-01-02,844.9500119999999,860.0,831.5,847.0,842.2133789999999,29299.0
2018-01-03,847.900024,877.900024,846.5499880000001,873.2000119999999,868.26532,56724.0
2018-01-04,874.900024,879.0,843.2999880000001,849.5499880000001,844.7489009999999,88616.0
2018-01-05,856.0,886.900024,856.0,870.900024,865.978333,71001.0
2018-01-08,879.5499880000001,889.849976,867.0,885.5,880.4957890000001,37277.0
2018-01-09,885.0,890.0,868.0,872.2999880000001,867.3703609999999,15597.0
2018-01-10,872.2999880000001,880.0,853.650024,860.75,855.8856199999999,23103.0
2018-01-11,860.0,877.9500119999999,855.0499880000001,873.9500119999999,869.0110470000001,21699.0
2018-01-12,870.0499880000001,935.0,870.0499880000001,909.650024,904.5093380000001,208393.0
2018-01-15,921.0,955.0,890.400024,897.0,891.9307859999999,54492.0
2018-01-16,897.0,920.0,890.0,907.150024,902.023438,61922.0
2018-01-17,908.9500119999999,908.9500119999999,877.5,881.25,876.269775,40026.0
2018-01-18,894.0,895.0,874.0,877.2999880000001,872.342102,21442.0
2018-01-19,852.599976,880.0,852.599976,866.75,861.851746,29339.0
2018-01-22,859.0,880.0,859.0,877.25,872.292419,14748.0
2018-01-23,879.9500119999999,898.900024,868.0,885.2999880000001,880.296875,44118.0
2018-01-24,887.2000119999999,891.900024,870.0,883.0499880000001,878.0596310000001,26181.0
2018-01-25,884.0,888.0,855.099976,867.349976,862.4483029999999,13822.0
2018-01-29,870.0,875.400024,860.0,869.25,864.337585,18997.0
2018-01-30,884.0499880000001,884.0499880000001,850.0,853.0,848.179443,9350.0
2018-01-31,,,,,,
2018-02-01,,,,,,
2018-02-02,,,,,,
2018-02-05,,,,,,
2018-02-06,,,,,,
2018-02-07,,,,,,
2018-02-08,,,,,,
2018-02-09,,,,,,
2018-02-12,,,,,,
2018-02-14,,,,,,
2018-02-15,,,,,,
2018-02-16,,,,,,
2018-02-19,,,,,,
2018-02-20,,,,,,
2018-02-21,,,,,,
2018-02-22,,,,,,
2018-02-23,,,,,,
2018-02-26,,,,,,
2018-02-27,,,,,,
2018-02-28,,,,,,
2018-03-01,,,,,,
2018-03-05,,,,,,
2018-03-06,,,,,,
2018-03-07,,,,,,
2018-03-08,,,,,,
2018-03-09,,,,,,
2018-03-12,,,,,,
2018-03-13,,,,,,
2018-03-14,,,,,,
2018-03-15,,,,,,
2018-03-16,,,,,,
2018-03-19,,,,,,
2018-03-20,,,,,,
2018-03-21,,,,,,
2018-03-22,,,,,,
2018-03-23,,,,,,
2018-03-26,,,,,,
2018-03-27,,,,,,
2018-03-28,,,,,,
2018-04-02,,,,,,
2018-04-03,,,,,,
2018-04-04,,,,,,
2018-04-05,,,,,,
2018-04-06,,,,,,
2018-04-09,,,,,,
2018-04-10,,,,,,
2018-04-11,,,,,,
2018-04-12,,,,,,
2018-04-13,,,,,,
2018-04-16,,,,,,
2018-04-17,,,,,,
2018-04-18,,,,,,
2018-04-19,,,,,,
2018-04-20,,,,,,
2018-04-23,,,,,,
2018-04-24,,,,,,
2018-04-25,,,,,,
2018-04-26,,,,,,
2018-04-27,,,,,,
2018-04-30,,,,,,
2018-05-02,,,,,,
2018-05-03,,,,,,
2018-05-04,,,,,,
2018-05-07,,,,,,
2018-05-08,,,,,,
2018-05-09,,,,,,
2018-05-10,,,,,,
2018-05-11,,,,,,
2018-05-14,,,,,,
2018-05-15,,,,,,
2018-05-16,,,,,,
2018-05-17,,,,,,
2018-05-18,,,,,,
2018-05-21,,,,,,
2018-05-22,,,,,,
2018-05-23,,,,,,
2018-05-24,,,,,,
2018-05-25,,,,,,
2018-05-28,,,,,,
2018-05-29,,,,,,
2018-05-30,,,,,,
2018-05-31,,,,,,
2018-06-01,,,,,,
2018-06-04,,,,,,
2018-06-05,,,,,,
2018-06-06,,,,,,
2018-06-07,,,,,,
2018-06-08,,,,,,
2018-06-11,,,,,,
2018-06-12,,,,,,
2018-06-13,,,,,,
2018-06-14,,,,,,
2018-06-15,,,,,,
2018-06-18,,,,,,
2018-06-19,,,,,,
2018-06-20,,,,,,
2018-06-21,,,,,,
2018-06-22,,,,,,
2018-06-25,,,,,,
2018-06-26,,,,,,
2018-06-27,,,,,,
2018-06-28,,,,,,
2018-06-29,,,,,,
2018-07-02,,,,,,
2018-07-03,,,,,,
2018-07-04,,,,,,
2018-07-05,,,,,,
2018-07-06,,,,,,
2018-07-09,,,,,,
2018-07-10,,,,,,
2018-07-11,,,,,,
2018-07-12,,,,,,
2018-07-13,,,,,,
2018-07-16,,,,,,
2018-07-17,,,,,,
2018-07-18,,,,,,
2018-07-19,,,,,,
2018-07-20,,,,,,
2018-07-23,,,,,,
2018-07-24,,,,,,
2018-07-25,,,,,,
2018-07-26,,,,,,
2018-07-27,,,,,,
2018-07-30,,,,,,
2018-07-31,,,,,,
2018-08-01,,,,,,
2018-08-02,,,,,,
2018-08-03,,,,,,
2018-08-06,,,,,,
2018-08-07,,,,,,
2018-08-08,,,,,,
2018-08-09,,,,,,
2018-08-10,,,,,,
2018-08-13,,,,,,
2018-08-14,,,,,,
2018-08-16,,,,,,
2018-08-17,,,,,,
2018-08-20,,,,,,
2018-08-21,,,,,,
2018-08-23,,,,,,
2018-08-24,,,,,,
2018-08-27,,,,,,
2018-08-28,,,,,,
2018-08-29,,,,,,
2018-08-30,,,,,,
2018-08-31,,,,,,
2018-09-03,,,,,,
2018-09-04,,,,,,
2018-09-05,,,,,,
2018-09-06,,,,,,
2018-09-07,,,,,,
2018-09-10,,,,,,
2018-09-11,,,,,,
2018-09-12,,,,,,
2018-09-14,,,,,,
2018-09-17,,,,,,
2018-09-18,,,,,,
2018-09-19,,,,,,
2018-09-21,,,,,,
2018-09-24,,,,,,
2018-09-25,,,,,,
2018-09-26,,,,,,
2018-09-27,,,,,,
2018-09-28,,,,,,
2018-10-01,,,,,,
2018-10-03,,,,,,
2018-10-04,,,,,,
2018-10-05,,,,,,
2018-10-08,,,,,,
2018-10-09,,,,,,
2018-10-10,,,,,,
2018-10-11,,,,,,
2018-10-12,,,,,,
2018-10-15,,,,,,
2018-10-16,,,,,,
2018-10-17,,,,,,
2018-10-19,,,,,,
2018-10-22,,,,,,
2018-10-23,,,,,,
2018-10-24,,,,,,
2018-10-25,,,,,,
2018-10-26,,,,,,
2018-10-29,,,,,,
2018-10-30,,,,,,
2018-10-31,,,,,,
2018-11-01,,,,,,
2018-11-02,,,,,,
2018-11-05,,,,,,
2018-11-06,,,,,,
2018-11-07,,,,,,
2018-11-09,,,,,,
2018-11-12,,,,,,
2018-11-13,,,,,,
2018-11-14,,,,,,
2018-11-15,,,,,,
2018-11-16,,,,,,
2018-11-19,,,,,,
2018-11-20,,,,,,
2018-11-21,,,,,,
2018-11-22,,,,,,
2018-11-26,,,,,,
2018-11-27,,,,,,
2018-11-28,,,,,,
2018-11-29,,,,,,
2018-11-30,,,,,,
2018-12-03,,,,,,
2018-12-04,,,,,,
2018-12-05,,,,,,
2018-12-06,,,,,,
2018-12-07,,,,,,
2018-12-10,,,,,,
2018-12-11,,,,,,
2018-12-12,,,,,,
2018-12-13,,,,,,
2018-12-14,,,,,,
2018-12-17,,,,,,
2018-12-18,,,,,,
2018-12-19,,,,,,
2018-12-20,,,,,,
2018-12-21,,,,,,
2018-12-24,,,,,,
2018-12-26,,,,,,
2018-12-27,,,,,,
2018-12-28,,,,,,
2018-12-31,,,,,,
2019-01-01,,,,,,
2019-01-02,,,,,,
2019-01-03,,,,,,
2019-01-04,,,,,,
2019-01-07,,,,,,
2019-01-08,,,,,,
2019-01-09,,,,,,
2019-01-10,,,,,,
2019-01-11,,,,,,
2019-01-14,,,,,,
2019-01-15,,,,,,
2019-01-16,,,,,,
2019-01-17,,,,,,
2019-01-18,,,,,,
2019-01-21,,,,,,
2019-01-22,,,,,,
2019-01-23,,,,,,
2019-01-24,,,,,,
2019-01-25,,,,,,
2019-01-28,,,,,,
2019-01-29,,,,,,
2019-01-30,,,,,,
2019-01-31,,,,,,
2019-02-01,,,,,,
2019-02-04,,,,,,
2019-02-05,,,,,,
2019-02-06,,,,,,
2019-02-07,,,,,,
2019-02-08,,,,,,
2019-02-11,,,,,,
2019-02-12,,,,,,
2019-02-14,,,,,,
2019-02-15,,,,,,
2019-02-18,,,,,,
2019-02-19,,,,,,
2019-02-20,,,,,,
2019-02-21,,,,,,
2019-02-22,,,,,,
2019-02-25,,,,,,
2019-02-26,,,,,,
2019-02-27,,,,,,
2019-02-28,,,,,,
2019-03-01,,,,,,
2019-03-05,,,,,,
2019-03-06,,,,,,
2019-03-07,,,,,,
2019-03-08,,,,,,
2019-03-11,,,,,,
2019-03-12,,,,,,
2019-03-13,,,,,,
2019-03-14,,,,,,
2019-03-15,,,,,,
2019-03-18,,,,,,
2019-03-19,,,,,,
2019-03-20,,,,,,
2019-03-22,,,,,,
2019-03-25,,,,,,
2019-03-26,,,,,,
2019-03-27,,,,,,
2019-03-28,,,,,,
2019-04-01,,,,,,
2019-04-02,,,,,,
2019-04-03,,,,,,
2019-04-04,,,,,,
2019-04-05,,,,,,
2019-04-08,,,,,,
2019-04-09,,,,,,
2019-04-10,,,,,,
2019-04-11,,,,,,
2019-04-12,,,,,,
2019-04-15,,,,,,
2019-04-16,,,,,,
2019-04-18,,,,,,
2019-04-22,,,,,,
2019-04-23,,,,,,
2019-04-24,,,,,,
2019-04-25,,,,,,
2019-04-26,,,,,,
2019-04-30,,,,,,
2019-05-02,158.199997,162.0,156.649994,160.449997,159.543243,196351.0
2019-05-03,161.949997,161.949997,157.399994,157.800003,156.90823400000002,123609.0
2019-05-06,,,,,,
2019-05-07,,,,,,
2019-05-08,,,,,,
2019-05-09,,,,,,
2019-05-10,,,,,,
2019-05-13,,,,,,
2019-05-14,,,,,,
2019-05-15,,,,,,
2019-05-16,159.0,160.949997,157.0,157.800003,156.90823400000002,62516.0
2019-05-17,157.800003,160.649994,156.0,159.600006,158.698059,347772.0
2019-05-20,165.0,169.850006,162.199997,167.300003,166.354538,467274.0
2019-05-21,165.0,166.149994,161.300003,162.850006,161.929688,79342.0
2019-05-22,162.800003,166.850006,161.449997,162.899994,161.979401,170035.0
2019-05-23,167.0,170.449997,161.0,162.600006,161.681107,460865.0
2019-05-24,163.050003,167.899994,162.100006,165.649994,164.713852,226158.0
2019-05-27,167.800003,172.0,164.75,170.050003,169.08900500000001,454380.0
2019-05-28,172.0,178.800003,165.5,176.100006,175.10481299999998,787306.0
2019-05-29,176.0,192.0,175.0,180.449997,179.430222,2238230.0
2019-05-30,181.5,189.100006,181.5,186.5,185.44603,518882.0
2019-05-31,186.300003,189.5,182.600006,183.899994,182.860718,241013.0
2019-06-03,185.5,194.449997,184.800003,186.850006,185.79406699999998,1429137.0
2019-06-04,187.0,190.0,184.050003,185.050003,184.00422700000001,291951.0
2019-06-06,186.0,186.899994,177.0,178.899994,177.888977,203183.0
2019-06-07,179.050003,184.5,179.0,182.5,181.468643,286723.0
2019-06-10,183.0,187.699997,178.050003,185.699997,184.65055800000002,396163.0
2019-06-11,185.949997,189.449997,181.699997,188.449997,187.38501000000002,631249.0
2019-06-12,188.0,188.0,184.5,185.0,183.954514,253922.0
2019-06-13,185.0,185.949997,181.550003,181.899994,180.872025,116726.0
2019-06-14,183.399994,186.399994,182.0,185.050003,184.00422700000001,783626.0
2019-06-17,,,,,,
2019-06-18,180.5,185.0,180.449997,181.800003,180.772598,108512.0
2019-06-19,183.0,184.399994,175.100006,176.5,175.502548,140312.0
2019-06-20,175.5,179.75,169.800003,179.199997,178.187286,332961.0
2019-06-21,180.0,180.0,172.5,176.449997,175.45282,177403.0
2019-06-24,175.0,176.800003,167.25,168.649994,167.696899,279717.0
2019-06-25,167.0,172.0,165.0,170.300003,169.33758500000002,222405.0
2019-06-26,169.0,177.899994,165.199997,172.649994,171.674301,1476178.0
2019-06-27,172.600006,174.949997,170.050003,173.75,172.768082,304392.0
2019-06-28,175.350006,177.899994,170.0,172.350006,171.37600700000002,187371.0
2019-07-01,173.100006,173.300003,168.350006,171.75,170.77938799999998,213051.0
2019-07-02,171.050003,173.5,166.75,167.949997,167.000854,243020.0
2019-07-03,171.0,171.0,163.850006,165.0,164.06753500000002,356447.0
2019-07-04,165.0,165.050003,162.649994,163.149994,162.227982,254454.0
2019-07-05,163.149994,167.5,163.149994,164.050003,163.12291000000002,243903.0
2019-07-08,163.949997,166.699997,158.649994,160.949997,160.040421,196183.0
2019-07-09,162.0,165.5,159.75,164.300003,163.37149,162147.0
2019-07-10,164.300003,167.699997,161.300003,166.600006,165.658493,193893.0
2019-07-11,166.0,168.199997,163.0,163.899994,162.97374,224541.0
2019-07-12,163.899994,166.899994,162.800003,164.850006,163.918396,222139.0
2019-07-15,166.449997,168.850006,164.75,166.649994,165.70820600000002,81713.0
2019-07-16,167.449997,167.449997,160.5,162.600006,161.681107,856655.0
2019-07-17,162.149994,165.75,161.5,164.0,163.073181,346084.0
2019-07-18,164.0,165.399994,161.600006,163.100006,162.17828400000002,211666.0
2019-07-19,163.050003,167.0,161.5,165.600006,164.664154,225066.0
2019-07-22,165.949997,165.949997,160.600006,163.800003,162.874313,1305249.0
2019-07-23,163.0,164.800003,160.050003,160.949997,160.040421,192542.0
2019-07-24,160.050003,166.800003,160.050003,164.850006,163.918396,350481.0
2019-07-25,165.800003,165.800003,160.899994,161.649994,160.73646499999998,186156.0
2019-07-26,161.100006,162.949997,157.449997,158.949997,158.051727,93779.0
2019-07-29,157.399994,163.199997,154.5,162.699997,161.78053300000002,491105.0
2019-07-30,162.899994,165.550003,160.25,163.649994,162.72515900000002,243737.0
2019-07-31,182.0,182.949997,170.25,172.350006,171.37600700000002,3307906.0
2019-08-01,171.800003,177.350006,169.300003,170.649994,169.685608,717145.0
2019-08-02,170.5,179.800003,168.25,176.350006,175.35339399999998,1163757.0
2019-08-05,174.850006,188.5,174.649994,181.699997,180.673157,1052323.0
2019-08-06,182.0,189.800003,181.699997,184.5,183.457336,804284.0
2019-08-07,183.449997,188.5,181.550003,182.550003,181.518356,573812.0
2019-08-08,183.5,187.0,183.199997,185.0,183.954514,796649.0
2019-08-09,186.550003,191.600006,185.649994,186.600006,185.545471,508718.0
2019-08-13,186.850006,186.850006,180.5,182.449997,181.418915,295766.0
2019-08-14,183.0,190.0,182.5,188.800003,187.733032,428793.0
2019-08-16,188.5,188.5,183.050003,184.199997,183.159027,243305.0
2019-08-19,185.5,187.800003,183.5,184.899994,183.855072,191386.0
2019-08-20,185.0,187.649994,182.699997,183.550003,182.51271100000002,172572.0
2019-08-21,183.149994,185.0,183.0,183.600006,182.562424,99826.0
2019-08-22,183.100006,184.0,177.5,179.149994,178.137558,89984.0
2019-08-23,179.100006,179.75,173.25,175.899994,174.90593,206647.0
2019-08-26,178.0,181.199997,176.149994,179.600006,178.585037,187384.0
2019-08-27,180.050003,182.949997,179.0,180.0,178.982773,221438.0
2019-08-28,181.0,181.0,176.550003,178.25,177.242661,109579.0
2019-08-29,178.0,178.699997,175.800003,177.100006,176.099167,80213.0
2019-08-30,177.800003,180.0,176.149994,178.149994,177.143219,82329.0
2019-09-03,177.949997,178.449997,170.25,171.75,170.77938799999998,131446.0
2019-09-04,172.949997,173.399994,165.0,166.699997,165.757919,261016.0
2019-09-05,167.699997,174.399994,167.600006,173.949997,172.966949,331827.0
2019-09-06,174.0,174.600006,171.5,173.0,172.022324,390236.0
2019-09-09,171.0,176.800003,171.0,174.699997,173.712723,125727.0
2019-09-11,175.5,179.699997,172.699997,176.949997,175.949997,247395.0
2019-09-12,178.0,180.5,176.300003,177.5,177.5,270464.0
2019-09-13,176.300003,178.0,174.050003,176.850006,176.850006,118056.0
2019-09-16,176.0,181.050003,173.25,178.350006,178.350006,184922.0
2019-09-17,179.0,180.649994,173.100006,174.699997,174.699997,148781.0
2019-09-18,176.0,176.850006,167.300003,169.25,169.25,313844.0
2019-09-19,170.0,171.0,166.699997,169.0,169.0,427760.0
2019-09-20,169.0,176.5,166.0,174.149994,174.149994,700168.0
2019-09-23,176.5,185.0,176.5,181.550003,181.550003,241455.0
2019-09-24,180.5,184.399994,177.0,178.550003,178.550003,178488.0
2019-09-25,176.100006,181.0,174.0,175.600006,175.600006,205015.0
2019-09-26,176.449997,177.449997,172.100006,173.5,173.5,641524.0
2019-09-27,174.449997,175.399994,171.649994,172.350006,172.350006,294172.0
2019-09-30,173.0,179.899994,167.949997,177.300003,177.300003,1326260.0
2019-10-01,176.550003,178.0,169.350006,171.649994,171.649994,972791.0
2019-10-03,171.649994,171.800003,167.600006,169.199997,169.199997,148136.0
2019-10-04,170.850006,177.5,169.0,174.899994,174.899994,1677558.0
2019-10-07,176.100006,179.649994,172.5,173.899994,173.899994,278182.0
2019-10-09,178.0,178.0,173.899994,175.0,175.0,504974.0
2019-10-10,176.899994,176.899994,168.5,169.850006,169.850006,1654578.0
2019-10-11,170.399994,172.75,169.300003,171.199997,171.199997,545774.0
2019-10-14,173.300003,175.5,171.850006,174.050003,174.050003,861074.0
2019-10-15,175.0,175.449997,172.800003,175.100006,175.100006,286829.0
2019-10-16,176.0,176.0,173.5,174.850006,174.850006,494061.0
2019-10-17,176.0,180.649994,175.300003,176.550003,176.550003,634708.0
2019-10-18,177.600006,178.600006,175.149994,177.850006,177.850006,593140.0
2019-10-22,178.949997,182.25,177.0,181.699997,181.699997,361998.0
2019-10-23,182.199997,183.75,178.399994,178.949997,178.949997,296444.0
2019-10-24,179.449997,181.149994,176.550003,179.449997,179.449997,193344.0
2019-10-25,180.0,181.399994,176.449997,178.0,178.0,228100.0
2019-10-27,,,,,,
2019-10-29,186.800003,188.0,185.149994,186.100006,186.100006,235914.0
2019-10-30,186.949997,202.5,186.550003,195.699997,195.699997,1197477.0
2019-10-31,198.5,207.0,192.75,196.149994,196.149994,1360584.0
2019-11-01,197.75,199.199997,194.050003,196.350006,196.350006,667315.0
2019-11-04,198.649994,207.949997,197.0,205.399994,205.399994,1132433.0
2019-11-05,209.0,213.0,203.050003,205.149994,205.149994,1844098.0
2019-11-06,210.0,215.0,194.100006,195.75,195.75,4090492.0
2019-11-07,196.050003,198.0,192.800003,194.149994,194.149994,738762.0
2019-11-08,193.149994,201.800003,190.0,196.350006,196.350006,1472105.0
2019-11-11,195.0,200.800003,194.850006,199.0,199.0,415011.0
2019-11-13,199.0,204.600006,197.100006,198.600006,198.600006,812531.0
2019-11-14,199.5,200.350006,196.100006,196.699997,196.699997,244152.0
2019-11-15,197.899994,198.0,193.199997,193.850006,193.850006,281857.0
2019-11-18,194.75,195.75,193.0,193.649994,193.649994,328976.0
2019-11-19,194.5,197.149994,193.0,194.399994,194.399994,358622.0
2019-11-20,194.75,194.800003,192.5,193.75,193.75,170211.0
2019-11-21,193.800003,197.899994,193.050003,193.899994,193.899994,447972.0
2019-11-22,194.5,197.800003,193.600006,194.600006,194.600006,293035.0
2019-11-25,195.0,195.25,189.0,191.149994,191.149994,586819.0
2019-11-26,196.0,210.0,195.25,206.5,206.5,3026728.0
2019-11-27,207.0,208.0,201.550003,203.699997,203.699997,633367.0
2019-11-28,204.0,208.0,204.0,204.800003,204.800003,439028.0
2019-11-29,205.399994,214.30000299999998,203.25,212.600006,212.600006,1705655.0
2019-12-02,213.19999700000002,220.899994,212.0,216.69999700000002,216.69999700000002,1882636.0
2019-12-03,217.19999700000002,217.75,210.0,213.649994,213.649994,918651.0
2019-12-04,214.0,219.850006,213.649994,216.80000299999998,216.80000299999998,903566.0
2019-12-05,218.0,227.850006,218.0,223.30000299999998,223.30000299999998,1872866.0
2019-12-06,223.850006,228.25,220.25,227.25,227.25,1005006.0
2019-12-09,228.5,231.69999700000002,227.5,230.30000299999998,230.30000299999998,1967870.0
2019-12-10,228.94999700000002,230.75,223.149994,226.05000299999998,226.05000299999998,1222930.0
2019-12-11,228.0,231.44999700000002,216.30000299999998,222.05000299999998,222.05000299999998,725791.0
2019-12-12,222.600006,230.0,217.399994,227.80000299999998,227.80000299999998,1282797.0
2019-12-13,226.5,233.30000299999998,225.149994,231.69999700000002,231.69999700000002,871473.0
2019-12-16,232.600006,236.850006,228.0,228.649994,228.649994,613667.0
2019-12-17,230.0,234.0,227.399994,228.899994,228.899994,753463.0
2019-12-18,229.19999700000002,230.75,227.05000299999998,229.69999700000002,229.69999700000002,274893.0
2019-12-19,229.399994,229.399994,223.05000299999998,225.05000299999998,225.05000299999998,891841.0
2019-12-20,225.0,232.100006,224.80000299999998,228.44999700000002,228.44999700000002,493814.0
2019-12-23,226.80000299999998,231.44999700000002,225.100006,225.899994,225.899994,313830.0
2019-12-24,226.0,227.75,223.30000299999998,223.75,223.75,292680.0
2019-12-26,224.69999700000002,225.399994,223.0,223.55000299999998,223.55000299999998,360638.0
2019-12-27,225.899994,232.75,225.0,225.850006,225.850006,1527889.0
2019-12-30,227.100006,230.30000299999998,225.0,229.44999700000002,229.44999700000002,620927.0
2019-12-31,231.80000299999998,239.0,231.0,237.55000299999998,237.55000299999998,1735905.0
2020-01-01,239.0,257.399994,237.850006,254.69999700000002,254.69999700000002,3384760.0
2020-01-02,255.5,270.0,248.100006,255.05000299999998,255.05000299999998,3889732.0
2020-01-03,255.0,260.0,249.0,250.649994,250.649994,2695895.0
2020-01-06,247.899994,256.0,241.5,252.94999700000002,252.94999700000002,1519407.0
2020-01-07,257.149994,261.549988,251.600006,255.80000299999998,255.80000299999998,1901500.0
2020-01-08,249.80000299999998,261.799988,249.0,259.799988,259.799988,1373166.0
2020-01-09,263.0,272.0,262.100006,269.049988,269.049988,1579485.0
2020-01-10,266.100006,269.0,259.200012,262.399994,262.399994,2083758.0
2020-01-13,264.0,265.399994,260.049988,263.100006,263.100006,623519.0
2020-01-14,264.600006,270.0,263.100006,268.5,268.5,1955161.0
2020-01-15,270.399994,278.899994,266.0,267.399994,267.399994,2776474.0
2020-01-16,271.649994,272.75,268.200012,271.100006,271.100006,1087478.0
2020-01-17,272.5,275.850006,267.0,269.899994,269.899994,936164.0
2020-01-20,270.950012,273.899994,265.399994,271.649994,271.649994,1161488.0
2020-01-21,270.950012,278.25,269.25,276.450012,276.450012,921565.0
2020-01-22,278.100006,282.0,273.049988,280.700012,280.700012,828889.0
2020-01-23,282.0,291.600006,279.299988,290.649994,290.649994,1439945.0
2020-01-24,,,,,,
2020-01-27,294.5,304.799988,294.5,302.25,302.25,1205880.0
2020-01-28,304.649994,307.950012,286.0,291.149994,291.149994,1743701.0
2020-01-29,293.700012,298.799988,288.100006,294.899994,294.899994,970493.0
2020-01-30,296.649994,296.649994,285.799988,288.299988,288.299988,575832.0
2020-01-31,291.0,293.899994,285.200012,288.299988,288.299988,695332.0
