2013-08-20,6.65,6.65,6.65,6.65,6.65,755.0
2013-08-21,6.35,6.35,6.35,6.35,6.35,10.0
2013-08-22,,,,,,
2013-08-23,6.05,6.05,6.05,6.05,6.05,5.0
2013-08-26,5.75,5.75,5.75,5.75,5.75,100.0
2013-08-27,,,,,,
2013-08-28,5.5,5.5,5.5,5.5,5.5,10.0
2013-08-29,5.25,5.25,5.25,5.25,5.25,1.0
2013-08-30,,,,,,
2013-09-02,,,,,,
2013-09-03,,,,,,
2013-09-04,,,,,,
2013-09-05,,,,,,
2013-09-06,,,,,,
2013-09-10,,,,,,
2013-09-11,,,,,,
2013-09-12,,,,,,
2013-09-13,,,,,,
2013-09-16,,,,,,
2013-09-17,,,,,,
2013-09-18,,,,,,
2013-09-19,,,,,,
2013-09-20,,,,,,
2013-09-23,,,,,,
2013-09-24,,,,,,
2013-09-25,,,,,,
2013-09-26,,,,,,
2013-09-27,,,,,,
2013-09-30,,,,,,
2013-10-01,5.0,5.0,5.0,5.0,5.0,600.0
2013-10-03,4.75,4.75,4.75,4.75,4.75,505.0
2013-10-04,4.55,4.55,4.55,4.55,4.55,1000.0
2013-10-07,4.35,4.35,4.35,4.35,4.35,1050.0
2013-10-08,,,,,,
2013-10-09,,,,,,
2013-10-10,,,,,,
2013-10-11,4.15,4.35,4.15,4.35,4.35,2.0
2013-10-14,4.15,4.15,4.15,4.15,4.15,500.0
2013-10-15,3.95,3.95,3.95,3.95,3.95,1301.0
2013-10-17,3.8,3.8,3.8,3.8,3.8,2005.0
2013-10-18,3.65,3.95,3.65,3.9,3.9,2340.0
2013-10-21,4.0,4.0,4.0,4.0,4.0,2.0
2013-10-22,3.8,4.05,3.8,4.05,4.05,2002.0
2013-10-23,3.85,3.85,3.85,3.85,3.85,10.0
2013-10-24,3.7,3.7,3.7,3.7,3.7,2.0
2013-10-25,3.55,3.55,3.55,3.55,3.55,2750.0
2013-10-28,3.4,3.4,3.4,3.4,3.4,3036.0
2013-10-29,3.3,3.5,3.25,3.25,3.25,15916.0
2013-10-30,3.1,3.1,3.1,3.1,3.1,2000.0
2013-10-31,2.95,2.95,2.95,2.95,2.95,5800.0
2013-11-01,3.0,3.0,2.9,2.95,2.95,433.0
2013-11-05,2.9,2.9,2.85,2.85,2.85,19803.0
2013-11-06,2.75,2.8,2.75,2.75,2.75,44427.0
2013-11-07,2.65,2.85,2.65,2.65,2.65,19612.0
2013-11-08,2.6,2.6,2.6,2.6,2.6,25.0
2013-11-11,2.6,2.6,2.6,2.6,2.6,16005.0
2013-11-12,2.6,2.6,2.5,2.5,2.5,555.0
2013-11-13,2.6,2.6,2.4,2.5,2.5,20220.0
2013-11-14,2.6,2.6,2.4,2.45,2.45,15268.0
2013-11-18,2.5,2.5,2.45,2.5,2.5,33574.0
2013-11-19,2.6,2.6,2.6,2.6,2.6,1.0
2013-11-20,2.7,2.7,2.7,2.7,2.7,748.0
2013-11-21,2.7,2.7,2.7,2.7,2.7,0.0
2013-11-22,2.8,2.8,2.8,2.8,2.8,743.0
2013-11-25,2.7,2.9,2.7,2.7,2.7,1053.0
2013-11-26,2.6,2.6,2.6,2.6,2.6,1.0
2013-11-27,2.5,2.5,2.5,2.5,2.5,348.0
2013-11-28,2.5,2.5,2.5,2.5,2.5,0.0
2013-11-29,2.5,2.55,2.5,2.55,2.55,1222.0
2013-12-02,2.55,2.55,2.5,2.5,2.5,1025.0
2013-12-03,2.6,2.6,2.6,2.6,2.6,268.0
2013-12-04,2.7,2.7,2.7,2.7,2.7,58.0
2013-12-05,2.8,2.8,2.8,2.8,2.8,4809.0
2013-12-06,2.8,2.8,2.8,2.8,2.8,0.0
2013-12-09,2.9,2.9,2.9,2.9,2.9,700.0
2013-12-10,2.8,2.8,2.8,2.8,2.8,2014.0
2013-12-11,2.7,2.8,2.7,2.8,2.8,978.0
2013-12-12,2.8,2.8,2.8,2.8,2.8,2500.0
2013-12-13,2.8,2.8,2.8,2.8,2.8,0.0
2013-12-16,2.8,2.8,2.8,2.8,2.8,0.0
2013-12-17,2.8,2.8,2.8,2.8,2.8,0.0
2013-12-18,2.8,2.8,2.8,2.8,2.8,0.0
2013-12-19,2.8,2.8,2.7,2.7,2.7,8.0
2013-12-20,2.6,2.6,2.6,2.6,2.6,100.0
2013-12-23,2.6,2.6,2.6,2.6,2.6,0.0
2013-12-24,2.6,2.6,2.6,2.6,2.6,0.0
2013-12-26,2.6,2.6,2.6,2.6,2.6,0.0
2013-12-27,2.65,2.65,2.65,2.65,2.65,250.0
2013-12-30,2.65,2.65,2.65,2.65,2.65,0.0
2013-12-31,2.65,2.65,2.65,2.65,2.65,0.0
2014-01-01,2.65,2.65,2.65,2.65,2.65,200.0
2014-01-02,2.65,2.65,2.65,2.65,2.65,0.0
2014-01-03,2.65,2.65,2.65,2.65,2.65,0.0
2014-01-06,2.65,2.65,2.65,2.65,2.65,101.0
2014-01-07,2.65,2.65,2.65,2.65,2.65,0.0
2014-01-08,2.65,2.65,2.65,2.65,2.65,0.0
2014-01-09,2.4,2.4,2.4,2.4,2.4,100.0
2014-01-10,2.2,2.3,2.2,2.3,2.3,1135.0
2014-01-13,2.5,2.5,2.5,2.5,2.5,1295.0
2014-01-14,2.3,2.3,2.3,2.3,2.3,25.0
2014-01-15,2.3,2.3,2.3,2.3,2.3,0.0
2014-01-16,2.3,2.3,2.1,2.2,2.2,1709.0
2014-01-17,2.2,2.2,2.2,2.2,2.2,4.0
2014-01-20,2.2,2.2,2.2,2.2,2.2,0.0
2014-01-21,2.4,2.4,2.4,2.4,2.4,516.0
2014-01-22,2.25,2.25,2.25,2.25,2.25,400.0
2014-01-23,2.25,2.45,2.2,2.2,2.2,945.0
2014-01-24,2.2,2.2,2.2,2.2,2.2,0.0
2014-01-27,2.0,2.05,2.0,2.05,2.05,3144.0
2014-01-28,2.05,2.05,2.05,2.05,2.05,0.0
2014-01-29,2.05,2.05,2.05,2.05,2.05,0.0
2014-01-30,1.95,1.95,1.95,1.95,1.95,525.0
2014-01-31,1.95,1.95,1.95,1.95,1.95,0.0
2014-02-03,1.95,1.95,1.95,1.95,1.95,0.0
2014-02-04,2.1,2.1,2.1,2.1,2.1,348.0
2014-02-05,1.9,2.1,1.9,2.1,2.1,466.0
2014-02-06,1.9,2.1,1.9,2.1,2.1,774.0
2014-02-07,1.9,1.9,1.9,1.9,1.9,66.0
2014-02-10,1.9,1.9,1.75,1.75,1.75,200.0
2014-02-11,1.75,1.75,1.75,1.75,1.75,0.0
2014-02-12,1.85,1.85,1.85,1.85,1.85,43.0
2014-02-13,1.85,1.85,1.85,1.85,1.85,0.0
2014-02-14,1.85,1.85,1.85,1.85,1.85,0.0
2014-02-17,1.85,1.85,1.85,1.85,1.85,0.0
2014-02-18,1.85,1.85,1.85,1.85,1.85,0.0
2014-02-19,1.8,1.8,1.8,1.8,1.8,200.0
2014-02-20,1.8,1.8,1.8,1.8,1.8,0.0
2014-02-21,1.8,1.8,1.8,1.8,1.8,0.0
2014-02-24,1.8,1.8,1.8,1.8,1.8,0.0
2014-02-25,1.8,1.8,1.8,1.8,1.8,0.0
2014-02-26,1.8,1.8,1.8,1.8,1.8,0.0
2014-02-28,1.75,1.75,1.75,1.75,1.75,2500.0
2014-03-03,1.75,1.75,1.75,1.75,1.75,0.0
2014-03-04,1.75,1.75,1.75,1.75,1.75,0.0
2014-03-05,1.75,1.75,1.75,1.75,1.75,0.0
2014-03-06,1.75,1.75,1.75,1.75,1.75,0.0
2014-03-07,1.75,1.75,1.75,1.75,1.75,0.0
2014-03-10,1.75,1.75,1.75,1.75,1.75,0.0
2014-03-11,1.6,1.6,1.6,1.6,1.6,10.0
2014-03-12,1.5,1.5,1.45,1.45,1.45,11115.0
2014-03-13,1.35,1.35,1.35,1.35,1.35,1715.0
2014-03-14,1.3,1.3,1.3,1.3,1.3,70.0
2014-03-18,1.25,1.3,1.25,1.25,1.25,1062.0
2014-03-19,1.25,1.25,1.25,1.25,1.25,0.0
2014-03-20,1.25,1.25,1.25,1.25,1.25,0.0
2014-03-21,1.25,1.25,1.25,1.25,1.25,0.0
2014-03-22,,,,,,
2014-03-24,1.25,1.25,1.25,1.25,1.25,0.0
2014-03-25,1.25,1.25,1.25,1.25,1.25,0.0
2014-03-26,1.25,1.25,1.25,1.25,1.25,0.0
2014-03-27,1.25,1.25,1.25,1.25,1.25,20.0
2014-03-28,1.25,1.3,1.2,1.2,1.2,1330.0
2014-03-31,1.2,1.2,1.2,1.2,1.2,1650.0
2014-04-01,1.2,1.2,1.2,1.2,1.2,500.0
2014-04-02,1.2,1.2,1.2,1.2,1.2,0.0
2014-04-03,1.25,1.25,1.25,1.25,1.25,133.0
2014-04-04,1.3,1.3,1.3,1.3,1.3,72.0
2014-04-07,1.35,1.35,1.35,1.35,1.35,83.0
2014-04-09,1.4,1.4,1.4,1.4,1.4,17.0
2014-04-10,1.35,1.45,1.35,1.45,1.45,5140.0
2014-04-11,1.45,1.45,1.45,1.45,1.45,400.0
2014-04-15,1.45,1.45,1.45,1.45,1.45,0.0
2014-04-16,1.4,1.4,1.4,1.4,1.4,50.0
2014-04-17,1.45,1.45,1.45,1.45,1.45,1.0
2014-04-21,1.45,1.45,1.45,1.45,1.45,1000.0
2014-04-22,1.45,1.45,1.45,1.45,1.45,0.0
2014-04-23,1.45,1.45,1.45,1.45,1.45,0.0
2014-04-24,1.45,1.45,1.45,1.45,1.45,0.0
2014-04-25,1.45,1.45,1.45,1.45,1.45,0.0
2014-04-28,1.45,1.45,1.45,1.45,1.45,0.0
2014-04-29,1.45,1.45,1.45,1.45,1.45,0.0
2014-04-30,1.45,1.45,1.45,1.45,1.45,0.0
2014-05-02,1.45,1.45,1.45,1.45,1.45,1000.0
2014-05-05,1.45,1.45,1.45,1.45,1.45,0.0
2014-05-06,1.5,1.5,1.5,1.5,1.5,1000.0
2014-05-07,1.5,1.5,1.5,1.5,1.5,0.0
2014-05-08,1.5,1.5,1.5,1.5,1.5,0.0
2014-05-09,1.5,1.5,1.5,1.5,1.5,0.0
2014-05-12,1.45,1.45,1.45,1.45,1.45,2440.0
2014-05-13,1.35,1.35,1.35,1.35,1.35,17.0
2014-05-14,1.35,1.35,1.35,1.35,1.35,0.0
2014-05-15,1.3,1.3,1.3,1.3,1.3,146.0
2014-05-16,1.3,1.3,1.3,1.3,1.3,1000.0
2014-05-19,1.3,1.3,1.3,1.3,1.3,0.0
2014-05-20,1.25,1.25,1.25,1.25,1.25,100.0
2014-05-21,1.2,1.2,1.2,1.2,1.2,1110.0
2014-05-22,1.25,1.25,1.15,1.25,1.25,1305.0
2014-05-23,1.3,1.3,1.3,1.3,1.3,30.0
2014-05-26,1.35,1.35,1.35,1.35,1.35,20.0
2014-05-27,1.35,1.35,1.35,1.35,1.35,0.0
2014-05-28,1.3,1.3,1.3,1.3,1.3,502.0
2014-05-29,1.3,1.3,1.3,1.3,1.3,10.0
2014-05-30,1.3,1.3,1.3,1.3,1.3,0.0
2014-06-02,1.3,1.3,1.3,1.3,1.3,0.0
2014-06-03,1.35,1.35,1.35,1.35,1.35,35.0
2014-06-04,1.35,1.35,1.35,1.35,1.35,5000.0
2014-06-05,1.4,1.4,1.4,1.4,1.4,36109.0
2014-06-06,1.45,1.45,1.45,1.45,1.45,100.0
2014-06-09,1.5,1.5,1.45,1.5,1.5,14477.0
2014-06-10,1.5,1.5,1.5,1.5,1.5,0.0
2014-06-11,1.5,1.5,1.5,1.5,1.5,75.0
2014-06-12,1.55,1.55,1.55,1.55,1.55,691.0
2014-06-13,1.6,1.6,1.6,1.6,1.6,203.0
2014-06-16,1.6,1.6,1.6,1.6,1.6,0.0
2014-06-17,1.6,1.6,1.6,1.6,1.6,0.0
2014-06-18,1.6,1.6,1.6,1.6,1.6,0.0
2014-06-19,1.6,1.6,1.6,1.6,1.6,0.0
2014-06-20,1.6,1.6,1.6,1.6,1.6,0.0
2014-06-23,1.6,1.6,1.6,1.6,1.6,0.0
2014-06-24,1.6,1.6,1.6,1.6,1.6,0.0
2014-06-25,1.6,1.6,1.6,1.6,1.6,0.0
2014-06-26,1.6,1.6,1.6,1.6,1.6,0.0
2014-06-27,1.6,1.6,1.6,1.6,1.6,0.0
2014-06-30,1.65,1.65,1.65,1.65,1.65,27.0
2014-07-01,1.65,1.65,1.65,1.65,1.65,0.0
2014-07-02,1.65,1.65,1.65,1.65,1.65,0.0
2014-07-03,1.7,1.7,1.7,1.7,1.7,100.0
2014-07-04,1.7,1.7,1.7,1.7,1.7,0.0
2014-07-07,1.7,1.7,1.7,1.7,1.7,0.0
2014-07-08,1.7,1.7,1.7,1.7,1.7,100.0
2014-07-09,1.7,1.7,1.7,1.7,1.7,0.0
2014-07-10,1.7,1.7,1.7,1.7,1.7,0.0
2014-07-11,1.75,1.75,1.75,1.75,1.75,500.0
2014-07-14,1.8,1.8,1.8,1.8,1.8,30.0
2014-07-15,1.85,1.85,1.85,1.85,1.85,1068.0
2014-07-16,1.85,1.85,1.85,1.85,1.85,0.0
2014-07-17,1.85,1.85,1.85,1.85,1.85,0.0
2014-07-18,1.9,1.9,1.9,1.9,1.9,1241.0
2014-07-21,1.9,1.9,1.9,1.9,1.9,0.0
2014-07-22,1.95,1.95,1.95,1.95,1.95,100.0
2014-07-23,1.9,1.9,1.9,1.9,1.9,6.0
2014-07-24,1.9,1.9,1.9,1.9,1.9,0.0
2014-07-25,1.95,1.95,1.95,1.95,1.95,2646.0
2014-07-28,2.0,2.0,2.0,2.0,2.0,200.0
2014-07-30,2.0,2.1,2.0,2.1,2.1,302.0
2014-07-31,2.1,2.1,2.1,2.1,2.1,0.0
2014-08-01,2.1,2.1,2.1,2.1,2.1,0.0
2014-08-04,2.2,2.2,2.2,2.2,2.2,28.0
2014-08-05,2.25,2.25,2.25,2.25,2.25,150.0
2014-08-06,2.25,2.25,2.25,2.25,2.25,0.0
2014-08-07,2.25,2.25,2.25,2.25,2.25,0.0
2014-08-08,2.25,2.25,2.25,2.25,2.25,100.0
2014-08-11,2.15,2.15,2.15,2.15,2.15,500.0
2014-08-12,2.15,2.15,2.15,2.15,2.15,0.0
2014-08-13,2.25,2.25,2.25,2.25,2.25,3026.0
2014-08-14,2.15,2.15,2.15,2.15,2.15,130.0
2014-08-18,2.25,2.25,2.25,2.25,2.25,166.0
2014-08-19,2.35,2.35,2.35,2.35,2.35,875.0
2014-08-20,2.25,2.25,2.25,2.25,2.25,291.0
2014-08-21,2.15,2.2,2.15,2.2,2.2,225.0
2014-08-22,2.1,2.2,2.1,2.2,2.2,109.0
2014-08-25,2.2,2.2,2.1,2.1,2.1,1000.0
2014-08-26,2.0,2.0,2.0,2.0,2.0,4571.0
2014-08-27,2.0,2.0,2.0,2.0,2.0,0.0
2014-08-28,1.95,1.95,1.95,1.95,1.95,603.0
2014-09-01,2.0,2.0,2.0,2.0,2.0,300.0
2014-09-02,1.9,1.9,1.9,1.9,1.9,85.0
2014-09-03,1.9,1.9,1.9,1.9,1.9,0.0
2014-09-04,1.9,1.9,1.9,1.9,1.9,0.0
2014-09-05,1.95,1.95,1.8,1.8,1.8,60.0
2014-09-08,1.95,1.95,1.85,1.85,1.85,316.0
2014-09-09,1.7,2.0,1.7,1.8,1.8,2302.0
2014-09-10,1.95,1.95,1.95,1.95,1.95,1300.0
2014-09-11,1.95,1.95,1.95,1.95,1.95,0.0
2014-09-12,2.1,2.1,2.1,2.1,2.1,200.0
2014-09-15,2.2,2.2,2.2,2.2,2.2,68.0
2014-09-16,2.3,2.3,2.3,2.3,2.3,1775.0
2014-09-17,2.2,2.25,2.2,2.25,2.25,31.0
2014-09-18,2.35,2.35,2.35,2.35,2.35,51.0
2014-09-19,2.35,2.45,2.35,2.45,2.45,781.0
2014-09-22,2.45,2.45,2.45,2.45,2.45,0.0
2014-09-23,2.45,2.45,2.45,2.45,2.45,117.0
2014-09-24,2.4,2.4,2.4,2.4,2.4,25.0
2014-09-25,2.4,2.4,2.4,2.4,2.4,0.0
2014-09-26,2.4,2.4,2.4,2.4,2.4,0.0
2014-09-29,2.5,2.5,2.5,2.5,2.5,1051.0
2014-09-30,2.6,2.6,2.6,2.6,2.6,63.0
2014-10-01,2.7,2.7,2.7,2.7,2.7,50.0
2014-10-07,2.8,2.8,2.8,2.8,2.8,50.0
2014-10-08,2.9,2.9,2.9,2.9,2.9,500.0
2014-10-09,3.0,3.0,3.0,3.0,3.0,37.0
2014-10-10,3.0,3.0,3.0,3.0,3.0,0.0
2014-10-13,3.15,3.15,3.15,3.15,3.15,100.0
2014-10-14,3.15,3.15,3.15,3.15,3.15,1000.0
2014-10-15,3.15,3.15,3.15,3.15,3.15,0.0
2014-10-16,3.15,3.15,3.15,3.15,3.15,0.0
2014-10-17,3.15,3.15,3.15,3.15,3.15,0.0
2014-10-20,3.15,3.15,3.15,3.15,3.15,0.0
2014-10-21,3.15,3.15,3.15,3.15,3.15,0.0
2014-10-22,3.15,3.15,3.15,3.15,3.15,0.0
2014-10-27,3.15,3.15,3.15,3.15,3.15,0.0
2014-10-28,3.15,3.15,3.15,3.15,3.15,0.0
2014-10-29,3.15,3.15,3.15,3.15,3.15,0.0
2014-10-30,3.15,3.15,3.15,3.15,3.15,0.0
2014-10-31,3.15,3.15,3.15,3.15,3.15,0.0
2014-11-03,3.15,3.15,3.15,3.15,3.15,0.0
2014-11-05,3.15,3.15,3.15,3.15,3.15,0.0
2014-11-07,3.15,3.15,3.15,3.15,3.15,0.0
2014-11-10,3.15,3.15,3.15,3.15,3.15,0.0
2014-11-11,3.15,3.15,3.15,3.15,3.15,0.0
2014-11-12,3.0,3.0,3.0,3.0,3.0,5250.0
2014-11-13,3.0,3.0,3.0,3.0,3.0,0.0
2014-11-14,3.0,3.0,3.0,3.0,3.0,0.0
2014-11-17,3.0,3.0,3.0,3.0,3.0,0.0
2014-11-18,3.0,3.0,3.0,3.0,3.0,0.0
2014-11-19,3.0,3.0,3.0,3.0,3.0,0.0
2014-11-20,3.0,3.0,3.0,3.0,3.0,0.0
2014-11-21,3.0,3.0,3.0,3.0,3.0,0.0
2014-11-24,3.0,3.0,3.0,3.0,3.0,0.0
2014-11-25,3.0,3.0,3.0,3.0,3.0,0.0
2014-11-26,3.0,3.0,3.0,3.0,3.0,0.0
2014-11-27,3.0,3.0,3.0,3.0,3.0,0.0
2014-11-28,3.0,3.0,3.0,3.0,3.0,0.0
2014-12-01,3.0,3.0,3.0,3.0,3.0,0.0
2014-12-02,3.0,3.0,3.0,3.0,3.0,0.0
2014-12-03,3.0,3.0,3.0,3.0,3.0,0.0
2014-12-04,3.0,3.0,3.0,3.0,3.0,0.0
2014-12-05,3.0,3.0,3.0,3.0,3.0,0.0
2014-12-08,3.0,3.0,3.0,3.0,3.0,0.0
2014-12-09,3.0,3.0,3.0,3.0,3.0,0.0
2014-12-10,3.0,3.0,3.0,3.0,3.0,0.0
2014-12-11,3.0,3.0,3.0,3.0,3.0,0.0
2014-12-12,3.0,3.0,3.0,3.0,3.0,0.0
2014-12-15,3.0,3.0,3.0,3.0,3.0,0.0
2014-12-16,3.0,3.0,3.0,3.0,3.0,0.0
2014-12-17,3.0,3.0,3.0,3.0,3.0,0.0
2014-12-18,3.0,3.0,3.0,3.0,3.0,0.0
2014-12-19,3.0,3.0,3.0,3.0,3.0,0.0
2014-12-22,3.0,3.0,3.0,3.0,3.0,0.0
2014-12-23,3.0,3.0,3.0,3.0,3.0,0.0
2014-12-24,3.0,3.0,3.0,3.0,3.0,0.0
2014-12-26,3.0,3.0,3.0,3.0,3.0,0.0
2014-12-29,3.0,3.0,3.0,3.0,3.0,0.0
2014-12-30,3.0,3.0,3.0,3.0,3.0,0.0
2014-12-31,3.0,3.0,3.0,3.0,3.0,0.0
2015-01-01,3.0,3.0,3.0,3.0,3.0,0.0
2015-01-02,3.0,3.0,3.0,3.0,3.0,0.0
2015-01-05,3.0,3.0,3.0,3.0,3.0,0.0
2015-01-06,3.0,3.0,3.0,3.0,3.0,0.0
2015-01-07,3.0,3.0,3.0,3.0,3.0,0.0
2015-01-08,3.0,3.0,3.0,3.0,3.0,0.0
2015-01-09,3.0,3.0,3.0,3.0,3.0,0.0
2015-01-12,3.0,3.0,3.0,3.0,3.0,0.0
2015-01-13,2.85,2.85,2.85,2.85,2.85,1001.0
2015-01-14,2.85,2.85,2.85,2.85,2.85,0.0
2015-01-15,2.85,2.85,2.85,2.85,2.85,0.0
2015-01-16,2.85,2.85,2.85,2.85,2.85,0.0
2015-01-19,2.85,2.85,2.85,2.85,2.85,0.0
2015-01-20,2.85,2.85,2.85,2.85,2.85,0.0
2015-01-21,2.85,2.85,2.85,2.85,2.85,0.0
2015-01-22,2.85,2.85,2.85,2.85,2.85,0.0
2015-01-23,2.85,2.85,2.85,2.85,2.85,0.0
2015-01-27,2.85,2.85,2.85,2.85,2.85,0.0
2015-01-28,2.85,2.85,2.85,2.85,2.85,0.0
2015-01-29,2.85,2.85,2.85,2.85,2.85,0.0
2015-01-30,2.85,2.85,2.85,2.85,2.85,0.0
2015-02-02,2.85,2.85,2.85,2.85,2.85,0.0
2015-02-03,2.85,2.85,2.85,2.85,2.85,0.0
2015-02-04,2.85,2.85,2.85,2.85,2.85,0.0
2015-02-05,2.85,2.85,2.85,2.85,2.85,0.0
2015-02-06,2.85,2.85,2.85,2.85,2.85,0.0
2015-02-09,2.85,2.85,2.85,2.85,2.85,0.0
2015-02-10,2.85,2.85,2.85,2.85,2.85,0.0
2015-02-11,2.85,2.85,2.85,2.85,2.85,0.0
2015-02-12,2.85,2.85,2.85,2.85,2.85,0.0
2015-02-13,2.85,2.85,2.85,2.85,2.85,0.0
2015-02-16,2.85,2.85,2.85,2.85,2.85,0.0
2015-02-18,2.85,2.85,2.85,2.85,2.85,0.0
2015-02-19,2.85,2.85,2.85,2.85,2.85,0.0
2015-02-20,2.75,2.85,2.75,2.85,2.85,1000.0
2015-02-23,2.85,2.85,2.85,2.85,2.85,0.0
2015-02-24,2.85,2.85,2.85,2.85,2.85,0.0
2015-02-25,2.85,2.85,2.85,2.85,2.85,0.0
2015-02-26,2.75,2.75,2.75,2.75,2.75,2250.0
2015-02-27,2.75,2.75,2.75,2.75,2.75,0.0
2015-02-28,,,,,,
2015-03-02,2.75,2.75,2.75,2.75,2.75,0.0
2015-03-03,2.75,2.75,2.75,2.75,2.75,0.0
2015-03-04,2.75,2.75,2.75,2.75,2.75,0.0
2015-03-05,2.75,2.75,2.75,2.75,2.75,0.0
2015-03-09,2.85,2.85,2.8,2.8,2.8,100002.0
2015-03-10,2.8,2.8,2.8,2.8,2.8,0.0
2015-03-11,2.8,2.8,2.8,2.8,2.8,0.0
2015-03-12,2.8,2.8,2.8,2.8,2.8,0.0
2015-03-13,2.8,2.8,2.8,2.8,2.8,0.0
2015-03-16,2.8,2.8,2.8,2.8,2.8,0.0
2015-03-17,2.8,2.8,2.8,2.8,2.8,0.0
2015-03-18,2.8,2.8,2.8,2.8,2.8,0.0
2015-03-19,2.8,2.8,2.8,2.8,2.8,0.0
2015-03-20,2.7,2.7,2.7,2.7,2.7,6000.0
2015-03-23,2.7,2.7,2.7,2.7,2.7,0.0
2015-03-24,2.7,2.7,2.7,2.7,2.7,0.0
2015-03-25,2.7,2.7,2.7,2.7,2.7,0.0
2015-03-26,2.7,2.7,2.7,2.7,2.7,0.0
2015-03-27,2.7,2.7,2.7,2.7,2.7,0.0
2015-03-30,2.7,2.7,2.7,2.7,2.7,0.0
2015-03-31,2.7,2.7,2.7,2.7,2.7,0.0
2015-04-01,2.7,2.7,2.7,2.7,2.7,0.0
2015-04-06,2.7,2.7,2.7,2.7,2.7,0.0
2015-04-07,2.6,2.6,2.6,2.6,2.6,100.0
2015-04-08,2.6,2.6,2.6,2.6,2.6,0.0
2015-04-09,2.5,2.5,2.5,2.5,2.5,850.0
2015-04-10,2.4,2.4,2.4,2.4,2.4,100.0
2015-04-13,2.35,2.35,2.35,2.35,2.35,85.0
2015-04-15,2.35,2.35,2.35,2.35,2.35,0.0
2015-04-16,2.35,2.35,2.35,2.35,2.35,0.0
2015-04-17,2.25,2.25,2.25,2.25,2.25,200.0
2015-04-20,2.15,2.15,2.15,2.15,2.15,1005.0
2015-04-21,2.05,2.05,2.05,2.05,2.05,44.0
2015-04-22,2.0,2.05,2.0,2.05,2.05,580.0
2015-04-23,2.05,2.05,2.05,2.05,2.05,0.0
2015-04-24,2.05,2.05,2.05,2.05,2.05,0.0
2015-04-27,2.05,2.05,2.05,2.05,2.05,0.0
2015-04-28,2.05,2.05,2.05,2.05,2.05,0.0
2015-04-29,2.05,2.05,2.05,2.05,2.05,0.0
2015-04-30,2.05,2.05,2.05,2.05,2.05,0.0
2015-05-04,2.05,2.05,2.05,2.05,2.05,0.0
2015-05-05,2.1,2.1,2.1,2.1,2.1,15.0
2015-05-06,2.0,2.0,2.0,2.0,2.0,500.0
2015-05-07,2.0,2.0,2.0,2.0,2.0,0.0
2015-05-08,2.0,2.0,2.0,2.0,2.0,0.0
2015-05-11,2.0,2.0,2.0,2.0,2.0,0.0
2015-05-12,2.0,2.0,2.0,2.0,2.0,0.0
2015-05-13,2.0,2.0,2.0,2.0,2.0,0.0
2015-05-14,2.0,2.0,2.0,2.0,2.0,0.0
2015-05-15,2.0,2.0,2.0,2.0,2.0,0.0
2015-05-18,2.0,2.0,2.0,2.0,2.0,0.0
2015-05-19,2.0,2.0,2.0,2.0,2.0,0.0
2015-05-20,2.0,2.0,2.0,2.0,2.0,0.0
2015-05-21,2.0,2.0,2.0,2.0,2.0,0.0
2015-05-22,2.0,2.0,2.0,2.0,2.0,0.0
2015-05-25,1.9,1.9,1.9,1.9,1.9,100.0
2015-05-26,1.85,1.95,1.85,1.95,1.95,700.0
2015-05-27,2.0,2.0,1.9,1.9,1.9,109.0
2015-05-28,1.9,1.9,1.9,1.9,1.9,3.0
2015-05-29,1.9,1.9,1.9,1.9,1.9,0.0
2015-06-01,1.9,1.9,1.9,1.9,1.9,0.0
2015-06-02,1.9,1.9,1.9,1.9,1.9,0.0
2015-06-03,1.9,1.9,1.9,1.9,1.9,0.0
2015-06-04,1.9,1.9,1.9,1.9,1.9,0.0
2015-06-05,1.9,1.9,1.9,1.9,1.9,0.0
2015-06-08,1.9,1.9,1.9,1.9,1.9,0.0
2015-06-09,1.85,1.95,1.85,1.85,1.85,10000.0
2015-06-10,1.85,1.85,1.85,1.85,1.85,0.0
2015-06-11,1.85,1.85,1.85,1.85,1.85,0.0
2015-06-12,1.8,1.8,1.8,1.8,1.8,25.0
2015-06-15,1.8,1.8,1.8,1.8,1.8,1.0
2015-06-16,1.8,1.8,1.8,1.8,1.8,0.0
2015-06-17,1.85,1.85,1.85,1.85,1.85,1.0
2015-06-18,1.85,1.85,1.85,1.85,1.85,0.0
2015-06-19,1.85,1.85,1.85,1.85,1.85,0.0
2015-06-22,1.85,1.85,1.85,1.85,1.85,0.0
2015-06-23,1.85,1.85,1.85,1.85,1.85,0.0
2015-06-24,1.85,1.85,1.85,1.85,1.85,0.0
2015-06-25,1.85,1.85,1.85,1.85,1.85,0.0
2015-06-26,1.85,1.85,1.85,1.85,1.85,0.0
2015-06-29,1.85,1.85,1.85,1.85,1.85,0.0
2015-06-30,1.8,1.8,1.8,1.8,1.8,10.0
2015-07-01,1.8,1.8,1.8,1.8,1.8,0.0
2015-07-02,1.8,1.8,1.8,1.8,1.8,0.0
2015-07-03,1.8,1.8,1.8,1.8,1.8,0.0
2015-07-06,1.8,1.8,1.8,1.8,1.8,0.0
2015-07-07,1.75,1.8,1.75,1.75,1.75,2000.0
2015-07-08,1.8,1.8,1.7,1.7,1.7,1001.0
2015-07-09,1.7,1.7,1.7,1.7,1.7,0.0
2015-07-10,1.7,1.7,1.7,1.7,1.7,300.0
2015-07-13,1.7,1.7,1.7,1.7,1.7,0.0
2015-07-14,1.7,1.7,1.7,1.7,1.7,0.0
2015-07-15,1.7,1.7,1.7,1.7,1.7,0.0
2015-07-16,1.7,1.7,1.7,1.7,1.7,0.0
2015-07-17,1.7,1.7,1.7,1.7,1.7,0.0
2015-07-20,1.7,1.7,1.7,1.7,1.7,0.0
2015-07-21,1.7,1.7,1.7,1.7,1.7,0.0
2015-07-22,1.7,1.7,1.7,1.7,1.7,0.0
2015-07-23,1.7,1.7,1.7,1.7,1.7,0.0
2015-07-24,1.75,1.75,1.75,1.75,1.75,25.0
2015-07-27,1.75,1.75,1.75,1.75,1.75,197.0
2015-07-28,1.75,1.75,1.75,1.75,1.75,0.0
2015-07-29,1.75,1.75,1.75,1.75,1.75,0.0
2015-07-30,1.75,1.75,1.75,1.75,1.75,0.0
2015-07-31,1.75,1.75,1.75,1.75,1.75,0.0
2015-08-03,1.75,1.75,1.75,1.75,1.75,0.0
2015-08-04,1.75,1.75,1.75,1.75,1.75,0.0
2015-08-05,1.75,1.75,1.75,1.75,1.75,5000.0
2015-08-06,1.8,1.8,1.8,1.8,1.8,2.0
2015-08-07,1.8,1.8,1.8,1.8,1.8,0.0
2015-08-10,1.75,1.75,1.75,1.75,1.75,43.0
2015-08-11,1.75,1.75,1.75,1.75,1.75,0.0
2015-08-12,1.75,1.75,1.75,1.75,1.75,0.0
2015-08-13,1.75,1.75,1.75,1.75,1.75,0.0
2015-08-14,1.75,1.75,1.75,1.75,1.75,0.0
2015-08-17,1.75,1.75,1.75,1.75,1.75,0.0
2015-08-18,1.75,1.75,1.75,1.75,1.75,0.0
2015-08-19,1.75,1.75,1.75,1.75,1.75,0.0
2015-08-20,1.75,1.75,1.75,1.75,1.75,0.0
2015-08-21,1.75,1.75,1.75,1.75,1.75,0.0
2015-08-24,1.8,1.8,1.8,1.8,1.8,200.0
2015-08-25,1.8,1.8,1.8,1.8,1.8,0.0
2015-08-26,1.8,1.8,1.8,1.8,1.8,0.0
2015-08-27,1.8,1.8,1.8,1.8,1.8,0.0
2015-08-28,1.8,1.8,1.8,1.8,1.8,0.0
2015-08-31,1.8,1.8,1.8,1.8,1.8,0.0
2015-09-01,1.8,1.8,1.8,1.8,1.8,0.0
2015-09-02,1.85,1.85,1.85,1.85,1.85,5000.0
2015-09-03,1.85,1.85,1.85,1.85,1.85,0.0
2015-09-04,1.85,1.85,1.85,1.85,1.85,0.0
2015-09-07,1.85,1.85,1.85,1.85,1.85,0.0
2015-09-08,1.85,1.85,1.85,1.85,1.85,0.0
2015-09-09,1.85,1.85,1.85,1.85,1.85,0.0
2015-09-10,1.8,1.8,1.8,1.8,1.8,700.0
2015-09-11,1.8,1.8,1.8,1.8,1.8,0.0
2015-09-14,1.8,1.8,1.8,1.8,1.8,0.0
2015-09-15,1.8,1.8,1.8,1.8,1.8,0.0
2015-09-16,1.8,1.8,1.8,1.8,1.8,0.0
2015-09-18,1.75,1.75,1.75,1.75,1.75,6.0
2015-09-21,1.75,1.75,1.75,1.75,1.75,0.0
2015-09-22,1.75,1.75,1.75,1.75,1.75,0.0
2015-09-23,1.75,1.75,1.75,1.75,1.75,0.0
2015-09-24,1.75,1.75,1.75,1.75,1.75,0.0
2015-09-28,1.75,1.75,1.75,1.75,1.75,0.0
2015-09-29,1.75,1.75,1.75,1.75,1.75,0.0
2015-09-30,1.8,1.8,1.8,1.8,1.8,1950.0
2015-10-01,1.8,1.8,1.8,1.8,1.8,0.0
2015-10-05,1.8,1.8,1.8,1.8,1.8,0.0
2015-10-06,1.8,1.8,1.8,1.8,1.8,0.0
2015-10-07,1.85,1.85,1.85,1.85,1.85,604.0
2015-10-08,1.8,1.9,1.8,1.8,1.8,7500.0
2015-10-09,1.8,1.8,1.8,1.8,1.8,0.0
2015-10-12,1.8,1.8,1.8,1.8,1.8,0.0
2015-10-13,1.85,1.85,1.85,1.85,1.85,1060.0
2015-10-14,1.8,1.8,1.8,1.8,1.8,150.0
2015-10-15,1.75,1.75,1.75,1.75,1.75,306.0
2015-10-16,1.75,1.75,1.75,1.75,1.75,0.0
2015-10-19,1.7,1.7,1.7,1.7,1.7,50.0
2015-10-20,1.7,1.7,1.7,1.7,1.7,0.0
2015-10-21,1.7,1.7,1.7,1.7,1.7,0.0
2015-10-23,1.7,1.7,1.7,1.7,1.7,0.0
2015-10-26,1.7,1.7,1.7,1.7,1.7,0.0
2015-10-27,1.7,1.7,1.7,1.7,1.7,0.0
2015-10-28,1.7,1.7,1.7,1.7,1.7,0.0
2015-10-29,1.75,1.75,1.75,1.75,1.75,500.0
2015-10-30,1.75,1.75,1.75,1.75,1.75,0.0
2015-11-02,1.75,1.75,1.75,1.75,1.75,0.0
2015-11-03,1.75,1.75,1.75,1.75,1.75,0.0
2015-11-04,1.8,1.8,1.8,1.8,1.8,7058.0
2015-11-05,1.85,1.85,1.85,1.85,1.85,2000.0
2015-11-06,1.85,1.85,1.85,1.85,1.85,0.0
2015-11-09,1.85,1.85,1.85,1.85,1.85,1612.0
2015-11-10,1.85,1.85,1.85,1.85,1.85,0.0
2015-11-13,1.85,1.85,1.85,1.85,1.85,0.0
2015-11-16,1.9,1.9,1.9,1.9,1.9,22.0
2015-11-17,1.9,1.9,1.9,1.9,1.9,0.0
2015-11-18,1.9,1.9,1.9,1.9,1.9,0.0
2015-11-19,1.95,1.95,1.95,1.95,1.95,525.0
2015-11-20,2.0,2.0,2.0,2.0,2.0,2000.0
2015-11-23,2.0,2.0,2.0,2.0,2.0,0.0
2015-11-24,2.1,2.1,2.1,2.1,2.1,2200.0
2015-11-26,2.1,2.1,2.1,2.1,2.1,0.0
2015-11-27,2.1,2.1,2.1,2.1,2.1,0.0
2015-11-30,2.2,2.2,2.2,2.2,2.2,126.0
2015-12-01,2.2,2.2,2.2,2.2,2.2,500.0
2015-12-02,2.2,2.2,2.2,2.2,2.2,5.0
2015-12-03,2.2,2.2,2.2,2.2,2.2,1.0
2015-12-04,2.2,2.2,2.2,2.2,2.2,0.0
2015-12-07,2.3,2.3,2.3,2.3,2.3,5109.0
2015-12-08,2.3,2.3,2.3,2.3,2.3,0.0
2015-12-09,2.2,2.2,2.2,2.2,2.2,905.0
2015-12-10,2.2,2.2,2.2,2.2,2.2,0.0
2015-12-11,2.1,2.1,2.1,2.1,2.1,1000.0
2015-12-14,2.1,2.1,2.1,2.1,2.1,0.0
2015-12-15,2.1,2.1,2.1,2.1,2.1,75.0
2015-12-16,2.2,2.2,2.2,2.2,2.2,115.0
2015-12-17,2.2,2.2,2.2,2.2,2.2,0.0
2015-12-18,2.2,2.2,2.2,2.2,2.2,0.0
2015-12-21,2.2,2.2,2.2,2.2,2.2,0.0
2015-12-22,2.3,2.3,2.3,2.3,2.3,2000.0
2015-12-23,2.2,2.4,2.2,2.2,2.2,810.0
2015-12-24,2.3,2.3,2.3,2.3,2.3,18.0
2015-12-28,2.4,2.4,2.4,2.4,2.4,25.0
2015-12-29,2.4,2.4,2.4,2.4,2.4,0.0
2015-12-30,2.4,2.4,2.4,2.4,2.4,0.0
2015-12-31,2.4,2.4,2.4,2.4,2.4,0.0
2016-01-01,2.4,2.4,2.4,2.4,2.4,0.0
2016-01-04,2.5,2.5,2.5,2.5,2.5,25.0
2016-01-05,2.5,2.5,2.5,2.5,2.5,0.0
2016-01-06,2.5,2.5,2.5,2.5,2.5,0.0
2016-01-07,2.5,2.5,2.5,2.5,2.5,0.0
2016-01-08,2.6,2.6,2.6,2.6,2.6,1275.0
2016-01-11,2.7,2.7,2.7,2.7,2.7,165.0
2016-01-12,2.7,2.7,2.7,2.7,2.7,0.0
2016-01-13,2.8,2.8,2.8,2.8,2.8,25.0
2016-01-14,2.9,2.9,2.9,2.9,2.9,905.0
2016-01-15,3.0,3.0,3.0,3.0,3.0,50.0
2016-01-18,3.0,3.0,3.0,3.0,3.0,0.0
2016-01-19,3.0,3.0,3.0,3.0,3.0,0.0
2016-01-20,3.0,3.0,3.0,3.0,3.0,0.0
2016-01-21,2.85,2.85,2.85,2.85,2.85,1001.0
2016-01-22,2.85,2.85,2.85,2.85,2.85,0.0
2016-01-25,2.85,2.85,2.85,2.85,2.85,0.0
2016-01-27,2.85,2.85,2.85,2.85,2.85,0.0
2016-01-28,2.85,2.85,2.85,2.85,2.85,0.0
2016-01-29,2.75,2.75,2.75,2.75,2.75,1600.0
2016-02-01,2.85,2.85,2.85,2.85,2.85,1000.0
2016-02-02,2.85,2.85,2.85,2.85,2.85,0.0
2016-02-03,2.8,2.8,2.8,2.8,2.8,500.0
2016-02-04,2.8,2.8,2.8,2.8,2.8,0.0
2016-02-05,2.8,2.8,2.8,2.8,2.8,0.0
2016-02-08,2.8,2.8,2.8,2.8,2.8,0.0
2016-02-09,2.8,2.8,2.8,2.8,2.8,0.0
2016-02-10,2.9,2.9,2.9,2.9,2.9,50.0
2016-02-11,2.9,2.9,2.9,2.9,2.9,0.0
2016-02-12,2.9,2.9,2.9,2.9,2.9,0.0
2016-02-15,2.9,2.9,2.9,2.9,2.9,0.0
2016-02-16,2.9,2.9,2.9,2.9,2.9,0.0
2016-02-17,2.9,2.9,2.9,2.9,2.9,0.0
2016-02-18,2.9,2.9,2.9,2.9,2.9,0.0
2016-02-19,2.9,2.9,2.9,2.9,2.9,0.0
2016-02-22,2.9,2.9,2.9,2.9,2.9,0.0
2016-02-23,3.0,3.0,3.0,3.0,3.0,10.0
2016-02-24,3.0,3.0,3.0,3.0,3.0,0.0
2016-02-25,3.0,3.0,3.0,3.0,3.0,0.0
2016-02-26,3.15,3.15,2.9,2.9,2.9,760.0
2016-02-29,2.9,2.9,2.9,2.9,2.9,535.0
2016-03-01,2.9,2.9,2.9,2.9,2.9,0.0
2016-03-02,2.9,2.9,2.9,2.9,2.9,0.0
2016-03-03,2.9,2.9,2.9,2.9,2.9,200.0
2016-03-04,2.9,2.9,2.9,2.9,2.9,10.0
2016-03-08,2.9,2.9,2.9,2.9,2.9,0.0
2016-03-09,2.9,2.9,2.9,2.9,2.9,0.0
2016-03-10,2.9,2.9,2.9,2.9,2.9,0.0
2016-03-11,2.9,2.9,2.9,2.9,2.9,0.0
2016-03-14,2.9,2.9,2.9,2.9,2.9,0.0
2016-03-15,2.8,2.8,2.8,2.8,2.8,500.0
2016-03-16,2.8,2.8,2.8,2.8,2.8,0.0
2016-03-17,2.8,2.8,2.8,2.8,2.8,0.0
2016-03-18,2.8,2.8,2.8,2.8,2.8,0.0
2016-03-21,2.8,2.8,2.8,2.8,2.8,0.0
2016-03-22,2.7,2.7,2.7,2.7,2.7,5349.0
2016-03-23,2.7,2.7,2.7,2.7,2.7,0.0
2016-03-28,2.7,2.7,2.7,2.7,2.7,0.0
2016-03-29,2.7,2.7,2.7,2.7,2.7,0.0
2016-03-30,2.75,2.75,2.75,2.75,2.75,119.0
2016-03-31,2.75,2.75,2.75,2.75,2.75,0.0
2016-04-01,2.75,2.75,2.75,2.75,2.75,0.0
2016-04-04,2.75,2.75,2.75,2.75,2.75,0.0
2016-04-05,2.75,2.75,2.75,2.75,2.75,0.0
2016-04-06,2.75,2.75,2.75,2.75,2.75,0.0
2016-04-07,2.75,2.75,2.75,2.75,2.75,0.0
2016-04-08,2.75,2.75,2.75,2.75,2.75,0.0
2016-04-11,2.75,2.75,2.75,2.75,2.75,0.0
2016-04-12,2.75,2.75,2.75,2.75,2.75,0.0
2016-04-13,2.75,2.75,2.75,2.75,2.75,0.0
2016-04-18,2.75,2.75,2.75,2.75,2.75,0.0
2016-04-20,2.75,2.75,2.75,2.75,2.75,0.0
2016-04-21,2.75,2.75,2.75,2.75,2.75,0.0
2016-04-22,2.75,2.75,2.75,2.75,2.75,0.0
2016-04-25,2.75,2.75,2.75,2.75,2.75,0.0
2016-04-26,2.75,2.75,2.75,2.75,2.75,0.0
2016-04-27,2.75,2.75,2.75,2.75,2.75,0.0
2016-04-28,2.75,2.75,2.75,2.75,2.75,0.0
2016-04-29,2.75,2.75,2.75,2.75,2.75,0.0
2016-05-02,2.75,2.75,2.75,2.75,2.75,0.0
2016-05-03,2.75,2.75,2.75,2.75,2.75,0.0
2016-05-04,2.65,2.65,2.65,2.65,2.65,1.0
2016-05-05,2.65,2.65,2.65,2.65,2.65,0.0
2016-05-06,2.65,2.65,2.65,2.65,2.65,0.0
2016-05-09,2.55,2.55,2.55,2.55,2.55,500.0
2016-05-10,2.55,2.6,2.55,2.6,2.6,553.0
2016-05-11,2.7,2.7,2.5,2.5,2.5,1745.0
2016-05-12,2.4,2.4,2.4,2.4,2.4,749.0
2016-05-13,2.4,2.4,2.4,2.4,2.4,1000.0
2016-05-16,2.4,2.4,2.4,2.4,2.4,0.0
2016-05-17,2.4,2.4,2.4,2.4,2.4,0.0
2016-05-18,2.3,2.3,2.3,2.3,2.3,500.0
2016-05-19,2.2,2.2,2.2,2.2,2.2,524.0
2016-05-20,2.1,2.1,2.1,2.1,2.1,1500.0
2016-05-23,2.0,2.0,2.0,2.0,2.0,725.0
2016-05-24,1.9,1.9,1.9,1.9,1.9,1242.0
2016-05-25,1.9,1.9,1.9,1.9,1.9,0.0
2016-05-26,1.85,1.9,1.85,1.9,1.9,329.0
2016-05-27,1.9,1.9,1.9,1.9,1.9,0.0
2016-05-30,1.9,1.9,1.9,1.9,1.9,500.0
2016-05-31,1.9,1.9,1.9,1.9,1.9,0.0
2016-06-01,1.85,1.95,1.85,1.95,1.95,2605.0
2016-06-02,1.9,2.0,1.9,2.0,2.0,6526.0
2016-06-03,1.9,2.1,1.9,2.1,2.1,600.0
2016-06-06,2.2,2.2,2.0,2.0,2.0,3000.0
2016-06-07,2.1,2.1,1.95,1.95,1.95,1000.0
2016-06-08,1.9,2.0,1.9,2.0,2.0,898.0
2016-06-09,2.0,2.0,2.0,2.0,2.0,158.0
2016-06-10,2.1,2.1,2.1,2.1,2.1,50.0
2016-06-13,2.1,2.1,2.1,2.1,2.1,0.0
2016-06-14,2.2,2.2,2.2,2.2,2.2,3058.0
2016-06-15,2.3,2.3,2.3,2.3,2.3,100.0
2016-06-16,2.4,2.4,2.4,2.4,2.4,200.0
2016-06-17,2.5,2.5,2.5,2.5,2.5,108.0
2016-06-20,2.4,2.4,2.4,2.4,2.4,37.0
2016-06-21,2.45,2.45,2.3,2.35,2.35,45.0
2016-06-22,2.45,2.45,2.45,2.45,2.45,2145.0
2016-06-23,2.55,2.55,2.55,2.55,2.55,389.0
2016-06-24,2.55,2.55,2.55,2.55,2.55,0.0
2016-06-27,2.45,2.65,2.45,2.45,2.45,1006.0
2016-06-28,2.55,2.55,2.35,2.35,2.35,2000.0
2016-06-29,2.3,2.3,2.3,2.3,2.3,102.0
2016-06-30,2.2,2.2,2.2,2.2,2.2,1619.0
2016-07-01,2.2,2.3,2.1,2.3,2.3,7692.0
2016-07-04,2.25,2.25,2.25,2.25,2.25,4000.0
2016-07-05,2.35,2.35,2.35,2.35,2.35,500.0
2016-07-07,2.45,2.45,2.45,2.45,2.45,1000.0
2016-07-08,2.55,2.55,2.55,2.55,2.55,10.0
2016-07-11,2.45,2.45,2.45,2.45,2.45,46.0
2016-07-12,2.35,2.35,2.35,2.35,2.35,1617.0
2016-07-13,2.45,2.45,2.45,2.45,2.45,959.0
2016-07-14,2.35,2.35,2.35,2.35,2.35,900.0
2016-07-15,2.25,2.25,2.25,2.25,2.25,837.0
2016-07-18,2.35,2.35,2.35,2.35,2.35,532.0
2016-07-19,2.45,2.45,2.45,2.45,2.45,100.0
2016-07-20,2.55,2.55,2.55,2.55,2.55,32.0
2016-07-21,2.65,2.65,2.45,2.45,2.45,1713.0
2016-07-22,2.4,2.4,2.4,2.4,2.4,100.0
2016-07-25,2.5,2.5,2.5,2.5,2.5,892.0
2016-07-26,2.6,2.6,2.6,2.6,2.6,100.0
2016-07-27,2.6,2.6,2.6,2.6,2.6,0.0
2016-07-28,2.6,2.6,2.6,2.6,2.6,200.0
2016-07-29,2.6,2.6,2.6,2.6,2.6,0.0
2016-08-01,2.6,2.6,2.6,2.6,2.6,0.0
2016-08-02,2.7,2.7,2.6,2.6,2.6,5125.0
2016-08-03,2.6,2.6,2.6,2.6,2.6,0.0
2016-08-04,2.6,2.6,2.6,2.6,2.6,0.0
2016-08-05,2.7,2.7,2.7,2.7,2.7,101.0
2016-08-08,2.8,2.8,2.8,2.8,2.8,140.0
2016-08-09,2.8,2.8,2.8,2.8,2.8,0.0
2016-08-10,2.9,2.9,2.9,2.9,2.9,2883.0
2016-08-11,3.0,3.0,3.0,3.0,3.0,83.0
2016-08-12,2.9,3.0,2.9,3.0,3.0,102.0
2016-08-16,2.85,2.85,2.85,2.85,2.85,2000.0
2016-08-17,2.75,2.95,2.75,2.95,2.95,255.0
2016-08-18,2.85,3.0,2.85,2.85,2.85,4028.0
2016-08-19,2.85,2.9,2.75,2.75,2.75,1031.0
2016-08-22,2.75,2.75,2.65,2.65,2.65,625.0
2016-08-23,2.75,2.75,2.75,2.75,2.75,4763.0
2016-08-24,2.65,2.65,2.65,2.65,2.65,777.0
2016-08-25,2.75,2.75,2.55,2.6,2.6,2220.0
2016-08-26,2.5,2.5,2.5,2.5,2.5,10.0
2016-08-29,2.5,2.5,2.5,2.5,2.5,0.0
2016-08-30,2.5,2.6,2.4,2.6,2.6,6480.0
2016-08-31,2.5,2.5,2.5,2.5,2.5,13.0
2016-09-01,2.5,2.5,2.5,2.5,2.5,0.0
2016-09-02,2.6,2.6,2.4,2.6,2.6,2501.0
2016-09-06,2.6,2.6,2.6,2.6,2.6,1526.0
2016-09-07,2.5,2.5,2.5,2.5,2.5,50.0
2016-09-08,2.5,2.5,2.5,2.5,2.5,0.0
2016-09-09,2.5,2.5,2.5,2.5,2.5,200.0
2016-09-12,2.55,2.55,2.55,2.55,2.55,300.0
2016-09-14,2.45,2.65,2.45,2.65,2.65,2000.0
2016-09-15,2.6,2.6,2.6,2.6,2.6,566.0
2016-09-16,2.5,2.5,2.5,2.5,2.5,1500.0
2016-09-19,2.5,2.5,2.5,2.5,2.5,0.0
2016-09-20,2.5,2.5,2.5,2.5,2.5,0.0
2016-09-21,2.4,2.4,2.4,2.4,2.4,25.0
2016-09-22,2.35,2.45,2.35,2.45,2.45,1055.0
2016-09-23,2.45,2.45,2.45,2.45,2.45,299.0
2016-09-26,2.45,2.45,2.45,2.45,2.45,0.0
2016-09-27,2.55,2.55,2.55,2.55,2.55,100.0
2016-09-28,2.45,2.5,2.45,2.5,2.5,1585.0
2016-09-29,2.4,2.45,2.4,2.45,2.45,2603.0
2016-09-30,2.4,2.45,2.4,2.45,2.45,76.0
2016-10-03,2.5,2.55,2.5,2.55,2.55,1076.0
2016-10-04,2.65,2.65,2.65,2.65,2.65,391.0
2016-10-05,2.75,2.75,2.75,2.75,2.75,1300.0
2016-10-06,2.85,2.85,2.85,2.85,2.85,50.0
2016-10-07,2.95,2.95,2.95,2.95,2.95,71.0
2016-10-10,3.05,3.05,3.05,3.05,3.05,1000.0
2016-10-13,3.2,3.2,3.2,3.2,3.2,490.0
2016-10-14,3.2,3.2,3.2,3.2,3.2,0.0
2016-10-17,3.2,3.2,3.2,3.2,3.2,23.0
2016-10-18,3.2,3.2,3.2,3.2,3.2,0.0
2016-10-19,3.2,3.2,3.2,3.2,3.2,0.0
2016-10-20,3.2,3.35,3.2,3.35,3.35,750.0
2016-10-21,3.35,3.5,3.2,3.35,3.35,2528.0
2016-10-24,3.5,3.5,3.5,3.5,3.5,2091.0
2016-10-25,3.5,3.5,3.5,3.5,3.5,0.0
2016-10-26,3.65,3.65,3.65,3.65,3.65,3.0
2016-10-27,3.8,3.8,3.8,3.8,3.8,425.0
2016-10-28,3.95,3.95,3.95,3.95,3.95,700.0
2016-11-01,4.3,4.3,4.3,4.3,4.3,158.0
2016-11-02,4.5,4.5,4.5,4.5,4.5,100.0
2016-11-03,4.7,4.7,4.5,4.5,4.5,6327.0
2016-11-04,4.3,4.3,4.3,4.3,4.3,50.0
2016-11-07,4.1,4.2,4.1,4.1,4.1,544.0
2016-11-08,4.3,4.3,4.3,4.3,4.3,300.0
2016-11-09,4.1,4.1,4.1,4.1,4.1,100.0
2016-11-10,4.1,4.3,4.1,4.3,4.3,1178.0
2016-11-11,4.1,4.1,4.1,4.1,4.1,800.0
2016-11-15,4.1,4.1,4.1,4.1,4.1,1100.0
2016-11-16,3.9,4.1,3.9,4.1,4.1,320.0
2016-11-17,4.0,4.0,4.0,4.0,4.0,379.0
2016-11-18,4.0,4.0,4.0,4.0,4.0,0.0
2016-11-21,4.0,4.0,4.0,4.0,4.0,0.0
2016-11-22,3.85,3.85,3.85,3.85,3.85,100.0
2016-11-23,3.85,3.85,3.85,3.85,3.85,14.0
2016-11-24,3.85,3.85,3.85,3.85,3.85,0.0
2016-11-25,3.75,3.75,3.75,3.75,3.75,2000.0
2016-11-28,3.75,3.75,3.6,3.65,3.65,5000.0
2016-11-29,3.65,3.65,3.65,3.65,3.65,0.0
2016-11-30,3.6,3.6,3.6,3.6,3.6,280.0
2016-12-01,3.6,3.6,3.6,3.6,3.6,0.0
2016-12-02,3.6,3.6,3.6,3.6,3.6,0.0
2016-12-05,3.45,3.45,3.45,3.45,3.45,2500.0
2016-12-06,3.6,3.6,3.6,3.6,3.6,2000.0
2016-12-07,3.6,3.6,3.6,3.6,3.6,0.0
2016-12-08,3.6,3.6,3.6,3.6,3.6,0.0
2016-12-09,3.6,3.75,3.6,3.75,3.75,1760.0
2016-12-12,3.6,3.9,3.6,3.6,3.6,1255.0
2016-12-13,3.6,3.6,3.6,3.6,3.6,0.0
2016-12-14,3.75,3.75,3.45,3.65,3.65,2182.0
2016-12-15,3.65,3.65,3.65,3.65,3.65,0.0
2016-12-16,3.65,3.65,3.65,3.65,3.65,0.0
2016-12-19,3.65,3.65,3.65,3.65,3.65,0.0
2016-12-20,3.65,3.65,3.65,3.65,3.65,0.0
2016-12-21,3.65,3.65,3.65,3.65,3.65,0.0
2016-12-22,3.5,3.5,3.5,3.5,3.5,16.0
2016-12-23,3.5,3.5,3.5,3.5,3.5,0.0
2016-12-26,3.5,3.5,3.5,3.5,3.5,0.0
2016-12-27,3.35,3.35,3.35,3.35,3.35,35.0
2016-12-28,3.2,3.2,3.2,3.2,3.2,220.0
2016-12-29,3.15,3.35,3.15,3.35,3.35,35.0
2016-12-30,3.3,3.3,3.3,3.3,3.3,105.0
2017-01-02,3.25,3.3,3.25,3.3,3.3,914.0
2017-01-03,3.45,3.45,3.45,3.45,3.45,800.0
2017-01-04,3.45,3.45,3.45,3.45,3.45,0.0
2017-01-05,3.45,3.45,3.45,3.45,3.45,0.0
2017-01-06,3.45,3.45,3.45,3.45,3.45,0.0
2017-01-09,3.3,3.3,3.3,3.3,3.3,755.0
2017-01-10,3.15,3.2,3.15,3.15,3.15,1306.0
2017-01-11,3.3,3.3,3.3,3.3,3.3,2000.0
2017-01-12,3.45,3.45,3.45,3.45,3.45,4.0
2017-01-13,3.45,3.45,3.45,3.45,3.45,0.0
2017-01-16,3.3,3.3,3.3,3.3,3.3,1010.0
2017-01-17,3.15,3.15,3.15,3.15,3.15,500.0
2017-01-18,3.0,3.3,3.0,3.3,3.3,105.0
2017-01-19,3.45,3.45,3.45,3.45,3.45,25.0
2017-01-20,3.4,3.6,3.4,3.6,3.6,714.0
2017-01-23,3.75,3.75,3.75,3.75,3.75,75.0
2017-01-24,3.7,3.9,3.6,3.9,3.9,12564.0
2017-01-25,3.9,4.05,3.9,3.95,3.95,1684.0
2017-01-27,3.85,4.1,3.8,3.8,3.8,341.0
2017-01-30,3.8,3.95,3.8,3.95,3.95,625.0
2017-01-31,3.8,4.1,3.8,4.1,4.1,540.0
2017-02-01,4.15,4.3,4.0,4.0,4.0,1508.0
2017-02-02,3.8,4.2,3.8,3.8,3.8,1401.0
2017-02-03,3.8,3.8,3.8,3.8,3.8,1.0
2017-02-06,3.8,3.8,3.8,3.8,3.8,37.0
2017-02-07,3.8,3.8,3.8,3.8,3.8,0.0
2017-02-08,3.95,3.95,3.95,3.95,3.95,2.0
2017-02-09,3.95,3.95,3.95,3.95,3.95,8.0
2017-02-10,3.9,3.9,3.9,3.9,3.9,126.0
2017-02-13,3.9,3.9,3.9,3.9,3.9,600.0
2017-02-14,3.9,3.9,3.9,3.9,3.9,0.0
2017-02-15,3.9,3.9,3.9,3.9,3.9,30.0
2017-02-16,3.9,3.9,3.9,3.9,3.9,0.0
2017-02-17,3.9,3.9,3.9,3.9,3.9,12.0
2017-02-20,3.9,3.9,3.9,3.9,3.9,0.0
2017-02-21,3.9,3.9,3.9,3.9,3.9,0.0
2017-02-22,3.75,3.8,3.75,3.8,3.8,1000.0
2017-02-23,3.8,3.8,3.8,3.8,3.8,0.0
2017-02-27,3.65,3.65,3.65,3.65,3.65,1.0
2017-02-28,3.65,3.65,3.65,3.65,3.65,0.0
2017-03-01,3.5,3.5,3.5,3.5,3.5,1510.0
2017-03-02,3.5,3.5,3.5,3.5,3.5,0.0
2017-03-03,3.35,3.65,3.35,3.35,3.35,2002.0
2017-03-06,3.3,3.3,3.3,3.3,3.3,7.0
2017-03-07,3.3,3.3,3.3,3.3,3.3,0.0
2017-03-08,3.3,3.3,3.3,3.3,3.3,0.0
2017-03-09,3.3,3.3,3.3,3.3,3.3,0.0
2017-03-10,3.3,3.3,3.3,3.3,3.3,0.0
2017-03-14,3.3,3.3,3.3,3.3,3.3,30.0
2017-03-15,3.3,3.3,3.3,3.3,3.3,0.0
2017-03-16,3.3,3.3,3.3,3.3,3.3,0.0
2017-03-17,3.3,3.3,3.3,3.3,3.3,0.0
2017-03-20,3.3,3.3,3.3,3.3,3.3,0.0
2017-03-21,3.3,3.3,3.3,3.3,3.3,0.0
2017-03-22,3.3,3.3,3.3,3.3,3.3,0.0
2017-03-23,3.3,3.3,3.3,3.3,3.3,0.0
2017-03-24,3.3,3.3,3.3,3.3,3.3,0.0
2017-03-27,3.3,3.3,3.3,3.3,3.3,0.0
2017-03-28,3.3,3.3,3.3,3.3,3.3,0.0
2017-03-29,3.15,3.15,3.15,3.15,3.15,99.0
2017-03-30,3.0,3.0,3.0,3.0,3.0,7901.0
2017-03-31,3.0,3.0,3.0,3.0,3.0,0.0
2017-04-03,2.85,2.85,2.85,2.85,2.85,524.0
2017-04-05,2.85,2.85,2.75,2.75,2.75,2834.0
2017-04-06,2.65,2.65,2.65,2.65,2.65,863.0
2017-04-07,2.65,2.65,2.65,2.65,2.65,0.0
2017-04-10,2.65,2.65,2.65,2.65,2.65,0.0
2017-04-11,2.55,2.55,2.55,2.55,2.55,541.0
2017-04-12,2.45,2.65,2.45,2.65,2.65,216.0
2017-04-13,2.75,2.75,2.75,2.75,2.75,2023.0
2017-04-17,2.65,2.7,2.65,2.65,2.65,8051.0
2017-04-18,2.65,2.75,2.65,2.75,2.75,997.0
2017-04-19,2.85,2.85,2.85,2.85,2.85,143.0
2017-04-20,2.95,2.95,2.9,2.9,2.9,603.0
2017-04-21,3.0,3.0,3.0,3.0,3.0,2448.0
2017-04-24,3.15,3.15,3.15,3.15,3.15,125.0
2017-04-25,3.3,3.3,3.3,3.3,3.3,10612.0
2017-04-26,3.3,3.3,3.3,3.3,3.3,20.0
2017-04-27,3.3,3.3,3.3,3.3,3.3,450.0
2017-04-28,3.2,3.3,3.2,3.3,3.3,50.0
2017-05-02,3.15,3.15,3.15,3.15,3.15,1525.0
2017-05-03,3.15,3.15,3.15,3.15,3.15,42.0
2017-05-04,3.15,3.15,3.15,3.15,3.15,0.0
2017-05-05,3.15,3.15,3.15,3.15,3.15,0.0
2017-05-08,3.3,3.3,3.3,3.3,3.3,500.0
2017-05-09,3.3,3.3,3.3,3.3,3.3,0.0
2017-05-10,3.3,3.3,3.3,3.3,3.3,0.0
2017-05-11,3.45,3.45,3.45,3.45,3.45,200.0
2017-05-12,3.45,3.45,3.45,3.45,3.45,0.0
2017-05-15,3.3,3.3,3.3,3.3,3.3,466.0
2017-05-16,3.2,3.2,3.2,3.2,3.2,568.0
2017-05-17,3.1,3.2,3.1,3.2,3.2,5398.0
2017-05-18,3.2,3.2,3.2,3.2,3.2,0.0
2017-05-19,3.05,3.05,3.05,3.05,3.05,1676.0
2017-05-22,3.05,3.05,3.05,3.05,3.05,0.0
2017-05-23,3.05,3.05,3.05,3.05,3.05,0.0
2017-05-24,3.05,3.05,3.05,3.05,3.05,0.0
2017-05-25,3.05,3.05,3.05,3.05,3.05,0.0
2017-05-26,3.05,3.05,3.05,3.05,3.05,0.0
2017-05-29,3.05,3.05,3.05,3.05,3.05,0.0
2017-05-30,3.05,3.05,3.05,3.05,3.05,0.0
2017-05-31,3.05,3.05,3.05,3.05,3.05,0.0
2017-06-01,3.05,3.05,3.05,3.05,3.05,0.0
2017-06-02,3.05,3.05,3.05,3.05,3.05,0.0
2017-06-05,3.05,3.05,3.05,3.05,3.05,0.0
2017-06-06,3.05,3.05,3.05,3.05,3.05,0.0
2017-06-07,3.05,3.05,3.05,3.05,3.05,0.0
2017-06-08,3.05,3.05,3.05,3.05,3.05,0.0
2017-06-09,3.05,3.05,3.05,3.05,3.05,0.0
2017-06-12,3.05,3.05,3.05,3.05,3.05,0.0
2017-06-13,3.05,3.05,3.05,3.05,3.05,0.0
2017-06-14,3.05,3.05,3.05,3.05,3.05,0.0
2017-06-15,3.05,3.05,3.05,3.05,3.05,0.0
2017-06-16,3.05,3.05,3.05,3.05,3.05,0.0
2017-06-19,3.05,3.05,3.05,3.05,3.05,0.0
2017-06-20,3.05,3.05,3.05,3.05,3.05,0.0
2017-06-21,3.05,3.05,3.05,3.05,3.05,0.0
2017-06-22,2.9,2.9,2.9,2.9,2.9,1568.0
2017-06-23,2.9,2.9,2.9,2.9,2.9,100.0
2017-06-27,2.8,2.8,2.8,2.8,2.8,2349.0
2017-06-28,2.8,2.8,2.8,2.8,2.8,0.0
2017-06-29,2.8,2.8,2.8,2.8,2.8,0.0
2017-06-30,2.8,2.8,2.8,2.8,2.8,0.0
2017-07-03,2.8,2.8,2.8,2.8,2.8,0.0
2017-07-04,2.8,2.8,2.8,2.8,2.8,0.0
2017-07-05,2.8,2.8,2.8,2.8,2.8,0.0
2017-07-06,2.8,2.8,2.8,2.8,2.8,0.0
2017-07-07,2.8,2.8,2.8,2.8,2.8,0.0
2017-07-10,2.8,2.8,2.8,2.8,2.8,0.0
2017-07-11,2.8,2.8,2.8,2.8,2.8,0.0
2017-07-12,2.8,2.8,2.8,2.8,2.8,103.0
2017-07-13,2.8,2.8,2.8,2.8,2.8,0.0
2017-07-14,2.8,2.8,2.8,2.8,2.8,0.0
2017-07-17,2.8,2.8,2.8,2.8,2.8,0.0
2017-07-18,2.8,2.8,2.8,2.8,2.8,50.0
2017-07-19,2.8,2.8,2.8,2.8,2.8,0.0
2017-07-20,2.8,2.8,2.8,2.8,2.8,0.0
2017-07-21,2.8,2.8,2.8,2.8,2.8,0.0
2017-07-24,2.8,2.8,2.8,2.8,2.8,0.0
2017-07-25,2.8,2.8,2.8,2.8,2.8,0.0
2017-07-26,2.8,2.8,2.8,2.8,2.8,0.0
2017-07-27,2.8,2.8,2.8,2.8,2.8,0.0
2017-07-28,2.8,2.8,2.8,2.8,2.8,0.0
2017-07-31,2.8,2.8,2.8,2.8,2.8,0.0
2017-08-01,2.8,2.8,2.8,2.8,2.8,0.0
2017-08-02,2.8,2.8,2.8,2.8,2.8,0.0
2017-08-03,2.8,2.8,2.8,2.8,2.8,0.0
2017-08-04,2.8,2.8,2.7,2.7,2.7,97.0
2017-08-07,2.7,2.7,2.7,2.7,2.7,0.0
2017-08-08,2.6,2.6,2.6,2.6,2.6,1.0
2017-08-09,2.6,2.6,2.6,2.6,2.6,0.0
2017-08-10,2.5,2.5,2.5,2.5,2.5,3513.0
2017-08-11,2.5,2.5,2.5,2.5,2.5,0.0
2017-08-14,2.5,2.5,2.5,2.5,2.5,0.0
2017-08-16,2.6,2.6,2.6,2.6,2.6,100.0
2017-08-17,2.5,2.5,2.5,2.5,2.5,10000.0
2017-08-18,2.5,2.5,2.5,2.5,2.5,0.0
2017-08-21,2.4,2.4,2.4,2.4,2.4,3650.0
2017-08-22,2.4,2.4,2.4,2.4,2.4,0.0
2017-08-23,2.4,2.4,2.4,2.4,2.4,0.0
2017-08-24,2.3,2.3,2.3,2.3,2.3,325.0
2017-08-28,2.3,2.3,2.3,2.3,2.3,0.0
2017-08-29,2.3,2.3,2.3,2.3,2.3,0.0
2017-08-30,2.3,2.3,2.3,2.3,2.3,0.0
2017-08-31,2.3,2.3,2.3,2.3,2.3,0.0
2017-09-01,2.3,2.3,2.3,2.3,2.3,0.0
2017-09-04,2.3,2.3,2.3,2.3,2.3,0.0
2017-09-05,2.3,2.3,2.3,2.3,2.3,0.0
2017-09-06,2.3,2.3,2.3,2.3,2.3,0.0
2017-09-07,2.3,2.3,2.3,2.3,2.3,0.0
2017-09-08,2.3,2.3,2.3,2.3,2.3,0.0
2017-09-11,2.2,2.3,2.2,2.3,2.3,200.0
2017-09-12,2.2,2.2,2.2,2.2,2.2,10.0
2017-09-13,2.2,2.2,2.2,2.2,2.2,0.0
2017-09-14,2.2,2.2,2.2,2.2,2.2,0.0
2017-09-15,2.2,2.2,2.2,2.2,2.2,0.0
2017-09-18,2.2,2.2,2.2,2.2,2.2,0.0
2017-09-19,2.2,2.2,2.2,2.2,2.2,0.0
2017-09-20,2.2,2.2,2.2,2.2,2.2,0.0
2017-09-21,2.2,2.2,2.2,2.2,2.2,200.0
2017-09-22,2.2,2.2,2.2,2.2,2.2,0.0
2017-09-25,2.2,2.2,2.2,2.2,2.2,0.0
2017-09-26,2.2,2.2,2.2,2.2,2.2,0.0
2017-09-27,2.2,2.2,2.2,2.2,2.2,0.0
2017-09-28,2.2,2.2,2.2,2.2,2.2,0.0
2017-09-29,2.2,2.2,2.2,2.2,2.2,0.0
2017-10-03,2.2,2.2,2.2,2.2,2.2,0.0
2017-10-04,2.2,2.2,2.2,2.2,2.2,0.0
2017-10-05,2.3,2.3,2.3,2.3,2.3,530.0
2017-10-06,2.3,2.3,2.3,2.3,2.3,0.0
2017-10-09,2.3,2.3,2.3,2.3,2.3,0.0
2017-10-10,2.3,2.3,2.3,2.3,2.3,0.0
2017-10-11,2.3,2.3,2.3,2.3,2.3,0.0
2017-10-12,2.3,2.3,2.3,2.3,2.3,0.0
2017-10-13,2.3,2.3,2.3,2.3,2.3,0.0
2017-10-16,2.3,2.3,2.3,2.3,2.3,0.0
2017-10-17,2.3,2.3,2.3,2.3,2.3,0.0
2017-10-18,2.3,2.3,2.3,2.3,2.3,0.0
2017-10-19,2.3,2.3,2.3,2.3,2.3,0.0
2017-10-23,2.3,2.3,2.3,2.3,2.3,0.0
2017-10-24,2.3,2.3,2.3,2.3,2.3,0.0
2017-10-25,2.2,2.2,2.2,2.2,2.2,202.0
2017-10-26,2.1,2.1,2.1,2.1,2.1,7.0
2017-10-27,2.0,2.05,2.0,2.05,2.05,116.0
2017-10-30,2.0,2.0,2.0,2.0,2.0,127.0
2017-10-31,2.1,2.1,2.1,2.1,2.1,101.0
2017-11-01,2.1,2.1,2.1,2.1,2.1,0.0
2017-11-02,2.2,2.2,2.2,2.2,2.2,300.0
2017-11-03,2.2,2.2,2.2,2.2,2.2,0.0
2017-11-06,2.2,2.2,2.2,2.2,2.2,0.0
2017-11-07,2.2,2.2,2.2,2.2,2.2,0.0
2017-11-08,2.3,2.3,2.3,2.3,2.3,260.0
2017-11-09,2.3,2.3,2.3,2.3,2.3,0.0
2017-11-10,2.5,2.5,2.5,2.5,2.5,115.0
2017-11-13,2.5,2.5,2.5,2.5,2.5,0.0
2017-11-14,2.6,2.6,2.6,2.6,2.6,3000.0
2017-11-15,2.5,2.5,2.5,2.5,2.5,10000.0
2017-11-16,2.5,2.5,2.5,2.5,2.5,30.0
2017-11-17,2.5,2.5,2.5,2.5,2.5,0.0
2017-11-20,2.5,2.5,2.5,2.5,2.5,0.0
2017-11-21,2.5,2.5,2.5,2.5,2.5,0.0
2017-11-22,2.5,2.5,2.5,2.5,2.5,0.0
2017-11-23,2.5,2.5,2.5,2.5,2.5,0.0
2017-11-24,2.4,2.4,2.4,2.4,2.4,350.0
2017-11-27,2.4,2.4,2.35,2.35,2.35,4705.0
2017-11-28,2.35,2.35,2.35,2.35,2.35,0.0
2017-11-29,2.35,2.35,2.35,2.35,2.35,0.0
2017-11-30,2.35,2.35,2.35,2.35,2.35,0.0
2017-12-01,2.35,2.35,2.35,2.35,2.35,0.0
2017-12-04,2.35,2.35,2.35,2.35,2.35,0.0
2017-12-05,2.35,2.35,2.35,2.35,2.35,0.0
2017-12-06,2.35,2.35,2.35,2.35,2.35,0.0
2017-12-07,2.35,2.35,2.35,2.35,2.35,0.0
2017-12-08,2.35,2.35,2.35,2.35,2.35,0.0
2017-12-11,2.35,2.35,2.35,2.35,2.35,0.0
2017-12-12,2.35,2.35,2.35,2.35,2.35,0.0
2017-12-13,2.35,2.35,2.35,2.35,2.35,0.0
2017-12-14,2.35,2.35,2.35,2.35,2.35,0.0
2017-12-15,2.35,2.35,2.35,2.35,2.35,0.0
2017-12-18,2.35,2.35,2.35,2.35,2.35,0.0
2017-12-19,2.35,2.35,2.35,2.35,2.35,0.0
2017-12-20,2.35,2.35,2.35,2.35,2.35,0.0
2017-12-21,2.35,2.35,2.35,2.35,2.35,0.0
2017-12-22,2.25,2.25,2.25,2.25,2.25,100.0
2017-12-26,2.25,2.25,2.25,2.25,2.25,0.0
2017-12-27,2.25,2.25,2.25,2.25,2.25,0.0
2017-12-28,2.25,2.25,2.25,2.25,2.25,0.0
2017-12-29,2.25,2.25,2.25,2.25,2.25,0.0
2018-01-01,2.25,2.25,2.25,2.25,2.25,0.0
2018-01-02,2.25,2.25,2.25,2.25,2.25,0.0
2018-01-03,2.25,2.25,2.25,2.25,2.25,0.0
2018-01-04,2.25,2.25,2.25,2.25,2.25,0.0
2018-01-05,2.25,2.25,2.25,2.25,2.25,0.0
2018-01-08,2.25,2.25,2.25,2.25,2.25,0.0
2018-01-09,2.25,2.25,2.25,2.25,2.25,0.0
2018-01-10,2.25,2.25,2.25,2.25,2.25,0.0
2018-01-11,2.25,2.25,2.25,2.25,2.25,0.0
2018-01-12,2.25,2.25,2.25,2.25,2.25,0.0
2018-01-15,2.25,2.25,2.25,2.25,2.25,0.0
2018-01-16,2.25,2.25,2.25,2.25,2.25,0.0
2018-01-17,2.25,2.25,2.25,2.25,2.25,0.0
2018-01-18,2.25,2.25,2.25,2.25,2.25,0.0
2018-01-19,2.25,2.25,2.25,2.25,2.25,0.0
2018-01-22,2.25,2.25,2.25,2.25,2.25,0.0
2018-01-23,2.25,2.25,2.25,2.25,2.25,0.0
2018-01-24,2.25,2.25,2.25,2.25,2.25,0.0
2018-01-25,2.25,2.25,2.25,2.25,2.25,0.0
2018-01-29,2.25,2.25,2.25,2.25,2.25,0.0
2018-01-30,2.25,2.25,2.25,2.25,2.25,0.0
2018-01-31,2.25,2.25,2.25,2.25,2.25,0.0
2018-02-01,2.25,2.25,2.25,2.25,2.25,0.0
2018-02-02,2.25,2.25,2.25,2.25,2.25,0.0
2018-02-05,2.25,2.25,2.25,2.25,2.25,0.0
2018-02-06,2.25,2.25,2.25,2.25,2.25,0.0
2018-02-07,2.25,2.25,2.25,2.25,2.25,0.0
2018-02-08,2.25,2.25,2.25,2.25,2.25,0.0
2018-02-09,2.25,2.25,2.25,2.25,2.25,0.0
2018-02-12,2.25,2.25,2.25,2.25,2.25,0.0
2018-02-14,2.25,2.25,2.25,2.25,2.25,0.0
2018-02-15,2.25,2.25,2.25,2.25,2.25,0.0
2018-02-16,2.25,2.25,2.25,2.25,2.25,0.0
2018-02-19,2.25,2.25,2.25,2.25,2.25,0.0
2018-02-20,2.25,2.25,2.25,2.25,2.25,0.0
2018-02-21,2.25,2.25,2.25,2.25,2.25,0.0
2018-02-22,2.25,2.25,2.25,2.25,2.25,0.0
2018-02-23,2.25,2.25,2.25,2.25,2.25,0.0
2018-02-26,2.25,2.25,2.25,2.25,2.25,0.0
2018-02-27,2.25,2.25,2.25,2.25,2.25,0.0
2018-02-28,2.25,2.25,2.25,2.25,2.25,0.0
2018-03-01,2.25,2.25,2.25,2.25,2.25,0.0
2018-03-05,2.25,2.25,2.25,2.25,2.25,0.0
2018-03-06,2.25,2.25,2.25,2.25,2.25,0.0
2018-03-07,2.25,2.25,2.25,2.25,2.25,0.0
2018-03-08,2.25,2.25,2.25,2.25,2.25,0.0
2018-03-09,2.25,2.25,2.25,2.25,2.25,0.0
2018-03-12,2.25,2.25,2.25,2.25,2.25,0.0
2018-03-13,2.25,2.25,2.25,2.25,2.25,0.0
2018-03-14,2.25,2.25,2.25,2.25,2.25,0.0
2018-03-15,2.25,2.25,2.25,2.25,2.25,0.0
2018-03-16,2.25,2.25,2.25,2.25,2.25,0.0
2018-03-19,2.25,2.25,2.25,2.25,2.25,0.0
2018-03-20,2.25,2.25,2.25,2.25,2.25,0.0
2018-03-21,2.25,2.25,2.25,2.25,2.25,0.0
2018-03-22,2.25,2.25,2.25,2.25,2.25,0.0
2018-03-23,2.25,2.25,2.25,2.25,2.25,0.0
2018-03-26,2.25,2.25,2.25,2.25,2.25,0.0
2018-03-27,2.25,2.25,2.25,2.25,2.25,0.0
2018-03-28,2.25,2.25,2.25,2.25,2.25,0.0
2018-04-02,2.25,2.25,2.25,2.25,2.25,0.0
2018-04-03,2.25,2.25,2.25,2.25,2.25,0.0
2018-04-04,2.25,2.25,2.25,2.25,2.25,0.0
2018-04-05,2.25,2.25,2.25,2.25,2.25,0.0
2018-04-06,2.25,2.25,2.25,2.25,2.25,0.0
2018-04-09,2.25,2.25,2.25,2.25,2.25,0.0
2018-04-10,2.25,2.25,2.25,2.25,2.25,0.0
2018-04-11,2.15,2.15,2.15,2.15,2.15,172.0
2018-04-12,2.15,2.15,2.15,2.15,2.15,0.0
2018-04-13,2.05,2.05,2.05,2.05,2.05,400.0
2018-04-16,2.05,2.05,2.05,2.05,2.05,0.0
2018-04-17,2.15,2.15,2.15,2.15,2.15,524.0
2018-04-18,2.15,2.15,2.15,2.15,2.15,0.0
2018-04-19,2.15,2.15,2.15,2.15,2.15,0.0
2018-04-20,2.15,2.15,2.15,2.15,2.15,0.0
2018-04-23,2.25,2.25,2.25,2.25,2.25,326.0
2018-04-24,2.25,2.25,2.25,2.25,2.25,0.0
2018-04-25,2.25,2.25,2.25,2.25,2.25,0.0
2018-04-26,2.25,2.25,2.25,2.25,2.25,0.0
2018-04-27,2.25,2.25,2.25,2.25,2.25,0.0
2018-04-30,2.25,2.25,2.25,2.25,2.25,0.0
2018-05-02,2.25,2.25,2.25,2.25,2.25,0.0
2018-05-03,2.25,2.25,2.25,2.25,2.25,0.0
2018-05-04,2.25,2.25,2.25,2.25,2.25,0.0
2018-05-07,2.25,2.25,2.25,2.25,2.25,7.0
2018-05-08,2.25,2.25,2.25,2.25,2.25,0.0
2018-05-09,2.25,2.25,2.25,2.25,2.25,0.0
2018-05-10,2.25,2.25,2.25,2.25,2.25,0.0
2018-05-11,2.25,2.25,2.25,2.25,2.25,0.0
2018-05-14,2.25,2.25,2.25,2.25,2.25,0.0
2018-05-15,2.25,2.25,2.25,2.25,2.25,0.0
2018-05-16,2.25,2.25,2.25,2.25,2.25,0.0
2018-05-17,2.25,2.25,2.25,2.25,2.25,0.0
2018-05-18,2.25,2.25,2.25,2.25,2.25,0.0
2018-05-21,2.25,2.25,2.25,2.25,2.25,0.0
2018-05-22,2.25,2.25,2.25,2.25,2.25,0.0
2018-05-23,2.25,2.25,2.25,2.25,2.25,0.0
2018-05-24,2.15,2.15,2.15,2.15,2.15,2001.0
2018-05-25,2.15,2.15,2.15,2.15,2.15,0.0
2018-05-28,2.15,2.15,2.15,2.15,2.15,0.0
2018-05-29,2.15,2.15,2.15,2.15,2.15,0.0
2018-05-30,2.15,2.15,2.15,2.15,2.15,0.0
2018-05-31,2.15,2.15,2.15,2.15,2.15,0.0
2018-06-01,2.15,2.15,2.15,2.15,2.15,0.0
2018-06-04,2.15,2.15,2.15,2.15,2.15,0.0
2018-06-05,2.15,2.15,2.15,2.15,2.15,0.0
2018-06-06,2.15,2.15,2.15,2.15,2.15,0.0
2018-06-07,2.05,2.05,2.05,2.05,2.05,2250.0
2018-06-08,2.05,2.05,2.05,2.05,2.05,0.0
2018-06-11,2.05,2.05,2.05,2.05,2.05,0.0
2018-06-12,2.05,2.05,2.05,2.05,2.05,0.0
2018-06-13,2.05,2.05,2.05,2.05,2.05,0.0
2018-06-14,2.05,2.05,2.05,2.05,2.05,0.0
2018-06-15,2.05,2.05,2.0,2.05,2.05,1477.0
2018-06-18,2.05,2.05,2.05,2.05,2.05,0.0
2018-06-19,2.05,2.05,2.05,2.05,2.05,0.0
2018-06-20,2.05,2.05,2.05,2.05,2.05,0.0
2018-06-21,2.05,2.05,2.05,2.05,2.05,0.0
2018-06-22,2.05,2.05,2.05,2.05,2.05,0.0
2018-06-25,2.05,2.05,2.05,2.05,2.05,0.0
2018-06-26,2.05,2.05,2.05,2.05,2.05,0.0
2018-06-27,2.05,2.05,2.05,2.05,2.05,0.0
2018-06-28,2.05,2.05,2.05,2.05,2.05,0.0
2018-06-29,2.05,2.05,2.05,2.05,2.05,0.0
2018-07-02,2.05,2.05,2.05,2.05,2.05,0.0
2018-07-03,2.05,2.05,2.05,2.05,2.05,0.0
2018-07-04,2.05,2.05,2.05,2.05,2.05,0.0
2018-07-05,2.05,2.05,2.05,2.05,2.05,0.0
2018-07-06,2.05,2.05,2.05,2.05,2.05,0.0
2018-07-09,2.05,2.05,2.05,2.05,2.05,0.0
2018-07-10,2.05,2.05,2.05,2.05,2.05,0.0
2018-07-11,2.05,2.05,2.05,2.05,2.05,0.0
2018-07-12,2.05,2.05,2.05,2.05,2.05,0.0
2018-07-13,2.05,2.05,2.05,2.05,2.05,0.0
2018-07-16,2.05,2.05,2.05,2.05,2.05,0.0
2018-07-17,2.05,2.05,2.05,2.05,2.05,0.0
2018-07-18,2.05,2.05,2.05,2.05,2.05,0.0
2018-07-19,2.05,2.05,2.05,2.05,2.05,0.0
2018-07-20,2.05,2.05,2.05,2.05,2.05,5.0
2018-07-23,2.05,2.05,2.05,2.05,2.05,0.0
2018-07-24,2.05,2.05,2.05,2.05,2.05,0.0
2018-07-25,2.05,2.05,2.05,2.05,2.05,0.0
2018-07-26,2.05,2.05,2.05,2.05,2.05,0.0
2018-07-27,2.05,2.05,2.05,2.05,2.05,0.0
2018-07-30,2.0,2.0,2.0,2.0,2.0,86.0
2018-07-31,2.0,2.0,2.0,2.0,2.0,100.0
2018-08-01,2.0,2.0,2.0,2.0,2.0,0.0
2018-08-02,2.0,2.0,2.0,2.0,2.0,0.0
2018-08-03,2.0,2.0,2.0,2.0,2.0,30.0
2018-08-06,2.0,2.0,2.0,2.0,2.0,0.0
2018-08-07,2.0,2.0,2.0,2.0,2.0,6.0
2018-08-08,2.0,2.0,2.0,2.0,2.0,0.0
2018-08-09,2.0,2.0,2.0,2.0,2.0,6.0
2018-08-10,2.0,2.0,2.0,2.0,2.0,6.0
2018-08-13,2.0,2.0,2.0,2.0,2.0,1456.0
2018-08-14,2.0,2.0,2.0,2.0,2.0,7.0
2018-08-16,2.0,2.0,2.0,2.0,2.0,1.0
2018-08-17,2.0,2.0,2.0,2.0,2.0,16.0
2018-08-20,2.0,2.0,2.0,2.0,2.0,256.0
2018-08-21,2.0,2.0,2.0,2.0,2.0,326.0
2018-08-23,2.0,2.0,2.0,2.0,2.0,6.0
2018-08-24,2.0,2.0,2.0,2.0,2.0,6.0
2018-08-27,2.0,2.0,2.0,2.0,2.0,6.0
2018-08-28,2.0,2.0,2.0,2.0,2.0,6.0
2018-08-29,2.0,2.0,2.0,2.0,2.0,6.0
2018-08-30,2.0,2.0,2.0,2.0,2.0,6.0
2018-08-31,2.0,2.0,2.0,2.0,2.0,200.0
2018-09-03,2.0,2.0,2.0,2.0,2.0,6.0
2018-09-04,2.0,2.0,2.0,2.0,2.0,6.0
2018-09-05,2.0,2.0,2.0,2.0,2.0,6.0
2018-09-06,2.0,2.0,2.0,2.0,2.0,6.0
2018-09-07,2.0,2.0,2.0,2.0,2.0,6.0
2018-09-10,2.0,2.0,2.0,2.0,2.0,6.0
2018-09-11,2.0,2.0,2.0,2.0,2.0,7.0
2018-09-12,2.0,2.0,2.0,2.0,2.0,1.0
2018-09-14,2.0,2.0,2.0,2.0,2.0,1.0
2018-09-17,2.0,2.0,2.0,2.0,2.0,0.0
2018-09-18,2.0,2.0,2.0,2.0,2.0,6.0
2018-09-19,2.0,2.0,2.0,2.0,2.0,4.0
2018-09-21,2.0,2.0,1.9,1.9,1.9,583.0
2018-09-24,1.9,1.9,1.9,1.9,1.9,6.0
2018-09-25,1.9,1.9,1.9,1.9,1.9,6.0
2018-09-26,1.9,1.9,1.9,1.9,1.9,1.0
2018-09-27,1.9,1.9,1.9,1.9,1.9,1.0
2018-09-28,1.9,1.9,1.9,1.9,1.9,2.0
2018-10-01,1.9,1.9,1.9,1.9,1.9,1.0
2018-10-03,1.9,1.9,1.9,1.9,1.9,1.0
2018-10-04,1.9,1.9,1.9,1.9,1.9,1.0
2018-10-05,1.9,1.9,1.9,1.9,1.9,1.0
2018-10-08,1.9,1.9,1.85,1.85,1.85,256.0
2018-10-09,1.9,1.9,1.9,1.9,1.9,1.0
2018-10-10,1.9,1.9,1.9,1.9,1.9,1.0
2018-10-11,1.9,1.9,1.9,1.9,1.9,6.0
2018-10-12,1.9,1.9,1.9,1.9,1.9,7.0
2018-10-15,1.9,1.9,1.9,1.9,1.9,1.0
2018-10-16,1.95,1.95,1.95,1.95,1.95,6.0
2018-10-17,1.95,1.95,1.95,1.95,1.95,1.0
2018-10-19,1.95,1.95,1.9,1.9,1.9,1201.0
2018-10-22,1.9,1.9,1.9,1.9,1.9,1.0
2018-10-23,1.9,1.9,1.9,1.9,1.9,1.0
2018-10-24,1.9,1.9,1.9,1.9,1.9,1.0
2018-10-25,1.9,1.9,1.9,1.9,1.9,1.0
2018-10-26,1.9,1.9,1.9,1.9,1.9,1.0
2018-10-29,1.9,1.9,1.9,1.9,1.9,1.0
2018-10-30,1.9,1.9,1.9,1.9,1.9,1.0
2018-10-31,1.9,1.9,1.85,1.9,1.9,394.0
2018-11-01,1.85,1.85,1.85,1.85,1.85,383.0
2018-11-02,1.85,1.85,1.85,1.85,1.85,1.0
2018-11-05,1.85,1.85,1.85,1.85,1.85,0.0
2018-11-06,1.85,1.85,1.85,1.85,1.85,25.0
2018-11-07,1.85,1.85,1.85,1.85,1.85,0.0
2018-11-09,1.85,1.85,1.85,1.85,1.85,0.0
2018-11-12,1.85,1.85,1.85,1.85,1.85,0.0
2018-11-13,1.85,1.85,1.85,1.85,1.85,1.0
2018-11-14,1.85,1.85,1.85,1.85,1.85,0.0
2018-11-15,1.85,1.85,1.85,1.85,1.85,0.0
2018-11-16,1.85,1.85,1.85,1.85,1.85,31.0
2018-11-19,1.85,1.85,1.85,1.85,1.85,1.0
2018-11-20,1.85,1.85,1.85,1.85,1.85,6.0
2018-11-21,1.85,1.85,1.85,1.85,1.85,0.0
2018-11-22,1.85,1.85,1.85,1.85,1.85,0.0
2018-11-26,1.85,1.85,1.85,1.85,1.85,507.0
2018-11-27,1.85,1.85,1.85,1.85,1.85,21.0
2018-11-28,1.85,1.85,1.85,1.85,1.85,0.0
2018-11-29,1.85,1.85,1.85,1.85,1.85,6.0
2018-11-30,1.85,1.85,1.85,1.85,1.85,26.0
2018-12-03,1.85,1.85,1.8,1.8,1.8,14.0
2018-12-04,1.8,1.8,1.8,1.8,1.8,0.0
2018-12-05,1.8,1.8,1.8,1.8,1.8,6.0
2018-12-06,1.8,1.8,1.8,1.8,1.8,406.0
2018-12-07,1.8,1.8,1.8,1.8,1.8,0.0
2018-12-10,1.8,1.8,1.8,1.8,1.8,0.0
2018-12-11,1.8,1.8,1.8,1.8,1.8,0.0
2018-12-12,1.8,1.8,1.8,1.8,1.8,0.0
2018-12-13,1.8,1.8,1.8,1.8,1.8,0.0
2018-12-14,1.8,1.8,1.8,1.8,1.8,21.0
2018-12-17,1.8,1.8,1.8,1.8,1.8,3.0
2018-12-18,1.8,1.85,1.8,1.8,1.8,3016.0
2018-12-19,1.8,1.8,1.8,1.8,1.8,0.0
2018-12-20,1.85,1.85,1.85,1.85,1.85,77.0
2018-12-21,1.85,1.85,1.85,1.85,1.85,0.0
2018-12-24,1.85,1.85,1.85,1.85,1.85,0.0
2018-12-26,1.9,1.9,1.9,1.9,1.9,81.0
2018-12-27,1.85,1.95,1.85,1.95,1.95,35.0
2018-12-28,2.0,2.0,1.9,1.9,1.9,1927.0
2018-12-31,1.85,1.85,1.85,1.85,1.85,498.0
2019-01-01,1.85,1.85,1.85,1.85,1.85,0.0
2019-01-02,1.85,1.85,1.85,1.85,1.85,0.0
2019-01-03,1.85,1.85,1.85,1.85,1.85,0.0
2019-01-04,1.85,1.85,1.85,1.85,1.85,0.0
2019-01-07,1.85,1.85,1.85,1.85,1.85,0.0
2019-01-08,1.85,1.85,1.85,1.85,1.85,0.0
2019-01-09,1.85,1.85,1.85,1.85,1.85,0.0
2019-01-10,1.85,1.85,1.85,1.85,1.85,0.0
2019-01-11,1.85,1.85,1.85,1.85,1.85,0.0
2019-01-14,1.85,1.85,1.85,1.85,1.85,0.0
2019-01-15,1.85,1.85,1.85,1.85,1.85,0.0
2019-01-16,1.8,1.85,1.8,1.85,1.85,100.0
2019-01-17,1.85,1.85,1.85,1.85,1.85,0.0
2019-01-18,1.85,1.85,1.8,1.85,1.85,1005.0
2019-01-21,1.85,1.85,1.85,1.85,1.85,0.0
2019-01-22,1.85,1.85,1.85,1.85,1.85,0.0
2019-01-23,1.85,1.85,1.85,1.85,1.85,0.0
2019-01-24,1.85,1.85,1.85,1.85,1.85,0.0
2019-01-25,1.85,1.85,1.85,1.85,1.85,0.0
2019-01-28,1.85,1.85,1.85,1.85,1.85,0.0
2019-01-29,1.85,1.85,1.85,1.85,1.85,0.0
2019-01-30,1.85,1.85,1.85,1.85,1.85,0.0
2019-01-31,1.8,1.8,1.8,1.8,1.8,2100.0
2019-02-01,1.75,1.75,1.75,1.75,1.75,2000.0
2019-02-04,1.75,1.75,1.7,1.7,1.7,135.0
2019-02-05,1.7,1.7,1.7,1.7,1.7,0.0
2019-02-06,1.7,1.7,1.7,1.7,1.7,0.0
2019-02-07,1.7,1.7,1.7,1.7,1.7,0.0
2019-02-08,1.7,1.7,1.7,1.7,1.7,0.0
2019-02-11,1.7,1.7,1.7,1.7,1.7,100.0
2019-02-12,1.7,1.7,1.7,1.7,1.7,0.0
2019-02-14,1.7,1.7,1.7,1.7,1.7,1.0
2019-02-15,1.7,1.7,1.7,1.7,1.7,0.0
2019-02-18,1.7,1.7,1.7,1.7,1.7,0.0
2019-02-19,1.7,1.7,1.7,1.7,1.7,0.0
2019-02-20,1.65,1.65,1.65,1.65,1.65,1.0
2019-02-21,1.65,1.65,1.65,1.65,1.65,0.0
2019-02-22,1.65,1.65,1.65,1.65,1.65,0.0
2019-02-25,1.65,1.65,1.65,1.65,1.65,0.0
2019-02-26,1.65,1.65,1.65,1.65,1.65,0.0
2019-02-27,1.65,1.65,1.65,1.65,1.65,0.0
2019-02-28,1.65,1.65,1.65,1.65,1.65,0.0
2019-03-01,1.65,1.65,1.65,1.65,1.65,0.0
2019-03-05,1.65,1.65,1.65,1.65,1.65,0.0
2019-03-06,1.65,1.65,1.65,1.65,1.65,0.0
2019-03-07,1.6,1.65,1.6,1.6,1.6,333.0
2019-03-08,1.6,1.6,1.6,1.6,1.6,51.0
2019-03-11,1.55,1.6,1.55,1.6,1.6,910.0
2019-03-12,1.6,1.6,1.6,1.6,1.6,221.0
2019-03-13,1.6,1.6,1.6,1.6,1.6,0.0
2019-03-14,1.6,1.6,1.6,1.6,1.6,0.0
2019-03-15,1.6,1.6,1.6,1.6,1.6,1100.0
2019-03-18,1.6,1.6,1.6,1.6,1.6,617.0
2019-03-19,1.6,1.6,1.6,1.6,1.6,34.0
2019-03-20,1.6,1.6,1.6,1.6,1.6,190.0
2019-03-22,1.55,1.6,1.55,1.6,1.6,265.0
2019-03-25,1.6,1.6,1.6,1.6,1.6,5.0
2019-03-26,1.6,1.6,1.6,1.6,1.6,66.0
2019-03-27,1.6,1.6,1.6,1.6,1.6,119.0
2019-03-28,1.55,1.55,1.55,1.55,1.55,3.0
2019-04-01,1.55,1.55,1.55,1.55,1.55,1000.0
2019-04-02,1.55,1.55,1.5,1.5,1.5,1805.0
2019-04-03,1.45,1.5,1.45,1.5,1.5,863.0
2019-04-04,1.45,1.45,1.45,1.45,1.45,60.0
2019-04-05,1.4,1.4,1.4,1.4,1.4,229.0
2019-04-08,1.4,1.4,1.35,1.35,1.35,577.0
2019-04-09,1.3,1.3,1.3,1.3,1.3,12.0
2019-04-10,1.25,1.25,1.25,1.25,1.25,600.0
2019-04-11,1.25,1.25,1.2,1.2,1.2,1425.0
2019-04-12,1.2,1.2,1.2,1.2,1.2,158.0
2019-04-15,1.2,1.2,1.2,1.2,1.2,214.0
2019-04-16,1.2,1.2,1.2,1.2,1.2,0.0
2019-04-18,1.2,1.2,1.2,1.2,1.2,500.0
2019-04-22,1.15,1.15,1.15,1.15,1.15,2.0
2019-04-23,1.15,1.15,1.15,1.15,1.15,0.0
2019-04-24,1.15,1.15,1.15,1.15,1.15,0.0
2019-04-25,1.15,1.15,1.15,1.15,1.15,0.0
2019-04-26,1.15,1.15,1.15,1.15,1.15,0.0
2019-04-30,1.15,1.15,1.15,1.15,1.15,0.0
2019-05-02,1.15,1.15,1.15,1.15,1.15,0.0
2019-05-03,1.15,1.15,1.15,1.15,1.15,0.0
2019-05-06,1.15,1.15,1.15,1.15,1.15,0.0
2019-05-07,1.15,1.15,1.15,1.15,1.15,0.0
2019-05-08,1.15,1.15,1.15,1.15,1.15,0.0
2019-05-09,1.15,1.15,1.15,1.15,1.15,0.0
2019-05-10,1.15,1.15,1.15,1.15,1.15,9.0
2019-05-13,1.15,1.15,1.1,1.1,1.1,18.0
2019-05-14,1.05,1.05,1.05,1.05,1.05,501.0
2019-05-15,1.05,1.05,1.05,1.05,1.05,0.0
2019-05-16,1.0,1.0,1.0,1.0,1.0,21.0
2019-05-17,1.0,1.0,1.0,1.0,1.0,0.0
2019-05-20,0.95,0.95,0.95,0.95,0.95,500.0
2019-05-21,0.95,0.95,0.9,0.9,0.9,281.0
2019-05-22,0.9,0.9,0.9,0.9,0.9,10.0
2019-05-23,0.9,0.9,0.9,0.9,0.9,265.0
2019-05-24,0.85,0.85,0.85,0.85,0.85,100.0
2019-05-27,0.85,0.9,0.85,0.9,0.9,55.0
2019-05-28,0.9,0.9,0.9,0.9,0.9,0.0
2019-05-29,0.9,0.9,0.9,0.9,0.9,11.0
2019-05-30,0.85,0.85,0.85,0.85,0.85,775.0
2019-05-31,0.8,0.8,0.8,0.8,0.8,700.0
2019-06-03,0.75,0.75,0.75,0.75,0.75,300.0
2019-06-04,0.8,0.8,0.8,0.8,0.8,1311.0
2019-06-06,0.8,0.8,0.8,0.8,0.8,0.0
2019-06-07,0.75,0.75,0.75,0.75,0.75,11.0
2019-06-10,0.8,0.8,0.7,0.7,0.7,500.0
2019-06-11,0.65,0.65,0.65,0.65,0.65,28.0
2019-06-12,0.65,0.65,0.65,0.65,0.65,0.0
2019-06-13,0.65,0.65,0.65,0.65,0.65,0.0
2019-06-14,0.65,0.65,0.65,0.65,0.65,0.0
2019-06-17,0.65,0.65,0.65,0.65,0.65,0.0
2019-06-18,0.65,0.65,0.65,0.65,0.65,0.0
2019-06-19,0.65,0.65,0.65,0.65,0.65,0.0
2019-06-20,0.65,0.65,0.65,0.65,0.65,0.0
2019-06-21,0.65,0.65,0.65,0.65,0.65,0.0
2019-06-24,0.65,0.65,0.65,0.65,0.65,0.0
2019-06-25,0.65,0.65,0.65,0.65,0.65,0.0
2019-06-26,0.65,0.65,0.65,0.65,0.65,0.0
2019-06-27,0.65,0.65,0.65,0.65,0.65,202.0
2019-06-28,0.65,0.65,0.65,0.65,0.65,0.0
2019-07-01,0.65,0.65,0.65,0.65,0.65,1000.0
2019-07-02,0.65,0.65,0.65,0.65,0.65,5.0
2019-07-03,0.65,0.65,0.65,0.65,0.65,0.0
2019-07-04,0.65,0.65,0.65,0.65,0.65,0.0
2019-07-05,0.65,0.65,0.65,0.65,0.65,0.0
2019-07-08,0.65,0.65,0.65,0.65,0.65,0.0
2019-07-09,0.6,0.6,0.6,0.6,0.6,51.0
2019-07-10,0.55,0.55,0.55,0.55,0.55,1000.0
2019-07-11,0.5,0.5,0.5,0.5,0.5,1000.0
2019-07-12,0.45,0.45,0.45,0.45,0.45,1000.0
2019-07-15,0.4,0.4,0.4,0.4,0.4,1101.0
2019-07-16,0.4,0.4,0.4,0.4,0.4,1.0
2019-07-17,0.4,0.4,0.4,0.4,0.4,200.0
2019-07-18,0.4,0.4,0.4,0.4,0.4,0.0
2019-07-19,0.4,0.4,0.4,0.4,0.4,0.0
2019-07-22,0.4,0.4,0.4,0.4,0.4,600.0
2019-07-23,0.45,0.45,0.35,0.35,0.35,4770.0
2019-07-24,0.3,0.3,0.3,0.3,0.3,479.0
2019-07-25,0.3,0.3,0.3,0.3,0.3,0.0
2019-07-26,0.3,0.3,0.3,0.3,0.3,0.0
2019-07-29,0.3,0.3,0.25,0.25,0.25,1469.0
2019-07-30,0.25,0.25,0.25,0.25,0.25,3029.0
2019-07-31,0.25,0.25,0.25,0.25,0.25,535.0
2019-08-01,0.25,0.25,0.25,0.25,0.25,100.0
2019-08-02,0.25,0.25,0.25,0.25,0.25,180.0
2019-08-05,0.25,0.25,0.25,0.25,0.25,2918.0
2019-08-06,0.25,0.25,0.25,0.25,0.25,100.0
2019-08-07,0.25,0.25,0.25,0.25,0.25,0.0
2019-08-08,0.2,0.25,0.2,0.2,0.2,421.0
2019-08-09,0.25,0.25,0.25,0.25,0.25,101.0
2019-08-13,0.3,0.3,0.2,0.3,0.3,2705.0
2019-08-14,0.3,0.3,0.25,0.3,0.3,1001.0
2019-08-16,0.3,0.3,0.3,0.3,0.3,0.0
2019-08-19,0.25,0.3,0.25,0.25,0.25,11928.0
2019-08-20,0.2,0.2,0.2,0.2,0.2,150.0
2019-08-21,0.25,0.25,0.25,0.25,0.25,11.0
2019-08-22,0.2,0.2,0.2,0.2,0.2,3.0
2019-08-23,0.2,0.2,0.2,0.2,0.2,2717.0
2019-08-26,0.2,0.2,0.2,0.2,0.2,0.0
2019-08-27,0.2,0.2,0.2,0.2,0.2,1300.0
2019-08-28,0.25,0.25,0.25,0.25,0.25,337.0
2019-08-29,0.25,0.25,0.25,0.25,0.25,0.0
2019-08-30,0.25,0.25,0.25,0.25,0.25,34.0
2019-09-03,0.25,0.25,0.25,0.25,0.25,0.0
2019-09-04,0.25,0.3,0.25,0.3,0.3,10520.0
2019-09-05,0.3,0.3,0.3,0.3,0.3,0.0
2019-09-06,0.3,0.35,0.25,0.35,0.35,328.0
2019-09-09,0.35,0.4,0.35,0.4,0.4,2728.0
2019-09-11,0.4,0.4,0.4,0.4,0.4,0.0
2019-09-12,0.4,0.4,0.4,0.4,0.4,0.0
2019-09-13,0.4,0.4,0.4,0.4,0.4,100.0
2019-09-16,0.35,0.35,0.35,0.35,0.35,1476.0
2019-09-17,0.35,0.35,0.3,0.3,0.3,1000.0
2019-09-18,0.25,0.25,0.25,0.25,0.25,56211.0
2019-09-19,0.25,0.25,0.25,0.25,0.25,11089.0
2019-09-20,0.25,0.25,0.25,0.25,0.25,0.0
2019-09-23,0.25,0.25,0.2,0.2,0.2,89.0
2019-09-24,0.15,0.15,0.15,0.15,0.15,1036.0
2019-09-25,0.15,0.2,0.15,0.2,0.2,2987.0
2019-09-26,0.2,0.25,0.2,0.25,0.25,656.0
2019-09-27,0.25,0.25,0.25,0.25,0.25,0.0
2019-09-30,0.3,0.3,0.2,0.2,0.2,1495.0
2019-10-01,0.2,0.2,0.2,0.2,0.2,0.0
2019-10-03,0.25,0.25,0.25,0.25,0.25,137.0
2019-10-04,0.25,0.25,0.25,0.25,0.25,100.0
2019-10-07,0.3,0.3,0.3,0.3,0.3,2053.0
2019-10-09,0.35,0.35,0.35,0.35,0.35,1000.0
2019-10-10,0.35,0.35,0.3,0.3,0.3,2120.0
2019-10-11,0.3,0.3,0.3,0.3,0.3,29.0
2019-10-14,0.3,0.3,0.3,0.3,0.3,196.0
2019-10-15,0.3,0.3,0.3,0.3,0.3,1000.0
2019-10-16,0.25,0.25,0.25,0.25,0.25,3814.0
2019-10-17,0.25,0.25,0.25,0.25,0.25,0.0
2019-10-18,0.25,0.25,0.25,0.25,0.25,0.0
2019-10-22,0.25,0.25,0.25,0.25,0.25,10.0
2019-10-23,0.25,0.25,0.25,0.25,0.25,0.0
2019-10-24,0.25,0.25,0.25,0.25,0.25,1.0
2019-10-25,0.25,0.25,0.25,0.25,0.25,0.0
2019-10-27,,,,,,
2019-10-29,0.25,0.25,0.25,0.25,0.25,0.0
2019-10-30,0.25,0.25,0.25,0.25,0.25,0.0
2019-10-31,0.25,0.25,0.25,0.25,0.25,200.0
2019-11-01,0.2,0.2,0.2,0.2,0.2,76.0
2019-11-04,0.2,0.2,0.2,0.2,0.2,150.0
2019-11-05,0.25,0.25,0.25,0.25,0.25,309.0
2019-11-06,0.25,0.25,0.25,0.25,0.25,55.0
2019-11-07,0.25,0.25,0.25,0.25,0.25,0.0
2019-11-08,0.2,0.2,0.2,0.2,0.2,135.0
2019-11-11,0.2,0.2,0.2,0.2,0.2,25.0
2019-11-13,0.2,0.2,0.2,0.2,0.2,0.0
2019-11-14,0.2,0.2,0.2,0.2,0.2,0.0
2019-11-15,0.2,0.2,0.2,0.2,0.2,0.0
2019-11-18,0.25,0.25,0.25,0.25,0.25,20000.0
2019-11-19,0.25,0.25,0.2,0.25,0.25,765.0
2019-11-20,0.3,0.3,0.3,0.3,0.3,19652.0
2019-11-21,0.3,0.35,0.25,0.35,0.35,731.0
2019-11-22,0.3,0.35,0.3,0.3,0.3,3607.0
2019-11-25,0.25,0.25,0.25,0.25,0.25,1.0
2019-11-26,0.25,0.25,0.25,0.25,0.25,653.0
2019-11-27,0.3,0.3,0.25,0.25,0.25,790.0
2019-11-28,0.25,0.25,0.25,0.25,0.25,0.0
2019-11-29,0.25,0.25,0.25,0.25,0.25,0.0
2019-12-02,0.3,0.3,0.3,0.3,0.3,957.0
2019-12-03,0.35,0.35,0.25,0.35,0.35,13935.0
2019-12-04,0.35,0.35,0.35,0.35,0.35,0.0
2019-12-05,0.35,0.35,0.35,0.35,0.35,0.0
2019-12-06,0.35,0.35,0.35,0.35,0.35,0.0
2019-12-09,0.35,0.35,0.35,0.35,0.35,863.0
2019-12-10,0.3,0.35,0.3,0.35,0.35,343.0
2019-12-11,0.3,0.3,0.3,0.3,0.3,4001.0
2019-12-12,0.25,0.25,0.25,0.25,0.25,20.0
2019-12-13,0.25,0.25,0.25,0.25,0.25,0.0
2019-12-16,0.3,0.3,0.3,0.3,0.3,783.0
2019-12-17,0.3,0.3,0.3,0.3,0.3,0.0
2019-12-18,0.3,0.3,0.3,0.3,0.3,42129.0
2019-12-19,0.35,0.35,0.3,0.35,0.35,39700.0
2019-12-20,0.35,0.35,0.3,0.3,0.3,10209.0
2019-12-23,0.25,0.35,0.25,0.35,0.35,30434.0
2019-12-24,0.35,0.35,0.3,0.35,0.35,20839.0
2019-12-26,0.3,0.4,0.3,0.3,0.3,39067.0
2019-12-27,0.3,0.35,0.3,0.35,0.35,1828.0
2019-12-30,0.3,0.35,0.3,0.35,0.35,45233.0
2019-12-31,0.3,0.35,0.3,0.3,0.3,2310.0
2020-01-01,0.3,0.35,0.3,0.35,0.35,7894.0
2020-01-02,0.3,0.4,0.3,0.3,0.3,13412.0
2020-01-03,0.3,0.3,0.3,0.3,0.3,18.0
2020-01-06,0.3,0.35,0.3,0.3,0.3,6015.0
2020-01-07,0.3,0.35,0.25,0.35,0.35,16120.0
2020-01-08,0.35,0.35,0.35,0.35,0.35,321.0
2020-01-09,0.35,0.35,0.35,0.35,0.35,7948.0
2020-01-10,0.3,0.4,0.3,0.4,0.4,6449.0
2020-01-13,0.35,0.45,0.35,0.45,0.45,2525.0
2020-01-14,0.45,0.45,0.4,0.4,0.4,902.0
2020-01-15,0.35,0.4,0.35,0.35,0.35,2338.0
2020-01-16,0.4,0.4,0.35,0.4,0.4,6972.0
2020-01-17,0.4,0.4,0.4,0.4,0.4,1161.0
2020-01-20,0.45,0.45,0.45,0.45,0.45,2000.0
2020-01-21,0.45,0.45,0.45,0.45,0.45,1.0
2020-01-22,0.45,0.45,0.45,0.45,0.45,17.0
2020-01-23,0.5,0.5,0.5,0.5,0.5,5244.0
2020-01-24,,,,,,
2020-01-27,0.6,0.6,0.6,0.6,0.6,1504.0
2020-01-28,0.65,0.65,0.6,0.6,0.6,751.0
2020-01-29,0.65,0.65,0.55,0.55,0.55,5448.0
2020-01-30,0.6,0.6,0.5,0.55,0.55,453.0
2020-01-31,0.5,0.5,0.5,0.5,0.5,325.0
