2016-04-12,195.699997,195.699997,190.0,190.050003,184.745544,884.0
2016-04-13,191.0,194.0,187.0,189.649994,184.356689,2152.0
2016-04-18,194.699997,194.699997,186.0,189.0,183.72483799999998,957.0
2016-04-20,189.0,189.0,184.199997,188.949997,183.67623899999998,2586.0
2016-04-21,185.0,189.949997,184.0,185.899994,180.711365,1481.0
2016-04-22,185.899994,188.0,184.0,186.550003,181.343231,461.0
2016-04-25,185.0,199.800003,185.0,189.050003,183.773453,17159.0
2016-04-26,188.100006,192.0,187.100006,187.75,182.509735,19943.0
2016-04-27,187.75,190.0,180.5,183.449997,178.329727,7986.0
2016-04-28,189.699997,189.699997,166.0,168.899994,164.185822,13043.0
2016-04-29,170.0,183.0,168.0,179.600006,174.587204,5453.0
2016-05-02,180.0,180.0,175.600006,178.050003,173.08046000000002,7142.0
2016-05-03,180.0,182.800003,175.5,179.899994,174.878815,4401.0
2016-05-04,179.899994,180.0,168.5,169.949997,165.206528,24769.0
2016-05-05,180.0,180.0,167.5,168.800003,164.08862299999998,3154.0
2016-05-06,168.800003,168.800003,165.0,167.899994,163.213745,8292.0
2016-05-09,168.0,173.0,164.0,166.949997,162.290268,953.0
2016-05-10,174.0,175.0,170.199997,172.0,167.19931,1449.0
2016-05-11,170.199997,175.0,167.0,168.300003,163.602585,2051.0
2016-05-12,176.600006,176.600006,163.0,165.75,161.123764,10785.0
2016-05-13,170.0,170.0,163.0,163.399994,158.83934,2696.0
2016-05-16,165.0,174.0,165.0,165.699997,161.075165,5558.0
2016-05-17,170.800003,170.800003,163.0,164.600006,160.005875,3099.0
2016-05-18,168.699997,168.75,162.100006,167.5,162.824936,1882.0
2016-05-19,167.0,167.0,164.300003,165.75,161.123764,546.0
2016-05-20,169.0,169.899994,164.100006,168.699997,163.991425,3796.0
2016-05-23,169.800003,169.800003,165.0,165.0,160.394699,683.0
2016-05-24,163.0,179.0,163.0,176.350006,171.427902,4672.0
2016-05-25,176.949997,176.949997,166.350006,170.949997,166.178619,1784.0
2016-05-26,176.0,176.0,165.199997,165.399994,160.783524,2996.0
2016-05-27,165.300003,168.399994,164.199997,167.75,163.067932,1580.0
2016-05-30,167.0,167.0,163.100006,164.350006,159.762833,3486.0
2016-05-31,163.300003,166.0,162.0,163.800003,159.228195,3694.0
2016-06-01,167.699997,171.0,167.699997,168.75,164.04003899999998,1242.0
2016-06-02,168.0,201.0,167.0,198.949997,193.397125,47443.0
2016-06-03,200.699997,200.699997,180.0,194.800003,189.362946,12199.0
2016-06-06,202.0,202.0,190.0,190.0,184.696945,2339.0
2016-06-07,200.0,200.0,190.0,195.0,189.557358,1210.0
2016-06-08,194.0,198.0,190.0,192.0,186.641098,7850.0
2016-06-09,192.0,220.0,192.0,216.149994,210.11705,48771.0
2016-06-10,215.899994,217.5,203.0,208.0,202.19451899999999,5605.0
2016-06-13,203.0,205.0,198.0,198.699997,193.154114,865.0
2016-06-14,196.550003,206.949997,191.050003,198.25,192.71666000000002,3416.0
2016-06-15,197.0,220.0,195.199997,210.55000299999998,204.67335500000002,24316.0
2016-06-16,210.55000299999998,215.0,200.0,209.75,203.895676,7185.0
2016-06-17,209.0,212.5,206.0,206.850006,201.07663,8074.0
2016-06-20,207.0,216.0,204.0,213.649994,207.68682900000002,40121.0
2016-06-21,210.0,215.0,210.0,211.55000299999998,205.645432,14621.0
2016-06-22,205.199997,215.0,205.199997,210.899994,205.013565,29488.0
2016-06-23,213.0,213.94999700000002,207.100006,208.100006,202.291733,2384.0
2016-06-24,201.0,214.649994,184.050003,206.75,200.979416,17034.0
2016-06-27,216.0,216.0,205.0,210.5,204.624741,4933.0
2016-06-28,210.05000299999998,213.5,209.0,209.94999700000002,204.09008799999998,17771.0
2016-06-29,207.350006,211.850006,207.350006,210.55000299999998,204.67335500000002,6263.0
2016-06-30,213.899994,213.899994,206.399994,207.449997,201.659866,7590.0
2016-07-01,208.0,209.80000299999998,198.0,200.699997,195.098282,10433.0
2016-07-04,203.949997,204.949997,201.0,201.25,195.632904,4259.0
2016-07-05,201.25,203.0,196.350006,200.300003,194.709442,6007.0
2016-07-07,195.100006,202.899994,195.100006,200.149994,194.563614,51332.0
2016-07-08,199.600006,199.600006,196.5,198.600006,193.0569,2254.0
2016-07-11,204.350006,204.350006,196.350006,198.149994,192.61944599999998,8576.0
2016-07-12,198.0,200.0,197.0,198.0,192.473633,21233.0
2016-07-13,196.5,200.0,195.0,199.850006,194.272018,6558.0
2016-07-14,200.0,205.0,200.0,203.199997,197.528503,5822.0
2016-07-15,204.0,205.0,196.25,198.899994,193.348511,8033.0
2016-07-18,197.0,203.199997,197.0,198.899994,193.348511,4376.0
2016-07-19,220.0,229.0,217.94999700000002,221.600006,215.414963,516248.0
2016-07-20,219.0,219.0,206.25,215.649994,209.630997,90976.0
2016-07-21,215.0,224.0,212.5,221.19999700000002,215.026093,28154.0
2016-07-22,221.30000299999998,224.69999700000002,220.0,222.30000299999998,216.09541299999998,13018.0
2016-07-25,226.30000299999998,239.399994,217.05000299999998,231.05000299999998,224.601181,63804.0
2016-07-26,234.69999700000002,235.55000299999998,228.0,229.55000299999998,223.14305099999999,44863.0
2016-07-27,229.94999700000002,231.149994,223.0,227.05000299999998,220.71282999999997,9822.0
2016-07-28,221.149994,244.899994,221.100006,235.350006,228.78117400000002,32403.0
2016-07-29,238.75,255.0,234.100006,250.05000299999998,243.070877,26714.0
2016-08-01,251.05000299999998,272.600006,251.0,259.600006,252.35430899999997,24504.0
2016-08-02,262.100006,276.950012,260.0,263.299988,255.951065,22821.0
2016-08-03,266.0,267.950012,258.0,260.25,252.98617599999997,11998.0
2016-08-04,256.049988,270.0,256.0,261.649994,254.347076,9690.0
2016-08-05,262.25,265.0,259.200012,260.200012,252.93760699999999,9223.0
2016-08-08,260.200012,274.0,259.149994,272.200012,264.602692,12313.0
2016-08-09,274.0,293.450012,263.0,290.75,282.634918,84541.0
2016-08-10,293.899994,297.0,274.299988,276.450012,268.73407000000003,13779.0
2016-08-11,270.0,290.0,270.0,284.600006,276.65655499999997,16543.0
2016-08-12,295.0,295.0,269.950012,278.450012,270.678223,21188.0
2016-08-16,282.0,282.0,249.0,250.55000299999998,243.556931,17538.0
2016-08-17,259.75,261.0,251.0,259.100006,251.86830099999997,3867.0
2016-08-18,260.0,269.799988,255.0,258.899994,251.673859,18103.0
2016-08-19,258.0,262.600006,258.0,259.100006,251.86830099999997,8744.0
2016-08-22,253.80000299999998,266.0,248.75,256.799988,249.632462,3182.0
2016-08-23,256.950012,260.0,252.5,253.55000299999998,246.47319,1342.0
2016-08-24,253.55000299999998,262.399994,240.0,242.75,235.974609,16340.0
2016-08-25,243.0,245.0,229.0,232.19999700000002,225.71910099999997,19245.0
2016-08-26,235.0,239.94999700000002,223.0,225.899994,219.59491,5499.0
2016-08-29,225.0,233.350006,217.600006,222.44999700000002,216.241211,5103.0
2016-08-30,225.0,225.0,213.600006,222.5,216.28981000000002,9358.0
2016-08-31,224.100006,244.0,222.05000299999998,225.75,219.449112,67722.0
2016-09-01,228.25,228.25,215.05000299999998,218.850006,212.741714,15621.0
2016-09-02,221.0,221.5,210.0,212.55000299999998,206.617538,17827.0
2016-09-06,218.0,220.0,211.05000299999998,219.69999700000002,213.567963,60258.0
2016-09-07,226.0,235.0,219.69999700000002,229.30000299999998,222.90004,17937.0
2016-09-08,230.0,233.850006,225.05000299999998,226.19999700000002,219.88653599999998,10025.0
2016-09-09,223.5,229.899994,222.600006,225.850006,219.546341,5835.0
2016-09-12,220.0,226.899994,215.25,218.30000299999998,212.207062,12038.0
2016-09-14,217.0,226.0,217.0,222.149994,215.94957000000002,5178.0
2016-09-15,227.94999700000002,227.94999700000002,220.0,222.350006,216.144028,2332.0
2016-09-16,227.94999700000002,227.94999700000002,221.94999700000002,224.19999700000002,217.942352,7355.0
2016-09-19,221.0,228.80000299999998,221.0,225.100006,218.81726099999997,6113.0
2016-09-20,231.0,231.0,221.100006,223.44999700000002,217.21330299999997,7250.0
2016-09-21,226.94999700000002,233.0,221.25,227.55000299999998,221.198868,22788.0
2016-09-22,227.55000299999998,228.94999700000002,223.399994,224.149994,217.89375299999998,5526.0
2016-09-23,228.0,228.0,205.0,222.69999700000002,216.48423799999998,5740.0
2016-09-26,224.0,227.94999700000002,220.0,221.75,215.56076000000002,1447.0
2016-09-27,217.0,224.75,217.0,219.600006,213.470764,4458.0
2016-09-28,217.0,239.399994,213.19999700000002,223.350006,217.116104,4205.0
2016-09-29,221.0,225.0,197.0,209.399994,203.55545,13933.0
2016-09-30,216.0,217.80000299999998,204.0,212.25,206.325897,6178.0
2016-10-03,210.0,231.94999700000002,210.0,224.55000299999998,218.282608,30007.0
2016-10-04,228.0,234.899994,221.0,228.649994,222.268158,16755.0
2016-10-05,231.0,244.0,229.0,239.600006,232.912552,23850.0
2016-10-06,240.05000299999998,240.25,224.149994,229.55000299999998,223.14305099999999,9159.0
2016-10-07,233.80000299999998,233.80000299999998,225.100006,225.94999700000002,219.643524,3426.0
2016-10-10,216.899994,235.0,216.899994,230.600006,224.16374199999998,5017.0
2016-10-13,227.100006,227.100006,219.899994,222.30000299999998,216.09541299999998,7651.0
2016-10-14,223.5,226.94999700000002,220.0,222.649994,216.43563799999998,6732.0
2016-10-17,222.69999700000002,224.5,216.55000299999998,219.100006,212.98471099999998,5836.0
2016-10-18,224.94999700000002,230.0,218.600006,222.5,216.28981000000002,11514.0
2016-10-19,220.0,225.0,217.55000299999998,219.149994,213.03331,13828.0
2016-10-20,219.100006,222.850006,218.0,220.19999700000002,214.05401600000002,13980.0
2016-10-21,223.0,252.899994,219.100006,248.44999700000002,241.51551800000001,144492.0
2016-10-24,250.5,251.399994,235.69999700000002,237.350006,230.72535699999997,14790.0
2016-10-25,234.5,244.899994,230.149994,236.100006,229.510239,6952.0
2016-10-26,226.69999700000002,238.850006,226.69999700000002,231.899994,225.427444,3292.0
2016-10-27,235.850006,235.899994,226.0,227.600006,221.247482,12279.0
2016-10-28,232.649994,233.0,226.0,230.5,224.066544,6747.0
2016-11-01,222.0,250.0,222.0,242.899994,236.12043799999998,12724.0
2016-11-02,240.0,252.5,222.0,244.600006,237.77301,12788.0
2016-11-03,244.600006,250.0,244.100006,246.69999700000002,239.814377,8913.0
2016-11-04,236.80000299999998,247.44999700000002,230.05000299999998,236.0,229.413025,6737.0
2016-11-07,239.0,281.5,231.100006,259.100006,251.86830099999997,88699.0
2016-11-08,269.0,286.0,262.899994,278.100006,270.337982,68498.0
2016-11-09,229.399994,255.0,222.5,251.899994,244.86923199999998,82893.0
2016-11-10,254.0,273.0,246.0,254.05000299999998,246.95924399999998,15829.0
2016-11-11,233.0,265.0,233.0,241.94999700000002,235.19696000000002,13183.0
2016-11-15,233.5,235.0,205.0,209.350006,203.506851,22547.0
2016-11-16,211.149994,215.0,209.94999700000002,212.05000299999998,206.1315,9113.0
2016-11-17,215.0,220.0,213.5,214.75,208.756134,1523.0
2016-11-18,209.0,216.0,209.0,210.899994,205.013565,3138.0
2016-11-21,217.94999700000002,217.94999700000002,193.0,195.800003,190.335037,4819.0
2016-11-22,197.050003,208.0,197.050003,205.949997,200.201736,4062.0
2016-11-23,219.94999700000002,219.94999700000002,203.850006,210.30000299999998,204.430328,2665.0
2016-11-24,209.0,221.25,209.0,220.100006,213.95681800000003,8309.0
2016-11-25,219.94999700000002,228.94999700000002,219.94999700000002,223.69999700000002,217.456329,3710.0
2016-11-28,223.899994,226.94999700000002,218.0,224.899994,218.62281800000002,4148.0
2016-11-29,221.44999700000002,226.0,221.44999700000002,225.05000299999998,218.76866099999998,1573.0
2016-11-30,226.100006,229.0,223.75,225.05000299999998,218.76866099999998,1019.0
2016-12-01,229.0,229.0,221.30000299999998,226.55000299999998,220.22677599999997,4496.0
2016-12-02,228.0,229.0,218.0,220.899994,214.734467,3281.0
2016-12-05,225.0,225.0,213.899994,220.649994,214.49147000000002,22810.0
2016-12-06,222.600006,224.0,218.100006,219.850006,213.71379100000001,1256.0
2016-12-07,218.5,222.94999700000002,218.0,218.69999700000002,212.595871,304.0
2016-12-08,220.0,227.850006,217.05000299999998,223.0,216.775848,2153.0
2016-12-09,221.05000299999998,221.05000299999998,219.0,221.0,214.83167999999998,309.0
2016-12-12,217.149994,234.69999700000002,210.100006,216.0,209.971237,4069.0
2016-12-13,216.0,222.600006,215.0,217.149994,211.08915699999997,1538.0
2016-12-14,219.55000299999998,223.0,207.949997,211.05000299999998,205.159393,13746.0
2016-12-15,214.0,219.0,210.0,211.44999700000002,205.548233,4915.0
2016-12-16,210.30000299999998,215.0,210.30000299999998,212.899994,206.957764,4058.0
2016-12-19,212.5,217.19999700000002,209.0,210.80000299999998,204.916382,4189.0
2016-12-20,212.399994,212.399994,204.0,204.5,198.79222099999998,2281.0
2016-12-21,210.0,210.05000299999998,196.550003,202.149994,196.507813,5176.0
2016-12-22,222.350006,228.0,206.5,211.19999700000002,205.305206,146888.0
2016-12-23,211.0,214.0,200.0,209.300003,203.45825200000002,17178.0
2016-12-26,210.0,210.0,191.050003,192.350006,186.981339,17313.0
2016-12-27,197.800003,197.800003,179.0,181.649994,176.579971,16547.0
2016-12-28,184.0,190.850006,184.0,188.0,182.752747,9887.0
2016-12-29,187.800003,199.5,184.0,198.300003,192.76525900000001,9010.0
2016-12-30,202.5,203.0,192.800003,196.149994,190.675262,8954.0
2017-01-02,195.100006,199.399994,192.100006,196.949997,191.45294199999998,4893.0
2017-01-03,204.0,204.0,195.399994,199.0,193.44574,7870.0
2017-01-04,198.0,203.0,195.0,196.300003,190.821091,7733.0
2017-01-05,200.0,202.0,195.0,201.050003,195.438522,8080.0
2017-01-06,199.0,203.800003,195.199997,198.5,192.959671,3530.0
2017-01-09,198.0,199.949997,195.0,196.899994,191.404327,1574.0
2017-01-10,198.0,201.0,198.0,199.300003,193.73736599999998,1347.0
2017-01-11,196.0,202.949997,195.0,198.850006,193.299911,4121.0
2017-01-12,197.399994,213.5,197.399994,199.949997,194.369217,59461.0
2017-01-13,202.0,208.0,197.0,198.050003,192.522247,6660.0
2017-01-16,200.0,200.0,191.25,195.050003,189.605972,3186.0
2017-01-17,195.149994,197.550003,192.199997,196.75,191.25853,2445.0
2017-01-18,199.75,201.0,195.25,197.399994,191.89038100000002,2010.0
2017-01-19,199.75,203.800003,197.050003,202.399994,196.750824,13988.0
2017-01-20,199.149994,202.0,195.0,198.149994,192.61944599999998,1615.0
2017-01-23,196.350006,204.5,196.350006,203.399994,197.7229,5124.0
2017-01-24,205.0,205.0,194.0,197.350006,191.841782,13754.0
2017-01-25,201.800003,201.800003,197.199997,199.300003,193.73736599999998,2403.0
2017-01-27,202.0,202.0,196.5,199.0,193.44574,9529.0
2017-01-30,197.25,203.25,192.850006,194.199997,188.779694,10767.0
2017-01-31,197.800003,197.800003,190.0,194.199997,188.779694,1056.0
2017-02-01,187.100006,195.649994,187.0,194.899994,189.46014399999999,3967.0
2017-02-02,193.899994,199.0,193.899994,198.600006,193.0569,3374.0
2017-02-03,199.0,199.100006,194.0,194.899994,189.46014399999999,9285.0
2017-02-06,194.0,199.699997,189.199997,190.949997,185.620407,8887.0
2017-02-07,189.0,193.75,187.300003,190.800003,185.474594,4355.0
2017-02-08,189.0,191.0,183.600006,185.899994,180.711365,30956.0
2017-02-09,185.0,188.800003,173.0,176.149994,171.23349,21857.0
2017-02-10,180.800003,188.0,173.050003,184.75,179.59346000000002,23549.0
2017-02-13,188.800003,188.800003,178.050003,184.300003,179.156021,6276.0
2017-02-14,187.0,187.0,177.100006,179.550003,174.538589,6060.0
2017-02-15,186.949997,189.0,169.300003,172.649994,167.831177,12439.0
2017-02-16,174.0,186.949997,171.550003,184.350006,179.20462,8473.0
2017-02-17,187.0,187.0,180.0,185.75,180.565552,3352.0
2017-02-20,182.0,185.899994,182.0,183.050003,177.940903,3030.0
2017-02-21,182.649994,189.199997,182.600006,188.399994,183.141571,3944.0
2017-02-22,185.199997,190.050003,184.149994,185.800003,180.614151,10180.0
2017-02-23,186.949997,189.899994,186.149994,187.600006,182.363922,2888.0
2017-02-27,186.649994,190.0,183.0,187.050003,181.82926899999998,2898.0
2017-02-28,187.0,187.0,183.350006,184.649994,179.49624599999999,438.0
2017-03-01,179.449997,190.0,179.449997,183.449997,178.329727,2741.0
2017-03-02,183.899994,185.75,183.0,183.5,178.378357,1490.0
2017-03-03,180.399994,185.75,174.899994,180.449997,175.413483,8980.0
2017-03-06,182.0,184.050003,180.0,181.449997,176.385574,2759.0
2017-03-07,184.050003,191.0,178.050003,189.600006,184.308075,43747.0
2017-03-08,190.300003,198.399994,187.949997,189.399994,184.113663,19085.0
2017-03-09,189.050003,192.449997,187.949997,188.0,182.752747,7596.0
2017-03-10,189.050003,191.800003,188.0,190.050003,184.745544,53886.0
2017-03-14,191.050003,193.75,188.0,189.550003,184.259476,11873.0
2017-03-15,197.100006,209.399994,188.0,189.100006,183.822052,20914.0
2017-03-16,193.949997,194.0,188.5,189.25,183.967865,9003.0
2017-03-17,190.0,192.0,184.899994,186.350006,181.148804,8767.0
2017-03-20,184.050003,193.0,182.5,184.850006,179.690689,9238.0
2017-03-21,189.949997,191.0,180.949997,181.850006,176.774399,5997.0
2017-03-22,182.0,187.0,182.0,185.050003,179.88507099999998,3912.0
2017-03-23,181.199997,187.0,179.0,180.75,175.70510900000002,12650.0
2017-03-24,181.75,183.600006,172.949997,174.449997,169.58093300000002,21328.0
2017-03-27,175.350006,180.0,175.0,179.600006,174.587204,22280.0
2017-03-28,179.600006,181.899994,171.550003,172.350006,167.539551,13196.0
2017-03-29,176.449997,184.5,175.0,176.399994,171.476501,105679.0
2017-03-30,176.0,200.0,176.0,189.449997,184.162277,92834.0
2017-03-31,193.0,196.0,185.399994,192.949997,187.56458999999998,26774.0
2017-04-03,192.0,196.0,187.399994,194.25,188.828293,8453.0
2017-04-05,186.600006,213.69999700000002,186.600006,206.149994,200.396164,93338.0
2017-04-06,208.0,213.0,202.050003,205.5,199.764313,15013.0
2017-04-07,211.5,224.899994,209.050003,216.649994,210.603073,103176.0
2017-04-10,217.80000299999998,229.899994,217.80000299999998,220.600006,214.442871,40903.0
2017-04-11,220.600006,224.0,216.55000299999998,219.850006,213.71379100000001,15000.0
2017-04-12,217.05000299999998,224.0,211.149994,221.0,214.83167999999998,22290.0
2017-04-13,221.5,226.94999700000002,218.05000299999998,220.19999700000002,214.05401600000002,10028.0
2017-04-17,221.0,222.80000299999998,212.05000299999998,214.75,208.756134,3511.0
2017-04-18,214.0,219.649994,210.0,210.0,204.138702,46255.0
2017-04-19,212.0,216.80000299999998,207.25,209.0,203.16661100000002,6775.0
2017-04-20,209.0,213.44999700000002,202.5,209.699997,203.847092,6617.0
2017-04-21,206.300003,214.19999700000002,206.25,208.350006,202.534775,4123.0
2017-04-24,202.600006,221.0,202.0,219.0,212.88749700000002,11732.0
2017-04-25,220.0,226.0,211.0,224.55000299999998,218.282608,19993.0
2017-04-26,222.100006,225.94999700000002,214.0,219.80000299999998,213.66517599999997,20173.0
2017-04-27,224.0,224.0,192.0,221.600006,215.414963,7755.0
2017-04-28,216.0,224.0,216.0,221.5,215.31773399999997,11953.0
2017-05-02,223.75,225.5,216.649994,223.69999700000002,217.456329,4479.0
2017-05-03,220.25,221.899994,218.0,218.80000299999998,212.693085,4809.0
2017-05-04,218.05000299999998,220.0,211.0,214.69999700000002,208.707535,23807.0
2017-05-05,215.100006,216.0,196.100006,204.899994,199.181046,26467.0
2017-05-08,206.0,206.0,199.0,199.949997,194.369217,16877.0
2017-05-09,199.949997,203.600006,196.100006,198.899994,193.348511,1256.0
2017-05-10,198.899994,202.949997,197.0,197.699997,192.182007,23351.0
2017-05-11,200.949997,204.899994,198.449997,202.5,196.848038,2681.0
2017-05-12,204.949997,205.0,192.800003,194.0,188.585281,8915.0
2017-05-15,194.649994,204.899994,194.649994,196.399994,190.918289,3250.0
2017-05-16,199.0,199.0,183.449997,191.550003,186.20365900000002,25196.0
2017-05-17,195.850006,196.0,178.0,189.300003,184.01646399999998,46620.0
2017-05-18,188.800003,194.0,180.300003,192.449997,187.078537,10134.0
2017-05-19,190.300003,196.75,185.699997,193.399994,188.002014,7887.0
2017-05-22,189.0,195.0,186.100006,194.550003,189.119949,1421.0
2017-05-23,192.300003,209.449997,185.199997,201.699997,196.070358,19462.0
2017-05-24,205.850006,206.0,193.5,202.949997,197.285461,8499.0
2017-05-25,208.949997,210.0,196.5,206.0,200.250351,5684.0
2017-05-26,195.050003,209.899994,195.050003,207.0,201.222427,6818.0
2017-05-29,198.699997,213.0,198.699997,211.100006,205.208008,11559.0
2017-05-30,205.0,208.899994,202.100006,204.649994,198.938004,4210.0
2017-05-31,202.649994,207.5,195.0,199.199997,193.640137,7385.0
2017-06-01,197.0,204.0,197.0,201.600006,195.97316,1658.0
2017-06-02,200.050003,203.850006,193.350006,202.300003,196.653625,11493.0
2017-06-05,206.0,214.0,195.0,199.649994,194.07759099999998,23395.0
2017-06-06,201.949997,204.5,198.0,198.699997,193.154114,5054.0
2017-06-07,199.5,203.800003,199.0,200.649994,195.049667,3542.0
2017-06-08,199.75,209.300003,198.399994,206.0,200.250351,7470.0
2017-06-09,205.5,205.5,200.0,200.75,195.146881,3957.0
2017-06-12,200.25,203.75,196.050003,197.699997,192.182007,6474.0
2017-06-13,200.0,201.399994,198.300003,200.100006,194.51503,6348.0
2017-06-14,200.0,201.0,196.0,199.899994,194.320602,967.0
2017-06-15,198.399994,205.0,198.399994,201.5,195.875946,2349.0
2017-06-16,198.5,202.949997,197.0,198.199997,192.66803000000002,3512.0
2017-06-19,198.050003,201.649994,194.199997,197.850006,192.32783500000002,13282.0
2017-06-20,199.850006,200.0,193.550003,197.550003,192.036209,11839.0
2017-06-21,197.899994,197.899994,194.0,196.149994,190.675262,2226.0
2017-06-22,196.0,198.0,192.649994,195.25,189.8004,8569.0
2017-06-23,191.25,195.0,191.25,193.0,187.613174,3631.0
2017-06-27,188.649994,193.199997,182.0,186.600006,181.391846,6588.0
2017-06-28,189.850006,191.75,186.050003,189.800003,184.502502,2041.0
2017-06-29,191.5,192.0,188.350006,191.050003,185.717636,350.0
2017-06-30,192.050003,192.050003,185.0,191.100006,185.76623500000002,1729.0
2017-07-03,191.050003,197.899994,190.100006,191.649994,186.300858,3096.0
2017-07-04,195.100006,195.100006,189.0,189.800003,184.502502,1603.0
2017-07-05,190.0,194.0,185.699997,188.850006,183.579025,2035.0
2017-07-06,194.0,194.0,188.949997,191.550003,186.20365900000002,6108.0
2017-07-07,191.5,206.0,189.800003,204.649994,198.938004,11285.0
2017-07-10,197.0,210.0,195.100006,204.449997,198.743622,4206.0
2017-07-11,196.300003,206.0,196.149994,201.449997,195.827347,4493.0
2017-07-12,202.449997,202.899994,198.5,201.050003,195.438522,6951.0
2017-07-13,201.050003,208.0,196.5,205.699997,199.95871,11149.0
2017-07-14,208.0,208.0,201.0,206.050003,200.29895,5617.0
2017-07-17,202.0,205.949997,197.800003,199.449997,193.883148,5030.0
2017-07-18,198.0,202.949997,197.5,198.199997,192.66803000000002,3754.0
2017-07-19,202.350006,203.399994,198.149994,200.100006,194.51503,3019.0
2017-07-20,201.0,205.0,197.149994,202.199997,196.556427,5034.0
2017-07-21,208.0,208.0,199.949997,200.75,195.146881,3319.0
2017-07-24,202.399994,203.0,198.149994,201.550003,195.924561,3297.0
2017-07-25,198.0,202.949997,196.350006,199.899994,194.320602,1643.0
2017-07-26,202.0,202.0,197.25,199.5,193.931763,500.0
2017-07-27,197.149994,201.399994,197.100006,199.100006,193.542938,964.0
2017-07-28,199.949997,201.5,195.100006,199.649994,194.07759099999998,3482.0
2017-07-31,182.800003,204.75,182.800003,203.649994,197.965927,3597.0
2017-08-01,203.5,210.399994,197.149994,203.0,197.334076,4290.0
2017-08-02,203.199997,206.949997,200.0,201.800003,196.167572,2033.0
2017-08-03,207.949997,207.949997,200.0,202.899994,198.713928,5119.0
2017-08-04,194.800003,205.350006,190.0,199.75,195.628937,3937.0
2017-08-07,200.0,202.899994,198.75,201.199997,197.049011,4023.0
2017-08-08,195.899994,202.0,188.800003,192.449997,188.479523,16274.0
2017-08-09,188.600006,196.949997,187.25,192.949997,188.969223,5857.0
2017-08-10,188.0,193.199997,182.199997,185.800003,181.966736,9780.0
2017-08-11,185.800003,192.899994,178.600006,183.449997,179.665207,5587.0
2017-08-14,181.699997,192.899994,181.699997,190.050003,186.129059,2323.0
2017-08-16,191.050003,191.550003,187.0,189.25,185.345566,7310.0
2017-08-17,191.949997,192.0,189.949997,190.300003,186.373901,1683.0
2017-08-18,191.350006,195.0,187.100006,192.449997,188.479523,3087.0
2017-08-21,190.699997,195.0,190.0,193.0,189.018173,1585.0
2017-08-22,191.0,195.0,189.050003,191.949997,187.989838,6000.0
2017-08-23,191.050003,192.25,186.100006,187.949997,184.072372,3053.0
2017-08-24,191.850006,194.0,190.0,191.0,187.059448,1804.0
2017-08-28,190.0,194.0,189.5,193.149994,189.165085,1530.0
2017-08-29,195.0,195.0,185.399994,187.649994,183.778564,2954.0
2017-08-30,189.800003,191.899994,187.399994,187.949997,184.072372,3699.0
2017-08-31,187.050003,191.0,187.050003,188.25,184.36618,542.0
2017-09-01,192.0,193.0,185.0,186.5,182.652298,4784.0
2017-09-04,188.75,192.5,188.050003,189.800003,185.884201,7561.0
2017-09-05,189.100006,191.850006,187.0,188.25,184.36618,4035.0
2017-09-06,187.5,190.399994,187.0,189.600006,185.688324,4115.0
2017-09-07,187.649994,190.300003,185.0,186.149994,182.309494,10545.0
2017-09-08,185.449997,188.800003,183.0,184.899994,181.08531200000002,3635.0
2017-09-11,184.350006,187.850006,183.100006,184.199997,180.399734,2013.0
2017-09-12,189.5,193.0,187.0,189.899994,185.982132,11223.0
2017-09-13,191.949997,191.949997,185.75,187.850006,183.97444199999998,4015.0
2017-09-14,186.649994,191.0,186.600006,190.0,186.080093,8309.0
2017-09-15,194.0,198.0,190.0,191.600006,187.647064,8937.0
2017-09-18,195.0,195.0,189.949997,192.899994,188.920242,2716.0
2017-09-19,200.600006,219.5,191.600006,205.800003,201.554108,66278.0
2017-09-20,210.899994,219.0,203.5,208.0,203.70871,4764.0
2017-09-21,213.19999700000002,220.0,200.949997,217.850006,213.355499,31790.0
2017-09-22,219.899994,233.100006,205.0,208.199997,203.90458700000002,63386.0
2017-09-25,211.0,216.5,203.0,206.100006,201.84793100000002,24951.0
2017-09-26,206.199997,211.399994,201.0,205.100006,200.868561,11014.0
2017-09-27,206.050003,213.80000299999998,198.0,204.649994,200.42781100000002,5861.0
2017-09-28,208.0,210.94999700000002,197.600006,209.94999700000002,205.618469,6740.0
2017-09-29,213.149994,214.850006,207.0,207.399994,203.121094,2147.0
2017-10-03,208.0,214.0,203.699997,204.050003,199.84021,3979.0
2017-10-04,200.0,210.0,200.0,202.449997,198.273209,9005.0
2017-10-05,200.350006,210.5,200.350006,205.25,201.015457,17135.0
2017-10-06,204.949997,209.94999700000002,204.949997,208.350006,204.051514,5695.0
2017-10-09,212.899994,224.850006,210.0,211.55000299999998,207.185471,16386.0
2017-10-10,214.0,221.0,212.55000299999998,219.44999700000002,214.92250099999998,10582.0
2017-10-11,220.0,239.0,216.100006,231.19999700000002,226.430069,37879.0
2017-10-12,235.5,271.950012,231.100006,256.25,250.96327200000002,135096.0
2017-10-13,256.0,269.0,246.5,260.049988,254.68484500000002,38505.0
2017-10-16,260.0,262.0,243.0,249.0,243.862823,10766.0
2017-10-17,245.0,252.94999700000002,239.30000299999998,239.899994,234.950577,9474.0
2017-10-18,233.0,240.0,225.05000299999998,233.600006,228.780563,14605.0
2017-10-19,240.0,240.05000299999998,231.94999700000002,238.0,233.089783,4873.0
2017-10-23,227.0,259.700012,227.0,243.649994,238.623215,6462.0
2017-10-24,249.649994,253.80000299999998,241.30000299999998,244.05000299999998,239.014969,2800.0
2017-10-25,239.100006,242.75,236.0,237.25,232.35525499999997,1400.0
2017-10-26,230.399994,252.5,230.25,247.80000299999998,242.68760699999999,4455.0
2017-10-27,240.350006,247.5,236.0,241.0,236.027893,6767.0
2017-10-30,238.25,240.100006,235.0,236.55000299999998,231.669708,8458.0
2017-10-31,239.94999700000002,240.0,238.05000299999998,239.94999700000002,234.99955699999998,6305.0
2017-11-01,240.0,240.05000299999998,235.5,236.19999700000002,231.32692000000003,7182.0
2017-11-02,240.80000299999998,242.100006,233.899994,235.69999700000002,230.837234,4314.0
2017-11-03,235.0,239.899994,233.600006,235.850006,230.984146,9569.0
2017-11-06,238.0,257.200012,238.0,248.80000299999998,243.666977,16499.0
2017-11-07,255.0,260.0,235.0,235.19999700000002,230.347534,14953.0
2017-11-08,235.0,245.80000299999998,228.05000299999998,229.649994,224.912048,9634.0
2017-11-09,233.0,240.5,226.5,233.350006,228.53573599999999,11216.0
2017-11-10,236.94999700000002,246.850006,230.5,240.149994,235.195435,16114.0
2017-11-13,266.0,279.649994,251.55000299999998,259.299988,253.95031699999998,93584.0
2017-11-14,254.100006,264.0,254.100006,259.350006,253.999298,24570.0
2017-11-15,255.100006,259.450012,241.149994,242.5,237.496948,13620.0
2017-11-16,242.94999700000002,254.94999700000002,242.94999700000002,250.0,244.84222400000002,6010.0
2017-11-17,250.0,253.899994,247.149994,251.0,245.821579,2796.0
2017-11-20,251.0,280.0,245.600006,262.299988,256.888428,51232.0
2017-11-21,268.899994,271.299988,250.600006,253.600006,248.36793500000002,8927.0
2017-11-22,255.80000299999998,304.299988,255.80000299999998,304.299988,298.021912,170545.0
2017-11-23,328.899994,351.700012,321.200012,327.049988,320.302551,302694.0
2017-11-24,326.899994,355.0,310.899994,329.600006,322.799957,100983.0
2017-11-27,334.0,341.75,331.0,336.0,329.067932,29071.0
2017-11-28,336.0,338.950012,325.049988,328.350006,321.575775,11475.0
2017-11-29,330.5,338.600006,325.0,325.700012,318.98046899999997,32012.0
2017-11-30,319.299988,327.0,313.0,314.399994,307.91357400000004,21855.0
2017-12-01,320.0,320.0,305.649994,310.0,303.60434,7569.0
2017-12-04,307.700012,316.899994,296.899994,301.100006,294.88797,7222.0
2017-12-05,306.0,312.0,295.5,300.850006,294.643127,12390.0
2017-12-06,302.100006,306.5,292.100006,296.850006,290.72564700000004,3096.0
2017-12-07,298.899994,298.899994,282.149994,296.100006,289.99111899999997,3459.0
2017-12-08,290.049988,310.299988,285.149994,293.399994,287.346832,6197.0
2017-12-11,308.049988,308.049988,308.049988,308.049988,301.69458,245.0
2017-12-12,323.450012,323.450012,323.450012,323.450012,316.77685499999995,1006.0
2017-12-13,339.549988,339.600006,330.100006,339.5,332.495728,20268.0
2017-12-14,336.0,336.0,323.049988,332.399994,325.542206,6350.0
2017-12-15,334.0,334.0,318.0,324.25,317.560333,1752.0
2017-12-18,310.0,340.0,310.0,331.200012,324.366974,9501.0
2017-12-19,332.0,340.0,330.0,337.799988,330.83075,5240.0
2017-12-20,334.0,346.0,334.0,344.399994,337.294617,6846.0
2017-12-21,341.0,346.899994,332.049988,340.950012,333.915833,10637.0
2017-12-22,337.0,341.649994,330.0,332.600006,325.738098,2919.0
2017-12-26,330.149994,340.0,330.149994,335.600006,328.676178,5254.0
2017-12-27,338.0,338.0,331.25,336.950012,329.99832200000003,4707.0
2017-12-28,331.049988,341.850006,331.049988,335.049988,328.137512,5550.0
2017-12-29,334.0,350.950012,332.0,343.450012,336.364258,6344.0
2018-01-01,345.0,345.0,337.049988,337.200012,330.243195,2698.0
2018-01-02,337.200012,345.0,321.0,337.299988,330.341125,7445.0
2018-01-03,343.450012,343.450012,334.0,335.049988,328.137512,1208.0
2018-01-04,325.100006,344.799988,325.100006,334.0,327.109192,4169.0
2018-01-05,333.0,340.899994,330.5,337.299988,330.341125,4870.0
2018-01-08,344.950012,344.950012,330.549988,342.600006,335.531769,4712.0
2018-01-09,333.049988,344.0,333.049988,342.850006,335.776611,14336.0
2018-01-10,340.0,344.0,335.049988,343.950012,336.85391200000004,5564.0
2018-01-11,343.950012,343.950012,333.0,335.049988,328.137512,1009.0
2018-01-12,331.049988,340.0,331.049988,340.0,332.98538199999996,2733.0
2018-01-15,340.0,342.0,335.200012,339.700012,332.69162,5681.0
2018-01-16,341.0,350.0,334.0,339.0,332.006042,2843.0
2018-01-17,335.5,340.0,335.0,335.649994,328.72515899999996,2922.0
2018-01-18,340.0,342.0,319.0,338.899994,331.908081,6409.0
2018-01-19,328.0,342.0,325.049988,342.0,334.944153,5292.0
2018-01-22,340.0,344.950012,331.100006,336.200012,329.263824,4490.0
2018-01-23,336.25,345.950012,326.649994,339.450012,332.446777,5556.0
2018-01-24,337.0,348.899994,337.0,339.200012,332.201935,8608.0
2018-01-25,339.700012,340.0,333.350006,335.200012,328.284454,6626.0
2018-01-29,339.0,339.0,335.0,335.0,328.088593,633.0
2018-01-30,330.049988,345.0,321.049988,344.200012,337.098755,15148.0
2018-01-31,344.950012,347.0,329.200012,335.5,328.578217,1652.0
2018-02-01,335.0,338.0,326.100006,335.0,328.088593,1252.0
2018-02-02,335.0,335.0,318.25,318.25,311.684143,2390.0
2018-02-05,302.350006,313.850006,302.350006,309.350006,302.96774300000004,1030.0
2018-02-06,293.899994,299.0,293.899994,294.25,288.17926,17478.0
2018-02-07,305.0,308.850006,294.0,308.200012,301.841492,14369.0
2018-02-08,323.600006,323.600006,323.600006,323.600006,316.923767,1447.0
2018-02-09,339.75,339.75,339.75,339.75,332.74054,14755.0
2018-02-12,356.700012,356.700012,356.700012,356.700012,349.340881,3831.0
2018-02-14,374.5,374.5,374.5,374.5,366.77359,2882.0
2018-02-15,393.0,393.200012,380.350006,390.149994,382.10073900000003,21610.0
2018-02-16,409.399994,409.399994,370.649994,370.649994,363.003052,5615.0
2018-02-19,367.0,386.700012,352.149994,383.299988,375.39205899999996,9253.0
2018-02-20,384.799988,384.799988,365.0,367.049988,359.477325,4192.0
2018-02-21,366.0,373.649994,360.0,363.049988,355.559845,937.0
2018-02-22,360.0,369.799988,350.149994,357.899994,350.51611299999996,6207.0
2018-02-23,367.0,375.75,365.0,375.75,367.997864,4626.0
2018-02-26,389.850006,393.850006,370.100006,381.700012,373.825104,7998.0
2018-02-27,399.700012,399.700012,364.950012,365.200012,357.665527,4461.0
2018-02-28,355.100006,378.899994,355.0,374.850006,367.116425,2071.0
2018-03-01,374.0,392.799988,361.649994,373.700012,365.990143,6530.0
2018-03-05,380.0,380.0,363.100006,369.899994,362.268524,1706.0
2018-03-06,365.549988,377.0,365.549988,374.700012,366.969513,19435.0
2018-03-07,370.0,380.0,369.0,369.299988,361.680908,20312.0
2018-03-08,370.049988,387.0,355.549988,385.25,377.301849,5217.0
2018-03-09,370.049988,394.0,370.049988,389.5,381.464142,4260.0
2018-03-12,386.0,393.899994,373.100006,380.100006,372.258118,9336.0
2018-03-13,379.0,390.0,379.0,380.149994,372.307068,10034.0
2018-03-14,377.0,393.600006,375.0,384.950012,377.008057,5675.0
2018-03-15,393.799988,393.799988,383.200012,385.0,377.057007,3092.0
2018-03-16,387.0,395.0,383.5,391.799988,383.716675,2791.0
2018-03-19,392.950012,392.950012,374.950012,375.0,367.263306,2000.0
2018-03-20,356.399994,379.0,356.399994,370.700012,363.052032,2192.0
2018-03-21,373.0,387.299988,373.0,380.299988,372.453949,9178.0
2018-03-22,369.0,388.399994,369.0,386.649994,378.67294300000003,4875.0
2018-03-23,378.700012,386.950012,370.149994,385.350006,377.39977999999996,4766.0
2018-03-26,376.0,392.899994,375.0,390.0,381.953827,11557.0
2018-03-27,393.899994,393.899994,378.600006,379.600006,371.768402,230.0
2018-03-28,376.0,395.0,376.0,386.899994,378.917816,4084.0
2018-04-02,385.25,398.0,385.25,396.799988,388.613525,1426.0
2018-04-03,385.399994,416.600006,385.399994,416.600006,408.005066,9048.0
2018-04-04,429.950012,437.39999400000005,429.950012,437.39999400000005,428.375916,5085.0
2018-04-05,455.0,459.25,445.0,459.25,449.775146,14058.0
2018-04-06,474.0,505.14999400000005,454.64999400000005,504.75,494.33639500000004,61187.0
2018-04-09,505.450012,537.0,499.700012,521.299988,510.544983,38501.0
2018-04-10,542.0,543.950012,489.450012,503.200012,492.81842,33562.0
2018-04-11,502.0,505.0,470.049988,484.049988,474.063477,12172.0
2018-04-12,490.5,500.0,476.85000599999995,479.799988,469.901154,4490.0
2018-04-13,474.0,491.0,471.39999400000005,476.450012,466.6203,4803.0
2018-04-16,476.450012,489.950012,476.450012,484.85000599999995,474.84698499999996,1290.0
2018-04-17,495.0,520.0,475.299988,514.450012,503.83633399999997,9471.0
2018-04-18,523.0,523.0,495.0,495.75,485.52209500000004,3568.0
2018-04-19,495.0,518.0,486.0,500.35000599999995,490.027191,12205.0
2018-04-20,495.0,512.0,495.0,496.35000599999995,486.10971100000006,1684.0
2018-04-23,497.0,507.700012,495.0,503.700012,493.308075,5330.0
2018-04-24,520.0,554.049988,505.10000599999995,554.049988,542.619324,46560.0
2018-04-25,550.0,582.0,525.0,541.099976,529.936462,45895.0
2018-04-26,544.900024,567.799988,521.049988,555.549988,544.088318,21017.0
2018-04-27,560.049988,595.0,559.950012,581.349976,569.356079,21472.0
2018-04-30,592.900024,616.799988,585.0,612.549988,599.912354,19507.0
2018-05-02,611.0,622.049988,565.0,576.25,564.3613280000001,7650.0
2018-05-03,582.700012,585.0,549.799988,558.650024,547.124451,2728.0
2018-05-04,535.0,579.0,535.0,563.5,551.874329,4871.0
2018-05-07,552.0,577.0,543.0,563.049988,551.4336549999999,6121.0
2018-05-08,547.0,571.0,546.0,557.799988,546.29187,2894.0
2018-05-09,569.700012,588.0,567.5,571.349976,559.5623780000001,4707.0
2018-05-10,567.0,568.0,536.0,542.349976,531.160706,2799.0
2018-05-11,550.049988,559.0,525.599976,545.299988,534.049805,1095.0
2018-05-14,550.0,565.0,530.0,544.450012,533.217407,8878.0
2018-05-15,544.950012,559.799988,528.0,531.950012,520.975281,4742.0
2018-05-16,560.0,560.0,490.89999400000005,501.64999400000005,491.30038499999995,10220.0
2018-05-17,525.0,529.900024,485.200012,522.5,511.72024500000003,2928.0
2018-05-18,543.950012,544.0,511.200012,530.0,519.0654910000001,2031.0
2018-05-21,539.849976,539.849976,506.14999400000005,514.700012,504.08117699999997,2456.0
2018-05-22,530.0,535.0,505.049988,530.400024,519.457275,2240.0
2018-05-23,519.049988,530.049988,496.200012,503.799988,493.40600599999993,1362.0
2018-05-24,500.049988,519.599976,500.049988,505.85000599999995,495.41372699999994,4976.0
2018-05-25,509.049988,524.5,504.5,510.549988,500.016754,3693.0
2018-05-28,500.0,544.950012,500.0,514.950012,504.325989,3143.0
2018-05-29,510.0,520.0,465.14999400000005,511.5,500.947174,12469.0
2018-05-30,498.049988,520.0,495.0,507.25,496.784851,9328.0
2018-05-31,541.950012,542.0,505.0,510.35000599999995,499.820892,3442.0
2018-06-01,486.5,510.0,485.0,485.35000599999995,475.33667,2652.0
2018-06-04,488.0,503.89999400000005,461.200012,462.85000599999995,453.300873,2665.0
2018-06-05,450.0,451.049988,439.75,443.10000599999995,433.95834400000007,8251.0
2018-06-06,422.049988,450.0,421.0,426.299988,417.50494399999997,9172.0
2018-06-07,424.85000599999995,447.60000599999995,424.85000599999995,447.60000599999995,438.365509,2352.0
2018-06-08,468.950012,469.950012,431.049988,469.950012,460.25436399999995,983.0
2018-06-11,489.799988,489.799988,468.0,470.0,460.30334500000004,957.0
2018-06-12,485.0,493.5,475.39999400000005,492.700012,482.535034,18421.0
2018-06-13,494.0,517.25,480.549988,510.10000599999995,499.57605,2668.0
2018-06-14,511.0,528.549988,493.60000599999995,501.0,490.663788,3978.0
2018-06-15,499.950012,514.400024,488.0,510.0,499.47811900000005,4886.0
2018-06-18,529.900024,535.5,529.900024,535.5,524.4520259999999,7480.0
2018-06-19,560.0,562.25,521.0,537.200012,526.116943,12822.0
2018-06-20,556.0,556.0,525.0,534.150024,523.1298830000001,5734.0
2018-06-21,547.950012,547.950012,525.0,525.0,514.16864,10101.0
2018-06-22,535.049988,538.5,508.0,510.39999400000005,499.86987300000004,1916.0
2018-06-25,486.0,524.5,485.0,491.450012,481.310822,2613.0
2018-06-26,498.950012,498.950012,471.049988,480.25,470.341888,7372.0
2018-06-27,481.0,493.0,456.25,456.25,446.837036,1249.0
2018-06-28,433.450012,475.0,433.450012,458.75,449.28546100000005,10895.0
2018-06-29,479.89999400000005,481.64999400000005,472.0,480.0,470.097046,9342.0
2018-07-02,472.64999400000005,482.10000599999995,456.14999400000005,461.39999400000005,451.880768,762.0
2018-07-03,464.950012,465.0,441.549988,460.549988,451.04830899999996,7100.0
2018-07-04,445.049988,480.0,445.0,453.950012,444.58450300000004,1864.0
2018-07-05,450.049988,473.0,450.049988,459.0,452.019684,1232.0
2018-07-06,464.950012,469.89999400000005,450.0,452.0,445.126129,2226.0
2018-07-09,450.0,468.0,448.549988,455.0,448.08050499999996,1547.0
2018-07-10,456.0,470.0,456.0,466.549988,459.454834,495.0
2018-07-11,486.0,489.0,450.0,464.39999400000005,457.33752400000003,1274.0
2018-07-12,480.0,487.0,475.0,482.14999400000005,474.81762699999996,6481.0
2018-07-13,489.60000599999995,490.0,461.200012,478.950012,471.66629000000006,6977.0
2018-07-16,498.64999400000005,498.64999400000005,455.549988,475.25,468.022522,2427.0
2018-07-17,483.85000599999995,494.700012,451.5,485.39999400000005,478.018188,6516.0
2018-07-18,499.549988,499.549988,475.0,489.35000599999995,481.908142,9043.0
2018-07-19,490.0,490.0,475.200012,480.450012,473.14349400000003,4885.0
2018-07-20,480.64999400000005,483.0,463.049988,480.049988,472.749542,4007.0
2018-07-23,465.10000599999995,484.799988,461.049988,476.799988,469.54895,12508.0
2018-07-24,465.60000599999995,487.0,461.299988,482.25,474.916107,2508.0
2018-07-25,486.950012,505.0,486.950012,504.049988,496.3845519999999,4333.0
2018-07-26,504.049988,508.5,480.549988,482.60000599999995,475.26077300000003,1688.0
2018-07-27,482.64999400000005,497.0,465.200012,478.0,470.73074299999996,1165.0
2018-07-30,475.0,486.950012,460.0,480.0,472.700317,1886.0
2018-07-31,475.0,488.35000599999995,471.049988,473.299988,466.10217300000005,1035.0
2018-08-01,470.0,480.0,470.0,479.799988,472.50335700000005,854.0
2018-08-02,499.89999400000005,499.89999400000005,465.0,470.0,462.852386,134.0
2018-08-03,447.200012,493.5,447.200012,493.5,485.995026,2612.0
2018-08-06,500.0,515.0,500.0,513.700012,505.887817,5865.0
2018-08-07,488.14999400000005,530.0,488.14999400000005,517.950012,510.073181,703.0
2018-08-08,498.799988,527.349976,495.0,495.799988,488.26004000000006,4056.0
2018-08-09,500.0,510.0,472.0,500.60000599999995,492.98706100000004,15716.0
2018-08-10,513.0,516.0,493.0,514.150024,506.33099400000003,20944.0
2018-08-13,516.0,538.900024,505.0,532.450012,524.352661,13299.0
2018-08-14,539.849976,539.849976,505.85000599999995,506.049988,498.35415599999993,3424.0
2018-08-16,483.049988,500.0,481.10000599999995,494.950012,487.422974,5349.0
2018-08-17,489.950012,493.0,476.049988,480.299988,472.995758,3686.0
2018-08-20,498.89999400000005,504.0,480.299988,497.5,489.93417400000004,9984.0
2018-08-21,490.049988,490.049988,480.60000599999995,486.14999400000005,478.756775,3314.0
2018-08-23,466.0,503.64999400000005,466.0,479.700012,472.40487699999994,1217.0
2018-08-24,467.049988,489.85000599999995,464.049988,469.799988,462.655426,2689.0
2018-08-27,451.049988,485.0,451.049988,470.299988,463.14782699999995,543.0
2018-08-28,470.299988,483.5,463.35000599999995,472.799988,465.60977199999996,529.0
2018-08-29,468.0,496.39999400000005,452.0,496.200012,488.65396100000004,6190.0
2018-08-30,494.049988,507.950012,490.0,490.39999400000005,482.94216900000004,705.0
2018-08-31,490.39999400000005,505.0,490.0,504.799988,497.123138,809.0
2018-09-03,505.0,505.0,480.10000599999995,490.0,482.54824800000006,4212.0
2018-09-04,491.0,495.0,469.0,474.049988,466.84079,6051.0
2018-09-05,465.5,496.950012,465.5,488.35000599999995,480.92334000000005,4651.0
2018-09-06,504.85000599999995,504.85000599999995,480.0,498.35000599999995,490.77124000000003,5102.0
2018-09-07,498.35000599999995,498.35000599999995,473.450012,475.049988,467.825592,6643.0
2018-09-10,475.049988,487.950012,469.85000599999995,472.5,465.314362,1027.0
2018-09-11,465.0,482.0,463.10000599999995,465.25,458.174622,755.0
2018-09-12,473.85000599999995,477.950012,459.450012,462.14999400000005,455.12176500000004,18056.0
2018-09-14,463.0,474.89999400000005,463.0,470.85000599999995,463.689453,228.0
2018-09-17,448.14999400000005,484.60000599999995,448.14999400000005,464.950012,457.87921100000005,368.0
2018-09-18,450.0,467.799988,450.0,460.0,453.00445599999995,1959.0
2018-09-19,450.0,473.85000599999995,444.85000599999995,446.39999400000005,439.61129800000003,747.0
2018-09-21,446.0,450.049988,425.0,439.0,432.32382199999995,1364.0
2018-09-24,436.0,436.0,417.5,418.0,411.643188,4722.0
2018-09-25,397.149994,438.0,397.100006,431.700012,425.134857,8405.0
2018-09-26,434.950012,435.0,420.5,420.5,414.105164,132.0
2018-09-27,426.950012,434.0,411.049988,428.950012,422.426666,2160.0
2018-09-28,428.89999400000005,434.0,409.0,424.75,418.290527,7389.0
2018-10-01,405.200012,426.5,403.549988,407.0,400.81048599999997,8299.0
2018-10-03,400.0,426.299988,400.0,420.0,413.612793,14684.0
2018-10-04,426.35000599999995,431.950012,419.0,420.64999400000005,414.252899,3637.0
2018-10-05,435.049988,435.049988,419.0,424.299988,417.847382,398.0
2018-10-08,418.850006,429.0,403.100006,416.399994,410.067535,7774.0
2018-10-09,409.049988,436.0,409.049988,424.549988,418.093567,2066.0
2018-10-10,409.0,434.950012,405.600006,413.799988,407.50705,9495.0
2018-10-11,411.0,421.799988,393.149994,398.25,392.193542,2414.0
2018-10-12,409.899994,410.899994,405.049988,406.5,400.318085,3163.0
2018-10-15,413.950012,414.0,405.0,405.700012,399.530273,443.0
2018-10-16,400.0,411.700012,397.850006,409.950012,403.715637,1351.0
2018-10-17,405.0,405.0,404.899994,404.899994,398.742401,54.0
2018-10-19,404.950012,405.0,390.0,392.299988,386.33401499999997,250.0
2018-10-22,382.049988,410.899994,382.049988,396.0,389.977753,9378.0
2018-10-23,415.700012,415.700012,384.0,405.0,398.840881,2869.0
2018-10-24,407.0,423.75,401.0,410.0,403.76483199999996,1488.0
2018-10-25,417.899994,417.899994,405.5,412.700012,406.423798,2174.0
2018-10-26,420.0,425.0,412.0,412.649994,406.374542,272.0
2018-10-29,426.049988,426.049988,410.5,413.950012,407.65481600000004,119.0
2018-10-30,427.89999400000005,427.89999400000005,406.100006,415.299988,408.98422200000005,442.0
2018-10-31,406.049988,420.0,406.0,406.100006,399.924164,2403.0
2018-11-01,406.049988,414.899994,400.049988,414.0,407.70401,525.0
2018-11-02,394.0,420.0,391.0,396.100006,390.076233,5123.0
2018-11-05,419.950012,430.0,410.149994,423.75,417.30575600000003,2354.0
2018-11-06,455.0,455.0,405.0,439.299988,432.619263,838.0
2018-11-07,466.950012,466.950012,430.0,450.700012,443.845886,1272.0
2018-11-09,425.14999400000005,489.799988,425.10000599999995,482.75,475.408478,4472.0
2018-11-12,463.25,489.0,435.14999400000005,444.299988,437.543213,3718.0
2018-11-13,446.049988,457.0,446.0,455.0,448.08050499999996,198.0
2018-11-14,444.0,457.0,440.950012,454.700012,447.78506500000003,501.0
2018-11-15,448.25,457.0,443.10000599999995,454.950012,448.031281,89.0
2018-11-16,444.25,456.200012,444.25,449.950012,443.1073,3931.0
2018-11-19,456.950012,457.0,420.0,424.299988,417.847382,2726.0
2018-11-20,432.10000599999995,457.0,427.0,452.89999400000005,446.012421,43250.0
2018-11-21,457.0,493.700012,436.799988,461.0,453.989258,4565.0
2018-11-22,479.799988,479.85000599999995,446.0,457.0,450.050079,554.0
2018-11-26,460.0,469.0,438.049988,457.950012,450.98562599999997,50466.0
2018-11-27,450.0,470.0,446.39999400000005,460.60000599999995,453.59533700000003,1343.0
2018-11-28,455.049988,488.0,455.0,470.799988,463.64019800000005,1756.0
2018-11-29,470.799988,495.0,455.5,481.049988,473.734314,43503.0
2018-11-30,485.0,495.0,472.5,484.39999400000005,477.033386,41016.0
2018-12-03,484.39999400000005,498.35000599999995,484.39999400000005,495.049988,487.521423,654.0
2018-12-04,509.0,509.0,491.049988,500.299988,492.691559,1186.0
2018-12-05,515.0,515.0,477.200012,500.35000599999995,492.74084500000004,3589.0
2018-12-06,502.450012,502.5,463.049988,480.14999400000005,472.84802199999996,2234.0
2018-12-07,480.0,499.0,480.0,489.89999400000005,482.44976799999995,221.0
2018-12-10,485.5,485.5,471.0,480.0,472.700317,913.0
2018-12-11,480.0,492.0,472.39999400000005,489.0,481.563446,465.0
2018-12-12,517.950012,517.950012,470.0,483.75,476.39328,3207.0
2018-12-13,475.950012,494.299988,475.950012,490.299988,482.843658,1016.0
2018-12-14,490.0,538.599976,490.0,508.89999400000005,501.160797,3208.0
2018-12-17,504.950012,504.950012,495.049988,498.799988,491.21441699999997,394.0
2018-12-18,523.0,523.0,484.200012,503.950012,496.28610199999997,474.0
2018-12-19,490.450012,499.950012,483.049988,490.0,482.54824800000006,11051.0
2018-12-20,490.0,503.0,490.0,502.14999400000005,494.513458,767.0
2018-12-21,488.049988,506.64999400000005,457.0,487.25,479.840057,2876.0
2018-12-24,472.60000599999995,512.549988,465.0,503.39999400000005,495.744446,753.0
2018-12-26,495.049988,503.0,486.39999400000005,489.299988,481.85885599999995,981.0
2018-12-27,481.14999400000005,505.200012,481.10000599999995,500.89999400000005,493.282471,673.0
2018-12-28,493.0,504.950012,484.200012,504.0,496.33532699999995,274.0
2018-12-31,504.0,506.299988,497.64999400000005,497.700012,490.131134,534.0
2019-01-01,506.35000599999995,507.0,492.450012,500.799988,493.18395999999996,268.0
2019-01-02,518.0,518.0,490.0,492.200012,484.714813,710.0
2019-01-03,492.299988,499.35000599999995,474.450012,492.799988,485.305634,338.0
2019-01-04,481.5,499.39999400000005,481.0,496.75,489.195587,121.0
2019-01-07,505.0,505.0,487.10000599999995,488.25,480.82485999999994,553.0
2019-01-08,496.799988,496.799988,477.0,489.950012,482.498993,332.0
2019-01-09,487.950012,490.049988,483.85000599999995,490.0,482.54824800000006,735.0
2019-01-10,490.0,524.900024,490.0,495.10000599999995,487.570679,1730.0
2019-01-11,492.60000599999995,505.0,491.5,500.5,492.88855,829.0
2019-01-14,500.5,501.0,490.549988,500.89999400000005,493.282471,540.0
2019-01-15,500.89999400000005,505.0,485.25,500.10000599999995,492.494659,2617.0
2019-01-16,500.049988,502.75,481.549988,500.200012,492.59314000000006,1608.0
2019-01-17,493.35000599999995,496.89999400000005,485.0,488.60000599999995,481.169525,713.0
2019-01-18,481.450012,503.0,481.450012,499.85000599999995,492.24844400000006,4303.0
2019-01-21,499.85000599999995,503.0,478.0,498.200012,490.62353499999995,3543.0
2019-01-22,488.299988,492.0,481.10000599999995,486.799988,479.39688099999995,281.0
2019-01-23,489.950012,490.0,481.200012,481.25,473.931305,633.0
2019-01-24,481.0,488.75,481.0,484.89999400000005,477.52578700000004,206.0
2019-01-25,481.049988,481.049988,447.14999400000005,450.299988,443.45196500000003,1113.0
2019-01-28,450.950012,470.0,410.25,423.5,417.05957,1393.0
2019-01-29,437.89999400000005,505.0,410.799988,488.950012,481.51419100000004,5743.0
2019-01-30,515.0,515.0,451.549988,459.950012,452.95523099999997,822.0
2019-01-31,474.0,474.0,421.049988,440.14999400000005,433.45635999999996,1717.0
2019-02-01,440.14999400000005,440.14999400000005,417.149994,436.5,429.86184699999995,257.0
2019-02-04,423.39999400000005,440.0,412.25,430.75,424.19930999999997,1352.0
2019-02-05,425.200012,440.0,422.0,438.0,431.33905,958.0
2019-02-06,426.049988,437.700012,410.049988,431.75,425.18408200000005,854.0
2019-02-07,435.0,436.950012,415.399994,422.64999400000005,416.222473,484.0
2019-02-08,443.049988,450.0,415.0,431.549988,424.987122,3551.0
2019-02-11,456.0,456.0,425.0,426.049988,419.57074000000006,472.0
2019-02-12,419.049988,445.0,410.049988,431.049988,424.49472000000003,1168.0
2019-02-14,445.0,474.950012,415.0,447.14999400000005,440.349884,7552.0
2019-02-15,455.0,455.0,421.14999400000005,437.700012,431.04360999999994,360.0
2019-02-18,422.049988,440.049988,420.0,421.75,415.336151,1629.0
2019-02-19,420.0,448.0,420.0,441.85000599999995,435.13049299999994,8996.0
2019-02-20,435.0,485.0,435.0,455.14999400000005,448.22821,796.0
2019-02-21,441.5,454.950012,441.0,441.64999400000005,434.933502,444.0
2019-02-22,451.200012,451.35000599999995,430.89999400000005,434.10000599999995,427.49835199999995,246.0
2019-02-25,440.049988,447.950012,439.950012,440.75,434.04721100000006,876.0
2019-02-26,433.799988,449.35000599999995,416.5,433.799988,427.20288099999993,1443.0
2019-02-27,440.0,445.0,431.25,434.450012,427.843018,356.0
2019-02-28,444.35000599999995,463.0,435.049988,456.85000599999995,449.902374,7641.0
2019-03-01,448.450012,460.0,442.0,449.89999400000005,443.05804400000005,380.0
2019-03-05,459.25,475.0,450.39999400000005,469.10000599999995,461.966095,2620.0
2019-03-06,469.10000599999995,470.0,451.39999400000005,454.75,447.83432,453.0
2019-03-07,446.549988,462.39999400000005,446.450012,454.299988,447.39114400000005,235.0
2019-03-08,444.39999400000005,456.950012,444.0,451.049988,444.19055199999997,321.0
2019-03-11,455.0,462.39999400000005,442.10000599999995,445.89999400000005,439.118896,3044.0
2019-03-12,450.049988,450.64999400000005,433.10000599999995,435.14999400000005,428.532379,5609.0
2019-03-13,435.14999400000005,449.950012,430.0,432.950012,426.36584500000004,5485.0
2019-03-14,433.299988,450.0,432.0,446.049988,439.266602,2234.0
2019-03-15,432.700012,450.0,432.700012,448.549988,441.728607,539.0
2019-03-18,478.89999400000005,478.89999400000005,430.14999400000005,441.549988,434.835022,2269.0
2019-03-19,440.10000599999995,440.10000599999995,432.0,435.950012,429.320221,1731.0
2019-03-20,432.200012,437.89999400000005,427.0,432.10000599999995,425.52874800000006,152.0
2019-03-22,427.5,439.0,425.0,437.10000599999995,430.45272800000004,3252.0
2019-03-25,437.10000599999995,438.0,429.14999400000005,435.14999400000005,428.532379,399.0
2019-03-26,431.049988,449.39999400000005,423.700012,438.450012,431.782196,2923.0
2019-03-27,443.39999400000005,445.0,435.10000599999995,441.200012,434.490387,3267.0
2019-03-28,449.0,453.0,442.39999400000005,450.049988,443.20575,5794.0
2019-04-01,435.049988,470.0,422.60000599999995,443.14999400000005,436.41070599999995,1074.0
2019-04-02,454.200012,454.200012,435.39999400000005,447.450012,440.645325,345.0
2019-04-03,450.0,450.0,430.049988,434.950012,428.33541900000006,1407.0
2019-04-04,438.39999400000005,438.39999400000005,435.0,437.950012,431.289825,324.0
2019-04-05,430.049988,445.0,425.0,442.75,436.01681500000007,1999.0
2019-04-08,448.89999400000005,448.89999400000005,439.60000599999995,440.35000599999995,433.65329,3017.0
2019-04-09,433.10000599999995,444.450012,433.0,437.049988,430.403473,868.0
2019-04-10,433.549988,461.799988,433.549988,450.35000599999995,443.50125099999997,1988.0
2019-04-11,454.950012,454.950012,440.0,440.60000599999995,433.899506,263.0
2019-04-12,450.0,451.60000599999995,446.5,449.64999400000005,442.81185899999997,1925.0
2019-04-15,455.0,469.0,440.049988,458.700012,451.72424299999994,1843.0
2019-04-16,463.950012,464.39999400000005,442.5,445.64999400000005,438.87268099999994,1270.0
2019-04-18,454.39999400000005,454.39999400000005,434.89999400000005,436.299988,429.664886,2298.0
2019-04-22,446.700012,449.89999400000005,438.0,445.35000599999995,438.577271,563.0
2019-04-23,454.950012,506.0,451.39999400000005,477.14999400000005,469.893646,8159.0
2019-04-24,485.0,505.799988,485.0,498.75,491.165161,6283.0
2019-04-25,497.5,499.85000599999995,481.049988,484.950012,477.57507300000003,1733.0
2019-04-26,496.35000599999995,500.0,481.10000599999995,496.75,489.195587,1888.0
2019-04-30,494.39999400000005,494.39999400000005,463.10000599999995,466.14999400000005,459.06094400000006,1766.0
2019-05-02,465.049988,479.950012,451.0,457.85000599999995,450.88717699999995,710.0
2019-05-03,469.299988,469.299988,455.299988,460.14999400000005,453.15216100000004,1113.0
2019-05-06,448.950012,466.64999400000005,432.5,448.75,441.925537,910.0
2019-05-07,460.0,460.0,445.049988,449.25,442.417938,701.0
2019-05-08,459.35000599999995,459.39999400000005,440.0,441.64999400000005,434.933502,416.0
2019-05-09,434.049988,454.89999400000005,434.049988,449.549988,442.71334800000005,1344.0
2019-05-10,459.39999400000005,459.39999400000005,430.0,433.14999400000005,426.562775,588.0
2019-05-13,425.10000599999995,444.0,425.049988,440.0,433.308594,3345.0
2019-05-14,449.950012,450.0,431.200012,442.799988,436.06600999999995,454.0
2019-05-15,453.39999400000005,453.39999400000005,435.549988,447.89999400000005,441.08847000000003,1420.0
2019-05-16,459.10000599999995,459.10000599999995,435.14999400000005,438.200012,431.53598,285.0
2019-05-17,447.39999400000005,447.39999400000005,430.0,434.049988,427.449097,462.0
2019-05-20,460.0,460.0,436.0,442.75,436.01681500000007,642.0
2019-05-21,438.10000599999995,450.049988,427.10000599999995,438.950012,432.27459699999997,3473.0
2019-05-22,446.0,446.0,412.600006,421.25,414.84375,3193.0
2019-05-23,445.0,445.0,410.0,417.299988,410.953827,2884.0
2019-05-24,436.5,445.0,413.649994,431.0,424.445496,1267.0
2019-05-27,443.0,459.39999400000005,416.649994,452.85000599999995,445.963196,1605.0
2019-05-28,421.0,490.0,421.0,484.049988,476.688721,5249.0
2019-05-29,494.049988,494.049988,440.0,456.200012,449.26226799999995,1889.0
2019-05-30,460.450012,472.0,453.0,465.0,457.92843600000003,1213.0
2019-05-31,491.5,491.5,445.5,453.14999400000005,446.258636,1078.0
2019-06-03,469.450012,469.450012,435.14999400000005,442.0,435.27819800000003,983.0
2019-06-04,464.950012,464.950012,436.799988,453.25,446.357117,454.0
2019-06-06,462.39999400000005,462.39999400000005,442.14999400000005,449.89999400000005,443.05804400000005,268.0
2019-06-07,459.950012,459.950012,439.950012,450.0,443.15655499999997,839.0
2019-06-10,468.39999400000005,468.39999400000005,436.549988,450.049988,443.20575,673.0
2019-06-11,463.39999400000005,463.39999400000005,439.950012,443.89999400000005,437.14932300000004,451.0
2019-06-12,464.0,464.0,432.0,450.0,443.15655499999997,1211.0
2019-06-13,457.950012,457.950012,430.0,448.35000599999995,441.53164699999996,1238.0
2019-06-14,448.35000599999995,448.35000599999995,430.0,433.0,426.41507,585.0
2019-06-17,453.0,453.0,424.0,425.60000599999995,419.127625,1034.0
2019-06-18,432.0,441.0,425.0,429.0,422.475891,791.0
2019-06-19,439.35000599999995,439.39999400000005,403.350006,407.549988,401.352081,11544.0
2019-06-20,425.950012,444.200012,409.0,431.700012,425.134857,1594.0
2019-06-21,439.0,439.0,425.0,425.0,418.53671299999996,395.0
2019-06-24,435.0,435.0,420.0,423.35000599999995,416.911804,426.0
2019-06-25,423.35000599999995,426.35000599999995,401.5,410.350006,404.10952799999995,3836.0
2019-06-26,425.0,425.0,410.0,419.60000599999995,413.218842,359.0
2019-06-27,419.950012,425.0,406.0,420.049988,413.662018,4832.0
2019-06-28,427.39999400000005,430.0,413.049988,421.39999400000005,414.991455,2675.0
2019-07-01,428.950012,428.950012,408.0,410.75,404.503448,707.0
2019-07-02,410.75,422.0,410.049988,417.799988,411.44622799999996,1072.0
2019-07-03,421.950012,421.950012,402.549988,405.5,399.333282,1008.0
2019-07-04,411.950012,422.0,410.0,417.450012,411.101563,3005.0
2019-07-05,425.0,430.0,415.0,424.60000599999995,418.142822,501.0
2019-07-08,425.0,425.0,407.049988,414.049988,407.753235,263.0
2019-07-09,425.0,425.0,391.049988,404.049988,397.905334,855.0
2019-07-10,417.0,417.0,400.0,410.100006,403.863342,371.0
2019-07-11,412.399994,412.399994,400.399994,410.0,403.76483199999996,195.0
2019-07-12,455.10000599999995,455.10000599999995,380.399994,396.5,390.470154,451.0
2019-07-15,397.0,406.350006,386.049988,388.950012,383.034973,740.0
2019-07-16,399.950012,399.950012,370.0,379.700012,373.925629,1074.0
2019-07-17,376.850006,404.0,356.899994,393.600006,387.614258,2243.0
2019-07-18,386.100006,413.0,385.0,391.75,385.792389,854.0
2019-07-19,381.0,387.0,372.399994,378.600006,372.842377,1370.0
2019-07-22,373.649994,383.200012,363.5,375.0,369.297119,439.0
2019-07-23,385.0,391.0,376.399994,386.899994,381.016144,766.0
2019-07-24,399.0,399.0,367.100006,374.5,368.80471800000004,344.0
2019-07-25,365.049988,387.950012,365.049988,379.200012,373.433258,235.0
2019-07-26,386.399994,386.399994,368.5,376.799988,371.069733,601.0
2019-07-29,379.350006,379.350006,360.0,364.0,358.46441699999997,697.0
2019-07-30,369.399994,369.399994,324.0,336.399994,331.284119,1883.0
2019-07-31,326.299988,341.899994,316.200012,328.700012,323.701233,267.0
2019-08-01,339.950012,339.950012,292.5,310.350006,305.63027999999997,2870.0
2019-08-02,319.0,319.0,296.0,313.600006,308.830902,1239.0
2019-08-05,309.399994,309.399994,280.0,299.850006,295.28997799999996,14973.0
2019-08-06,303.399994,320.75,303.0,318.100006,313.262421,335.0
2019-08-07,337.200012,340.0,300.399994,312.299988,307.550598,615.0
2019-08-08,319.399994,319.399994,296.0,306.299988,301.64187599999997,13003.0
2019-08-09,323.950012,323.950012,303.049988,318.700012,313.853333,29326.0
2019-08-13,334.399994,334.399994,310.0,319.700012,314.838135,4490.0
2019-08-14,348.0,348.0,310.0,310.299988,305.581055,4813.0
2019-08-16,310.5,318.0,310.0,315.799988,310.997406,5091.0
2019-08-19,334.700012,334.700012,311.549988,315.200012,310.40655499999997,1694.0
2019-08-20,333.950012,333.950012,310.0,310.950012,306.22119100000003,917.0
2019-08-21,310.549988,330.0,310.549988,324.75,319.81131,4380.0
2019-08-22,330.0,338.950012,310.0,310.200012,307.852509,1071.0
2019-08-23,312.049988,327.799988,312.0,325.049988,322.590118,1426.0
2019-08-26,348.399994,348.399994,313.049988,316.149994,313.757477,201.0
2019-08-27,344.399994,344.399994,312.200012,336.549988,334.003082,1502.0
2019-08-28,348.350006,348.350006,320.399994,325.0,322.540497,628.0
2019-08-29,339.350006,339.350006,320.0,330.350006,327.850006,1429.0
2019-08-30,327.0,366.0,321.450012,345.5,345.5,1988.0
2019-09-03,346.0,375.0,325.049988,335.100006,335.100006,2087.0
2019-09-04,354.950012,362.5,336.0,362.399994,362.399994,2354.0
2019-09-05,351.0,362.5,340.0,341.799988,341.799988,2967.0
2019-09-06,349.0,364.950012,341.049988,352.149994,352.149994,10603.0
2019-09-09,355.5,360.0,337.450012,356.600006,356.600006,1900.0
2019-09-11,369.950012,369.950012,345.25,347.950012,347.950012,2250.0
2019-09-12,369.950012,369.950012,350.0,352.700012,352.700012,273.0
2019-09-13,335.200012,361.049988,335.0,340.200012,340.200012,685.0
2019-09-16,358.399994,358.399994,321.399994,344.899994,344.899994,216.0
2019-09-17,369.950012,369.950012,322.0,327.299988,327.299988,529.0
2019-09-18,349.350006,349.350006,325.0,326.75,326.75,396.0
2019-09-19,347.950012,347.950012,314.049988,319.950012,319.950012,908.0
2019-09-20,340.0,340.0,323.049988,337.200012,337.200012,466.0
2019-09-23,340.0,350.049988,337.100006,341.200012,341.200012,2055.0
2019-09-24,355.0,393.399994,345.0,362.75,362.75,3720.0
2019-09-25,400.799988,400.799988,360.049988,362.649994,362.649994,178.0
2019-09-26,395.950012,395.950012,356.450012,368.700012,368.700012,4006.0
2019-09-27,389.399994,389.399994,352.549988,372.75,372.75,1903.0
2019-09-30,374.75,384.25,350.0,373.799988,373.799988,1554.0
2019-10-01,384.950012,384.950012,350.0,369.899994,369.899994,1564.0
2019-10-03,378.75,378.75,352.100006,362.299988,362.299988,1167.0
2019-10-04,377.799988,390.0,355.850006,380.049988,380.049988,2147.0
2019-10-07,420.0,420.0,380.0,382.100006,382.100006,1907.0
2019-10-09,384.399994,389.950012,380.0,389.549988,389.549988,2061.0
2019-10-10,385.049988,399.25,380.0,380.049988,380.049988,1441.0
2019-10-11,390.0,390.0,380.0,380.0,380.0,3686.0
2019-10-14,387.350006,387.350006,357.950012,365.75,365.75,274.0
2019-10-15,373.399994,373.399994,372.100006,372.100006,372.100006,4.0
2019-10-16,386.399994,386.399994,361.299988,371.0,371.0,310.0
2019-10-17,345.049988,379.899994,345.049988,371.299988,371.299988,185.0
2019-10-18,397.700012,397.700012,357.0,367.950012,367.950012,1264.0
2019-10-22,364.600006,364.649994,364.600006,364.600006,364.600006,3.0
2019-10-23,361.549988,384.549988,339.299988,350.600006,350.600006,1421.0
2019-10-24,351.049988,364.850006,335.0,341.149994,341.149994,361.0
2019-10-25,352.0,352.0,333.5,336.75,336.75,682.0
2019-10-27,,,,,,
2019-10-29,338.649994,351.450012,338.149994,344.100006,344.100006,796.0
2019-10-30,340.0,354.950012,330.0,335.149994,335.149994,1276.0
2019-10-31,333.0,375.0,333.0,366.25,366.25,2409.0
2019-11-01,365.5,380.0,346.100006,376.25,376.25,2468.0
2019-11-04,380.950012,424.39999400000005,370.0,370.25,370.25,2015.0
2019-11-05,388.399994,388.399994,330.0,338.899994,338.899994,1012.0
2019-11-06,354.950012,364.0,345.0,349.399994,349.399994,1666.0
2019-11-07,342.0,364.0,342.0,346.649994,346.649994,815.0
2019-11-08,349.850006,360.0,340.0,344.25,344.25,2190.0
2019-11-11,359.350006,359.350006,316.75,324.850006,324.850006,1960.0
2019-11-13,349.399994,349.399994,305.0,315.549988,315.549988,1691.0
2019-11-14,334.399994,340.100006,312.5,322.899994,322.899994,1623.0
2019-11-15,322.899994,332.950012,312.100006,320.850006,320.850006,814.0
2019-11-18,314.0,350.0,314.0,338.649994,338.649994,3409.0
2019-11-19,350.0,350.0,336.549988,340.649994,340.649994,951.0
2019-11-20,347.149994,371.0,327.399994,334.149994,334.149994,3004.0
2019-11-21,338.399994,339.899994,328.0,335.200012,335.200012,1230.0
2019-11-22,339.799988,339.799988,327.049988,333.950012,333.950012,398.0
2019-11-25,334.350006,334.350006,324.950012,325.25,325.25,650.0
2019-11-26,325.049988,345.450012,314.100006,317.100006,317.100006,1504.0
2019-11-27,314.0,331.0,314.0,330.399994,330.399994,1758.0
2019-11-28,340.899994,344.0,314.200012,339.0,339.0,833.0
2019-11-29,338.399994,339.299988,322.350006,327.350006,327.350006,570.0
2019-12-02,349.950012,349.950012,321.049988,325.450012,325.450012,863.0
2019-12-03,338.950012,338.950012,319.049988,322.600006,322.600006,1018.0
2019-12-04,330.0,330.0,316.25,322.450012,322.450012,3787.0
2019-12-05,335.649994,335.649994,325.0,328.450012,328.450012,709.0
2019-12-06,340.899994,340.899994,321.5,322.75,322.75,29.0
2019-12-09,329.399994,336.0,316.0,327.5,327.5,1648.0
2019-12-10,334.600006,334.600006,320.049988,321.0,321.0,662.0
2019-12-11,328.950012,328.950012,322.450012,324.0,324.0,187.0
2019-12-12,331.899994,331.899994,316.100006,325.399994,325.399994,1269.0
2019-12-13,330.0,330.0,319.049988,323.149994,323.149994,2659.0
2019-12-16,316.0,327.950012,310.049988,312.600006,312.600006,2647.0
2019-12-17,321.450012,330.0,314.0,319.5,319.5,832.0
2019-12-18,325.0,325.0,320.0,321.450012,321.450012,862.0
2019-12-19,327.700012,327.700012,325.549988,325.549988,325.549988,8.0
2019-12-20,335.700012,335.700012,316.0,323.600006,323.600006,11.0
2019-12-23,318.450012,324.950012,306.100006,308.799988,308.799988,2277.0
2019-12-24,327.899994,327.899994,301.100006,305.100006,305.100006,4993.0
2019-12-26,309.700012,309.700012,302.649994,307.399994,307.399994,577.0
2019-12-27,309.350006,310.0,303.149994,308.0,308.0,1382.0
2019-12-30,300.0,313.950012,300.0,312.100006,312.100006,1134.0
2019-12-31,317.950012,349.600006,308.0,314.549988,314.549988,1273.0
2020-01-01,321.850006,321.850006,307.200012,318.100006,318.100006,691.0
2020-01-02,322.899994,322.899994,307.75,309.899994,309.899994,1785.0
2020-01-03,312.0,316.700012,285.549988,307.600006,307.600006,2294.0
2020-01-06,298.049988,317.75,298.049988,313.950012,313.950012,1794.0
2020-01-07,314.75,314.75,307.5,309.0,309.0,2186.0
2020-01-08,312.399994,320.0,312.399994,317.899994,317.899994,1149.0
2020-01-09,321.0,330.0,315.0,323.700012,323.700012,1493.0
2020-01-10,329.0,329.0,315.5,320.0,320.0,918.0
2020-01-13,332.399994,332.399994,312.149994,320.399994,320.399994,1234.0
2020-01-14,316.850006,330.0,316.850006,324.399994,324.399994,213.0
2020-01-15,320.0,333.950012,315.0,327.149994,327.149994,1539.0
2020-01-16,325.0,332.950012,325.0,325.799988,325.799988,1020.0
2020-01-17,332.5,332.5,325.0,325.200012,325.200012,145.0
2020-01-20,330.899994,330.950012,315.0,315.700012,315.700012,513.0
2020-01-21,312.450012,322.350006,312.0,313.149994,313.149994,341.0
2020-01-22,315.049988,320.0,307.0,313.399994,313.399994,650.0
2020-01-23,313.399994,318.5,304.5,310.200012,310.200012,2554.0
2020-01-24,,,,,,
2020-01-27,318.299988,318.299988,304.200012,305.799988,305.799988,613.0
2020-01-28,309.799988,309.799988,285.0,289.700012,289.700012,1390.0
2020-01-29,294.799988,294.799988,271.700012,277.100006,277.100006,6331.0
2020-01-30,277.850006,285.950012,276.149994,284.5,284.5,1563.0
2020-01-31,294.5,317.0,280.0,302.0,302.0,5168.0
