2014-12-15,183.25,184.5,183.25,184.0,184.0,1845.0
2014-12-16,184.0,184.0,178.5,179.580002,179.580002,2659.0
2014-12-17,180.0,181.0,175.050003,179.0,179.0,921.0
2014-12-18,182.0,182.490005,181.75,182.0,182.0,991.0
2014-12-19,184.800003,186.0,184.0,184.600006,184.600006,11189.0
2014-12-22,185.0,187.0,184.5,187.0,187.0,801.0
2014-12-23,188.5,188.5,186.0,187.5,187.5,565.0
2014-12-24,186.0,187.0,186.0,186.25,186.25,545.0
2014-12-26,186.5,187.0,185.0,185.889999,185.889999,1714.0
2014-12-29,187.0,187.0,186.100006,186.83999599999999,186.83999599999999,1064.0
2014-12-30,187.0,187.0,185.800003,186.5,186.5,3900.0
2014-12-31,187.0,187.75,187.0,187.0,187.0,1500.0
2015-01-01,187.0,187.5,186.5,186.899994,186.899994,231.0
2015-01-02,189.25,191.0,189.0,190.800003,190.800003,1132.0
2015-01-05,192.0,193.0,190.0,191.0,191.0,857.0
2015-01-06,188.0,188.5,186.5,187.5,187.5,1102.0
2015-01-07,184.0,185.0,183.800003,184.5,184.5,625.0
2015-01-08,186.5,188.0,186.5,187.0,187.0,516.0
2015-01-09,189.0,189.0,186.0,186.5,186.5,321.0
2015-01-12,185.5,188.0,185.5,188.0,188.0,626.0
2015-01-13,189.0,189.0,189.0,189.0,189.0,90.0
2015-01-14,188.0,188.0,188.0,188.0,188.0,10.0
2015-01-15,190.5,191.0,189.0,189.130005,189.130005,647.0
2015-01-16,192.0,192.0,190.0,190.940002,190.940002,260.0
2015-01-19,192.5,193.0,192.0,193.0,193.0,525.0
2015-01-20,194.5,198.0,194.5,198.0,198.0,493.0
2015-01-21,205.0,205.0,187.25,197.880005,197.880005,1562.0
2015-01-22,198.0,199.0,198.0,199.0,199.0,256.0
2015-01-23,202.0,207.0,201.0,201.0,201.0,927.0
2015-01-27,206.990005,206.990005,194.729996,204.940002,204.940002,15601.0
2015-01-28,204.899994,206.0,204.899994,205.16000400000001,205.16000400000001,561.0
2015-01-29,204.5,206.0,204.0,204.5,204.5,1523.0
2015-01-30,204.0,204.0,196.050003,200.0,200.0,1135.0
2015-02-02,197.75,199.0,197.0,198.949997,198.949997,702.0
2015-02-03,200.0,201.0,195.050003,197.0,197.0,987.0
2015-02-04,195.0,196.0,192.5,193.240005,193.240005,1217.0
2015-02-05,191.0,195.0,191.0,191.050003,191.050003,18826.0
2015-02-06,190.0,192.0,187.050003,189.809998,189.809998,814.0
2015-02-09,185.059998,188.0,185.059998,185.5,185.5,324.0
2015-02-10,185.009995,187.0,185.0,186.0,186.0,491.0
2015-02-11,189.0,191.0,189.0,191.0,191.0,436.0
2015-02-12,189.5,192.0,188.0,191.179993,191.179993,783.0
2015-02-13,191.0,192.0,191.0,192.0,192.0,200.0
2015-02-16,195.5,197.0,193.0,193.220001,193.220001,1241.0
2015-02-18,193.0,193.100006,193.0,193.100006,193.100006,250.0
2015-02-19,193.0,194.0,191.0,193.0,193.0,330.0
2015-02-20,193.0,195.0,192.0,192.5,192.5,355.0
2015-02-23,193.0,193.0,190.0,190.199997,190.199997,455.0
2015-02-24,189.0,190.0,176.5,183.699997,183.699997,3924.0
2015-02-25,190.0,190.0,188.0,189.0,189.0,457.0
2015-02-26,187.020004,187.020004,184.5,184.869995,184.869995,304.0
2015-02-27,187.0,189.0,186.009995,188.08999599999999,188.08999599999999,335.0
2015-02-28,,,,,,
2015-03-02,199.0,200.0,195.0,198.0,198.0,1926.0
2015-03-03,198.25,200.0,198.0,199.0,199.0,856.0
2015-03-04,201.0,202.0,195.259995,196.0,196.0,2538.0
2015-03-05,197.0,199.0,195.550003,197.929993,197.929993,4298.0
2015-03-09,195.0,195.0,192.0,192.009995,192.009995,2234.0
2015-03-10,193.0,193.0,190.0,191.0,191.0,1901.0
2015-03-11,193.0,194.0,191.5,193.490005,193.490005,460.0
2015-03-12,193.0,193.990005,193.0,193.990005,193.990005,20.0
2015-03-13,194.0,194.0,188.199997,188.869995,188.869995,602.0
2015-03-16,188.25,190.0,186.0,189.100006,189.100006,1834.0
2015-03-17,190.0,190.0,188.0,190.0,190.0,201.0
2015-03-18,191.0,191.0,189.0,189.0,189.0,46.0
2015-03-19,192.0,195.0,184.5,187.550003,187.550003,3242.0
2015-03-20,188.0,189.0,188.0,188.25,188.25,36.0
2015-03-23,187.0,189.0,185.0,187.25,187.25,576.0
2015-03-24,184.5,187.0,184.5,186.0,186.0,1894.0
2015-03-25,184.0,185.0,183.130005,183.369995,183.369995,281.0
2015-03-26,183.0,183.0,178.75,178.96000700000002,178.96000700000002,2808.0
2015-03-27,180.0,180.0,178.0,179.800003,179.800003,1362.0
2015-03-30,183.0,184.0,180.550003,182.0,182.0,937.0
2015-03-31,182.0,184.990005,180.0,180.41000400000001,180.41000400000001,3288.0
2015-04-01,182.5,186.0,175.600006,184.520004,184.520004,6173.0
2015-04-06,186.5,186.5,185.100006,185.100006,185.100006,55.0
2015-04-07,186.0,186.399994,183.020004,184.020004,184.020004,726.0
2015-04-08,185.5,187.0,184.5,185.970001,185.970001,1217.0
2015-04-09,186.0,190.0,185.53999299999998,189.369995,189.369995,437.0
2015-04-10,190.899994,192.0,187.009995,187.619995,187.619995,13049.0
2015-04-13,187.0,188.0,186.0,187.020004,187.020004,2290.0
2015-04-15,188.0,192.0,188.0,189.0,189.0,136.0
2015-04-16,186.5,187.0,186.0,186.0,186.0,299.0
2015-04-17,186.0,186.0,183.0,183.009995,183.009995,3462.0
2015-04-20,185.0,195.0,182.100006,183.0,183.0,18308.0
2015-04-21,184.0,186.800003,182.0,185.490005,185.490005,29166.0
2015-04-22,185.0,187.300003,180.0,182.880005,182.880005,40133.0
2015-04-23,184.0,186.0,182.5,184.320007,184.320007,11621.0
2015-04-24,182.100006,182.5,180.509995,181.490005,181.490005,10852.0
2015-04-27,182.0,182.5,180.0,180.0,180.0,17521.0
2015-04-28,180.75,183.699997,180.16000400000001,183.190002,183.190002,12922.0
2015-04-29,185.399994,185.5,183.0,184.729996,184.729996,5527.0
2015-04-30,190.0,190.0,184.0,187.770004,187.770004,54415.0
2015-05-04,188.0,188.899994,186.5,186.929993,186.929993,2970.0
2015-05-05,187.0,188.0,186.75,187.78999299999998,187.78999299999998,3070.0
2015-05-06,198.949997,198.949997,181.130005,181.860001,181.860001,6587.0
2015-05-07,178.5,187.96000700000002,174.5,174.899994,174.899994,16117.0
2015-05-08,185.0,185.0,178.0,179.470001,179.470001,10516.0
2015-05-11,179.5,181.0,179.5,180.0,180.0,1052.0
2015-05-12,180.5,180.5,177.0,177.0,177.0,559.0
2015-05-13,179.0,180.429993,178.009995,179.33999599999999,179.33999599999999,865.0
2015-05-14,180.0,180.990005,180.0,180.990005,180.990005,136.0
2015-05-15,181.0,183.0,181.0,182.25,182.25,6542.0
2015-05-18,189.429993,189.429993,182.0,182.899994,182.899994,713.0
2015-05-19,183.0,184.490005,182.75,184.440002,184.440002,3355.0
2015-05-20,184.0,188.800003,184.0,185.58999599999999,185.58999599999999,3377.0
2015-05-21,188.899994,188.899994,184.649994,185.5,185.5,1554.0
2015-05-22,185.0,186.979996,183.0,184.009995,184.009995,1566.0
2015-05-25,184.0,185.0,183.0,183.580002,183.580002,4915.0
2015-05-26,184.0,184.0,182.0,183.0,183.0,2893.0
2015-05-27,183.0,185.0,182.0,184.91000400000001,184.91000400000001,1895.0
2015-05-28,188.990005,188.990005,184.5,184.5,184.5,456.0
2015-05-29,185.0,186.479996,185.0,186.449997,186.449997,416.0
2015-06-01,188.25,188.25,186.0,186.0,186.0,162.0
2015-06-02,187.0,187.770004,180.020004,181.0,181.0,1302.0
2015-06-03,179.5,180.929993,176.0,178.860001,178.860001,4554.0
2015-06-04,178.0,178.990005,175.0,178.990005,178.990005,387.0
2015-06-05,177.0,179.899994,176.509995,179.28999299999998,179.28999299999998,1179.0
2015-06-08,177.0,178.0,175.0,175.0,175.0,3202.0
2015-06-09,176.0,178.0,175.5,178.0,178.0,212.0
2015-06-10,178.0,179.0,175.0,178.0,178.0,902.0
2015-06-11,178.0,178.0,173.0,173.0,173.0,1058.0
2015-06-12,174.0,175.0,172.029999,175.0,175.0,554.0
2015-06-15,184.990005,184.990005,173.0,175.990005,175.990005,10955.0
2015-06-16,175.0,177.0,174.0,177.0,177.0,453.0
2015-06-17,178.0,178.0,178.0,178.0,178.0,102.0
2015-06-18,187.509995,187.979996,176.0,176.389999,176.389999,3472.0
2015-06-19,181.800003,182.990005,175.110001,181.970001,181.970001,368.0
2015-06-22,182.0,184.5,181.899994,183.0,183.0,6876.0
2015-06-23,184.0,186.800003,180.0,184.830002,184.830002,40643.0
2015-06-24,184.0,185.0,183.0,184.130005,184.130005,7370.0
2015-06-25,184.0,185.5,183.0,184.279999,184.279999,7201.0
2015-06-26,185.0,185.0,183.0,183.509995,183.509995,1863.0
2015-06-29,180.009995,183.399994,179.020004,181.759995,181.759995,48284.0
2015-06-30,184.0,184.0,181.5,183.270004,183.270004,29392.0
2015-07-01,183.5,186.800003,182.009995,185.720001,185.720001,54054.0
2015-07-02,185.0,191.0,185.0,187.029999,187.029999,120131.0
2015-07-03,188.850006,188.850006,187.0,187.690002,187.690002,6215.0
2015-07-06,183.0,193.300003,183.0,189.139999,189.139999,86016.0
2015-07-07,189.0,194.800003,188.100006,189.0,189.0,63329.0
2015-07-08,186.100006,189.800003,186.0,187.0,187.0,726.0
2015-07-09,186.0,189.5,185.5,186.100006,186.100006,7968.0
2015-07-10,187.0,189.5,186.16000400000001,189.479996,189.479996,232.0
2015-07-13,189.0,190.0,187.259995,189.0,189.0,3600.0
2015-07-14,189.0,193.0,188.5,192.679993,192.679993,27435.0
2015-07-15,189.5,192.800003,189.029999,190.100006,190.100006,47254.0
2015-07-16,191.0,193.0,191.0,192.919998,192.919998,90680.0
2015-07-17,193.0,195.899994,191.559998,192.449997,192.449997,34280.0
2015-07-20,192.0,194.759995,190.029999,192.08999599999999,192.08999599999999,43572.0
2015-07-21,191.059998,193.0,189.009995,192.779999,192.779999,45685.0
2015-07-22,190.0,191.5,187.199997,191.300003,191.300003,163399.0
2015-07-23,189.050003,192.0,189.050003,189.949997,189.949997,1078.0
2015-07-24,188.0,189.899994,188.0,188.139999,188.139999,46062.0
2015-07-27,191.0,191.0,184.399994,184.639999,184.639999,54892.0
2015-07-28,183.5,185.5,183.5,183.610001,183.610001,346.0
2015-07-29,184.5,185.869995,184.009995,184.309998,184.309998,615.0
2015-07-30,189.0,189.0,185.009995,186.800003,186.800003,77945.0
2015-07-31,185.0,189.5,185.0,188.78999299999998,188.78999299999998,102357.0
2015-08-03,189.100006,190.779999,189.100006,190.470001,190.470001,35513.0
2015-08-04,189.25,191.699997,189.0,191.029999,191.029999,35650.0
2015-08-05,192.0,192.25,189.860001,191.0,191.0,95371.0
2015-08-06,190.0,192.100006,189.559998,191.639999,191.639999,32033.0
2015-08-07,191.699997,194.399994,190.050003,192.899994,192.899994,93142.0
2015-08-10,192.899994,193.800003,190.0,190.550003,190.550003,41775.0
2015-08-11,190.0,191.0,187.389999,188.58999599999999,188.58999599999999,40186.0
2015-08-12,186.5,187.119995,183.0,184.009995,184.009995,25710.0
2015-08-13,185.929993,186.0,183.0,183.199997,183.199997,566.0
2015-08-14,185.0,188.820007,184.5,188.820007,188.820007,32972.0
2015-08-17,187.600006,189.5,187.600006,189.059998,189.059998,2777.0
2015-08-18,189.940002,190.0,187.600006,189.21000700000002,189.21000700000002,2790.0
2015-08-19,189.0,191.25,188.100006,189.529999,189.529999,44757.0
2015-08-20,186.5,188.0,184.509995,186.889999,186.889999,2210.0
2015-08-21,182.009995,184.0,180.0,183.029999,183.029999,2020.0
2015-08-24,175.0,177.300003,170.0,171.649994,171.649994,12918.0
2015-08-25,173.0,177.0,169.899994,172.940002,172.940002,3318.0
2015-08-26,172.0,172.5,172.0,172.0,172.0,311.0
2015-08-27,173.0,174.699997,172.100006,174.0,174.0,2060.0
2015-08-28,176.75,177.25,174.5,174.5,174.5,6270.0
2015-08-31,175.419998,175.899994,173.110001,174.350006,174.350006,101585.0
2015-09-01,171.0,171.0,167.0,168.5,168.5,14468.0
2015-09-02,169.0,171.440002,164.429993,165.580002,165.580002,119885.0
2015-09-03,165.850006,167.600006,164.649994,166.169998,166.169998,22861.0
2015-09-04,164.119995,164.119995,161.25,162.679993,162.679993,37659.0
2015-09-07,163.5,164.5,159.5,160.679993,160.679993,38552.0
2015-09-08,160.5,165.979996,160.5,164.53999299999998,164.53999299999998,18835.0
2015-09-09,165.5,168.490005,165.5,167.5,167.5,7981.0
2015-09-10,163.550003,168.800003,163.550003,168.029999,168.029999,18402.0
2015-09-11,168.5,168.990005,167.0,167.820007,167.820007,8982.0
2015-09-14,168.0,170.0,168.0,170.0,170.0,1578.0
2015-09-15,170.0,170.0,168.600006,169.0,169.0,4444.0
2015-09-16,171.119995,171.119995,169.770004,169.820007,169.820007,3813.0
2015-09-18,174.899994,177.490005,174.0,175.009995,175.009995,12633.0
2015-09-21,174.5,176.5,174.5,176.5,176.5,5565.0
2015-09-22,178.490005,178.490005,171.0,171.0,171.0,9454.0
2015-09-23,170.979996,174.0,170.979996,174.0,174.0,3045.0
2015-09-24,175.009995,175.100006,173.0,174.050003,174.050003,2039.0
2015-09-28,174.0,176.0,172.71000700000002,173.0,173.0,15726.0
2015-09-29,170.119995,176.449997,168.5,175.0,175.0,98254.0
2015-09-30,175.020004,175.020004,173.21000700000002,174.270004,174.270004,3349.0
2015-10-01,173.16000400000001,174.100006,173.0,173.199997,173.199997,355.0
2015-10-05,176.0,177.5,175.75,177.449997,177.449997,1601.0
2015-10-06,180.46000700000002,180.46000700000002,177.0,177.550003,177.550003,8717.0
2015-10-07,177.0,178.779999,177.0,178.050003,178.050003,1065.0
2015-10-08,178.800003,178.800003,176.009995,177.229996,177.229996,6164.0
2015-10-09,179.139999,179.139999,177.199997,177.199997,177.199997,911.0
2015-10-12,176.520004,178.5,176.520004,178.0,178.0,391.0
2015-10-13,177.009995,177.009995,176.520004,176.520004,176.520004,403.0
2015-10-14,177.0,177.0,176.179993,176.179993,176.179993,66.0
2015-10-15,177.5,178.600006,177.429993,178.0,178.0,33107.0
2015-10-16,178.0,180.380005,177.0,180.100006,180.100006,27273.0
2015-10-19,179.899994,180.130005,179.0,179.5,179.5,9017.0
2015-10-20,179.5,180.0,178.75,179.0,179.0,14464.0
2015-10-21,179.75,179.75,176.199997,177.880005,177.880005,16189.0
2015-10-23,179.369995,180.5,179.360001,180.5,180.5,227.0
2015-10-26,181.5,181.5,179.009995,179.009995,179.009995,27826.0
2015-10-27,179.0,179.25,178.550003,179.25,179.25,6300.0
2015-10-28,178.0,178.5,175.020004,175.899994,175.899994,3344.0
2015-10-29,176.399994,176.399994,173.779999,173.820007,173.820007,12476.0
2015-10-30,175.880005,175.880005,174.0,174.699997,174.699997,16095.0
2015-11-02,174.21000700000002,175.990005,173.110001,175.490005,175.490005,34715.0
2015-11-03,175.300003,176.149994,174.16000400000001,174.580002,174.580002,37414.0
2015-11-04,176.0,176.0,173.610001,174.259995,174.259995,63595.0
2015-11-05,174.0,174.0,171.240005,171.880005,171.880005,86944.0
2015-11-06,171.0,172.899994,171.0,172.479996,172.479996,37823.0
2015-11-09,172.0,172.369995,166.029999,171.449997,171.449997,176903.0
2015-11-10,170.71000700000002,171.800003,169.800003,170.009995,170.009995,167485.0
2015-11-13,170.0,171.5,170.0,170.690002,170.690002,13474.0
2015-11-16,170.75,173.490005,170.75,173.149994,173.149994,11633.0
2015-11-17,173.0,174.0,171.75,173.0,173.0,6455.0
2015-11-18,173.5,173.5,169.21000700000002,170.0,170.0,17540.0
2015-11-19,170.5,172.0,170.5,171.880005,171.880005,14747.0
2015-11-20,171.399994,173.800003,171.399994,172.679993,172.679993,2908.0
2015-11-23,171.899994,173.440002,171.369995,172.830002,172.830002,52362.0
2015-11-24,171.529999,174.0,171.529999,172.080002,172.080002,50081.0
2015-11-26,172.220001,172.71000700000002,171.550003,171.71000700000002,171.71000700000002,22614.0
2015-11-27,172.0,175.649994,172.0,174.919998,174.919998,99092.0
2015-11-30,174.75,176.0,174.75,175.300003,175.300003,1368.0
2015-12-01,175.5,175.96000700000002,172.809998,175.490005,175.490005,175.0
2015-12-02,175.5,175.800003,174.0,174.0,174.0,102140.0
2015-12-03,174.0,174.0,173.0,173.169998,173.169998,104641.0
2015-12-04,172.0,172.0,170.550003,170.649994,170.649994,287.0
2015-12-07,171.0,172.0,170.800003,171.0,171.0,10780.0
2015-12-08,170.75,171.0,169.25,169.649994,169.649994,1480.0
2015-12-09,169.649994,170.850006,168.110001,168.600006,168.600006,31948.0
2015-12-10,169.0,169.350006,167.600006,168.690002,168.690002,92022.0
2015-12-11,168.199997,168.600006,164.759995,165.179993,165.179993,115673.0
2015-12-14,163.110001,166.399994,163.110001,164.899994,164.899994,61642.0
2015-12-15,164.899994,165.130005,163.03999299999998,164.949997,164.949997,24626.0
2015-12-16,165.690002,167.389999,165.690002,166.119995,166.119995,530.0
2015-12-17,167.070007,169.5,167.070007,169.5,169.5,123.0
2015-12-18,168.5,168.649994,167.5,167.75,167.75,5579.0
2015-12-21,167.75,169.0,167.75,169.0,169.0,1792.0
2015-12-22,168.5,170.399994,167.800003,167.899994,167.899994,45609.0
2015-12-23,169.5,170.0,169.21000700000002,169.25,169.25,15260.0
2015-12-24,169.130005,169.490005,168.600006,169.110001,169.110001,20173.0
2015-12-28,170.25,172.0,169.699997,171.0,171.0,55845.0
2015-12-29,170.5,172.75,170.5,171.75,171.75,23050.0
2015-12-30,171.5,171.75,170.71000700000002,171.490005,171.490005,60901.0
2015-12-31,170.5,171.0,170.320007,170.419998,170.419998,73.0
2016-01-01,170.419998,172.490005,170.0,172.0,172.0,419.0
2016-01-04,171.25,171.25,168.0,168.389999,168.389999,58832.0
2016-01-05,168.389999,168.389999,166.600006,167.5,167.5,69489.0
2016-01-06,166.940002,167.940002,166.119995,166.490005,166.490005,20661.0
2016-01-07,166.490005,171.5,162.0,163.139999,163.139999,70915.0
2016-01-08,165.059998,168.0,163.449997,166.970001,166.970001,103.0
2016-01-11,164.0,164.0,160.25,161.929993,161.929993,3671.0
2016-01-12,161.5,161.5,160.0,160.990005,160.990005,4761.0
2016-01-13,159.5,161.0,157.809998,160.520004,160.520004,20518.0
2016-01-14,158.0,160.0,157.100006,158.0,158.0,1296.0
2016-01-15,158.0,161.990005,153.550003,153.91000400000001,153.91000400000001,125325.0
2016-01-18,153.490005,155.08999599999999,151.199997,152.33999599999999,152.33999599999999,53080.0
2016-01-19,153.949997,154.83999599999999,153.449997,153.699997,153.699997,7548.0
2016-01-20,151.0,151.149994,148.699997,150.690002,150.690002,16661.0
2016-01-21,153.0,154.5,150.91000400000001,152.509995,152.509995,201756.0
2016-01-22,153.5,156.96000700000002,153.5,155.649994,155.649994,149959.0
2016-01-25,157.0,157.96000700000002,156.320007,157.96000700000002,157.96000700000002,416941.0
2016-01-27,158.25,158.889999,155.759995,157.669998,157.669998,350080.0
2016-01-28,156.009995,157.5,155.300003,155.979996,155.979996,340594.0
2016-01-29,155.550003,157.399994,154.0,157.169998,157.169998,407123.0
2016-02-01,157.0,157.0,154.699997,154.699997,154.699997,193395.0
2016-02-02,154.399994,156.899994,152.0,152.009995,152.009995,405843.0
2016-02-03,149.850006,151.33999599999999,149.5,150.28999299999998,150.28999299999998,9512.0
2016-02-04,150.869995,151.600006,149.5,150.33999599999999,150.33999599999999,32619.0
2016-02-05,151.440002,153.0,151.399994,153.0,153.0,26909.0
2016-02-08,153.5,154.979996,152.0,152.190002,152.190002,3654.0
2016-02-09,150.699997,151.0,150.199997,150.75,150.75,430.0
2016-02-10,149.0,149.0,146.75,147.0,147.0,12908.0
2016-02-11,147.0,147.0,140.270004,141.080002,141.080002,19118.0
2016-02-12,140.75,141.429993,138.550003,140.0,140.0,28847.0
2016-02-15,141.570007,145.779999,141.570007,145.28999299999998,145.28999299999998,3222.0
2016-02-16,145.0,145.0,142.0,142.0,142.0,36220.0
2016-02-17,142.0,143.399994,139.550003,142.25,142.25,9823.0
2016-02-18,144.0,144.5,143.0,143.91000400000001,143.91000400000001,10367.0
2016-02-19,143.25,144.399994,143.25,144.380005,144.380005,13889.0
2016-02-22,145.369995,145.58999599999999,144.5,145.0,145.0,88.0
2016-02-23,143.649994,143.649994,141.0,141.46000700000002,141.46000700000002,5901.0
2016-02-24,138.990005,140.229996,138.990005,139.350006,139.350006,5880.0
2016-02-25,139.5,139.529999,137.0,137.78999299999998,137.78999299999998,3574.0
2016-02-26,137.199997,140.550003,137.0,139.520004,139.520004,6886.0
2016-02-29,140.0,142.270004,136.0,140.309998,140.309998,14918.0
2016-03-01,142.5,145.449997,142.5,144.300003,144.300003,309.0
2016-03-02,149.899994,152.600006,149.0,151.46000700000002,151.46000700000002,46335.0
2016-03-03,153.0,153.0,150.720001,152.889999,152.889999,4679.0
2016-03-04,151.889999,155.020004,151.369995,154.83999599999999,154.83999599999999,117942.0
2016-03-08,154.75,155.220001,152.199997,153.130005,153.130005,10117.0
2016-03-09,152.009995,154.149994,151.169998,153.440002,153.440002,112027.0
2016-03-10,154.300003,154.300003,152.149994,153.25,153.25,37123.0
2016-03-11,152.5,154.25,152.009995,153.110001,153.110001,32289.0
2016-03-14,154.429993,155.28999299999998,154.110001,154.449997,154.449997,1435.0
2016-03-15,154.300003,154.899994,154.0,154.759995,154.759995,645.0
2016-03-16,154.16000400000001,155.729996,153.0,155.600006,155.600006,6101.0
2016-03-17,157.0,157.5,154.800003,155.199997,155.199997,4983.0
2016-03-18,156.110001,157.600006,155.580002,157.229996,157.229996,123228.0
2016-03-21,158.5,160.0,158.470001,160.0,160.0,3789.0
2016-03-22,159.16000400000001,160.369995,158.66000400000001,160.190002,160.190002,1470.0
2016-03-23,159.130005,160.25,158.850006,160.080002,160.080002,2386.0
2016-03-28,158.940002,159.91000400000001,156.679993,156.940002,156.940002,545.0
2016-03-29,157.899994,158.600006,157.899994,158.600006,158.600006,101.0
2016-03-30,158.5,162.0,158.5,161.570007,161.570007,593.0
2016-03-31,162.0,163.0,162.0,162.899994,162.899994,387.0
2016-04-01,162.679993,163.91000400000001,162.0,163.440002,163.440002,2085.0
2016-04-04,164.0,164.0,162.0,162.800003,162.800003,2382.0
2016-04-05,162.550003,163.0,159.100006,159.41000400000001,159.41000400000001,9761.0
2016-04-06,159.240005,159.240005,158.100006,158.449997,158.449997,330.0
2016-04-07,157.28999299999998,158.020004,156.199997,156.779999,156.779999,5887.0
2016-04-08,157.0,157.5,156.899994,156.899994,156.899994,158.0
2016-04-11,156.899994,159.300003,156.0,159.300003,159.300003,343.0
2016-04-12,158.850006,159.75,158.850006,159.399994,159.399994,15163.0
2016-04-13,162.369995,163.699997,162.21000700000002,163.619995,163.619995,245.0
2016-04-18,150.0,171.0,140.0,163.0,163.0,2085.0
2016-04-20,163.0,164.520004,163.0,163.25,163.25,4250.0
2016-04-21,165.75,168.389999,165.75,167.03999299999998,167.03999299999998,485.0
2016-04-22,166.83999599999999,166.83999599999999,166.83999599999999,166.83999599999999,166.83999599999999,37.0
2016-04-25,168.179993,168.179993,166.729996,167.600006,167.600006,2821.0
2016-04-26,167.110001,171.399994,167.08999599999999,171.199997,171.199997,14741.0
2016-04-27,171.309998,171.309998,170.0,170.0,170.0,328.0
2016-04-28,171.0,171.0,167.75,167.770004,167.770004,3949.0
2016-04-29,168.169998,173.0,167.5,170.600006,170.600006,4823.0
2016-05-02,168.570007,168.75,167.0,167.240005,167.240005,12250.0
2016-05-03,167.0,168.679993,166.100006,166.729996,166.729996,33273.0
2016-05-04,165.490005,166.0,164.0,164.490005,164.490005,37137.0
2016-05-05,164.600006,165.429993,163.800003,164.0,164.0,27341.0
2016-05-06,163.770004,165.070007,163.5,164.25,164.25,26553.0
2016-05-09,165.190002,168.729996,165.190002,168.509995,168.509995,58850.0
2016-05-10,168.46000700000002,169.699997,167.669998,169.28999299999998,169.28999299999998,15306.0
2016-05-11,167.5,171.0,167.5,170.179993,170.179993,31204.0
2016-05-12,170.41000400000001,171.28999299999998,169.5,171.0,171.0,19546.0
2016-05-13,169.520004,174.5,168.020004,169.080002,169.080002,29060.0
2016-05-16,169.0,169.699997,167.0,168.899994,168.899994,35414.0
2016-05-17,169.899994,170.100006,168.550003,168.940002,168.940002,8741.0
2016-05-18,167.600006,169.979996,167.0,168.78999299999998,168.78999299999998,30178.0
2016-05-19,167.0,168.110001,166.699997,166.699997,166.699997,9688.0
2016-05-20,167.070007,167.779999,166.0,166.220001,166.220001,3342.0
2016-05-23,167.0,167.169998,165.649994,165.71000700000002,165.71000700000002,6939.0
2016-05-24,165.5,166.490005,165.100006,165.240005,165.240005,30054.0
2016-05-25,168.169998,171.190002,167.070007,170.860001,170.860001,15113.0
2016-05-26,171.119995,175.0,170.759995,173.630005,173.630005,20590.0
2016-05-27,175.0,176.270004,174.869995,175.720001,175.720001,6749.0
2016-05-30,176.669998,177.690002,175.75,176.630005,176.630005,1261.0
2016-05-31,176.990005,177.630005,176.0,177.0,177.0,2200.0
2016-06-01,177.139999,177.369995,174.690002,174.690002,174.690002,177102.0
2016-06-02,175.270004,177.0,175.199997,176.899994,176.899994,23240.0
2016-06-03,178.330002,178.330002,177.100006,177.100006,177.100006,278.0
2016-06-06,178.25,178.75,177.5,177.5,177.5,2195.0
2016-06-07,179.0,183.399994,178.5,180.759995,180.759995,14021.0
2016-06-08,181.0,183.449997,180.5,181.699997,181.699997,3158.0
2016-06-09,182.229996,182.399994,179.0,181.41000400000001,181.41000400000001,130112.0
2016-06-10,178.5,181.850006,178.5,180.25,180.25,112415.0
2016-06-13,177.699997,178.899994,177.5,178.0,178.0,8685.0
2016-06-14,179.360001,179.740005,178.100006,179.119995,179.119995,828.0
2016-06-15,179.759995,181.729996,177.899994,180.0,180.0,5685.0
2016-06-16,180.5,180.5,177.669998,178.25,178.25,59.0
2016-06-17,181.399994,181.399994,178.25,178.25,178.25,4920.0
2016-06-20,177.0,179.600006,177.0,178.96000700000002,178.96000700000002,19354.0
2016-06-21,178.0,179.320007,177.320007,177.880005,177.880005,21626.0
2016-06-22,178.5,180.5,177.699997,177.720001,177.720001,1958.0
2016-06-23,179.779999,182.0,178.300003,182.0,182.0,10166.0
2016-06-24,175.21000700000002,177.16000400000001,172.75,175.979996,175.979996,26931.0
2016-06-27,177.0,178.149994,176.330002,177.399994,177.399994,22782.0
2016-06-28,178.0,180.08999599999999,177.720001,177.720001,177.720001,3514.0
2016-06-29,179.0,179.5,177.850006,178.899994,178.899994,7718.0
2016-06-30,181.0,181.669998,180.020004,181.149994,181.149994,4179.0
2016-07-01,183.41000400000001,183.41000400000001,182.0,182.28999299999998,182.28999299999998,11544.0
2016-07-04,183.5,184.0,182.600006,183.0,183.0,6611.0
2016-07-05,183.610001,184.919998,183.300003,184.0,184.0,10297.0
2016-07-07,184.0,184.0,183.25,183.809998,183.809998,8222.0
2016-07-08,181.570007,183.71000700000002,181.570007,182.149994,182.149994,4311.0
2016-07-11,184.119995,187.75,184.119995,186.279999,186.279999,14037.0
2016-07-12,187.770004,189.0,187.0,188.610001,188.610001,6170.0
2016-07-13,188.5,189.699997,187.699997,188.899994,188.899994,21077.0
2016-07-14,188.899994,191.830002,188.600006,191.070007,191.070007,6363.0
2016-07-15,191.070007,192.0,189.729996,190.880005,190.880005,6999.0
2016-07-18,192.850006,194.0,192.25,192.490005,192.490005,33078.0
2016-07-19,192.440002,192.509995,190.600006,191.809998,191.809998,15276.0
2016-07-20,193.130005,193.229996,191.720001,192.25,192.25,127342.0
2016-07-21,192.199997,192.800003,189.0,189.46000700000002,189.46000700000002,20053.0
2016-07-22,189.399994,203.0,188.899994,195.600006,195.600006,12242.0
2016-07-25,189.600006,192.75,189.5,192.270004,192.270004,3442.0
2016-07-26,193.53999299999998,201.649994,190.929993,193.220001,193.220001,5200.0
2016-07-27,193.429993,195.0,192.130005,192.130005,192.130005,1239.0
2016-07-28,199.800003,199.800003,192.949997,193.020004,193.020004,3496.0
2016-07-29,193.71000700000002,193.71000700000002,191.949997,191.949997,191.949997,264.0
2016-08-01,194.020004,194.020004,189.5,189.96000700000002,189.96000700000002,9459.0
2016-08-02,191.330002,191.75,189.380005,190.029999,190.029999,4946.0
2016-08-03,190.360001,190.5,188.649994,188.779999,188.779999,2035.0
2016-08-04,190.199997,190.199997,189.0,189.0,189.0,4.0
2016-08-05,190.399994,192.229996,190.399994,191.5,191.5,3371.0
2016-08-08,193.320007,193.320007,192.100006,192.470001,192.470001,1073.0
2016-08-09,192.850006,194.399994,192.050003,192.5,192.5,4662.0
2016-08-10,193.0,193.0,190.009995,190.009995,190.009995,771.0
2016-08-11,190.559998,190.559998,188.029999,188.550003,188.550003,8660.0
2016-08-12,189.5,192.520004,189.5,192.520004,192.520004,16289.0
2016-08-16,193.490005,193.490005,191.08999599999999,192.110001,192.110001,779.0
2016-08-17,193.149994,193.649994,192.5,193.399994,193.399994,254.0
2016-08-18,194.440002,196.149994,194.350006,196.100006,196.100006,3243.0
2016-08-19,196.570007,197.0,195.550003,195.850006,195.850006,992.0
2016-08-22,196.53999299999998,197.5,196.0,196.25,196.25,7806.0
2016-08-23,196.5,196.5,194.899994,196.0,196.0,4459.0
2016-08-24,195.070007,196.46000700000002,194.880005,196.46000700000002,196.46000700000002,7137.0
2016-08-25,196.83999599999999,197.0,195.149994,195.630005,195.630005,868.0
2016-08-26,195.850006,195.850006,194.100006,194.25,194.25,32.0
2016-08-29,194.600006,195.369995,194.0,194.470001,194.470001,1151.0
2016-08-30,196.279999,198.0,196.21000700000002,198.0,198.0,75.0
2016-08-31,198.600006,202.0,198.600006,201.490005,201.490005,449064.0
2016-09-01,202.279999,202.279999,201.5,201.990005,201.990005,112197.0
2016-09-02,206.0,206.0,200.0,201.110001,201.110001,1244.0
2016-09-06,203.5,206.699997,203.5,206.619995,206.619995,2728.0
2016-09-07,208.600006,208.800003,206.190002,207.050003,207.050003,814.0
2016-09-08,207.91000400000001,208.110001,207.0,207.5,207.5,504.0
2016-09-09,206.71000700000002,206.71000700000002,204.199997,206.509995,206.509995,989.0
2016-09-12,201.639999,204.800003,201.0,202.259995,202.259995,5350.0
2016-09-14,202.869995,202.869995,200.800003,202.169998,202.169998,11097.0
2016-09-15,202.800003,202.800003,201.130005,202.199997,202.199997,4040.0
2016-09-16,204.0,205.690002,201.300003,203.0,203.0,10376.0
2016-09-19,203.729996,204.059998,202.059998,202.25,202.25,2918.0
2016-09-20,202.669998,202.669998,201.0,202.0,202.0,289.0
2016-09-21,202.0,202.600006,201.880005,202.0,202.0,773.0
2016-09-22,206.389999,206.389999,202.679993,203.96000700000002,203.96000700000002,11446.0
2016-09-23,204.270004,204.270004,202.100006,203.5,203.5,2535.0
2016-09-26,201.669998,201.75,199.0,199.639999,199.639999,9427.0
2016-09-27,200.58999599999999,200.58999599999999,198.350006,198.690002,198.690002,4190.0
2016-09-28,199.669998,200.580002,199.28999299999998,199.899994,199.899994,774.0
2016-09-29,201.330002,201.330002,194.009995,194.559998,194.559998,110246.0
2016-09-30,195.149994,196.33999599999999,194.399994,196.0,196.0,6354.0
2016-10-03,197.5,199.899994,196.320007,199.449997,199.449997,4670.0
2016-10-04,199.53999299999998,200.300003,199.080002,200.270004,200.270004,124429.0
2016-10-05,201.33999599999999,201.389999,199.0,199.020004,199.020004,50578.0
2016-10-06,198.800003,199.399994,195.729996,196.649994,196.649994,9563.0
2016-10-07,197.71000700000002,197.830002,192.699997,196.559998,196.559998,12136.0
2016-10-10,197.5,197.600006,196.600006,196.869995,196.869995,1076.0
2016-10-13,195.610001,195.610001,192.5,193.300003,193.300003,23955.0
2016-10-14,193.91000400000001,193.91000400000001,193.0,193.5,193.5,20498.0
2016-10-17,194.270004,195.389999,192.800003,193.600006,193.600006,1903.0
2016-10-18,194.71000700000002,198.03999299999998,194.550003,197.919998,197.919998,2098.0
2016-10-19,196.979996,197.66000400000001,196.330002,196.330002,196.330002,2026.0
2016-10-20,198.050003,199.970001,198.050003,198.690002,198.690002,3269.0
2016-10-21,198.399994,209.690002,198.199997,200.139999,200.139999,4770.0
2016-10-24,201.0,205.0,200.75,202.880005,202.880005,13949.0
2016-10-25,201.759995,202.0,200.0,200.979996,200.979996,1356655.0
2016-10-26,198.399994,199.16000400000001,196.690002,197.399994,197.399994,80769.0
2016-10-27,196.100006,197.800003,195.149994,197.729996,197.729996,14375.0
2016-10-28,197.300003,198.610001,196.990005,198.419998,198.419998,79280.0
2016-11-01,198.0,198.800003,197.199997,197.279999,197.279999,6525.0
2016-11-02,195.889999,195.889999,194.479996,195.16000400000001,195.16000400000001,15081.0
2016-11-03,195.149994,195.809998,194.449997,194.600006,194.600006,2049.0
2016-11-04,194.5,194.850006,193.0,193.16000400000001,193.16000400000001,51279.0
2016-11-07,195.559998,197.0,195.0,196.009995,196.009995,275929.0
2016-11-08,196.929993,198.270004,196.0,197.729996,197.729996,42960.0
2016-11-09,190.0,198.979996,185.5,198.690002,198.690002,78742.0
2016-11-10,201.25,205.53999299999998,201.0,204.240005,204.240005,13890.0
2016-11-11,204.100006,204.100006,200.199997,202.25,202.25,40133.0
2016-11-15,201.479996,201.509995,195.880005,196.009995,196.009995,16372.0
2016-11-16,197.740005,197.740005,194.100006,194.809998,194.809998,39052.0
2016-11-17,196.429993,197.330002,192.08999599999999,193.639999,193.639999,310171.0
2016-11-18,192.75,194.740005,192.020004,192.179993,192.179993,34881.0
2016-11-21,193.0,193.0,187.309998,187.800003,187.800003,559618.0
2016-11-22,188.149994,189.0,186.08999599999999,188.41000400000001,188.41000400000001,5635.0
2016-11-23,188.0,189.389999,187.600006,189.0,189.0,14936.0
2016-11-24,186.619995,188.059998,185.899994,186.360001,186.360001,2810586.0
2016-11-25,187.559998,189.440002,186.399994,189.009995,189.009995,33718.0
2016-11-28,185.740005,188.100006,185.619995,187.399994,187.399994,26448.0
2016-11-29,186.520004,188.009995,186.0,186.699997,186.699997,33363.0
2016-11-30,186.0,189.399994,185.699997,189.0,189.0,63177.0
2016-12-01,189.300003,189.300003,187.899994,188.0,188.0,20006.0
2016-12-02,185.639999,187.0,185.050003,185.050003,185.050003,49889.0
2016-12-05,185.300003,187.399994,185.169998,187.110001,187.110001,3074.0
2016-12-06,187.199997,187.75,186.850006,187.050003,187.050003,3137.0
2016-12-07,188.440002,188.729996,183.990005,185.740005,185.740005,5170.0
2016-12-08,186.809998,188.399994,186.809998,188.070007,188.070007,34500.0
2016-12-09,188.0,190.570007,188.0,190.100006,190.100006,6197.0
2016-12-12,188.059998,189.029999,187.300003,187.300003,187.300003,5348.0
2016-12-13,187.300003,187.779999,186.300003,186.899994,186.899994,14165.0
2016-12-14,186.929993,187.41000400000001,186.649994,186.850006,186.850006,693.0
2016-12-15,185.0,188.259995,185.0,185.869995,185.869995,21192.0
2016-12-16,188.0,193.300003,185.119995,185.440002,185.440002,82723.0
2016-12-19,185.440002,186.080002,185.429993,185.720001,185.720001,4584.0
2016-12-20,185.729996,185.729996,183.229996,183.360001,183.360001,70103.0
2016-12-21,183.929993,184.229996,183.21000700000002,183.520004,183.520004,24401.0
2016-12-22,182.509995,182.509995,181.0,181.320007,181.320007,6966.0
2016-12-23,180.809998,181.850006,180.610001,180.889999,180.889999,3514.0
2016-12-26,180.570007,180.570007,178.690002,179.149994,179.149994,47752.0
2016-12-27,179.600006,181.070007,179.149994,181.020004,181.020004,32077.0
2016-12-28,181.399994,182.740005,180.580002,181.33999599999999,181.33999599999999,2896.0
2016-12-29,181.869995,182.399994,181.220001,182.130005,182.130005,727.0
2016-12-30,183.800003,185.0,183.800003,185.0,185.0,989.0
2017-01-02,184.800003,184.800003,181.75,182.919998,182.919998,27139.0
2017-01-03,181.919998,184.75,181.41000400000001,183.570007,183.570007,178052.0
2017-01-04,183.570007,184.080002,182.169998,182.190002,182.190002,165766.0
2017-01-05,183.940002,186.899994,183.300003,184.449997,184.449997,212213.0
2017-01-06,185.729996,186.559998,185.550003,185.850006,185.850006,173.0
2017-01-09,185.850006,186.630005,185.850006,186.220001,186.220001,865.0
2017-01-10,187.009995,187.009995,185.759995,186.199997,186.199997,29291.0
2017-01-11,188.0,191.149994,188.0,190.669998,190.669998,2094.0
2017-01-12,191.970001,192.360001,190.559998,191.449997,191.449997,520.0
2017-01-13,191.66000400000001,192.490005,190.580002,192.050003,192.050003,808.0
2017-01-16,192.0,194.149994,192.0,194.149994,194.149994,1951.0
2017-01-17,194.78999299999998,194.800003,193.149994,194.009995,194.009995,2804.0
2017-01-18,194.490005,196.309998,194.130005,194.330002,194.330002,11160.0
2017-01-19,194.009995,194.800003,193.270004,193.770004,193.770004,6155.0
2017-01-20,192.800003,193.699997,191.08999599999999,192.0,192.0,1806330.0
2017-01-23,191.850006,192.5,190.71000700000002,192.130005,192.130005,4932548.0
2017-01-24,192.899994,193.0,192.5,192.550003,192.550003,3151.0
2017-01-25,195.0,197.5,194.5,197.320007,197.320007,5119518.0
2017-01-27,198.990005,200.729996,198.899994,200.199997,200.199997,3975.0
2017-01-30,221.19999700000002,221.19999700000002,198.699997,199.020004,199.020004,55531.0
2017-01-31,198.699997,199.53999299999998,196.860001,197.639999,197.639999,13896.0
2017-02-01,199.0,204.0,198.300003,203.600006,203.600006,169358.0
2017-02-02,203.880005,204.550003,203.0,203.949997,203.949997,18539.0
2017-02-03,203.990005,204.860001,203.53999299999998,204.759995,204.759995,23926.0
2017-02-06,205.46000700000002,207.729996,205.46000700000002,207.429993,207.429993,308574.0
2017-02-07,207.300003,207.300003,205.770004,206.0,206.0,64972.0
2017-02-08,206.5,206.5,204.309998,206.240005,206.240005,2985.0
2017-02-09,206.919998,207.100006,203.029999,204.860001,204.860001,30403.0
2017-02-10,205.360001,206.08999599999999,204.66000400000001,204.869995,204.869995,6950.0
2017-02-13,205.399994,205.5,204.0,205.28999299999998,205.28999299999998,30660.0
2017-02-14,205.300003,205.53999299999998,204.300003,205.119995,205.119995,4867.0
2017-02-15,205.850006,206.279999,204.0,204.58999599999999,204.58999599999999,14087.0
2017-02-16,204.600006,205.740005,204.229996,205.199997,205.199997,51606.0
2017-02-17,209.300003,210.36999500000002,207.300003,208.53999299999998,208.53999299999998,64370.0
2017-02-20,207.520004,209.199997,207.100006,208.990005,208.990005,36396.0
2017-02-21,209.0,211.0,209.0,211.0,211.0,23348.0
2017-02-22,211.979996,211.979996,210.600006,210.61000099999998,210.61000099999998,10163.0
2017-02-23,211.690002,212.399994,210.600006,210.600006,210.600006,18475.0
2017-02-27,211.05000299999998,211.419998,208.649994,208.809998,208.809998,108803.0
2017-02-28,209.490005,209.600006,208.550003,208.550003,208.550003,142249.0
2017-03-01,209.46000700000002,211.020004,209.46000700000002,210.61000099999998,210.61000099999998,4703.0
2017-03-02,211.30000299999998,211.69999700000002,207.83999599999999,208.779999,208.779999,2192.0
2017-03-03,208.100006,208.100006,207.199997,208.0,208.0,4809.0
2017-03-06,209.600006,209.94999700000002,209.600006,209.899994,209.899994,1295.0
2017-03-07,210.0,210.0,208.570007,209.350006,209.350006,729.0
2017-03-08,210.11999500000002,210.11999500000002,207.929993,209.360001,209.360001,8089.0
2017-03-09,209.88999900000002,210.41000400000001,209.550003,210.399994,210.399994,1157.0
2017-03-10,210.50999500000003,211.75,209.5,211.020004,211.020004,2230132.0
2017-03-14,215.0,215.0,212.559998,213.99000499999997,213.99000499999997,9384.0
2017-03-15,213.649994,214.99000499999997,213.649994,214.0,214.0,23906.0
2017-03-16,215.22000099999997,215.49000499999997,214.41000400000001,215.05000299999998,215.05000299999998,310215.0
2017-03-17,214.899994,215.17999300000002,213.25,214.11999500000002,214.11999500000002,439100.0
2017-03-20,213.80000299999998,214.63999900000002,213.08999599999999,213.61999500000002,213.61999500000002,352179.0
2017-03-21,213.88999900000002,213.88999900000002,212.19999700000002,212.80000299999998,212.80000299999998,23418.0
2017-03-22,211.19999700000002,211.44999700000002,210.600006,210.67999300000002,210.67999300000002,4789.0
2017-03-23,210.44999700000002,211.44999700000002,210.289993,211.44999700000002,211.44999700000002,51355.0
2017-03-24,211.399994,215.69999700000002,211.399994,214.99000499999997,214.99000499999997,1470762.0
2017-03-27,214.979996,214.979996,213.5,213.86999500000002,213.86999500000002,797.0
2017-03-28,215.600006,215.600006,214.11999500000002,215.270004,215.270004,831.0
2017-03-29,215.11999500000002,216.36000099999998,214.86000099999998,216.100006,216.100006,120140.0
2017-03-30,216.50999500000003,234.850006,216.25999500000003,225.770004,225.770004,925335.0
2017-03-31,221.30000299999998,221.30000299999998,217.0,217.83999599999999,217.83999599999999,3636.0
2017-04-03,217.94999700000002,218.020004,216.0,216.82000699999998,216.82000699999998,165665.0
2017-04-05,217.0,219.74000499999997,217.0,219.67999300000002,219.67999300000002,7062.0
2017-04-06,218.49000499999997,220.5,218.49000499999997,220.05000299999998,220.05000299999998,60950.0
2017-04-07,218.020004,219.94999700000002,217.97000099999997,218.0,218.0,186088.0
2017-04-10,218.0,218.99000499999997,217.27999900000003,218.36000099999998,218.36000099999998,7885.0
2017-04-11,219.169998,221.5,218.75,221.33999599999999,221.33999599999999,1250523.0
2017-04-12,221.479996,221.580002,218.25,219.830002,219.830002,686.0
2017-04-13,221.36000099999998,221.36999500000002,220.100006,220.5,220.5,251.0
2017-04-17,220.399994,221.229996,219.38000499999998,220.0,220.0,2240.0
2017-04-18,222.0,222.57000699999998,219.899994,219.899994,219.899994,5708.0
2017-04-19,220.0,220.0,218.75,218.75,218.75,11505.0
2017-04-20,218.13999900000002,220.13999900000002,217.460007,218.899994,218.899994,4631.0
2017-04-21,219.649994,219.69999700000002,217.57000699999998,218.17999300000002,218.17999300000002,31110.0
2017-04-24,219.33999599999999,222.690002,219.33999599999999,222.059998,222.059998,83597.0
2017-04-25,222.850006,223.17999300000002,222.690002,223.07000699999998,223.07000699999998,759.0
2017-04-26,224.919998,226.44999700000002,223.919998,225.5,225.5,15655.0
2017-04-27,225.25,227.36000099999998,224.419998,226.72000099999997,226.72000099999997,17761.0
2017-04-28,226.600006,227.539993,225.05000299999998,226.710007,226.710007,71561.0
2017-05-02,228.07000699999998,228.32000699999998,225.5,226.710007,226.710007,55719.0
2017-05-03,226.80000299999998,227.17999300000002,225.80000299999998,226.36000099999998,226.36000099999998,14482.0
2017-05-04,228.0,230.419998,227.399994,230.100006,230.100006,15524.0
2017-05-05,230.0,230.63000499999998,228.02999900000003,228.080002,228.080002,11530.0
2017-05-08,230.0,230.729996,230.0,230.27999900000003,230.27999900000003,1406.0
2017-05-09,230.0,230.58999599999999,229.5,230.0,230.0,14089.0
2017-05-10,231.0,231.61999500000002,230.0,230.940002,230.940002,27474.0
2017-05-11,231.940002,232.17999300000002,230.19999700000002,231.0,231.0,39278.0
2017-05-12,231.55000299999998,231.55000299999998,229.52999900000003,229.75999500000003,229.75999500000003,7093.0
2017-05-15,230.99000499999997,231.460007,230.08999599999999,230.61999500000002,230.61999500000002,5113.0
2017-05-16,231.33999599999999,232.270004,230.309998,232.24000499999997,232.24000499999997,76681.0
2017-05-17,231.940002,232.52999900000003,231.50999500000003,232.50999500000003,232.50999500000003,276.0
2017-05-18,231.11000099999998,232.169998,230.44999700000002,230.69999700000002,230.69999700000002,4187.0
2017-05-19,231.399994,232.17999300000002,229.350006,230.580002,230.580002,12819.0
2017-05-22,232.600006,232.600006,229.210007,229.58999599999999,229.58999599999999,99708.0
2017-05-23,229.020004,229.69999700000002,227.69999700000002,228.580002,228.580002,38148.0
2017-05-24,229.080002,230.169998,227.55000299999998,227.72000099999997,227.72000099999997,9350.0
2017-05-25,229.50999500000003,235.0,229.0,233.57000699999998,233.57000699999998,10673.0
2017-05-26,235.36000099999998,236.460007,232.55000299999998,236.460007,236.460007,141563.0
2017-05-29,237.0,237.5,236.25,236.25,236.25,28954.0
2017-05-30,236.19999700000002,237.580002,235.5,236.24000499999997,236.24000499999997,9270.0
2017-05-31,236.86000099999998,237.350006,235.80000299999998,237.289993,237.289993,41683.0
2017-06-01,236.88999900000002,237.80000299999998,236.25,236.52999900000003,236.52999900000003,2554.0
2017-06-02,238.5,238.57000699999998,236.460007,236.460007,236.460007,360.0
2017-06-05,236.24000499999997,237.86999500000002,236.0,237.69999700000002,237.69999700000002,10550.0
2017-06-06,237.50999500000003,237.789993,237.100006,237.5,237.5,1485.0
2017-06-07,238.0,239.0,238.0,239.0,239.0,351.0
2017-06-08,239.61999500000002,239.91000400000001,238.82000699999998,239.57000699999998,239.57000699999998,272890.0
2017-06-09,239.86999500000002,241.63000499999998,238.16000400000001,241.419998,241.419998,2268356.0
2017-06-12,240.32000699999998,240.32000699999998,238.75,239.24000499999997,239.24000499999997,438.0
2017-06-13,239.710007,240.07000699999998,238.88000499999998,238.88000499999998,238.88000499999998,7925.0
2017-06-14,239.100006,239.100006,237.32000699999998,239.0,239.0,239.0
2017-06-15,238.88999900000002,239.899994,237.19999700000002,239.49000499999997,239.49000499999997,2950.0
2017-06-16,238.13000499999998,239.0,238.059998,238.91000400000001,238.91000400000001,164319.0
2017-06-19,239.82000699999998,241.25,238.80000299999998,240.350006,240.350006,2225.0
2017-06-20,241.5,241.710007,240.0,241.44999700000002,241.44999700000002,133.0
2017-06-21,239.41000400000001,241.190002,239.41000400000001,240.02999900000003,240.02999900000003,13584.0
2017-06-22,242.229996,243.36999500000002,240.0,240.94999700000002,240.94999700000002,13398.0
2017-06-23,240.25999500000003,240.88999900000002,238.52999900000003,238.52999900000003,238.52999900000003,11704.0
2017-06-27,239.00999500000003,239.38999900000002,234.309998,236.19999700000002,236.19999700000002,29631.0
2017-06-28,236.309998,237.52999900000003,235.00999500000003,236.0,236.0,24573.0
2017-06-29,237.61999500000002,238.330002,235.190002,237.0,237.0,18264.0
2017-06-30,234.600006,237.22000099999997,234.210007,236.080002,236.080002,14227.0
2017-07-03,236.0,237.830002,235.399994,236.50999500000003,236.50999500000003,8163.0
2017-07-04,236.63999900000002,237.5,236.0,236.75,236.75,23916.0
2017-07-05,236.55000299999998,238.539993,235.960007,237.82000699999998,237.82000699999998,691.0
2017-07-06,238.13000499999998,240.42999300000002,238.13000499999998,240.08999599999999,240.08999599999999,85781.0
2017-07-07,239.830002,239.830002,238.41000400000001,238.789993,238.789993,419.0
2017-07-10,238.5,242.899994,238.5,241.0,241.0,301.0
2017-07-11,241.0,242.5,240.80000299999998,241.979996,241.979996,21851.0
2017-07-12,241.72000099999997,243.07000699999998,240.399994,242.710007,242.710007,91720.0
2017-07-13,244.210007,244.61000099999998,242.99000499999997,244.05000299999998,244.05000299999998,23368.0
2017-07-14,244.17999300000002,245.100006,241.94999700000002,245.07000699999998,245.07000699999998,152851.0
2017-07-17,245.539993,245.61000099999998,244.0,244.419998,244.419998,627293.0
2017-07-18,244.539993,245.919998,244.229996,244.30000299999998,244.30000299999998,1149.0
2017-07-19,245.69999700000002,246.25,245.330002,246.25,246.25,18344.0
2017-07-20,246.0,248.080002,246.0,247.99000499999997,247.99000499999997,117445.0
2017-07-21,247.729996,248.11999500000002,246.5,248.0,248.0,1312.0
2017-07-24,248.19999700000002,249.55000299999998,248.19999700000002,248.94999700000002,248.94999700000002,8707.0
2017-07-25,250.75,254.0,249.690002,249.979996,249.979996,7914.0
2017-07-26,249.75,252.58999599999999,249.75,251.520004,251.520004,274.0
2017-07-27,254.5,255.38999900000002,252.0,254.83999599999999,254.83999599999999,4936.0
2017-07-28,253.88999900000002,254.41000400000001,252.710007,253.88999900000002,253.88999900000002,680.0
2017-07-31,254.42999300000002,255.92999300000002,253.520004,255.0,255.0,381.0
2017-08-01,256.649994,256.809998,255.55000299999998,256.429993,256.429993,849.0
2017-08-02,256.790009,257.359985,255.770004,256.070007,256.070007,8559.0
2017-08-03,254.460007,254.460007,252.86999500000002,253.100006,253.100006,17058.0
2017-08-04,252.0,254.77999900000003,252.0,254.52999900000003,254.52999900000003,8445.0
2017-08-07,254.399994,255.350006,253.559998,254.22000099999997,254.22000099999997,19761.0
2017-08-08,253.059998,253.059998,250.460007,251.080002,251.080002,24519.0
2017-08-09,250.0,251.0,249.100006,249.940002,249.940002,13703.0
2017-08-10,249.100006,249.100006,246.399994,247.61999500000002,247.61999500000002,8045.0
2017-08-11,245.270004,246.75999500000003,244.5,244.63000499999998,244.63000499999998,9284.0
2017-08-14,245.66000400000001,247.399994,245.66000400000001,247.0,247.0,48295.0
2017-08-16,246.0,250.229996,245.19999700000002,250.13999900000002,250.13999900000002,225792.0
2017-08-17,250.0,250.039993,245.100006,248.22000099999997,248.22000099999997,460.0
2017-08-18,245.38999900000002,246.92999300000002,244.88000499999998,246.69999700000002,246.69999700000002,100138.0
2017-08-21,247.00999500000003,248.27999900000003,245.020004,245.99000499999997,245.99000499999997,88520.0
2017-08-22,246.0,247.059998,244.0,245.86999500000002,245.86999500000002,47448.0
2017-08-23,246.5,249.229996,246.00999500000003,247.729996,247.729996,4628.0
2017-08-24,248.07000699999998,249.0,232.899994,248.30000299999998,248.30000299999998,9902.0
2017-08-28,249.0,249.44999700000002,248.32000699999998,249.16000400000001,249.16000400000001,4654.0
2017-08-29,248.02999900000003,248.33999599999999,246.47000099999997,246.57000699999998,246.57000699999998,32457.0
2017-08-30,248.50999500000003,249.25999500000003,247.0,247.649994,247.649994,8219.0
2017-08-31,247.649994,248.50999500000003,247.289993,248.399994,248.399994,17369.0
2017-09-01,248.399994,250.210007,248.11000099999998,248.52999900000003,248.52999900000003,21365.0
2017-09-04,248.02999900000003,248.41000400000001,246.16000400000001,246.690002,246.690002,16312.0
2017-09-05,246.899994,248.61000099999998,246.88999900000002,247.58999599999999,247.58999599999999,4867.0
2017-09-06,246.350006,248.5,246.19999700000002,247.83999599999999,247.83999599999999,16108.0
2017-09-07,249.600006,249.72000099999997,247.22000099999997,247.88999900000002,247.88999900000002,12247.0
2017-09-08,248.600006,248.61999500000002,247.27999900000003,248.0,248.0,9519.0
2017-09-11,249.83999599999999,252.710007,248.61999500000002,252.460007,252.460007,169430.0
2017-09-12,252.0,252.919998,251.38999900000002,252.86000099999998,252.86000099999998,113280.0
2017-09-13,253.669998,254.039993,252.330002,252.330002,252.330002,43402.0
2017-09-14,253.07000699999998,256.47000099999997,253.0,254.229996,254.229996,20853.0
2017-09-15,254.100006,254.100006,252.55000299999998,252.97000099999997,252.97000099999997,84756.0
2017-09-18,254.08999599999999,258.0,254.08999599999999,254.63000499999998,254.63000499999998,5717.0
2017-09-19,255.0,255.50999500000003,254.47000099999997,255.50999500000003,255.50999500000003,12815.0
2017-09-20,255.13000499999998,255.30000299999998,250.399994,254.149994,254.149994,4587.0
2017-09-21,253.74000499999997,253.74000499999997,252.22000099999997,253.289993,253.289993,8018.0
2017-09-22,249.77999900000003,251.289993,248.24000499999997,248.88000499999998,248.88000499999998,12901.0
2017-09-25,247.330002,247.5,245.36000099999998,246.99000499999997,246.99000499999997,378359.0
2017-09-26,246.52999900000003,248.13000499999998,245.86999500000002,246.24000499999997,246.24000499999997,2990.0
2017-09-27,248.0,248.0,243.850006,245.22000099999997,245.22000099999997,86870.0
2017-09-28,243.61999500000002,249.80000299999998,241.600006,245.979996,245.979996,189102.0
2017-09-29,246.75,250.580002,245.5,245.960007,245.960007,43600.0
2017-10-03,247.07000699999998,247.850006,245.0,246.58999599999999,246.58999599999999,14872.0
2017-10-04,246.580002,247.350006,245.58999599999999,246.50999500000003,246.50999500000003,4536.0
2017-10-05,246.0,247.57000699999998,245.30000299999998,246.38000499999998,246.38000499999998,555.0
2017-10-06,250.0,250.0,246.38000499999998,247.49000499999997,247.49000499999997,241269.0
2017-10-09,247.97000099999997,248.94999700000002,247.960007,248.520004,248.520004,5370.0
2017-10-10,248.88999900000002,248.979996,247.5,248.149994,248.149994,45181.0
2017-10-11,249.0,249.309998,244.75,245.25999500000003,245.25999500000003,20624.0
2017-10-12,246.0,249.75999500000003,242.80000299999998,249.47000099999997,249.47000099999997,78197.0
2017-10-13,249.36999500000002,252.27999900000003,248.979996,251.330002,251.330002,33498.0
2017-10-16,252.770004,252.91000400000001,251.0,251.80000299999998,251.80000299999998,7096.0
2017-10-17,251.80000299999998,253.19999700000002,249.830002,250.67999300000002,250.67999300000002,12692.0
2017-10-18,249.08999599999999,249.74000499999997,247.33999599999999,248.83999599999999,248.83999599999999,13370.0
2017-10-19,248.399994,248.399994,244.25,245.38000499999998,245.38000499999998,4678.0
2017-10-23,245.0,246.67999300000002,244.41000400000001,246.08999599999999,246.08999599999999,8139.0
2017-10-24,246.0,247.830002,245.729996,246.66000400000001,246.66000400000001,1085.0
2017-10-25,253.30000299999998,255.919998,250.91000400000001,255.520004,255.520004,9615.0
2017-10-26,256.0,256.0,253.710007,255.5,255.5,15237.0
2017-10-27,254.5,255.25,254.25,254.460007,254.460007,268.0
2017-10-30,255.50999500000003,256.5,254.47000099999997,256.5,256.5,56020.0
2017-10-31,255.0,256.399994,255.0,256.0,256.0,15074.0
2017-11-01,258.839996,271.399994,257.660004,259.140015,259.140015,151222.0
2017-11-02,259.0,260.140015,258.77999900000003,258.820007,258.820007,44137.0
2017-11-03,258.820007,263.0,258.480011,262.549988,262.549988,12378.0
2017-11-06,262.02999900000003,262.829987,260.179993,261.809998,261.809998,20047.0
2017-11-07,262.450012,262.450012,258.399994,259.390015,259.390015,224276.0
2017-11-08,259.799988,259.799988,256.820007,256.820007,256.820007,1836.0
2017-11-09,258.320007,260.0,257.0,258.299988,258.299988,887.0
2017-11-10,259.130005,260.929993,259.130005,260.01001,260.01001,4653.0
2017-11-13,260.299988,261.660004,258.429993,258.459991,258.459991,1614.0
2017-11-14,258.0,260.100006,257.5,257.600006,257.600006,24341.0
2017-11-15,257.5,258.73999,256.359985,257.799988,257.799988,627.0
2017-11-16,257.799988,260.799988,257.5,260.019989,260.019989,87732.0
2017-11-17,263.600006,265.230011,262.75,263.709991,263.709991,5646.0
2017-11-20,262.200012,263.910004,262.049988,263.589996,263.589996,360.0
2017-11-21,263.059998,264.399994,262.709991,263.359985,263.359985,4685.0
2017-11-22,263.589996,263.589996,261.170013,263.22000099999997,263.22000099999997,1103.0
2017-11-23,263.22000099999997,263.77999900000003,260.73999,261.709991,261.709991,215329.0
2017-11-24,262.98999,263.799988,262.170013,263.799988,263.799988,3929.0
2017-11-27,262.380005,263.75,261.459991,263.27999900000003,263.27999900000003,6502.0
2017-11-28,264.0,264.089996,262.5,263.200012,263.200012,96542.0
2017-11-29,263.22000099999997,264.399994,262.170013,263.059998,263.059998,24210.0
2017-11-30,261.5,261.589996,259.549988,260.5,260.5,81202.0
2017-12-01,260.5,260.5,256.0,256.119995,256.119995,43083.0
2017-12-04,256.01001,257.160004,254.419998,255.789993,255.789993,14769.0
2017-12-05,255.19999700000002,257.559998,254.0,257.359985,257.359985,49514.0
2017-12-06,256.75,259.820007,254.30000299999998,254.88999900000002,254.88999900000002,261647.0
2017-12-07,255.580002,257.230011,255.100006,255.600006,255.600006,11782.0
2017-12-08,258.0,259.0,256.51001,257.290009,257.290009,36699.0
2017-12-11,259.040009,259.899994,258.25,258.339996,258.339996,4199.0
2017-12-12,258.149994,258.149994,256.059998,256.5,256.5,16600.0
2017-12-13,255.75,257.940002,254.75,255.47000099999997,255.47000099999997,9117.0
2017-12-14,255.74000499999997,257.0,253.44999700000002,256.410004,256.410004,12785.0
2017-12-15,259.5,261.320007,258.899994,260.679993,260.679993,192530.0
2017-12-18,255.5,263.140015,252.899994,261.690002,261.690002,896.0
2017-12-19,261.649994,262.209991,260.0,261.160004,261.160004,60628.0
2017-12-20,260.890015,265.0,260.890015,262.540009,262.540009,137035.0
2017-12-21,261.0,262.5,260.5,260.869995,260.869995,259.0
2017-12-22,260.450012,263.049988,260.450012,262.540009,262.540009,1390.0
2017-12-26,261.660004,261.959991,260.100006,260.47000099999997,260.47000099999997,997.0
2017-12-27,260.0,262.929993,259.899994,259.959991,259.959991,4607.0
2017-12-28,260.679993,260.730011,259.0,259.019989,259.019989,4669.0
2017-12-29,260.0,260.320007,259.25,260.0,260.0,186.0
2018-01-01,260.0,265.0,259.75,259.940002,259.940002,577.0
2018-01-02,259.75,259.75,257.600006,258.0,258.0,1507.0
2018-01-03,259.0,275.0,259.0,262.75,262.75,41931.0
2018-01-04,259.350006,261.0,258.0,261.0,261.0,46336.0
2018-01-05,259.869995,266.200012,259.869995,263.309998,263.309998,45782.0
2018-01-08,263.149994,263.309998,262.01001,263.01001,263.01001,3979.0
2018-01-09,262.5,263.019989,262.200012,262.679993,262.679993,1312.0
2018-01-10,262.679993,262.679993,260.309998,260.619995,260.619995,71870.0
2018-01-11,261.299988,262.27999900000003,261.299988,262.230011,262.230011,1812.0
2018-01-12,262.5,262.869995,261.0,262.48999,262.48999,4491.0
2018-01-15,263.809998,265.519989,263.25,264.799988,264.799988,1352.0
2018-01-16,266.0,266.0,264.230011,264.25,264.25,615.0
2018-01-17,265.0,268.540009,265.0,268.380005,268.380005,1338.0
2018-01-18,268.5,273.0,268.5,270.100006,270.100006,1193.0
2018-01-19,270.700012,274.0,269.190002,273.27999900000003,273.27999900000003,12039.0
2018-01-22,273.75,275.679993,273.089996,274.01001,274.01001,14026.0
2018-01-23,275.649994,278.75,274.559998,278.670013,278.670013,53167.0
2018-01-24,278.339996,280.0,277.0,277.910004,277.910004,91753.0
2018-01-25,278.320007,279.5,276.269989,278.089996,278.089996,15104.0
2018-01-29,279.880005,281.070007,279.0,279.75,279.75,92357.0
2018-01-30,309.100006,309.100006,274.200012,277.73999,277.73999,3461.0
2018-01-31,279.5,280.809998,277.200012,279.070007,279.070007,88947.0
2018-02-01,280.5,280.899994,276.0,276.51001,276.51001,1373.0
2018-02-02,274.959991,274.959991,268.380005,269.97000099999997,269.97000099999997,164158.0
2018-02-05,264.600006,268.480011,264.519989,267.77999900000003,267.77999900000003,142989.0
2018-02-06,260.0,268.5,255.50999500000003,266.23999,266.23999,114736.0
2018-02-07,265.429993,265.429993,261.769989,263.640015,263.640015,57521.0
2018-02-08,261.309998,269.73999,261.309998,264.98999,264.98999,87166.0
2018-02-09,260.929993,261.5,259.429993,260.630005,260.630005,51292.0
2018-02-12,262.480011,263.929993,261.0,263.329987,263.329987,64695.0
2018-02-14,263.299988,263.429993,257.0,257.47000099999997,257.47000099999997,162803.0
2018-02-15,258.0,260.23999,257.5,257.880005,257.880005,29584.0
2018-02-16,252.69999700000002,260.899994,247.600006,256.070007,256.070007,7922.0
2018-02-19,256.820007,257.140015,252.99000499999997,255.669998,255.669998,5648.0
2018-02-20,255.649994,257.0,253.69999700000002,253.919998,253.919998,16395.0
2018-02-21,254.69999700000002,254.69999700000002,252.0,253.169998,253.169998,21449.0
2018-02-22,253.330002,254.210007,252.5,253.66000400000001,253.66000400000001,629.0
2018-02-23,255.0,258.75,255.0,257.75,257.75,19514.0
2018-02-26,257.0,262.190002,257.0,261.76001,261.76001,16155.0
2018-02-27,262.0,262.23999,259.0,259.700012,259.700012,60592.0
2018-02-28,258.0,258.0,254.5,255.899994,255.899994,1630.0
2018-03-01,256.359985,257.51001,253.330002,253.789993,253.789993,705.0
2018-03-05,253.0,254.440002,252.190002,253.940002,253.940002,9191.0
2018-03-06,255.00999500000003,256.179993,250.0,250.270004,250.270004,85653.0
2018-03-07,251.0,251.0,245.80000299999998,246.19999700000002,246.19999700000002,3066.0
2018-03-08,248.5,250.63000499999998,246.0,249.61000099999998,249.61000099999998,12636.0
2018-03-09,251.05000299999998,251.05000299999998,247.0,247.08999599999999,247.08999599999999,879486.0
2018-03-12,248.0,251.979996,247.99000499999997,251.08999599999999,251.08999599999999,126458.0
2018-03-13,251.38999900000002,255.50999500000003,251.25,252.399994,252.399994,106402.0
2018-03-14,251.86999500000002,253.919998,250.0,252.5,252.5,111579.0
2018-03-15,253.0,254.0,252.0,253.460007,253.460007,136.0
2018-03-16,251.83999599999999,252.19999700000002,249.13000499999998,249.5,249.5,167221.0
2018-03-19,249.850006,249.850006,246.5,246.57000699999998,246.57000699999998,31934.0
2018-03-20,246.0,249.55000299999998,245.5,245.919998,245.919998,3371.0
2018-03-21,247.100006,249.190002,245.899994,246.830002,246.830002,908.0
2018-03-22,246.75999500000003,248.80000299999998,245.5,245.600006,245.600006,104419.0
2018-03-23,242.0,242.710007,239.0,242.05000299999998,242.05000299999998,3509.0
2018-03-26,242.05000299999998,248.399994,241.0,247.82000699999998,247.82000699999998,103246.0
2018-03-27,249.50999500000003,250.24000499999997,247.82000699999998,248.88000499999998,248.88000499999998,1485.0
2018-03-28,249.0,251.460007,246.100006,247.729996,247.729996,21040.0
2018-04-02,273.700012,273.700012,246.00999500000003,248.74000499999997,248.74000499999997,366866.0
2018-04-03,248.309998,251.25,248.309998,250.52999900000003,250.52999900000003,145055.0
2018-04-04,250.5,251.22000099999997,246.19999700000002,246.690002,246.690002,45556.0
2018-04-05,250.11000099999998,253.16000400000001,249.149994,252.32000699999998,252.32000699999998,943.0
2018-04-06,251.33999599999999,254.27999900000003,251.0,253.63000499999998,253.63000499999998,1391.0
2018-04-09,254.0,256.369995,254.0,255.69999700000002,255.69999700000002,1747.0
2018-04-10,256.899994,257.200012,255.25,255.919998,255.919998,157432.0
2018-04-11,255.960007,255.97000099999997,253.940002,255.419998,255.419998,15445.0
2018-04-12,255.5,257.570007,254.19999700000002,256.950012,256.950012,15044.0
2018-04-13,258.649994,258.700012,256.540009,257.77999900000003,257.77999900000003,61979.0
2018-04-16,255.270004,260.0,255.270004,259.040009,259.040009,5100.0
2018-04-17,258.97000099999997,259.399994,258.350006,259.200012,259.200012,5443.0
2018-04-18,258.0,259.299988,255.05000299999998,256.559998,256.559998,63108.0
2018-04-19,256.899994,257.019989,255.30000299999998,256.109985,256.109985,14394.0
2018-04-20,254.02999900000003,255.67999300000002,252.67999300000002,254.36000099999998,254.36000099999998,587389.0
2018-04-23,252.99000499999997,264.5,251.399994,254.47000099999997,254.47000099999997,7077.0
2018-04-24,255.0,256.0,253.5,254.52999900000003,254.52999900000003,16750.0
2018-04-25,254.50999500000003,254.50999500000003,252.0,252.74000499999997,252.74000499999997,1236.0
2018-04-26,252.72000099999997,255.13000499999998,251.74000499999997,254.850006,254.850006,2609.0
2018-04-27,255.649994,258.5,255.649994,258.5,258.5,1218.0
2018-04-30,259.700012,261.26001,259.700012,260.5,260.5,2343.0
2018-05-02,260.149994,262.429993,260.019989,261.130005,261.130005,54024.0
2018-05-03,261.049988,262.5,259.369995,261.769989,261.769989,6978.0
2018-05-04,261.5,262.0,261.079987,261.77999900000003,261.77999900000003,231.0
2018-05-07,262.230011,264.040009,262.230011,263.700012,263.700012,4989.0
2018-05-08,265.0,266.440002,264.47000099999997,265.77999900000003,265.77999900000003,1269.0
2018-05-09,264.339996,266.25,264.339996,266.200012,266.200012,275873.0
2018-05-10,266.790009,266.790009,264.649994,265.51001,265.51001,48563.0
2018-05-11,265.0,268.51001,265.0,268.01001,268.01001,36692.0
2018-05-14,269.0,270.149994,264.0,269.5,269.5,2716.0
2018-05-15,269.5,274.450012,269.059998,269.059998,269.059998,3464.0
2018-05-16,268.839996,268.890015,266.200012,267.25,267.25,1009.0
2018-05-17,267.570007,267.570007,265.429993,265.929993,265.929993,10242.0
2018-05-18,265.100006,265.309998,262.700012,263.049988,263.049988,1566.0
2018-05-21,265.109985,265.109985,261.209991,262.350006,262.350006,718.0
2018-05-22,263.5,264.72000099999997,261.600006,263.799988,263.799988,9247.0
2018-05-23,263.52999900000003,263.76001,260.22000099999997,261.390015,261.390015,23805.0
2018-05-24,262.76001,264.850006,261.5,264.649994,264.649994,1300.0
2018-05-25,266.0,268.170013,265.47000099999997,267.940002,267.940002,10419.0
2018-05-28,269.109985,271.0,268.600006,270.079987,270.079987,30250.0
2018-05-29,269.329987,269.5,266.089996,267.350006,267.350006,32614.0
2018-05-30,265.410004,267.75,262.0,266.649994,266.649994,33125.0
2018-05-31,270.100006,273.390015,267.51001,271.790009,271.790009,46240.0
2018-06-01,271.75,274.540009,270.679993,272.75,272.75,103620.0
2018-06-04,272.0,274.0,265.940002,266.98999,266.98999,6449.0
2018-06-05,267.899994,268.350006,266.0,267.890015,267.890015,13623.0
2018-06-06,267.899994,269.48999,266.200012,268.52999900000003,268.52999900000003,74313.0
2018-06-07,269.950012,272.600006,269.350006,270.149994,270.149994,9999.0
2018-06-08,268.309998,270.149994,267.799988,269.049988,269.049988,15103.0
2018-06-11,271.140015,273.0,269.359985,271.309998,271.309998,40571.0
2018-06-12,271.0,272.100006,269.420013,270.679993,270.679993,870.0
2018-06-13,271.459991,272.859985,270.910004,271.109985,271.109985,9978.0
2018-06-14,272.230011,272.339996,270.390015,271.48999,271.48999,347.0
2018-06-15,271.940002,272.309998,269.5,269.5,269.5,430.0
2018-06-18,269.5,270.869995,268.630005,270.670013,270.670013,2927.0
2018-06-19,270.0,270.0,268.0,268.27999900000003,268.27999900000003,772.0
2018-06-20,270.320007,271.23999,268.0,270.130005,270.130005,31983.0
2018-06-21,271.799988,271.799988,270.0,270.0,270.0,2363.0
2018-06-22,269.47000099999997,272.799988,267.940002,272.559998,272.559998,25285.0
2018-06-25,269.5,273.0,252.100006,271.48999,271.48999,14922.0
2018-06-26,270.5,274.0,269.399994,270.799988,270.799988,1400.0
2018-06-27,271.160004,271.75,269.059998,270.5,270.5,111734.0
2018-06-28,270.0,270.859985,267.5,268.910004,268.910004,4796.0
2018-06-29,270.149994,270.850006,268.450012,268.859985,268.859985,1026359.0
2018-07-02,268.670013,268.709991,265.5,266.950012,266.950012,46880.0
2018-07-03,266.940002,268.5,266.940002,268.26001,268.26001,641.0
2018-07-04,267.799988,270.589996,267.769989,269.019989,269.019989,3801.0
2018-07-05,269.230011,271.350006,269.230011,269.410004,269.410004,18819.0
2018-07-06,270.0,271.98999,269.5,269.5,269.5,11386.0
2018-07-09,269.0,272.950012,269.0,271.839996,271.839996,5981.0
2018-07-10,272.769989,275.0,272.769989,273.660004,273.660004,6217.0
2018-07-11,274.0,274.600006,272.570007,272.890015,272.890015,1980.0
2018-07-12,274.299988,277.609985,274.299988,275.079987,275.079987,5357.0
2018-07-13,276.450012,276.450012,274.089996,274.369995,274.369995,1392.0
2018-07-16,274.5,275.0,272.01001,273.02999900000003,273.02999900000003,2212.0
2018-07-17,273.850006,275.72000099999997,272.450012,275.200012,275.200012,106839.0
2018-07-18,277.019989,277.299988,273.98999,274.369995,274.369995,4336.0
2018-07-19,274.209991,276.579987,273.0,273.940002,273.940002,26284.0
2018-07-20,273.670013,274.730011,272.899994,274.0,274.0,767.0
2018-07-23,274.0,275.0,272.0,275.0,275.0,1341.0
2018-07-24,275.559998,277.119995,273.72000099999997,276.929993,276.929993,30413.0
2018-07-25,276.899994,277.0,274.75,275.390015,275.390015,15512.0
2018-07-26,275.399994,281.540009,275.0,281.429993,281.429993,235906.0
2018-07-27,280.0,283.0,279.0,282.359985,282.359985,31565.0
2018-07-30,283.619995,285.0,280.959991,283.190002,283.190002,8890.0
2018-07-31,283.48999,283.859985,282.320007,282.850006,282.850006,33531.0
2018-08-01,284.0,286.0,279.959991,281.339996,281.339996,849712.0
2018-08-02,280.0,281.0,278.0,279.359985,279.359985,71730.0
2018-08-03,282.26001,284.899994,280.899994,282.269989,282.269989,35078.0
2018-08-06,284.0,287.0,282.0,285.390015,285.390015,14443.0
2018-08-07,285.859985,286.25,284.0,284.350006,284.350006,561.0
2018-08-08,286.01001,287.839996,285.0,287.5,287.5,1398.0
2018-08-09,287.0,290.0,287.0,288.119995,288.119995,16900.0
2018-08-10,288.0,289.609985,287.149994,287.940002,287.940002,40002.0
2018-08-13,287.0,287.0,284.0,285.350006,285.350006,857.0
2018-08-14,286.450012,287.0,285.700012,286.519989,286.519989,913.0
2018-08-16,285.899994,287.0,284.0,285.380005,285.380005,183596.0
2018-08-17,286.890015,288.950012,286.0,286.329987,286.329987,6077.0
2018-08-20,284.0,289.880005,284.0,289.200012,289.200012,12395.0
2018-08-21,289.0,289.679993,286.0,287.049988,287.049988,3371.0
2018-08-23,289.5,289.5,285.209991,286.48999,286.48999,1396.0
2018-08-24,285.75,287.75,283.170013,287.209991,287.209991,352.0
2018-08-27,285.390015,290.0,285.390015,288.25,288.25,996.0
2018-08-28,289.0,289.709991,287.0,289.700012,289.700012,480.0
2018-08-29,289.0,291.0,287.790009,290.079987,290.079987,596.0
2018-08-30,288.589996,297.299988,286.799988,287.920013,287.920013,8515.0
2018-08-31,287.070007,288.27999900000003,284.369995,287.26001,287.26001,9867.0
2018-09-03,290.0,290.0,285.0,285.98999,285.98999,1133.0
2018-09-04,285.0,285.0,280.0,281.559998,281.559998,8903.0
2018-09-05,281.600006,281.72000099999997,278.0,280.26001,280.26001,4735.0
2018-09-06,280.820007,281.299988,280.0,281.190002,281.190002,298.0
2018-09-07,279.97000099999997,285.0,278.0,281.5,281.5,76864.0
2018-09-10,280.5,281.0,278.0,278.630005,278.630005,900.0
2018-09-11,287.0,300.0,274.850006,275.119995,275.119995,152072.0
2018-09-12,274.0,275.0,272.149994,275.0,275.0,4290.0
2018-09-14,277.140015,278.0,276.299988,278.0,278.0,6245.0
2018-09-17,277.399994,281.880005,274.0,276.920013,276.920013,2129.0
2018-09-18,274.880005,275.190002,270.200012,271.170013,271.170013,27094.0
2018-09-19,271.170013,272.5,268.089996,268.850006,268.850006,8553.0
2018-09-21,269.299988,271.0,260.0,261.47000099999997,261.47000099999997,69644.0
2018-09-24,261.0,261.0,255.0,256.160004,256.160004,53502.0
2018-09-25,255.08999599999999,265.899994,252.399994,261.700012,261.700012,271964.0
2018-09-26,261.730011,265.0,257.440002,261.440002,261.440002,887708.0
2018-09-27,260.230011,269.25,256.0,262.570007,262.570007,73731.0
2018-09-28,259.709991,260.72000099999997,255.11000099999998,258.709991,258.709991,15176.0
2018-10-01,256.0,262.0,253.44999700000002,259.329987,259.329987,12480.0
2018-10-03,258.959991,260.299988,255.0,255.899994,255.899994,73704.0
2018-10-04,256.0,256.0,251.05000299999998,253.11000099999998,253.11000099999998,27016.0
2018-10-05,251.91000400000001,255.0,248.100006,250.399994,250.399994,44333.0
2018-10-08,249.940002,253.0,248.19999700000002,251.63999900000002,251.63999900000002,42760.0
2018-10-09,250.770004,253.440002,250.0,251.11999500000002,251.11999500000002,28325.0
2018-10-10,252.0,263.399994,251.229996,260.179993,260.179993,476767.0
2018-10-11,245.0,255.82000699999998,240.0,255.52999900000003,255.52999900000003,36455.0
2018-10-12,259.339996,261.0,257.100006,259.700012,259.700012,45154.0
2018-10-15,259.380005,260.23999,257.01001,258.899994,258.899994,7687.0
2018-10-16,259.850006,262.920013,258.290009,261.75,261.75,534.0
2018-10-17,265.0,265.0,258.0,258.25,258.25,33082.0
2018-10-19,257.0,258.690002,254.30000299999998,257.410004,257.410004,9029.0
2018-10-22,275.399994,275.399994,256.0,259.269989,259.269989,4554.0
2018-10-23,256.299988,257.670013,253.0,253.41000400000001,253.41000400000001,199817.0
2018-10-24,257.700012,257.700012,253.75,256.290009,256.290009,22519.0
2018-10-25,254.0,256.899994,252.0,253.38999900000002,253.38999900000002,17158.0
2018-10-26,253.600006,253.600006,248.669998,249.809998,249.809998,38357.0
2018-10-29,250.0,255.350006,249.899994,254.270004,254.270004,11050.0
2018-10-30,254.789993,256.309998,252.210007,253.270004,253.270004,9622.0
2018-10-31,253.05000299999998,258.149994,250.86999500000002,258.0,258.0,47160.0
2018-11-01,258.0,260.109985,257.0,260.01001,260.01001,1472.0
2018-11-02,261.769989,264.540009,261.0,263.570007,263.570007,12442.0
2018-11-05,268.799988,274.100006,261.700012,263.440002,263.440002,3222.0
2018-11-06,264.940002,265.059998,261.299988,261.649994,261.649994,6023.0
2018-11-07,261.649994,269.0,261.649994,263.850006,263.850006,891.0
2018-11-09,263.309998,266.0,263.0,264.579987,264.579987,234539.0
2018-11-12,269.899994,269.899994,260.100006,260.22000099999997,260.22000099999997,2812.0
2018-11-13,261.390015,264.070007,259.130005,263.290009,263.290009,24223.0
2018-11-14,264.119995,265.950012,262.799988,264.230011,264.230011,29259.0
2018-11-15,265.320007,268.0,264.02999900000003,267.640015,267.640015,44568.0
2018-11-16,266.200012,269.140015,265.76001,267.76001,267.76001,51164.0
2018-11-19,266.929993,269.27999900000003,266.679993,268.01001,268.01001,30814.0
2018-11-20,267.600006,268.579987,265.980011,266.48999,266.48999,10867.0
2018-11-21,266.980011,269.25,265.25,267.48999,267.48999,33846.0
2018-11-22,268.109985,268.25,263.820007,264.75,264.75,48175.0
2018-11-26,266.0,269.299988,266.0,268.829987,268.829987,1393.0
2018-11-27,269.0,270.5,268.130005,269.209991,269.209991,4298.0
2018-11-28,270.890015,273.100006,269.170013,272.170013,272.170013,50126.0
2018-11-29,272.700012,276.0,270.420013,275.190002,275.190002,39565.0
2018-11-30,275.0,276.079987,273.26001,274.209991,274.209991,40524.0
2018-12-03,276.519989,276.649994,274.040009,275.079987,275.079987,20316.0
2018-12-04,274.820007,275.0,270.0,273.339996,273.339996,4911.0
2018-12-05,279.299988,279.299988,270.0,270.390015,270.390015,30131.0
2018-12-06,269.589996,269.72000099999997,266.880005,267.75,267.75,60005.0
2018-12-07,273.100006,278.5,267.73999,271.420013,271.420013,18665.0
2018-12-10,268.0,268.97000099999997,266.410004,266.47000099999997,266.47000099999997,26806.0
2018-12-11,263.0,268.02999900000003,261.700012,267.51001,267.51001,3083.0
2018-12-12,268.51001,273.51001,265.0,272.320007,272.320007,6205.0
2018-12-13,274.600006,276.0,273.059998,274.420013,274.420013,6459.0
2018-12-14,274.75,279.0,272.0,274.0,274.0,8169.0
2018-12-17,276.660004,276.690002,275.0,275.519989,275.519989,1296.0
2018-12-18,275.350006,279.179993,270.25,277.25,277.25,2209.0
2018-12-19,278.829987,279.0,278.059998,278.519989,278.519989,3574.0
2018-12-20,277.26001,278.5,276.799988,278.02999900000003,278.02999900000003,813.0
2018-12-21,278.0,279.299988,274.299988,275.390015,275.390015,11979.0
2018-12-24,274.0,275.829987,272.51001,273.299988,273.299988,5762.0
2018-12-26,272.790009,275.98999,270.049988,275.48999,275.48999,25889.0
2018-12-27,277.5,278.109985,274.450012,274.519989,274.519989,9492.0
2018-12-28,276.0,280.130005,276.0,279.390015,279.390015,56580.0
2018-12-31,279.980011,279.980011,276.649994,277.690002,277.690002,140942.0
2019-01-01,277.52999900000003,279.929993,276.149994,278.730011,278.730011,3366.0
2019-01-02,278.73999,279.940002,275.920013,277.679993,277.679993,726.0
2019-01-03,277.940002,277.940002,274.5,275.769989,275.769989,49847.0
2019-01-04,277.51001,279.320007,275.0,278.380005,278.380005,9723.0
2019-01-07,280.0,281.190002,278.799988,278.959991,278.959991,1456.0
2019-01-08,278.910004,281.0,277.339996,280.72000099999997,280.72000099999997,24116.0
2019-01-09,281.0,283.410004,280.0,282.269989,282.269989,95750.0
2019-01-10,282.200012,282.309998,280.390015,281.380005,281.380005,7258.0
2019-01-11,282.089996,282.119995,279.429993,280.269989,280.269989,5013.0
2019-01-14,280.299988,280.299988,278.5,279.119995,279.119995,10157.0
2019-01-15,278.829987,281.02999900000003,278.829987,279.48999,279.48999,7342.0
2019-01-16,280.579987,283.799988,280.160004,281.160004,281.160004,486675.0
2019-01-17,283.899994,283.899994,279.0,282.089996,282.089996,7519.0
2019-01-18,283.130005,283.130005,280.0,281.269989,281.269989,633181.0
2019-01-21,286.899994,286.899994,280.0,282.399994,282.399994,186535.0
2019-01-22,281.700012,282.0,280.0,281.700012,281.700012,358249.0
2019-01-23,276.100006,283.700012,270.399994,279.519989,279.519989,380377.0
2019-01-24,279.579987,280.089996,277.52999900000003,279.059998,279.059998,162916.0
2019-01-25,280.299988,281.130005,277.0,277.820007,277.820007,12462.0
2019-01-28,277.059998,278.0,271.790009,272.809998,272.809998,26453.0
2019-01-29,271.25,273.559998,271.25,272.130005,272.130005,4028420.0
2019-01-30,277.600006,279.0,270.0,274.540009,274.540009,829440.0
2019-01-31,275.940002,279.649994,275.399994,279.549988,279.549988,40675.0
2019-02-01,278.0,280.799988,275.0,276.390015,276.390015,25164.0
2019-02-04,276.399994,279.0,273.600006,278.52999900000003,278.52999900000003,32237.0
2019-02-05,278.959991,280.200012,277.0,279.589996,279.589996,183405.0
2019-02-06,279.97000099999997,280.730011,279.0,279.149994,279.149994,687291.0
2019-02-07,280.059998,281.290009,278.410004,280.649994,280.649994,172172.0
2019-02-08,279.790009,282.399994,278.0,281.049988,281.049988,7372161.0
2019-02-11,286.339996,286.350006,277.059998,278.820007,278.820007,40257.0
2019-02-12,279.609985,279.77999900000003,275.859985,276.02999900000003,276.02999900000003,439882.0
2019-02-14,274.579987,276.089996,273.950012,275.609985,275.609985,15541.0
2019-02-15,275.079987,275.350006,273.0,274.059998,274.059998,31773.0
2019-02-18,275.160004,275.160004,272.5,272.950012,272.950012,14803.0
2019-02-19,273.630005,276.399994,272.700012,273.290009,273.290009,11351.0
2019-02-20,274.309998,276.519989,273.559998,275.059998,275.059998,45134.0
2019-02-21,276.23999,276.600006,275.47000099999997,276.339996,276.339996,5319.0
2019-02-22,276.799988,287.0,274.200012,274.700012,274.700012,18811.0
2019-02-25,275.299988,278.0,274.839996,277.880005,277.880005,17314.0
2019-02-26,276.950012,278.299988,274.0,276.890015,276.890015,363732.0
2019-02-27,278.0,279.01001,274.200012,274.480011,274.480011,925025.0
2019-02-28,276.130005,276.130005,274.25,275.0,275.0,143713.0
2019-03-01,276.899994,281.399994,275.709991,277.899994,277.899994,1566041.0
2019-03-05,277.950012,282.320007,276.799988,281.809998,281.809998,12080.0
2019-03-06,282.399994,283.619995,281.809998,282.839996,282.839996,1082750.0
2019-03-07,282.869995,285.459991,281.559998,284.27999900000003,284.27999900000003,1048394.0
2019-03-08,284.019989,285.160004,282.649994,283.869995,283.869995,818.0
2019-03-11,289.149994,309.399994,284.359985,286.429993,286.429993,1748.0
2019-03-12,287.190002,291.929993,287.049988,291.440002,291.440002,445837.0
2019-03-13,291.130005,295.0,288.0,294.899994,294.899994,52706.0
2019-03-14,295.200012,297.299988,294.799988,295.790009,295.790009,286847.0
2019-03-15,297.299988,301.0,297.0,299.25,299.25,37790.0
2019-03-18,293.299988,303.869995,293.299988,302.059998,302.059998,106883.0
2019-03-19,308.0,308.0,301.209991,304.649994,304.649994,32178.0
2019-03-20,304.5,306.0,302.600006,305.649994,305.649994,12942.0
2019-03-22,306.640015,306.75,301.540009,302.200012,302.200012,4159.0
2019-03-25,300.299988,300.299988,297.890015,299.540009,299.540009,162507.0
2019-03-26,300.769989,307.51001,298.899994,306.350006,306.350006,26337.0
2019-03-27,306.350006,310.0,303.399994,307.51001,307.51001,1822423.0
2019-03-28,306.200012,311.700012,306.149994,310.630005,310.630005,132244.0
2019-04-01,328.0,328.0,307.0,308.940002,308.940002,579520.0
2019-04-02,310.049988,312.0,307.01001,309.959991,309.959991,267940.0
2019-04-03,312.600006,313.399994,306.200012,306.269989,306.269989,564695.0
2019-04-04,306.299988,308.98999,304.72000099999997,306.47000099999997,306.47000099999997,223823.0
2019-04-05,307.5,308.5,304.309998,305.690002,305.690002,457025.0
2019-04-08,307.700012,308.839996,305.0,305.549988,305.549988,125541.0
2019-04-09,306.0,309.190002,303.0,307.27999900000003,307.27999900000003,353192.0
2019-04-10,306.200012,309.0,305.02999900000003,305.25,305.25,31806.0
2019-04-11,305.899994,306.0,303.0,303.880005,303.880005,47161.0
2019-04-12,304.76001,306.0,303.850006,305.809998,305.809998,40136.0
2019-04-15,306.0,308.97000099999997,305.0,308.369995,308.369995,60593.0
2019-04-16,308.5,312.269989,308.5,311.52999900000003,311.52999900000003,7973.0
2019-04-18,316.700012,316.700012,309.0,309.070007,309.070007,29238.0
2019-04-22,308.350006,308.350006,302.200012,302.709991,302.709991,1072668.0
2019-04-23,302.799988,304.299988,300.160004,300.48999,300.48999,32992.0
2019-04-24,301.27999900000003,304.799988,300.0,303.829987,303.829987,54937.0
2019-04-25,304.76001,306.799988,301.109985,301.769989,301.769989,44512.0
2019-04-26,304.549988,307.47000099999997,302.0,306.76001,306.76001,146619.0
2019-04-30,306.76001,306.76001,301.5,303.059998,303.059998,614287.0
2019-05-02,302.440002,304.5,301.329987,302.01001,302.01001,88377.0
2019-05-03,303.48999,306.5,302.899994,305.079987,305.079987,5932.0
2019-05-06,303.0,303.799988,301.5,302.72000099999997,302.72000099999997,34996.0
2019-05-07,303.76001,304.0,298.0,298.709991,298.709991,29356.0
2019-05-08,298.399994,298.399994,295.25,295.48999,295.48999,26958.0
2019-05-09,295.0,296.700012,294.0,294.380005,294.380005,38573.0
2019-05-10,294.910004,297.0,294.910004,295.820007,295.820007,50722.0
2019-05-13,295.809998,296.649994,293.0,293.679993,293.679993,11422.0
2019-05-14,293.809998,296.600006,290.0,294.179993,294.179993,31667.0
2019-05-15,298.089996,298.089996,292.01001,293.019989,293.019989,8596.0
2019-05-16,293.100006,297.0,292.0,294.959991,294.959991,23230.0
2019-05-17,296.130005,302.480011,294.5,301.290009,301.290009,60174.0
2019-05-20,302.049988,314.929993,302.049988,314.47000099999997,314.47000099999997,21370.0
2019-05-21,314.0,315.649994,308.450012,308.959991,308.959991,62757.0
2019-05-22,310.0,312.600006,308.829987,311.829987,311.829987,99532.0
2019-05-23,317.359985,323.02999900000003,309.600006,311.380005,311.380005,113403.0
2019-05-24,307.0,319.980011,307.0,319.209991,319.209991,261798.0
2019-05-27,312.799988,324.100006,312.799988,323.170013,323.170013,202097.0
2019-05-28,325.0,330.0,320.619995,323.019989,323.019989,14714.0
2019-05-29,323.23999,323.23999,319.0,320.829987,320.829987,7331.0
2019-05-30,320.0,323.75,319.149994,323.27999900000003,323.27999900000003,149325.0
2019-05-31,327.5,327.5,320.5,321.76001,321.76001,150773.0
2019-06-03,321.059998,325.100006,320.0,324.600006,324.600006,439137.0
2019-06-04,331.100006,331.100006,322.100006,324.059998,324.059998,389225.0
2019-06-06,323.75,324.100006,314.549988,317.01001,317.01001,316800.0
2019-06-07,317.160004,318.700012,314.0,317.959991,317.959991,6162.0
2019-06-10,340.200012,359.299988,316.160004,317.230011,317.230011,61163.0
2019-06-11,319.440002,320.799988,316.700012,319.809998,319.809998,106566.0
2019-06-12,319.290009,319.290009,316.799988,317.75,317.75,48751.0
2019-06-13,316.690002,318.570007,313.25,317.77999900000003,317.77999900000003,9361.0
2019-06-14,317.51001,317.910004,312.0,312.679993,312.679993,45263.0
2019-06-17,311.0,318.899994,309.899994,310.359985,310.359985,77875.0
2019-06-18,311.209991,312.5,309.019989,310.140015,310.140015,104569.0
2019-06-19,312.950012,313.799988,310.299988,311.440002,311.440002,149076.0
2019-06-20,312.0,314.399994,309.5,313.459991,313.459991,32381.0
2019-06-21,314.940002,314.940002,312.0,313.350006,313.350006,15194.0
2019-06-24,314.049988,315.0,312.130005,312.829987,312.829987,18913.0
2019-06-25,313.0,316.540009,312.0,315.859985,315.859985,6192.0
2019-06-26,316.0,319.399994,313.72000099999997,319.089996,319.089996,163836.0
2019-06-27,312.700012,322.429993,310.0,321.049988,321.049988,7081.0
2019-06-28,322.75,322.75,318.019989,319.600006,319.600006,575724.0
2019-07-01,320.77999900000003,322.5,319.25,321.170013,321.170013,62479.0
2019-07-02,322.519989,322.519989,319.589996,321.359985,321.359985,24966.0
2019-07-03,321.980011,323.230011,320.640015,321.910004,321.910004,12192.0
2019-07-04,328.299988,328.299988,322.329987,323.079987,323.079987,425630.0
2019-07-05,323.350006,324.0,321.0,321.540009,321.540009,81016.0
2019-07-08,321.350006,321.350006,313.299988,314.519989,314.519989,83741.0
2019-07-09,314.570007,314.570007,311.0,312.980011,312.980011,30078.0
2019-07-10,313.22000099999997,314.600006,311.570007,312.190002,312.190002,37178.0
2019-07-11,318.399994,324.700012,309.899994,313.97000099999997,313.97000099999997,143849.0
2019-07-12,315.679993,316.799988,312.549988,314.040009,314.040009,245889.0
2019-07-15,318.0,318.0,311.0,311.98999,311.98999,26159.0
2019-07-16,311.089996,314.640015,311.0,312.880005,312.880005,2997.0
2019-07-17,316.0,316.0,312.200012,315.579987,315.579987,4738.0
2019-07-18,315.0,315.0,312.200012,312.959991,312.959991,345911.0
2019-07-19,313.320007,314.519989,305.299988,305.820007,305.820007,26947.0
2019-07-22,308.0,308.0,299.899994,301.049988,301.049988,18734.0
2019-07-23,301.98999,302.149994,297.559998,300.480011,300.480011,119549.0
2019-07-24,299.920013,301.070007,296.51001,297.640015,297.640015,103800.0
2019-07-25,298.209991,301.0,295.709991,298.559998,298.559998,100906.0
2019-07-26,297.47000099999997,301.850006,297.47000099999997,301.440002,301.440002,13794.0
2019-07-29,302.0,302.170013,299.079987,300.059998,300.059998,43277.0
2019-07-30,302.290009,303.5,295.399994,296.119995,296.119995,41673.0
2019-07-31,296.200012,296.5,293.059998,295.26001,295.26001,72707.0
2019-08-01,295.0,295.609985,287.600006,291.26001,291.26001,65608.0
2019-08-02,290.540009,291.959991,286.0,288.359985,288.359985,135632.0
2019-08-05,290.0,290.0,280.299988,282.790009,282.790009,715914.0
2019-08-06,284.0,288.299988,283.399994,286.609985,286.609985,23908.0
2019-08-07,286.660004,288.48999,284.0,284.350006,284.350006,69756.0
2019-08-08,284.0,290.0,282.0,288.149994,288.149994,54777.0
2019-08-09,283.049988,293.660004,283.049988,292.809998,292.809998,8338.0
2019-08-13,290.690002,290.690002,284.0,284.97000099999997,284.97000099999997,28944.0
2019-08-14,286.0,291.72000099999997,284.899994,285.380005,285.380005,993742.0
2019-08-16,285.049988,288.579987,283.100006,287.859985,287.859985,14050.0
2019-08-19,289.549988,291.0,287.829987,287.929993,287.929993,24451.0
2019-08-20,291.0,291.0,285.149994,286.190002,286.190002,23018.0
2019-08-21,287.700012,288.100006,283.350006,284.049988,284.049988,44155.0
2019-08-22,,,,,,
2019-08-23,278.100006,279.880005,273.0,277.790009,277.790009,2521035.0
2019-08-26,272.200012,289.420013,266.700012,287.98999,287.98999,3107112.0
2019-08-27,288.73999,291.480011,286.570007,289.019989,289.019989,840213.0
2019-08-28,289.0,289.0,284.549988,286.410004,286.410004,47680.0
2019-08-29,285.869995,285.869995,280.799988,281.579987,281.579987,62472.0
2019-08-30,282.0,285.0,278.25,280.410004,280.410004,50613.0
2019-09-03,286.0,291.600006,275.25,276.299988,276.299988,24851.0
2019-09-04,277.049988,281.230011,272.910004,278.899994,278.899994,155352.0
2019-09-05,279.570007,280.0,275.209991,276.679993,276.679993,84518.0
2019-09-06,278.429993,280.440002,277.0,278.940002,278.940002,72269.0
2019-09-09,277.47000099999997,281.98999,276.850006,281.109985,281.109985,6758.0
2019-09-11,280.799988,285.0,280.799988,284.380005,284.380005,91831.0
2019-09-12,288.0,288.0,284.0,285.619995,285.619995,32464.0
2019-09-13,285.0,287.690002,283.0,287.22000099999997,287.22000099999997,48424.0
2019-09-16,288.0,288.0,284.75,285.850006,285.850006,78384.0
2019-09-17,285.0,286.380005,278.5,279.02999900000003,279.02999900000003,51080.0
2019-09-18,278.0,281.450012,278.0,278.880005,278.880005,55982.0
2019-09-19,278.329987,278.390015,273.899994,274.690002,274.690002,10226.0
2019-09-20,275.0,301.950012,274.630005,297.880005,297.880005,212529.0
2019-09-23,309.0,315.72000099999997,297.5,313.640015,313.640015,491547.0
2019-09-24,316.0,316.0,307.5,308.01001,308.01001,350085.0
2019-09-25,314.200012,317.0,302.100006,303.209991,303.209991,53030.0
2019-09-26,303.149994,314.0,303.149994,307.920013,307.920013,20171.0
2019-09-27,303.5,310.0,303.5,307.609985,307.609985,119619.0
2019-09-30,306.809998,307.059998,297.700012,304.980011,304.980011,1831571.0
2019-10-01,304.26001,305.040009,291.0,295.700012,295.700012,420270.0
2019-10-03,294.950012,296.190002,291.0,292.380005,292.380005,242993.0
2019-10-04,298.200012,298.200012,283.709991,284.450012,284.450012,558660.0
2019-10-07,286.899994,289.5,283.299988,286.149994,286.149994,284688.0
2019-10-09,291.899994,295.25,284.049988,293.519989,293.519989,1316954.0
2019-10-10,293.100006,293.100006,286.200012,287.019989,287.019989,457234.0
2019-10-11,289.790009,293.0,284.0,287.160004,287.160004,146926.0
2019-10-14,287.700012,292.399994,286.309998,290.25,290.25,1086837.0
2019-10-15,290.48999,293.799988,289.649994,291.890015,291.890015,28638.0
2019-10-16,294.72000099999997,295.690002,291.0,294.089996,294.089996,192176.0
2019-10-17,294.350006,298.0,292.0,297.320007,297.320007,239135.0
2019-10-18,295.200012,299.299988,295.200012,297.679993,297.679993,41605.0
2019-10-22,298.299988,305.440002,298.100006,302.72000099999997,302.72000099999997,367588.0
2019-10-23,302.799988,304.0,300.01001,302.369995,302.369995,157765.0
2019-10-24,304.0,305.0,299.0,300.26001,300.26001,281103.0
2019-10-25,298.0,302.0,298.0,301.920013,301.920013,234863.0
2019-10-27,,,,,,
2019-10-29,303.519989,307.0,298.700012,305.690002,305.690002,901567.0
2019-10-30,306.109985,308.0,304.0,306.130005,306.130005,87988.0
2019-10-31,308.48999,310.799988,306.299988,307.47000099999997,307.47000099999997,105523.0
2019-11-01,306.399994,311.200012,306.399994,310.309998,310.309998,74645.0
2019-11-04,312.48999,313.480011,309.01001,310.519989,310.519989,437712.0
2019-11-05,311.52999900000003,311.700012,308.399994,309.450012,309.450012,64629.0
2019-11-06,309.0,314.27999900000003,307.070007,313.549988,313.549988,28848.0
2019-11-07,314.980011,315.0,311.5,313.920013,313.920013,316029.0
2019-11-08,314.0,317.899994,311.5,313.769989,313.769989,68969.0
2019-11-11,314.850006,318.359985,313.5,317.609985,317.609985,134252.0
2019-11-13,318.0,319.0,312.070007,313.230011,313.230011,28745.0
2019-11-14,312.929993,315.350006,310.25,314.209991,314.209991,401205.0
2019-11-15,320.5,344.0,314.649994,317.380005,317.380005,670470.0
2019-11-18,323.700012,338.0,316.200012,316.690002,316.690002,73890.0
2019-11-19,319.0,320.0,316.700012,319.290009,319.290009,50947.0
2019-11-20,312.899994,322.579987,296.899994,321.809998,321.809998,227119.0
2019-11-21,328.200012,328.200012,319.26001,320.320007,320.320007,81786.0
2019-11-22,322.0,322.0,317.5,317.929993,317.929993,28683.0
2019-11-25,319.0,323.0,318.5,322.72000099999997,322.72000099999997,6486.0
2019-11-26,323.799988,325.179993,321.589996,323.799988,323.799988,12037.0
2019-11-27,324.0,327.880005,324.0,326.73999,326.73999,36355.0
2019-11-28,327.0,330.579987,326.0,330.309998,330.309998,416159.0
2019-11-29,323.700012,329.5,317.100006,326.890015,326.890015,167230.0
2019-12-02,326.890015,327.820007,324.459991,326.410004,326.410004,38909.0
2019-12-03,325.899994,325.899994,322.850006,323.820007,323.820007,50165.0
2019-12-04,326.950012,329.700012,322.149994,329.01001,329.01001,45650.0
2019-12-05,328.700012,329.540009,324.549988,325.049988,325.049988,4227.0
2019-12-06,326.959991,326.959991,319.850006,321.609985,321.609985,25355.0
2019-12-09,321.600006,323.47000099999997,318.869995,320.630005,320.630005,5411.0
2019-12-10,321.929993,322.350006,319.070007,320.679993,320.679993,38939.0
2019-12-11,327.049988,327.049988,318.690002,321.709991,321.709991,13376.0
2019-12-12,325.0,325.579987,322.0,324.869995,324.869995,19722.0
2019-12-13,326.0,329.700012,326.0,328.959991,328.959991,46079.0
2019-12-16,329.73999,330.0,326.839996,327.77999900000003,327.77999900000003,3178.0
2019-12-17,328.790009,330.820007,327.660004,329.450012,329.450012,11092.0
2019-12-18,329.390015,330.0,327.709991,329.799988,329.799988,42894.0
2019-12-19,329.230011,331.839996,328.140015,330.519989,330.519989,136446.0
2019-12-20,331.160004,332.649994,330.149994,330.630005,330.630005,3291.0
2019-12-23,332.109985,332.26001,329.450012,331.190002,331.190002,36414.0
2019-12-24,331.339996,332.0,329.589996,330.390015,330.390015,13383.0
2019-12-26,330.790009,331.23999,329.049988,329.049988,329.049988,15591.0
2019-12-27,330.269989,334.0,329.100006,333.190002,333.190002,193953.0
2019-12-30,333.98999,335.089996,331.0,332.579987,332.579987,242492.0
2019-12-31,,,,,,
2020-01-01,333.890015,337.700012,329.049988,329.5,329.5,22840.0
2020-01-02,365.700012,365.700012,329.660004,334.02999900000003,334.02999900000003,106145.0
2020-01-03,336.0,336.0,326.820007,329.02999900000003,329.02999900000003,45352.0
2020-01-06,329.02999900000003,329.02999900000003,320.100006,321.179993,321.179993,181211.0
2020-01-07,324.019989,327.0,320.200012,322.980011,322.980011,114335.0
2020-01-08,322.980011,322.980011,318.5,322.02999900000003,322.02999900000003,148912.0
2020-01-09,325.589996,330.109985,325.100006,329.809998,329.809998,35223.0
2020-01-10,330.75,331.600006,327.22000099999997,329.380005,329.380005,22751.0
2020-01-13,330.0,332.100006,329.0,329.77999900000003,329.77999900000003,14615.0
2020-01-14,330.02999900000003,330.350006,328.559998,329.02999900000003,329.02999900000003,233452.0
2020-01-15,328.950012,328.950012,324.51001,326.420013,326.420013,75753.0
2020-01-16,331.5,331.5,324.940002,326.670013,326.670013,78373.0
2020-01-17,326.670013,331.5,323.450012,324.309998,324.309998,228915.0
2020-01-20,325.130005,325.709991,319.299988,319.670013,319.670013,72147.0
2020-01-21,319.670013,320.109985,317.149994,317.730011,317.730011,197393.0
2020-01-22,320.299988,320.299988,314.700012,315.0,315.0,380634.0
2020-01-23,315.0,318.75,314.559998,318.350006,318.350006,72075.0
2020-01-24,318.600006,321.809998,316.0,321.070007,321.070007,63510.0
2020-01-27,318.350006,320.399994,316.5,316.859985,316.859985,51270.0
2020-02-01,318.059998,318.059998,306.109985,307.75,307.75,3974192.0
