2015-01-02,9.9,9.9,9.9,9.9,9.9,0.0
2015-01-05,9.9,9.9,9.9,9.9,9.9,0.0
2015-01-06,9.9,9.9,9.9,9.9,9.9,0.0
2015-01-07,9.9,9.9,9.9,9.9,9.9,0.0
2015-01-08,9.9,9.9,9.9,9.9,9.9,0.0
2015-01-09,9.9,9.9,9.9,9.9,9.9,0.0
2015-01-12,9.9,9.9,9.9,9.9,9.9,0.0
2015-01-13,9.9,9.9,9.9,9.9,9.9,0.0
2015-01-14,9.9,9.9,9.9,9.9,9.9,0.0
2015-01-15,9.9,9.9,9.9,9.9,9.9,0.0
2015-01-16,9.9,9.9,9.9,9.9,9.9,0.0
2015-01-19,9.9,9.9,9.9,9.9,9.9,0.0
2015-01-20,9.9,9.9,9.9,9.9,9.9,0.0
2015-01-21,9.9,9.9,9.9,9.9,9.9,0.0
2015-01-22,9.9,9.9,9.9,9.9,9.9,0.0
2015-01-23,9.9,9.9,9.9,9.9,9.9,0.0
2015-01-27,9.9,9.9,9.9,9.9,9.9,0.0
2015-01-28,9.9,9.9,9.9,9.9,9.9,0.0
2015-01-29,9.9,9.9,9.9,9.9,9.9,0.0
2015-01-30,9.9,9.9,9.9,9.9,9.9,0.0
2015-02-02,9.9,9.9,9.9,9.9,9.9,0.0
2015-02-03,9.9,9.9,9.9,9.9,9.9,0.0
2015-02-04,9.9,9.9,9.9,9.9,9.9,0.0
2015-02-05,9.9,9.9,9.9,9.9,9.9,0.0
2015-02-06,9.9,9.9,9.9,9.9,9.9,0.0
2015-02-09,9.9,9.9,9.9,9.9,9.9,0.0
2015-02-10,9.9,9.9,9.9,9.9,9.9,0.0
2015-02-11,9.9,9.9,9.9,9.9,9.9,0.0
2015-02-12,9.9,9.9,9.9,9.9,9.9,0.0
2015-02-13,9.9,9.9,9.9,9.9,9.9,0.0
2015-02-16,9.9,9.9,9.9,9.9,9.9,0.0
2015-02-18,9.9,9.9,9.9,9.9,9.9,0.0
2015-02-19,9.9,9.9,9.9,9.9,9.9,0.0
2015-02-20,9.9,9.9,9.9,9.9,9.9,0.0
2015-02-23,9.9,9.9,9.9,9.9,9.9,0.0
2015-02-24,9.9,9.9,9.9,9.9,9.9,0.0
2015-02-25,9.9,9.9,9.9,9.9,9.9,0.0
2015-02-26,9.9,9.9,9.9,9.9,9.9,0.0
2015-02-27,9.9,9.9,9.9,9.9,9.9,0.0
2015-02-28,,,,,,
2015-03-02,9.9,9.9,9.9,9.9,9.9,0.0
2015-03-03,9.9,9.9,9.9,9.9,9.9,0.0
2015-03-04,9.9,9.9,9.9,9.9,9.9,0.0
2015-03-05,9.9,9.9,9.9,9.9,9.9,0.0
2015-03-09,9.9,9.9,9.9,9.9,9.9,0.0
2015-03-10,9.9,9.9,9.9,9.9,9.9,0.0
2015-03-11,9.9,9.9,9.9,9.9,9.9,0.0
2015-03-12,9.9,9.9,9.9,9.9,9.9,0.0
2015-03-13,9.9,9.9,9.9,9.9,9.9,0.0
2015-03-16,9.9,9.9,9.9,9.9,9.9,0.0
2015-03-17,9.9,9.9,9.9,9.9,9.9,0.0
2015-03-18,9.9,9.9,9.9,9.9,9.9,0.0
2015-03-19,9.9,9.9,9.9,9.9,9.9,0.0
2015-03-20,9.9,9.9,9.9,9.9,9.9,0.0
2015-03-23,9.9,9.9,9.9,9.9,9.9,0.0
2015-03-24,9.9,9.9,9.9,9.9,9.9,0.0
2015-03-25,9.9,9.9,9.9,9.9,9.9,0.0
2015-03-26,9.9,9.9,9.9,9.9,9.9,0.0
2015-03-27,9.9,9.9,9.9,9.9,9.9,0.0
2015-03-30,9.9,9.9,9.9,9.9,9.9,0.0
2015-03-31,9.9,9.9,9.9,9.9,9.9,0.0
2015-04-01,9.9,9.9,9.9,9.9,9.9,0.0
2015-04-06,9.9,9.9,9.9,9.9,9.9,0.0
2015-04-07,9.9,9.9,9.9,9.9,9.9,0.0
2015-04-08,9.9,9.9,9.9,9.9,9.9,0.0
2015-04-09,9.9,9.9,9.9,9.9,9.9,0.0
2015-04-10,9.9,9.9,9.9,9.9,9.9,0.0
2015-04-13,9.9,9.9,9.9,9.9,9.9,0.0
2015-04-15,9.9,9.9,9.9,9.9,9.9,0.0
2015-04-16,9.9,9.9,9.9,9.9,9.9,0.0
2015-04-17,9.9,9.9,9.9,9.9,9.9,0.0
2015-04-20,9.9,9.9,9.9,9.9,9.9,0.0
2015-04-21,9.9,9.9,9.9,9.9,9.9,0.0
2015-04-22,9.9,9.9,9.9,9.9,9.9,0.0
2015-04-23,9.9,9.9,9.9,9.9,9.9,0.0
2015-04-24,9.9,9.9,9.9,9.9,9.9,0.0
2015-04-27,9.9,9.9,9.9,9.9,9.9,0.0
2015-04-28,9.9,9.9,9.9,9.9,9.9,0.0
2015-04-29,9.9,9.9,9.9,9.9,9.9,0.0
2015-04-30,9.9,9.9,9.9,9.9,9.9,0.0
2015-05-04,9.9,9.9,9.9,9.9,9.9,0.0
2015-05-05,9.9,9.9,9.9,9.9,9.9,0.0
2015-05-06,9.9,9.9,9.9,9.9,9.9,0.0
2015-05-07,9.9,9.9,9.9,9.9,9.9,0.0
2015-05-08,9.9,9.9,9.9,9.9,9.9,0.0
2015-05-11,9.9,9.9,9.9,9.9,9.9,0.0
2015-05-12,9.9,9.9,9.9,9.9,9.9,0.0
2015-05-13,9.9,9.9,9.9,9.9,9.9,0.0
2015-05-14,9.9,9.9,9.9,9.9,9.9,0.0
2015-05-15,9.9,9.9,9.9,9.9,9.9,0.0
2015-05-18,9.9,9.9,9.9,9.9,9.9,0.0
2015-05-19,9.9,9.9,9.9,9.9,9.9,0.0
2015-05-20,9.9,9.9,9.9,9.9,9.9,0.0
2015-05-21,9.9,9.9,9.9,9.9,9.9,0.0
2015-05-22,9.9,9.9,9.9,9.9,9.9,0.0
2015-05-25,9.9,9.9,9.9,9.9,9.9,0.0
2015-05-26,9.9,9.9,9.9,9.9,9.9,0.0
2015-05-27,9.9,9.9,9.9,9.9,9.9,0.0
2015-05-28,9.9,9.9,9.9,9.9,9.9,0.0
2015-05-29,9.9,9.9,9.9,9.9,9.9,0.0
2015-06-01,9.9,9.9,9.9,9.9,9.9,0.0
2015-06-02,9.9,9.9,9.9,9.9,9.9,0.0
2015-06-03,9.9,9.9,9.9,9.9,9.9,0.0
2015-06-04,9.9,9.9,9.9,9.9,9.9,0.0
2015-06-05,9.9,9.9,9.9,9.9,9.9,0.0
2015-06-08,9.9,9.9,9.9,9.9,9.9,0.0
2015-06-09,9.9,9.9,9.9,9.9,9.9,0.0
2015-06-10,9.9,9.9,9.9,9.9,9.9,0.0
2015-06-11,9.9,9.9,9.9,9.9,9.9,0.0
2015-06-12,9.9,9.9,9.9,9.9,9.9,0.0
2015-06-15,9.9,9.9,9.9,9.9,9.9,0.0
2015-06-16,9.9,9.9,9.9,9.9,9.9,0.0
2015-06-17,9.9,9.9,9.9,9.9,9.9,0.0
2015-06-18,9.9,9.9,9.9,9.9,9.9,0.0
2015-06-19,9.9,9.9,9.9,9.9,9.9,0.0
2015-06-22,9.9,9.9,9.9,9.9,9.9,0.0
2015-06-23,9.9,9.9,9.9,9.9,9.9,0.0
2015-06-24,9.9,9.9,9.9,9.9,9.9,0.0
2015-06-25,9.9,9.9,9.9,9.9,9.9,0.0
2015-06-26,9.9,9.9,9.9,9.9,9.9,0.0
2015-06-29,9.9,9.9,9.9,9.9,9.9,0.0
2015-06-30,9.9,9.9,9.9,9.9,9.9,0.0
2015-07-01,9.9,9.9,9.9,9.9,9.9,0.0
2015-07-02,9.9,9.9,9.9,9.9,9.9,0.0
2015-07-03,9.9,9.9,9.9,9.9,9.9,0.0
2015-07-06,9.9,9.9,9.9,9.9,9.9,0.0
2015-07-07,9.9,9.9,9.9,9.9,9.9,0.0
2015-07-08,9.9,9.9,9.9,9.9,9.9,0.0
2015-07-09,9.9,9.9,9.9,9.9,9.9,0.0
2015-07-10,9.9,9.9,9.9,9.9,9.9,0.0
2015-07-13,9.9,9.9,9.9,9.9,9.9,0.0
2015-07-14,9.9,9.9,9.9,9.9,9.9,0.0
2015-07-15,9.9,9.9,9.9,9.9,9.9,0.0
2015-07-16,9.9,9.9,9.9,9.9,9.9,0.0
2015-07-17,9.9,9.9,9.9,9.9,9.9,0.0
2015-07-20,9.9,9.9,9.9,9.9,9.9,0.0
2015-07-21,9.9,9.9,9.9,9.9,9.9,0.0
2015-07-22,9.9,9.9,9.9,9.9,9.9,0.0
2015-07-23,9.9,9.9,9.9,9.9,9.9,0.0
2015-07-24,9.9,9.9,9.9,9.9,9.9,0.0
2015-07-27,9.9,9.9,9.9,9.9,9.9,0.0
2015-07-28,9.9,9.9,9.9,9.9,9.9,0.0
2015-07-29,9.9,9.9,9.9,9.9,9.9,0.0
2015-07-30,9.9,9.9,9.9,9.9,9.9,0.0
2015-07-31,9.9,9.9,9.9,9.9,9.9,0.0
2015-08-03,9.9,9.9,9.9,9.9,9.9,0.0
2015-08-04,9.9,9.9,9.9,9.9,9.9,0.0
2015-08-05,9.9,9.9,9.9,9.9,9.9,0.0
2015-08-06,9.9,9.9,9.9,9.9,9.9,0.0
2015-08-07,9.9,9.9,9.9,9.9,9.9,0.0
2015-08-10,9.9,9.9,9.9,9.9,9.9,0.0
2015-08-11,9.9,9.9,9.9,9.9,9.9,0.0
2015-08-12,9.9,9.9,9.9,9.9,9.9,0.0
2015-08-13,9.9,9.9,9.9,9.9,9.9,0.0
2015-08-14,9.9,9.9,9.9,9.9,9.9,0.0
2015-08-17,9.9,9.9,9.9,9.9,9.9,0.0
2015-08-18,9.9,9.9,9.9,9.9,9.9,0.0
2015-08-19,9.9,9.9,9.9,9.9,9.9,0.0
2015-08-20,9.9,9.9,9.9,9.9,9.9,0.0
2015-08-21,9.9,9.9,9.9,9.9,9.9,0.0
2015-08-24,9.9,9.9,9.9,9.9,9.9,0.0
2015-08-25,9.9,9.9,9.9,9.9,9.9,0.0
2015-08-26,9.9,9.9,9.9,9.9,9.9,0.0
2015-08-27,9.9,9.9,9.9,9.9,9.9,0.0
2015-08-28,9.9,9.9,9.9,9.9,9.9,0.0
2015-08-31,9.9,9.9,9.9,9.9,9.9,0.0
2015-09-01,9.9,9.9,9.9,9.9,9.9,0.0
2015-09-02,9.9,9.9,9.9,9.9,9.9,0.0
2015-09-03,9.9,9.9,9.9,9.9,9.9,0.0
2015-09-04,9.9,9.9,9.9,9.9,9.9,0.0
2015-09-07,9.9,9.9,9.9,9.9,9.9,0.0
2015-09-08,9.9,9.9,9.9,9.9,9.9,0.0
2015-09-09,9.9,9.9,9.9,9.9,9.9,0.0
2015-09-10,9.9,9.9,9.9,9.9,9.9,0.0
2015-09-11,9.9,9.9,9.9,9.9,9.9,0.0
2015-09-14,9.9,9.9,9.9,9.9,9.9,0.0
2015-09-15,9.9,9.9,9.9,9.9,9.9,0.0
2015-09-16,9.9,9.9,9.9,9.9,9.9,0.0
2015-09-18,9.9,9.9,9.9,9.9,9.9,0.0
2015-09-21,9.9,9.9,9.9,9.9,9.9,0.0
2015-09-22,9.9,9.9,9.9,9.9,9.9,0.0
2015-09-23,9.9,9.9,9.9,9.9,9.9,0.0
2015-09-24,9.9,9.9,9.9,9.9,9.9,0.0
2015-09-28,9.9,9.9,9.9,9.9,9.9,0.0
2015-09-29,9.9,9.9,9.9,9.9,9.9,0.0
2015-09-30,9.9,9.9,9.9,9.9,9.9,0.0
2015-10-01,9.9,9.9,9.9,9.9,9.9,0.0
2015-10-05,9.9,9.9,9.9,9.9,9.9,0.0
2015-10-06,9.9,9.9,9.9,9.9,9.9,0.0
2015-10-07,9.9,9.9,9.9,9.9,9.9,0.0
2015-10-08,9.9,9.9,9.9,9.9,9.9,0.0
2015-10-09,9.9,9.9,9.9,9.9,9.9,0.0
2015-10-12,9.9,9.9,9.9,9.9,9.9,0.0
2015-10-13,9.9,9.9,9.9,9.9,9.9,0.0
2015-10-14,9.9,9.9,9.9,9.9,9.9,0.0
2015-10-15,9.9,9.9,9.9,9.9,9.9,0.0
2015-10-16,9.9,9.9,9.9,9.9,9.9,0.0
2015-10-19,9.9,9.9,9.9,9.9,9.9,0.0
2015-10-20,9.9,9.9,9.9,9.9,9.9,0.0
2015-10-21,9.9,9.9,9.9,9.9,9.9,0.0
2015-10-23,9.9,9.9,9.9,9.9,9.9,0.0
2015-10-26,9.9,9.9,9.9,9.9,9.9,0.0
2015-10-27,9.9,9.9,9.9,9.9,9.9,0.0
2015-10-28,9.9,9.9,9.9,9.9,9.9,0.0
2015-10-29,9.9,9.9,9.9,9.9,9.9,0.0
2015-10-30,9.9,9.9,9.9,9.9,9.9,0.0
2015-11-02,9.9,9.9,9.9,9.9,9.9,0.0
2015-11-03,9.9,9.9,9.9,9.9,9.9,0.0
2015-11-04,9.9,9.9,9.9,9.9,9.9,0.0
2015-11-05,9.9,9.9,9.9,9.9,9.9,0.0
2015-11-06,9.9,9.9,9.9,9.9,9.9,0.0
2015-11-09,9.9,9.9,9.9,9.9,9.9,0.0
2015-11-10,9.9,9.9,9.9,9.9,9.9,0.0
2015-11-13,9.9,9.9,9.9,9.9,9.9,0.0
2015-11-16,9.9,9.9,9.9,9.9,9.9,0.0
2015-11-17,9.9,9.9,9.9,9.9,9.9,0.0
2015-11-18,9.9,9.9,9.9,9.9,9.9,0.0
2015-11-19,9.9,9.9,9.9,9.9,9.9,0.0
2015-11-20,9.9,9.9,9.9,9.9,9.9,0.0
2015-11-23,9.9,9.9,9.9,9.9,9.9,0.0
2015-11-24,9.9,9.9,9.9,9.9,9.9,0.0
2015-11-26,9.9,9.9,9.9,9.9,9.9,0.0
2015-11-27,9.9,9.9,9.9,9.9,9.9,0.0
2015-11-30,9.9,9.9,9.9,9.9,9.9,0.0
2015-12-01,9.9,9.9,9.9,9.9,9.9,0.0
2015-12-02,9.9,9.9,9.9,9.9,9.9,0.0
2015-12-03,9.9,9.9,9.9,9.9,9.9,0.0
2015-12-04,9.9,9.9,9.9,9.9,9.9,0.0
2015-12-07,9.9,9.9,9.9,9.9,9.9,0.0
2015-12-08,9.9,9.9,9.9,9.9,9.9,0.0
2015-12-09,9.9,9.9,9.9,9.9,9.9,0.0
2015-12-10,9.9,9.9,9.9,9.9,9.9,0.0
2015-12-11,9.9,9.9,9.9,9.9,9.9,0.0
2015-12-14,9.9,9.9,9.9,9.9,9.9,0.0
2015-12-15,9.9,9.9,9.9,9.9,9.9,0.0
2015-12-16,9.9,9.9,9.9,9.9,9.9,0.0
2015-12-17,9.9,9.9,9.9,9.9,9.9,0.0
2015-12-18,9.9,9.9,9.9,9.9,9.9,0.0
2015-12-21,9.9,9.9,9.9,9.9,9.9,0.0
2015-12-22,9.9,9.9,9.9,9.9,9.9,0.0
2015-12-23,9.9,9.9,9.9,9.9,9.9,0.0
2015-12-24,9.9,9.9,9.9,9.9,9.9,0.0
2015-12-28,9.9,9.9,9.9,9.9,9.9,0.0
2015-12-29,9.9,9.9,9.9,9.9,9.9,0.0
2015-12-30,9.9,9.9,9.9,9.9,9.9,0.0
2015-12-31,9.9,9.9,9.9,9.9,9.9,0.0
2016-01-01,9.9,9.9,9.9,9.9,9.9,0.0
2016-01-04,9.9,9.9,9.9,9.9,9.9,0.0
2016-01-05,9.9,9.9,9.9,9.9,9.9,0.0
2016-01-06,9.9,9.9,9.9,9.9,9.9,0.0
2016-01-07,9.9,9.9,9.9,9.9,9.9,0.0
2016-01-08,9.9,9.9,9.9,9.9,9.9,0.0
2016-01-11,9.9,9.9,9.9,9.9,9.9,0.0
2016-01-12,9.9,9.9,9.9,9.9,9.9,0.0
2016-01-13,9.9,9.9,9.9,9.9,9.9,0.0
2016-01-14,9.9,9.9,9.9,9.9,9.9,0.0
2016-01-15,9.9,9.9,9.9,9.9,9.9,0.0
2016-01-18,9.9,9.9,9.9,9.9,9.9,0.0
2016-01-19,9.9,9.9,9.9,9.9,9.9,0.0
2016-01-20,9.9,9.9,9.9,9.9,9.9,0.0
2016-01-21,9.9,9.9,9.9,9.9,9.9,0.0
2016-01-22,9.9,9.9,9.9,9.9,9.9,0.0
2016-01-25,9.9,9.9,9.9,9.9,9.9,0.0
2016-01-27,9.9,9.9,9.9,9.9,9.9,0.0
2016-01-28,9.9,9.9,9.9,9.9,9.9,0.0
2016-01-29,9.9,9.9,9.9,9.9,9.9,0.0
2016-02-01,9.9,9.9,9.9,9.9,9.9,0.0
2016-02-02,9.9,9.9,9.9,9.9,9.9,0.0
2016-02-03,9.9,9.9,9.9,9.9,9.9,0.0
2016-02-04,9.9,9.9,9.9,9.9,9.9,0.0
2016-02-05,9.9,9.9,9.9,9.9,9.9,0.0
2016-02-08,9.9,9.9,9.9,9.9,9.9,0.0
2016-02-09,9.9,9.9,9.9,9.9,9.9,0.0
2016-02-10,9.9,9.9,9.9,9.9,9.9,0.0
2016-02-11,9.9,9.9,9.9,9.9,9.9,0.0
2016-02-12,9.9,9.9,9.9,9.9,9.9,0.0
2016-02-15,9.9,9.9,9.9,9.9,9.9,0.0
2016-02-16,9.9,9.9,9.9,9.9,9.9,0.0
2016-02-17,9.9,9.9,9.9,9.9,9.9,0.0
2016-02-18,9.9,9.9,9.9,9.9,9.9,0.0
2016-02-19,9.9,9.9,9.9,9.9,9.9,0.0
2016-02-22,9.9,9.9,9.9,9.9,9.9,0.0
2016-02-23,9.9,9.9,9.9,9.9,9.9,0.0
2016-02-24,9.9,9.9,9.9,9.9,9.9,0.0
2016-02-25,9.9,9.9,9.9,9.9,9.9,0.0
2016-02-26,9.9,9.9,9.9,9.9,9.9,0.0
2016-02-29,9.9,9.9,9.9,9.9,9.9,0.0
2016-03-01,9.9,9.9,9.9,9.9,9.9,0.0
2016-03-02,9.9,9.9,9.9,9.9,9.9,0.0
2016-03-03,9.9,9.9,9.9,9.9,9.9,0.0
2016-03-04,9.9,9.9,9.9,9.9,9.9,0.0
2016-03-08,9.9,9.9,9.9,9.9,9.9,0.0
2016-03-09,9.9,9.9,9.9,9.9,9.9,0.0
2016-03-10,9.9,9.9,9.9,9.9,9.9,0.0
2016-03-11,9.9,9.9,9.9,9.9,9.9,0.0
2016-03-14,9.9,9.9,9.9,9.9,9.9,0.0
2016-03-15,9.9,9.9,9.9,9.9,9.9,0.0
2016-03-16,9.9,9.9,9.9,9.9,9.9,0.0
2016-03-17,9.9,9.9,9.9,9.9,9.9,0.0
2016-03-18,9.9,9.9,9.9,9.9,9.9,0.0
2016-03-21,9.9,9.9,9.9,9.9,9.9,0.0
2016-03-22,9.9,9.9,9.9,9.9,9.9,0.0
2016-03-23,9.9,9.9,9.9,9.9,9.9,0.0
2016-03-28,9.9,9.9,9.9,9.9,9.9,0.0
2016-03-29,9.9,9.9,9.9,9.9,9.9,0.0
2016-03-30,9.9,9.9,9.9,9.9,9.9,0.0
2016-03-31,9.9,9.9,9.9,9.9,9.9,0.0
2016-04-01,9.9,9.9,9.9,9.9,9.9,0.0
2016-04-04,9.9,9.9,9.9,9.9,9.9,0.0
2016-04-05,9.9,9.9,9.9,9.9,9.9,0.0
2016-04-06,9.9,9.9,9.9,9.9,9.9,0.0
2016-04-07,9.9,9.9,9.9,9.9,9.9,0.0
2016-04-08,9.9,9.9,9.9,9.9,9.9,0.0
2016-04-11,9.9,9.9,9.9,9.9,9.9,0.0
2016-04-12,9.9,9.9,9.9,9.9,9.9,0.0
2016-04-13,9.9,9.9,9.9,9.9,9.9,0.0
2016-04-18,9.9,9.9,9.9,9.9,9.9,0.0
2016-04-20,9.9,9.9,9.9,9.9,9.9,0.0
2016-04-21,9.9,9.9,9.9,9.9,9.9,0.0
2016-04-22,9.9,9.9,9.9,9.9,9.9,0.0
2016-04-25,9.9,9.9,9.9,9.9,9.9,0.0
2016-04-26,9.9,9.9,9.9,9.9,9.9,0.0
2016-04-27,9.9,9.9,9.9,9.9,9.9,0.0
2016-04-28,9.9,9.9,9.9,9.9,9.9,0.0
2016-04-29,9.9,9.9,9.9,9.9,9.9,0.0
2016-05-02,9.9,9.9,9.9,9.9,9.9,0.0
2016-05-03,9.9,9.9,9.9,9.9,9.9,0.0
2016-05-04,9.9,9.9,9.9,9.9,9.9,0.0
2016-05-05,9.9,9.9,9.9,9.9,9.9,0.0
2016-05-06,9.9,9.9,9.9,9.9,9.9,0.0
2016-05-09,9.9,9.9,9.9,9.9,9.9,0.0
2016-05-10,9.9,9.9,9.9,9.9,9.9,0.0
2016-05-11,9.9,9.9,9.9,9.9,9.9,0.0
2016-05-12,9.9,9.9,9.9,9.9,9.9,0.0
2016-05-13,9.9,9.9,9.9,9.9,9.9,0.0
2016-05-16,9.9,9.9,9.9,9.9,9.9,0.0
2016-05-17,9.9,9.9,9.9,9.9,9.9,0.0
2016-05-18,9.9,9.9,9.9,9.9,9.9,0.0
2016-05-19,9.9,9.9,9.9,9.9,9.9,0.0
2016-05-20,9.9,9.9,9.9,9.9,9.9,0.0
2016-05-23,9.9,9.9,9.9,9.9,9.9,0.0
2016-05-24,9.9,9.9,9.9,9.9,9.9,0.0
2016-05-25,9.9,9.9,9.9,9.9,9.9,0.0
2016-05-26,9.9,9.9,9.9,9.9,9.9,0.0
2016-05-27,9.9,9.9,9.9,9.9,9.9,0.0
2016-05-30,9.9,9.9,9.9,9.9,9.9,0.0
2016-05-31,9.9,9.9,9.9,9.9,9.9,0.0
2016-06-01,9.9,9.9,9.9,9.9,9.9,0.0
2016-06-02,9.9,9.9,9.9,9.9,9.9,0.0
2016-06-03,9.9,9.9,9.9,9.9,9.9,0.0
2016-06-06,9.9,9.9,9.9,9.9,9.9,0.0
2016-06-07,9.9,9.9,9.9,9.9,9.9,0.0
2016-06-08,9.9,9.9,9.9,9.9,9.9,0.0
2016-06-09,9.9,9.9,9.9,9.9,9.9,0.0
2016-06-10,9.9,9.9,9.9,9.9,9.9,0.0
2016-06-13,9.9,9.9,9.9,9.9,9.9,0.0
2016-06-14,9.9,9.9,9.9,9.9,9.9,0.0
2016-06-15,9.9,9.9,9.9,9.9,9.9,0.0
2016-06-16,9.9,9.9,9.9,9.9,9.9,0.0
2016-06-17,9.9,9.9,9.9,9.9,9.9,0.0
2016-06-20,9.9,9.9,9.9,9.9,9.9,0.0
2016-06-21,9.9,9.9,9.9,9.9,9.9,0.0
2016-06-22,9.9,9.9,9.9,9.9,9.9,0.0
2016-06-23,9.9,9.9,9.9,9.9,9.9,0.0
2016-06-24,9.9,9.9,9.9,9.9,9.9,0.0
2016-06-27,9.9,9.9,9.9,9.9,9.9,0.0
2016-06-28,9.9,9.9,9.9,9.9,9.9,0.0
2016-06-29,9.9,9.9,9.9,9.9,9.9,0.0
2016-06-30,9.9,9.9,9.9,9.9,9.9,0.0
2016-07-01,9.9,9.9,9.9,9.9,9.9,0.0
2016-07-04,9.9,9.9,9.9,9.9,9.9,0.0
2016-07-05,9.9,9.9,9.9,9.9,9.9,0.0
2016-07-07,9.9,9.9,9.9,9.9,9.9,0.0
2016-07-08,9.9,9.9,9.9,9.9,9.9,0.0
2016-07-11,9.9,9.9,9.9,9.9,9.9,0.0
2016-07-12,9.9,9.9,9.9,9.9,9.9,0.0
2016-07-13,9.9,9.9,9.9,9.9,9.9,0.0
2016-07-14,9.9,9.9,9.9,9.9,9.9,0.0
2016-07-15,9.9,9.9,9.9,9.9,9.9,0.0
2016-07-18,9.9,9.9,9.9,9.9,9.9,0.0
2016-07-19,9.9,9.9,9.9,9.9,9.9,0.0
2016-07-20,9.9,9.9,9.9,9.9,9.9,0.0
2016-07-21,9.9,9.9,9.9,9.9,9.9,0.0
2016-07-22,9.9,9.9,9.9,9.9,9.9,0.0
2016-07-25,9.9,9.9,9.9,9.9,9.9,0.0
2016-07-26,9.9,9.9,9.9,9.9,9.9,0.0
2016-07-27,9.9,9.9,9.9,9.9,9.9,0.0
2016-07-28,9.9,9.9,9.9,9.9,9.9,0.0
2016-07-29,9.9,9.9,9.9,9.9,9.9,0.0
2016-08-01,9.9,9.9,9.9,9.9,9.9,0.0
2016-08-02,9.9,9.9,9.9,9.9,9.9,0.0
2016-08-03,9.9,9.9,9.9,9.9,9.9,0.0
2016-08-04,9.9,9.9,9.9,9.9,9.9,0.0
2016-08-05,9.9,9.9,9.9,9.9,9.9,0.0
2016-08-08,9.9,9.9,9.9,9.9,9.9,0.0
2016-08-09,9.9,9.9,9.9,9.9,9.9,0.0
2016-08-10,9.9,9.9,9.9,9.9,9.9,0.0
2016-08-11,9.9,9.9,9.9,9.9,9.9,0.0
2016-08-12,9.9,9.9,9.9,9.9,9.9,0.0
2016-08-16,9.9,9.9,9.9,9.9,9.9,0.0
2016-08-17,9.9,9.9,9.9,9.9,9.9,0.0
2016-08-18,9.9,9.9,9.9,9.9,9.9,0.0
2016-08-19,9.9,9.9,9.9,9.9,9.9,0.0
2016-08-22,9.9,9.9,9.9,9.9,9.9,0.0
2016-08-23,9.9,9.9,9.9,9.9,9.9,0.0
2016-08-24,9.9,9.9,9.9,9.9,9.9,0.0
2016-08-25,9.9,9.9,9.9,9.9,9.9,0.0
2016-08-26,9.9,9.9,9.9,9.9,9.9,0.0
2016-08-29,9.9,9.9,9.9,9.9,9.9,0.0
2016-08-30,9.9,9.9,9.9,9.9,9.9,0.0
2016-08-31,9.9,9.9,9.9,9.9,9.9,0.0
2016-09-01,9.9,9.9,9.9,9.9,9.9,0.0
2016-09-02,9.9,9.9,9.9,9.9,9.9,0.0
2016-09-06,9.9,9.9,9.9,9.9,9.9,0.0
2016-09-07,9.9,9.9,9.9,9.9,9.9,0.0
2016-09-08,9.9,9.9,9.9,9.9,9.9,0.0
2016-09-09,9.9,9.9,9.9,9.9,9.9,0.0
2016-09-12,9.9,9.9,9.9,9.9,9.9,0.0
2016-09-14,9.9,9.9,9.9,9.9,9.9,0.0
2016-09-15,9.9,9.9,9.9,9.9,9.9,0.0
2016-09-16,9.9,9.9,9.9,9.9,9.9,0.0
2016-09-19,9.9,9.9,9.9,9.9,9.9,0.0
2016-09-20,9.9,9.9,9.9,9.9,9.9,0.0
2016-09-21,9.9,9.9,9.9,9.9,9.9,0.0
2016-09-22,9.9,9.9,9.9,9.9,9.9,0.0
2016-09-23,9.9,9.9,9.9,9.9,9.9,0.0
2016-09-26,9.9,9.9,9.9,9.9,9.9,0.0
2016-09-27,9.9,9.9,9.9,9.9,9.9,0.0
2016-09-28,9.9,9.9,9.9,9.9,9.9,0.0
2016-09-29,9.9,9.9,9.9,9.9,9.9,0.0
2016-09-30,9.9,9.9,9.9,9.9,9.9,0.0
2016-10-03,9.9,9.9,9.9,9.9,9.9,0.0
2016-10-04,9.9,9.9,9.9,9.9,9.9,0.0
2016-10-05,9.9,9.9,9.9,9.9,9.9,0.0
2016-10-06,9.9,9.9,9.9,9.9,9.9,0.0
2016-10-07,9.9,9.9,9.9,9.9,9.9,0.0
2016-10-10,9.9,9.9,9.9,9.9,9.9,0.0
2016-10-13,9.9,9.9,9.9,9.9,9.9,0.0
2016-10-14,9.9,9.9,9.9,9.9,9.9,0.0
2016-10-17,9.9,9.9,9.9,9.9,9.9,0.0
2016-10-18,9.9,9.9,9.9,9.9,9.9,0.0
2016-10-19,9.9,9.9,9.9,9.9,9.9,0.0
2016-10-20,9.9,9.9,9.9,9.9,9.9,0.0
2016-10-21,9.9,9.9,9.9,9.9,9.9,0.0
2016-10-24,9.9,9.9,9.9,9.9,9.9,0.0
2016-10-25,9.9,9.9,9.9,9.9,9.9,0.0
2016-10-26,9.9,9.9,9.9,9.9,9.9,0.0
2016-10-27,9.9,9.9,9.9,9.9,9.9,0.0
2016-10-28,9.9,9.9,9.9,9.9,9.9,0.0
2016-11-01,9.9,9.9,9.9,9.9,9.9,0.0
2016-11-02,9.9,9.9,9.9,9.9,9.9,0.0
2016-11-03,9.9,9.9,9.9,9.9,9.9,0.0
2016-11-04,9.9,9.9,9.9,9.9,9.9,0.0
2016-11-07,9.9,9.9,9.9,9.9,9.9,0.0
2016-11-08,9.9,9.9,9.9,9.9,9.9,0.0
2016-11-09,9.9,9.9,9.9,9.9,9.9,0.0
2016-11-10,9.9,9.9,9.9,9.9,9.9,0.0
2016-11-11,9.9,9.9,9.9,9.9,9.9,0.0
2016-11-15,9.9,9.9,9.9,9.9,9.9,0.0
2016-11-16,9.9,9.9,9.9,9.9,9.9,0.0
2016-11-17,9.9,9.9,9.9,9.9,9.9,0.0
2016-11-18,9.9,9.9,9.9,9.9,9.9,0.0
2016-11-21,9.9,9.9,9.9,9.9,9.9,0.0
2016-11-22,9.9,9.9,9.9,9.9,9.9,0.0
2016-11-23,9.9,9.9,9.9,9.9,9.9,0.0
2016-11-24,9.9,9.9,9.9,9.9,9.9,0.0
2016-11-25,9.9,9.9,9.9,9.9,9.9,0.0
2016-11-28,9.9,9.9,9.9,9.9,9.9,0.0
2016-11-29,9.9,9.9,9.9,9.9,9.9,0.0
2016-11-30,9.9,9.9,9.9,9.9,9.9,0.0
2016-12-01,9.9,9.9,9.9,9.9,9.9,0.0
2016-12-02,9.9,9.9,9.9,9.9,9.9,0.0
2016-12-05,9.9,9.9,9.9,9.9,9.9,0.0
2016-12-06,9.9,9.9,9.9,9.9,9.9,0.0
2016-12-07,9.9,9.9,9.9,9.9,9.9,0.0
2016-12-08,9.9,9.9,9.9,9.9,9.9,0.0
2016-12-09,9.9,9.9,9.9,9.9,9.9,0.0
2016-12-12,9.9,9.9,9.9,9.9,9.9,0.0
2016-12-13,9.9,9.9,9.9,9.9,9.9,0.0
2016-12-14,9.9,9.9,9.9,9.9,9.9,0.0
2016-12-15,9.9,9.9,9.9,9.9,9.9,0.0
2016-12-16,9.9,9.9,9.9,9.9,9.9,0.0
2016-12-19,9.9,9.9,9.9,9.9,9.9,0.0
2016-12-20,9.9,9.9,9.9,9.9,9.9,0.0
2016-12-21,9.9,9.9,9.9,9.9,9.9,0.0
2016-12-22,9.9,9.9,9.9,9.9,9.9,0.0
2016-12-23,9.9,9.9,9.9,9.9,9.9,0.0
2016-12-26,9.9,9.9,9.9,9.9,9.9,0.0
2016-12-27,9.9,9.9,9.9,9.9,9.9,0.0
2016-12-28,9.9,9.9,9.9,9.9,9.9,0.0
2016-12-29,9.9,9.9,9.9,9.9,9.9,0.0
2016-12-30,9.9,9.9,9.9,9.9,9.9,0.0
2017-01-02,9.9,9.9,9.9,9.9,9.9,0.0
2017-01-03,9.9,9.9,9.9,9.9,9.9,0.0
2017-01-04,9.9,9.9,9.9,9.9,9.9,0.0
2017-01-05,9.9,9.9,9.9,9.9,9.9,0.0
2017-01-06,9.9,9.9,9.9,9.9,9.9,0.0
2017-01-09,9.9,9.9,9.9,9.9,9.9,0.0
2017-01-10,9.9,9.9,9.9,9.9,9.9,0.0
2017-01-11,9.9,9.9,9.9,9.9,9.9,0.0
2017-01-12,9.9,9.9,9.9,9.9,9.9,0.0
2017-01-13,9.9,9.9,9.9,9.9,9.9,0.0
2017-01-16,9.9,9.9,9.9,9.9,9.9,0.0
2017-01-17,9.9,9.9,9.9,9.9,9.9,0.0
2017-01-18,9.9,9.9,9.9,9.9,9.9,0.0
2017-01-19,9.9,9.9,9.9,9.9,9.9,0.0
2017-01-20,9.9,9.9,9.9,9.9,9.9,0.0
2017-01-23,9.9,9.9,9.9,9.9,9.9,0.0
2017-01-24,9.9,9.9,9.9,9.9,9.9,0.0
2017-01-25,9.9,9.9,9.9,9.9,9.9,0.0
2017-01-27,9.9,9.9,9.9,9.9,9.9,0.0
2017-01-30,9.9,9.9,9.9,9.9,9.9,0.0
2017-01-31,9.9,9.9,9.9,9.9,9.9,0.0
2017-02-01,9.9,9.9,9.9,9.9,9.9,0.0
2017-02-02,9.9,9.9,9.9,9.9,9.9,0.0
2017-02-03,9.9,9.9,9.9,9.9,9.9,0.0
2017-02-06,9.9,9.9,9.9,9.9,9.9,0.0
2017-02-07,9.9,9.9,9.9,9.9,9.9,0.0
2017-02-08,9.9,9.9,9.9,9.9,9.9,0.0
2017-02-09,9.9,9.9,9.9,9.9,9.9,0.0
2017-02-10,9.9,9.9,9.9,9.9,9.9,0.0
2017-02-13,9.9,9.9,9.9,9.9,9.9,0.0
2017-02-14,9.9,9.9,9.9,9.9,9.9,0.0
2017-02-15,9.9,9.9,9.9,9.9,9.9,0.0
2017-02-16,9.9,9.9,9.9,9.9,9.9,0.0
2017-02-17,9.9,9.9,9.9,9.9,9.9,0.0
2017-02-20,9.9,9.9,9.9,9.9,9.9,0.0
2017-02-21,9.9,9.9,9.9,9.9,9.9,0.0
2017-02-22,9.9,9.9,9.9,9.9,9.9,0.0
2017-02-23,9.9,9.9,9.9,9.9,9.9,0.0
2017-02-27,65.900002,67.949997,65.0,65.550003,65.550003,15163.0
2017-02-28,65.550003,67.300003,63.099998,64.199997,64.199997,12562.0
2017-03-01,64.0,64.949997,62.549999,63.549999,63.549999,12623.0
2017-03-02,63.150002,65.949997,60.0,60.849998,60.849998,20634.0
2017-03-03,60.5,62.450001,59.799999,60.5,60.5,12984.0
2017-03-06,60.0,60.599998,56.799999,59.849998,59.849998,12171.0
2017-03-07,59.25,61.5,59.25,60.450001,60.450001,9722.0
2017-03-08,58.099998,59.700001,58.099998,59.0,59.0,5804.0
2017-03-09,58.599998,59.0,58.299999,58.549999,58.549999,7088.0
2017-03-10,58.099998,62.0,57.200001,57.450001,57.450001,11222.0
2017-03-14,61.0,62.0,47.75,55.0,55.0,119626.0
2017-03-15,55.0,56.0,54.549999,55.650002,55.650002,15174.0
2017-03-16,55.299999,59.900002,55.200001,56.099998,56.099998,25646.0
2017-03-17,56.099998,57.799999,55.049999,56.299999,56.299999,13462.0
2017-03-20,56.0,56.75,55.200001,56.450001,56.450001,9982.0
2017-03-21,55.900002,57.0,55.200001,56.049999,56.049999,5915.0
2017-03-22,55.900002,56.400002,54.0,55.25,55.25,17542.0
2017-03-23,55.799999,56.0,55.0,55.099998,55.099998,6433.0
2017-03-24,54.900002,56.0,53.799999,55.299999,55.299999,22251.0
2017-03-27,55.950001,56.0,54.099998,54.599998,54.599998,6741.0
2017-03-28,54.099998,54.849998,53.950001,54.049999,54.049999,9926.0
2017-03-29,55.900002,55.900002,52.099998,52.400002,52.400002,7273.0
2017-03-30,53.200001,55.849998,53.200001,54.400002,54.400002,12971.0
2017-03-31,54.0,55.400002,52.849998,54.450001,54.450001,7607.0
2017-04-03,54.200001,56.349998,54.200001,55.450001,55.450001,29292.0
2017-04-05,57.400002,59.5,54.25,57.950001,57.950001,29378.0
2017-04-06,57.700001,58.599998,56.900002,57.0,57.0,5522.0
2017-04-07,58.5,58.75,55.049999,56.099998,56.099998,27110.0
2017-04-10,56.0,56.799999,55.0,55.799999,55.799999,5352.0
2017-04-11,55.200001,56.849998,55.0,56.099998,56.099998,2958.0
2017-04-12,56.299999,56.5,55.599998,55.700001,55.700001,5575.0
2017-04-13,55.200001,56.799999,52.700001,54.450001,54.450001,35940.0
2017-04-17,54.799999,55.950001,54.049999,54.5,54.5,7262.0
2017-04-18,54.0,55.299999,52.299999,53.75,53.75,26282.0
2017-04-19,54.099998,54.099998,53.0,53.75,53.75,3448.0
2017-04-20,54.0,54.0,53.0,53.549999,53.549999,9846.0
2017-04-21,53.299999,53.950001,53.0,53.549999,53.549999,8627.0
2017-04-24,53.150002,54.200001,53.0,53.5,53.5,3198.0
2017-04-25,53.349998,54.5,52.25,52.75,52.75,3986.0
2017-04-26,54.200001,54.200001,52.799999,52.900002,52.900002,6400.0
2017-04-27,52.450001,53.25,52.400002,52.650002,52.650002,2352.0
2017-04-28,52.900002,53.25,52.5,52.700001,52.700001,7531.0
2017-05-02,52.650002,53.200001,52.5,52.700001,52.700001,4899.0
2017-05-03,52.25,52.75,52.25,52.299999,52.299999,3860.0
2017-05-04,52.25,53.200001,51.799999,52.650002,52.650002,1438.0
2017-05-05,52.0,53.0,50.25,51.299999,51.299999,9189.0
2017-05-08,51.5,51.5,50.349998,50.400002,50.400002,4006.0
2017-05-09,50.25,51.299999,50.0,50.450001,50.450001,3253.0
2017-05-10,50.299999,50.400002,49.900002,50.049999,50.049999,5683.0
2017-05-11,50.049999,51.0,49.099998,49.099998,49.099998,3827.0
2017-05-12,50.400002,50.400002,47.599998,48.200001,48.200001,15412.0
2017-05-15,47.900002,48.450001,46.25,47.900002,47.900002,9329.0
2017-05-16,48.75,49.950001,47.5,49.0,49.0,8174.0
2017-05-17,50.650002,50.75,49.0,50.0,50.0,10112.0
2017-05-18,49.5,51.0,48.099998,49.25,49.25,5037.0
2017-05-19,48.599998,51.0,48.599998,49.0,49.0,1407.0
2017-05-22,48.400002,50.099998,47.450001,47.75,47.75,4212.0
2017-05-23,47.0,48.0,46.299999,48.0,48.0,2712.0
2017-05-24,47.0,49.0,46.549999,47.5,47.5,3348.0
2017-05-25,47.0,47.0,46.099998,46.349998,46.349998,2822.0
2017-05-26,47.0,49.0,46.049999,46.200001,46.200001,4278.0
2017-05-29,46.0,47.5,44.5,46.900002,46.900002,7629.0
2017-05-30,46.099998,47.0,46.099998,46.900002,46.900002,5784.0
2017-05-31,46.099998,47.75,45.049999,47.049999,47.049999,4979.0
2017-06-01,47.5,49.0,47.5,47.950001,47.950001,2630.0
2017-06-02,47.599998,49.0,47.599998,48.950001,48.950001,10007.0
2017-06-05,48.5,50.900002,48.5,49.799999,49.799999,19746.0
2017-06-06,50.099998,50.099998,49.349998,49.799999,49.799999,5416.0
2017-06-07,50.0,51.799999,49.25,51.349998,51.349998,9718.0
2017-06-08,51.799999,52.400002,51.349998,52.049999,52.049999,3624.0
2017-06-09,51.700001,53.200001,51.25,52.5,52.5,7170.0
2017-06-12,52.0,53.450001,52.0,52.75,52.75,8804.0
2017-06-13,53.900002,54.0,52.5,53.950001,53.950001,14081.0
2017-06-14,54.849998,54.900002,54.0,54.599998,54.599998,7620.0
2017-06-15,56.5,56.700001,54.849998,55.75,55.75,30179.0
2017-06-16,55.0,55.5,54.5,54.799999,54.799999,27266.0
2017-06-19,54.049999,55.799999,54.0,55.349998,55.349998,8769.0
2017-06-20,57.549999,58.700001,54.450001,57.450001,57.450001,10838.0
2017-06-21,57.0,57.900002,56.0,57.099998,57.099998,6897.0
2017-06-22,56.75,57.900002,55.0,57.25,57.25,25348.0
2017-06-23,56.75,58.0,55.25,57.700001,57.700001,11290.0
2017-06-27,56.75,58.400002,55.0,57.049999,57.049999,15430.0
2017-06-28,56.700001,59.900002,55.349998,58.950001,58.950001,8166.0
2017-06-29,58.799999,63.0,58.799999,60.200001,60.200001,32109.0
2017-06-30,59.599998,60.799999,58.599998,60.150002,60.150002,24166.0
2017-07-03,60.049999,62.400002,60.049999,62.299999,62.299999,42303.0
2017-07-04,63.849998,63.900002,59.200001,62.25,62.25,11080.0
2017-07-05,63.450001,63.450001,59.25,63.349998,63.349998,33906.0
2017-07-06,60.549999,64.099998,60.549999,63.0,63.0,12214.0
2017-07-07,61.25,64.0,61.0,62.549999,62.549999,10070.0
2017-07-10,59.5,62.950001,59.5,62.0,62.0,127.0
2017-07-11,59.0,63.0,59.0,62.049999,62.049999,3433.0
2017-07-12,64.0,64.0,59.0,62.599998,62.599998,7023.0
2017-07-13,59.75,63.450001,59.700001,62.150002,62.150002,2289.0
2017-07-14,62.099998,62.099998,59.299999,61.599998,61.599998,4182.0
2017-07-17,63.450001,64.300003,59.5,63.049999,63.049999,21992.0
2017-07-18,63.200001,65.75,60.099998,62.349998,62.349998,20784.0
2017-07-19,63.5,63.799999,60.450001,62.450001,62.450001,14933.0
2017-07-20,63.849998,63.849998,60.150002,62.799999,62.799999,3111.0
2017-07-21,64.0,64.5,61.0,63.849998,63.849998,17045.0
2017-07-24,64.5,64.5,60.849998,63.599998,63.599998,5980.0
2017-07-25,64.300003,64.400002,62.0,62.200001,62.200001,8020.0
2017-07-26,60.0,61.549999,59.5,61.200001,61.200001,4658.0
2017-07-27,60.0,63.650002,60.0,61.25,61.25,2236.0
2017-07-28,60.0,62.75,60.0,61.049999,61.049999,3176.0
2017-07-31,60.099998,62.0,59.0,61.349998,61.349998,3300.0
2017-08-01,62.0,62.0,59.0,61.75,61.75,1960.0
2017-08-02,63.349998,63.349998,59.0,59.650002,59.650002,1519.0
2017-08-03,61.700001,61.700001,57.200001,59.599998,59.599998,4572.0
2017-08-04,57.0,59.5,56.849998,56.950001,56.950001,4231.0
2017-08-07,59.0,59.700001,54.150002,58.75,58.75,5354.0
2017-08-08,59.849998,61.0,55.849998,60.150002,60.150002,23580.0
2017-08-09,60.099998,60.099998,57.150002,59.75,59.75,5055.0
2017-08-10,60.549999,60.549999,56.799999,59.049999,59.049999,18394.0
2017-08-11,58.799999,58.900002,58.799999,58.849998,58.849998,21085.0
2017-08-14,58.849998,61.0,57.849998,57.849998,57.849998,4034.0
2017-08-16,57.849998,57.849998,57.849998,57.849998,57.849998,0.0
2017-08-17,55.0,55.0,55.0,55.0,55.0,210.0
2017-08-18,52.400002,52.400002,52.25,52.25,52.25,207.0
2017-08-21,50.0,50.0,49.650002,49.650002,49.650002,245.0
2017-08-22,47.200001,47.5,47.200001,47.200001,47.200001,3426.0
2017-08-23,44.849998,46.099998,44.849998,46.099998,46.099998,2052.0
2017-08-24,44.549999,47.25,44.549999,47.25,47.25,790.0
2017-08-28,44.900002,49.5,44.900002,48.299999,48.299999,1575.0
2017-08-29,48.0,50.400002,48.0,50.400002,50.400002,1100.0
2017-08-30,47.900002,49.0,47.900002,48.400002,48.400002,374.0
2017-08-31,47.049999,47.049999,47.049999,47.049999,47.049999,480.0
2017-09-01,47.0,47.0,47.0,47.0,47.0,200.0
2017-09-04,48.0,48.25,47.5,47.5,47.5,2384.0
2017-09-05,46.75,47.5,46.75,47.099998,47.099998,300.0
2017-09-06,45.349998,49.099998,45.349998,49.099998,49.099998,2900.0
2017-09-07,49.900002,51.549999,49.099998,51.549999,51.549999,5700.0
2017-09-08,50.0,50.099998,50.0,50.099998,50.099998,850.0
2017-09-11,49.0,49.25,49.0,49.25,49.25,891.0
2017-09-12,48.0,51.5,48.0,51.5,51.5,1600.0
2017-09-13,51.5,53.0,51.0,51.0,51.0,813.0
2017-09-14,52.549999,53.0,51.0,51.5,51.5,5495.0
2017-09-15,51.0,51.0,50.0,50.0,50.0,8532.0
2017-09-18,48.0,48.0,47.5,47.599998,47.599998,232.0
2017-09-19,46.0,46.599998,46.0,46.5,46.5,546.0
2017-09-20,46.0,46.0,44.200001,44.200001,44.200001,1015.0
2017-09-21,44.200001,44.200001,44.200001,44.200001,44.200001,0.0
2017-09-22,42.0,42.0,42.0,42.0,42.0,200.0
2017-09-25,42.0,42.0,42.0,42.0,42.0,0.0
2017-09-26,42.0,42.0,42.0,42.0,42.0,215.0
2017-09-27,42.0,42.0,42.0,42.0,42.0,500.0
2017-09-28,41.0,42.0,41.0,42.0,42.0,1200.0
2017-09-29,42.0,44.0,39.950001,44.0,44.0,4160.0
2017-10-03,44.0,45.5,44.0,45.5,45.5,520.0
2017-10-04,46.5,47.0,46.5,47.0,47.0,1988.0
2017-10-05,47.0,48.0,47.0,47.0,47.0,1475.0
2017-10-06,47.0,47.0,47.0,47.0,47.0,50.0
2017-10-09,47.5,48.0,47.0,48.0,48.0,2600.0
2017-10-10,48.0,48.0,48.0,48.0,48.0,0.0
2017-10-11,48.0,48.0,48.0,48.0,48.0,0.0
2017-10-12,48.0,48.0,48.0,48.0,48.0,0.0
2017-10-13,48.0,48.0,48.0,48.0,48.0,0.0
2017-10-16,47.0,49.950001,47.0,48.049999,48.049999,3278.0
2017-10-17,48.049999,48.049999,48.049999,48.049999,48.049999,0.0
2017-10-18,48.049999,48.049999,48.049999,48.049999,48.049999,0.0
2017-10-19,48.049999,48.049999,48.049999,48.049999,48.049999,0.0
2017-10-23,48.0,48.5,48.0,48.5,48.5,397.0
2017-10-24,48.5,48.5,48.5,48.5,48.5,0.0
2017-10-25,48.5,48.5,48.5,48.5,48.5,0.0
2017-10-26,48.5,48.5,48.5,48.5,48.5,0.0
2017-10-27,48.5,48.5,48.5,48.5,48.5,0.0
2017-10-30,47.900002,47.900002,47.900002,47.900002,47.900002,963.0
2017-10-31,47.900002,47.900002,47.900002,47.900002,47.900002,0.0
2017-11-01,47.900002,47.900002,47.900002,47.900002,47.900002,0.0
2017-11-02,47.900002,47.900002,47.900002,47.900002,47.900002,0.0
2017-11-03,47.900002,47.900002,47.900002,47.900002,47.900002,0.0
2017-11-06,47.650002,47.650002,47.650002,47.650002,47.650002,2280.0
2017-11-07,47.650002,47.650002,47.650002,47.650002,47.650002,0.0
2017-11-08,47.650002,47.650002,47.650002,47.650002,47.650002,0.0
2017-11-09,47.650002,47.650002,47.650002,47.650002,47.650002,0.0
2017-11-10,47.650002,47.650002,47.650002,47.650002,47.650002,0.0
2017-11-13,45.5,45.5,45.299999,45.299999,45.299999,1750.0
2017-11-14,45.299999,45.299999,45.299999,45.299999,45.299999,0.0
2017-11-15,45.299999,45.299999,45.299999,45.299999,45.299999,0.0
2017-11-16,45.299999,45.299999,45.299999,45.299999,45.299999,0.0
2017-11-17,45.299999,45.299999,45.299999,45.299999,45.299999,0.0
2017-11-20,45.5,45.700001,45.5,45.700001,45.700001,1092.0
2017-11-21,45.700001,45.700001,45.700001,45.700001,45.700001,0.0
2017-11-22,45.700001,45.700001,45.700001,45.700001,45.700001,0.0
2017-11-23,45.700001,45.700001,45.700001,45.700001,45.700001,0.0
2017-11-24,45.700001,45.700001,45.700001,45.700001,45.700001,0.0
2017-11-27,45.5,46.0,45.0,46.0,46.0,6452.0
2017-11-28,46.0,46.0,46.0,46.0,46.0,0.0
2017-11-29,46.0,46.0,46.0,46.0,46.0,0.0
2017-11-30,46.0,46.0,46.0,46.0,46.0,0.0
2017-12-01,46.0,46.0,46.0,46.0,46.0,0.0
2017-12-04,44.0,44.0,44.0,44.0,44.0,200.0
2017-12-05,44.0,44.0,44.0,44.0,44.0,0.0
2017-12-06,44.0,44.0,44.0,44.0,44.0,0.0
2017-12-07,44.0,44.0,44.0,44.0,44.0,0.0
2017-12-08,44.0,44.0,44.0,44.0,44.0,0.0
2017-12-11,45.849998,46.200001,45.849998,45.849998,45.849998,2835.0
2017-12-12,45.849998,45.849998,45.849998,45.849998,45.849998,0.0
2017-12-13,45.849998,45.849998,45.849998,45.849998,45.849998,0.0
2017-12-14,45.849998,45.849998,45.849998,45.849998,45.849998,0.0
2017-12-15,45.849998,45.849998,45.849998,45.849998,45.849998,0.0
2017-12-18,46.0,46.200001,46.0,46.0,46.0,1576.0
2017-12-19,46.0,46.0,46.0,46.0,46.0,0.0
2017-12-20,46.0,46.0,46.0,46.0,46.0,0.0
2017-12-21,46.0,46.0,46.0,46.0,46.0,0.0
2017-12-22,46.0,46.0,46.0,46.0,46.0,0.0
2017-12-26,46.0,46.099998,46.0,46.099998,46.099998,657.0
2017-12-27,46.099998,46.099998,46.099998,46.099998,46.099998,0.0
2017-12-28,46.099998,46.099998,46.099998,46.099998,46.099998,0.0
2017-12-29,46.099998,46.099998,46.099998,46.099998,46.099998,0.0
2018-01-01,46.049999,48.400002,46.049999,46.299999,46.299999,6601.0
2018-01-02,46.299999,46.299999,46.299999,46.299999,46.299999,0.0
2018-01-03,46.299999,46.299999,46.299999,46.299999,46.299999,0.0
2018-01-04,46.299999,46.299999,46.299999,46.299999,46.299999,0.0
2018-01-05,46.299999,46.299999,46.299999,46.299999,46.299999,0.0
2018-01-08,46.049999,46.150002,45.75,45.75,45.75,9196.0
2018-01-09,43.799999,43.799999,43.799999,43.799999,43.799999,220.0
2018-01-10,42.0,42.0,42.0,42.0,42.0,40.0
2018-01-11,39.900002,41.5,39.900002,39.900002,39.900002,5500.0
2018-01-12,41.5,41.5,37.950001,37.950001,37.950001,1900.0
2018-01-15,38.5,38.5,36.150002,36.150002,36.150002,382.0
2018-01-16,34.349998,36.0,34.349998,36.0,36.0,935.0
2018-01-17,34.549999,36.0,34.549999,35.349998,35.349998,6420.0
2018-01-18,35.0,35.0,35.0,35.0,35.0,14.0
2018-01-19,35.0,35.0,35.0,35.0,35.0,100.0
2018-01-22,35.5,35.5,33.299999,33.299999,33.299999,515.0
2018-01-23,33.0,33.25,33.0,33.25,33.25,3156.0
2018-01-24,33.25,34.799999,31.6,32.049999,32.049999,3968.0
2018-01-25,30.5,32.0,30.5,31.5,31.5,707.0
2018-01-29,30.15,33.0,30.0,30.15,30.15,2357.0
2018-01-30,29.0,31.5,29.0,29.0,29.0,223.0
2018-01-31,29.0,29.0,29.0,29.0,29.0,0.0
2018-02-01,28.75,28.75,28.6,28.6,28.6,799.0
2018-02-02,27.25,30.0,27.200001,30.0,30.0,2175.0
2018-02-05,30.0,30.0,30.0,30.0,30.0,0.0
2018-02-06,30.0,30.0,30.0,30.0,30.0,0.0
2018-02-07,28.5,28.5,28.5,28.5,28.5,5.0
2018-02-08,27.299999,27.299999,27.299999,27.299999,27.299999,115.0
2018-02-09,26.049999,26.049999,25.950001,26.0,26.0,451.0
2018-02-12,24.799999,27.299999,24.700001,27.299999,27.299999,4822.0
2018-02-14,26.25,26.25,26.0,26.0,26.0,400.0
2018-02-15,25.0,25.0,24.700001,24.700001,24.700001,529.0
2018-02-16,24.5,24.5,23.5,23.75,23.75,300.0
2018-02-19,22.6,22.6,22.6,22.6,22.6,760.0
2018-02-20,21.5,21.799999,21.5,21.799999,21.799999,75.0
2018-02-21,21.799999,21.799999,20.799999,20.799999,20.799999,800.0
2018-02-22,20.799999,20.799999,20.799999,20.799999,20.799999,0.0
2018-02-23,20.0,20.0,19.799999,19.799999,19.799999,950.0
2018-02-26,20.75,20.75,20.75,20.75,20.75,100.0
2018-02-27,21.75,21.75,21.75,21.75,21.75,403.0
2018-02-28,21.75,21.75,21.75,21.75,21.75,3.0
2018-03-01,22.799999,22.799999,22.799999,22.799999,22.799999,60.0
2018-03-05,23.9,23.9,23.9,23.9,23.9,1800.0
2018-03-06,25.0,25.049999,23.6,23.6,23.6,2651.0
2018-03-07,23.200001,24.75,22.450001,24.75,24.75,4502.0
2018-03-08,24.75,24.75,24.75,24.75,24.75,0.0
2018-03-09,25.0,25.1,25.0,25.0,25.0,489.0
2018-03-12,23.75,25.0,23.75,23.75,23.75,2450.0
2018-03-13,22.6,22.6,22.6,22.6,22.6,500.0
2018-03-14,21.6,21.6,21.6,21.6,21.6,101.0
2018-03-15,21.6,21.6,21.6,21.6,21.6,0.0
2018-03-16,22.65,22.65,22.65,22.65,22.65,391.0
2018-03-19,21.6,21.6,21.6,21.6,21.6,100.0
2018-03-20,20.9,20.950001,20.9,20.950001,20.950001,600.0
2018-03-21,20.35,20.35,20.1,20.1,20.1,3.0
2018-03-22,19.5,19.75,19.5,19.75,19.75,200.0
2018-03-23,19.75,19.75,18.85,19.0,19.0,2748.0
2018-03-26,19.0,19.0,18.35,18.35,18.35,1130.0
2018-03-27,18.0,18.0,18.0,18.0,18.0,100.0
2018-03-28,17.15,17.299999,17.15,17.299999,17.299999,1099.0
2018-04-02,17.299999,17.299999,17.299999,17.299999,17.299999,0.0
2018-04-03,17.299999,17.299999,17.299999,17.299999,17.299999,0.0
2018-04-04,17.299999,17.299999,17.299999,17.299999,17.299999,0.0
2018-04-05,17.5,17.5,17.5,17.5,17.5,275.0
2018-04-06,17.5,17.5,17.5,17.5,17.5,0.0
2018-04-09,18.35,18.35,18.35,18.35,18.35,50.0
2018-04-10,18.35,18.35,18.35,18.35,18.35,0.0
2018-04-11,19.25,19.25,19.25,19.25,19.25,25.0
2018-04-12,20.200001,20.200001,20.200001,20.200001,20.200001,25.0
2018-04-13,20.200001,20.200001,19.200001,19.200001,19.200001,1150.0
2018-04-16,19.5,19.5,19.5,19.5,19.5,100.0
2018-04-17,19.6,19.6,19.6,19.6,19.6,25.0
2018-04-18,19.5,20.0,19.5,20.0,20.0,208.0
2018-04-19,19.6,19.6,19.6,19.6,19.6,90.0
2018-04-20,20.0,20.0,20.0,20.0,20.0,800.0
2018-04-23,21.0,21.0,20.0,20.299999,20.299999,5000.0
2018-04-24,20.299999,20.299999,20.299999,20.299999,20.299999,0.0
2018-04-25,21.299999,21.299999,20.25,21.1,21.1,310.0
2018-04-26,21.1,21.5,21.0,21.0,21.0,875.0
2018-04-27,21.0,21.1,21.0,21.1,21.1,620.0
2018-04-30,21.1,22.15,21.1,21.15,21.15,1400.0
2018-05-02,21.049999,21.25,21.049999,21.25,21.25,321.0
2018-05-03,21.299999,21.299999,21.299999,21.299999,21.299999,200.0
2018-05-04,21.1,21.1,21.1,21.1,21.1,100.0
2018-05-07,21.200001,21.299999,21.200001,21.299999,21.299999,600.0
2018-05-08,21.549999,21.6,21.549999,21.6,21.6,145.0
2018-05-09,22.049999,22.049999,22.049999,22.049999,22.049999,50.0
2018-05-10,21.6,21.85,21.6,21.85,21.85,390.0
2018-05-11,22.0,22.0,21.5,21.9,21.9,1062.0
2018-05-14,22.0,22.0,22.0,22.0,22.0,100.0
2018-05-15,22.0,22.0,22.0,22.0,22.0,20050.0
2018-05-16,22.0,22.0,22.0,22.0,22.0,112.0
2018-05-17,20.9,23.0,20.9,21.15,21.15,1722.0
2018-05-18,21.0,22.200001,21.0,22.0,22.0,472.0
2018-05-21,22.0,22.0,21.0,21.0,21.0,205.0
2018-05-22,20.0,20.200001,20.0,20.200001,20.200001,260.0
2018-05-23,20.200001,20.200001,20.200001,20.200001,20.200001,0.0
2018-05-24,20.200001,20.200001,20.200001,20.200001,20.200001,0.0
2018-05-25,20.200001,20.200001,20.200001,20.200001,20.200001,0.0
2018-05-28,21.200001,21.200001,21.200001,21.200001,21.200001,10.0
2018-05-29,22.25,22.25,22.25,22.25,22.25,50.0
2018-05-30,23.35,23.35,23.35,23.35,23.35,13.0
2018-05-31,24.5,24.5,24.5,24.5,24.5,119.0
2018-06-01,25.700001,25.700001,25.700001,25.700001,25.700001,1250.0
2018-06-04,26.950001,26.950001,26.950001,26.950001,26.950001,3350.0
2018-06-05,28.25,28.25,28.25,28.25,28.25,1325.0
2018-06-06,29.65,29.65,29.65,29.65,29.65,325.0
2018-06-07,31.1,31.1,31.1,31.1,31.1,50.0
2018-06-08,32.650002,32.650002,32.650002,32.650002,32.650002,552.0
2018-06-11,34.25,34.25,34.25,34.25,34.25,541.0
2018-06-12,35.950001,35.950001,35.950001,35.950001,35.950001,893.0
2018-06-13,37.700001,37.700001,37.700001,37.700001,37.700001,230.0
2018-06-14,39.549999,39.549999,39.549999,39.549999,39.549999,56.0
2018-06-15,41.5,41.5,41.5,41.5,41.5,125.0
2018-06-18,49.799999,49.799999,49.799999,49.799999,49.799999,1090.0
2018-06-19,59.75,59.75,58.0,59.75,59.75,5060.0
2018-06-20,65.699997,65.699997,56.200001,63.25,63.25,195381.0
2018-06-21,63.400002,63.400002,60.099998,60.099998,60.099998,6395.0
2018-06-22,57.25,57.25,57.099998,57.099998,57.099998,2794.0
2018-06-25,54.25,54.25,54.25,54.25,54.25,2589.0
2018-06-26,51.549999,51.549999,51.549999,51.549999,51.549999,2314.0
2018-06-27,49.0,50.5,49.0,49.0,49.0,14577.0
2018-06-28,47.0,51.299999,46.549999,46.549999,46.549999,15824.0
2018-06-29,44.299999,48.849998,44.25,44.25,44.25,50998.0
2018-07-02,46.400002,46.400002,42.049999,42.349998,42.349998,25452.0
2018-07-03,42.950001,44.450001,42.299999,44.450001,44.450001,25086.0
2018-07-04,46.5,46.650002,45.549999,46.650002,46.650002,7751.0
2018-07-05,46.650002,48.950001,46.650002,48.549999,48.549999,26380.0
2018-07-06,49.700001,50.950001,46.150002,46.349998,46.349998,15264.0
2018-07-09,47.299999,47.299999,44.049999,44.400002,44.400002,15312.0
2018-07-10,43.150002,46.349998,42.200001,43.099998,43.099998,21868.0
2018-07-11,44.450001,44.450001,41.650002,43.700001,43.700001,2302.0
2018-07-12,45.799999,45.849998,44.0,45.849998,45.849998,51355.0
2018-07-13,47.700001,47.700001,43.599998,45.349998,45.349998,19627.0
2018-07-16,47.450001,47.450001,43.099998,43.299999,43.299999,9956.0
2018-07-17,43.75,44.349998,41.950001,43.950001,43.950001,12363.0
2018-07-18,46.099998,46.099998,42.25,42.700001,42.700001,9880.0
2018-07-19,41.049999,42.599998,40.599998,40.599998,40.599998,9876.0
2018-07-20,38.650002,41.0,38.599998,38.599998,38.599998,7478.0
2018-07-23,36.799999,39.0,36.700001,37.599998,37.599998,3477.0
2018-07-24,37.450001,38.950001,36.049999,38.25,38.25,4124.0
2018-07-25,36.599998,38.849998,36.599998,37.75,37.75,3009.0
2018-07-26,39.5,39.5,35.900002,35.950001,35.950001,14553.0
2018-07-27,35.0,36.400002,34.200001,34.200001,34.200001,11442.0
2018-07-30,32.849998,34.0,32.799999,33.049999,33.049999,11116.0
2018-07-31,32.5,34.700001,32.5,34.700001,34.700001,5660.0
2018-08-01,33.0,33.0,33.0,33.0,33.0,4996.0
2018-08-02,31.35,31.35,31.35,31.35,31.35,7718.0
2018-08-03,29.799999,32.700001,29.799999,30.950001,30.950001,46482.0
2018-08-06,31.0,31.0,29.75,30.25,30.25,11039.0
2018-08-07,30.25,30.799999,28.75,29.5,29.5,5417.0
2018-08-08,28.450001,29.1,28.049999,28.5,28.5,11499.0
2018-08-09,29.9,29.9,27.35,28.85,28.85,7017.0
2018-08-10,28.85,28.950001,27.450001,27.450001,27.450001,20195.0
2018-08-13,28.75,28.75,26.1,26.1,26.1,15177.0
2018-08-14,26.200001,27.25,25.25,26.049999,26.049999,7952.0
2018-08-16,27.25,27.35,27.200001,27.35,27.35,1537.0
2018-08-17,28.5,28.700001,27.200001,28.5,28.5,12519.0
2018-08-20,29.9,29.9,29.0,29.549999,29.549999,3515.0
2018-08-21,28.65,31.0,28.65,31.0,31.0,20354.0
2018-08-23,32.549999,32.549999,32.549999,32.549999,32.549999,1340.0
2018-08-24,34.150002,34.150002,34.150002,34.150002,34.150002,5429.0
2018-08-27,35.849998,35.849998,35.849998,35.849998,35.849998,6855.0
2018-08-28,37.599998,37.599998,37.599998,37.599998,37.599998,1971.0
2018-08-29,39.450001,39.450001,39.450001,39.450001,39.450001,1647.0
2018-08-30,41.400002,41.400002,41.400002,41.400002,41.400002,4770.0
2018-08-31,43.450001,43.450001,43.450001,43.450001,43.450001,791.0
2018-09-03,45.599998,45.599998,45.599998,45.599998,45.599998,1498.0
2018-09-04,47.849998,47.849998,44.849998,45.799999,45.799999,90466.0
2018-09-05,48.049999,48.049999,48.049999,48.049999,48.049999,12285.0
2018-09-06,50.450001,50.450001,50.450001,50.450001,50.450001,3679.0
2018-09-07,52.950001,52.950001,52.950001,52.950001,52.950001,4481.0
2018-09-10,55.549999,55.549999,55.549999,55.549999,55.549999,4003.0
2018-09-11,58.299999,58.299999,58.299999,58.299999,58.299999,31142.0
2018-09-12,61.200001,61.200001,55.450001,56.549999,56.549999,96053.0
2018-09-14,54.25,56.5,53.75,53.75,53.75,17536.0
2018-09-17,51.099998,51.299999,51.099998,51.099998,51.099998,13516.0
2018-09-18,48.549999,50.950001,48.549999,48.599998,48.599998,22334.0
2018-09-19,46.349998,50.700001,46.200001,46.200001,46.200001,15682.0
2018-09-21,44.25,47.950001,43.900002,44.0,44.0,13161.0
2018-09-24,42.099998,45.900002,41.799999,43.200001,43.200001,23912.0
2018-09-25,43.900002,43.900002,41.099998,41.5,41.5,5073.0
2018-09-26,41.049999,42.25,39.450001,40.200001,40.200001,4408.0
2018-09-27,39.5,39.900002,38.200001,38.349998,38.349998,1315.0
2018-09-28,38.0,39.0,38.0,38.099998,38.099998,2372.0
2018-10-01,36.200001,36.5,36.200001,36.200001,36.200001,8382.0
2018-10-03,37.950001,38.0,36.200001,38.0,38.0,1391.0
2018-10-04,39.0,39.900002,37.0,39.700001,39.700001,10144.0
2018-10-05,39.950001,41.25,38.549999,40.799999,40.799999,6929.0
2018-10-08,39.049999,42.650002,38.799999,39.0,39.0,7945.0
2018-10-09,38.25,40.5,38.099998,38.099998,38.099998,222.0
2018-10-10,36.349998,40.0,36.349998,40.0,40.0,2810.0
2018-10-11,40.0,42.0,38.25,41.950001,41.950001,1190.0
2018-10-12,40.0,43.5,40.0,42.25,42.25,486.0
2018-10-15,42.950001,44.349998,42.549999,43.049999,43.049999,1623.0
2018-10-16,43.0,45.200001,42.25,43.549999,43.549999,6524.0
2018-10-17,44.0,45.700001,43.0,45.599998,45.599998,7685.0
2018-10-19,47.849998,47.849998,46.200001,47.849998,47.849998,30296.0
2018-10-22,50.200001,50.200001,46.150002,46.349998,46.349998,6867.0
2018-10-23,45.0,48.5,44.150002,48.5,48.5,14488.0
2018-10-24,50.5,50.900002,46.5,47.0,47.0,4763.0
2018-10-25,47.0,48.900002,45.599998,46.150002,46.150002,2732.0
2018-10-26,45.0,48.450001,44.25,47.5,47.5,17215.0
2018-10-29,49.799999,49.849998,47.25,48.200001,48.200001,1960.0
2018-10-30,53.0,53.0,44.5,48.950001,48.950001,3920.0
2018-10-31,46.75,50.0,46.75,49.599998,49.599998,3385.0
2018-11-01,45.549999,49.950001,45.549999,47.400002,47.400002,1489.0
2018-11-02,47.900002,49.950001,46.049999,46.75,46.75,6112.0
2018-11-05,50.900002,50.900002,42.549999,44.5,44.5,20836.0
2018-11-06,44.900002,44.900002,42.5,42.599998,42.599998,1663.0
2018-11-07,43.5,46.5,42.549999,44.0,44.0,2195.0
2018-11-09,44.25,45.0,42.299999,43.049999,43.049999,10173.0
2018-11-12,46.700001,47.349998,46.400002,47.099998,47.099998,15047.0
2018-11-13,48.700001,48.700001,43.150002,44.200001,44.200001,15002.0
2018-11-14,44.200001,45.25,42.75,43.900002,43.900002,1080.0
2018-11-15,43.0,44.5,43.0,43.150002,43.150002,211.0
2018-11-16,40.549999,44.200001,40.25,44.0,44.0,14728.0
2018-11-19,45.700001,45.75,43.200001,43.5,43.5,1406.0
2018-11-20,43.299999,44.75,42.099998,43.099998,43.099998,1942.0
2018-11-21,43.099998,45.5,43.099998,44.150002,44.150002,13754.0
2018-11-22,42.549999,45.700001,42.549999,44.299999,44.299999,7876.0
2018-11-26,44.299999,44.299999,42.0,42.299999,42.299999,67135.0
2018-11-27,43.450001,44.900002,43.049999,44.25,44.25,4844.0
2018-11-28,48.0,48.0,43.599998,44.299999,44.299999,3688.0
2018-11-29,44.099998,48.700001,43.5,48.700001,48.700001,17642.0
2018-11-30,52.0,52.0,46.099998,46.950001,46.950001,4233.0
2018-12-03,47.700001,47.700001,44.5,45.75,45.75,2545.0
2018-12-04,45.0,45.5,44.0,44.700001,44.700001,7078.0
2018-12-05,43.099998,46.0,42.5,45.450001,45.450001,3365.0
2018-12-06,43.0,49.799999,43.0,44.349998,44.349998,3706.0
2018-12-07,47.0,47.0,43.5,43.650002,43.650002,1423.0
2018-12-10,43.349998,45.799999,41.5,45.799999,45.799999,3744.0
2018-12-11,44.599998,44.599998,43.0,44.5,44.5,2793.0
2018-12-12,44.099998,49.799999,43.049999,46.950001,46.950001,17502.0
2018-12-13,48.849998,49.0,46.0,46.950001,46.950001,5163.0
2018-12-14,46.5,48.5,44.0,45.200001,45.200001,3129.0
2018-12-17,45.0,46.25,43.849998,44.599998,44.599998,4700.0
2018-12-18,44.950001,44.950001,43.799999,44.049999,44.049999,10932.0
2018-12-19,43.950001,44.799999,42.349998,43.5,43.5,6339.0
2018-12-20,43.049999,43.950001,43.049999,43.299999,43.299999,2289.0
2018-12-21,45.900002,51.400002,40.650002,43.599998,43.599998,8908.0
2018-12-24,44.950001,44.950001,43.0,44.400002,44.400002,1639.0
2018-12-26,43.75,44.900002,43.0,44.849998,44.849998,11975.0
2018-12-27,44.0,44.0,43.25,43.299999,43.299999,1362.0
2018-12-28,43.599998,45.0,43.349998,43.75,43.75,871.0
2018-12-31,43.099998,46.0,42.75,43.950001,43.950001,1288.0
2019-01-01,45.900002,45.900002,44.299999,45.049999,45.049999,358.0
2019-01-02,44.0,44.599998,42.799999,42.799999,42.799999,4481.0
2019-01-03,44.0,45.799999,42.599998,42.700001,42.700001,372.0
2019-01-04,44.150002,46.25,42.150002,44.049999,44.049999,7767.0
2019-01-07,45.549999,45.549999,42.099998,42.799999,42.799999,8507.0
2019-01-08,43.0,43.950001,42.200001,43.0,43.0,3254.0
2019-01-09,43.049999,43.049999,41.799999,42.599998,42.599998,1700.0
2019-01-10,44.900002,45.25,42.200001,43.950001,43.950001,152.0
2019-01-11,43.950001,43.950001,42.099998,43.0,43.0,5712.0
2019-01-14,43.0,44.799999,42.099998,42.5,42.5,1601.0
2019-01-15,42.150002,43.549999,42.150002,42.25,42.25,2420.0
2019-01-16,42.25,43.650002,42.0,42.099998,42.099998,1382.0
2019-01-17,41.849998,42.849998,41.0,41.299999,41.299999,3162.0
2019-01-18,43.0,44.0,42.700001,43.400002,43.400002,10653.0
2019-01-21,43.0,45.650002,42.049999,43.349998,43.349998,3711.0
2019-01-22,43.0,44.799999,42.099998,42.5,42.5,3124.0
2019-01-23,43.900002,43.900002,41.299999,42.0,42.0,653.0
2019-01-24,41.650002,42.0,40.75,40.75,40.75,1295.0
2019-01-25,43.700001,43.700001,40.25,40.25,40.25,1193.0
2019-01-28,39.900002,43.849998,39.0,41.200001,41.200001,23868.0
2019-01-29,48.400002,48.400002,40.299999,40.650002,40.650002,627.0
2019-01-30,39.200001,44.0,39.200001,41.650002,41.650002,3651.0
2019-01-31,41.5,41.549999,41.5,41.5,41.5,709.0
2019-02-01,41.200001,44.0,41.150002,41.150002,41.150002,742.0
2019-02-04,40.5,42.900002,39.099998,40.299999,40.299999,699.0
2019-02-05,39.5,40.950001,37.75,38.75,38.75,2365.0
2019-02-06,38.0,41.0,37.549999,38.599998,38.599998,787.0
2019-02-07,39.950001,41.0,37.450001,38.75,38.75,2970.0
2019-02-08,38.0,38.0,36.5,36.75,36.75,2774.0
2019-02-11,36.0,37.0,36.0,37.0,37.0,1519.0
2019-02-12,36.400002,36.900002,35.0,36.25,36.25,1666.0
2019-02-14,39.0,39.0,34.150002,36.049999,36.049999,779.0
2019-02-15,36.200001,37.700001,36.049999,37.650002,37.650002,945.0
2019-02-18,37.650002,39.0,36.0,38.0,38.0,1107.0
2019-02-19,37.150002,39.950001,37.099998,38.049999,38.049999,3251.0
2019-02-20,37.349998,38.700001,37.299999,38.599998,38.599998,794.0
2019-02-21,38.0,40.5,36.549999,39.0,39.0,6888.0
2019-02-22,40.5,40.5,38.049999,38.5,38.5,950.0
2019-02-25,40.900002,40.900002,40.900002,40.900002,40.900002,105.0
2019-02-26,41.099998,43.0,38.0,42.299999,42.299999,4722.0
2019-02-27,42.599998,46.900002,38.0,39.450001,39.450001,9731.0
2019-02-28,38.599998,41.200001,38.0,40.0,40.0,899.0
2019-03-01,39.25,41.700001,39.25,40.150002,40.150002,1453.0
2019-03-05,41.5,41.5,39.049999,40.5,40.5,3108.0
2019-03-06,41.5,41.5,40.25,40.799999,40.799999,1123.0
2019-03-07,40.0,41.5,39.549999,41.5,41.5,261.0
2019-03-08,41.5,41.799999,40.25,41.700001,41.700001,234.0
2019-03-11,41.650002,41.650002,41.650002,41.650002,41.650002,198.0
2019-03-12,42.650002,42.650002,39.150002,40.200001,40.200001,834.0
2019-03-13,40.049999,42.400002,40.0,40.0,40.0,782.0
2019-03-14,39.900002,39.900002,39.200001,39.299999,39.299999,12.0
2019-03-15,39.299999,39.75,39.299999,39.75,39.75,300.0
2019-03-18,42.599998,42.599998,38.0,38.75,38.75,3603.0
2019-03-19,39.900002,39.950001,38.150002,38.400002,38.400002,517.0
2019-03-20,38.0,38.0,37.5,37.599998,37.599998,47.0
2019-03-22,38.549999,40.049999,38.549999,40.0,40.0,711.0
2019-03-25,42.599998,42.599998,38.049999,39.650002,39.650002,415.0
2019-03-26,39.950001,39.950001,38.049999,38.25,38.25,815.0
2019-03-27,37.5,39.799999,37.25,37.900002,37.900002,1090.0
2019-03-28,40.0,40.0,37.349998,38.549999,38.549999,3051.0
2019-04-01,39.75,39.75,38.549999,39.099998,39.099998,6480.0
2019-04-02,39.0,39.0,36.599998,37.049999,37.049999,1963.0
2019-04-03,38.25,38.25,36.25,37.150002,37.150002,2012.0
2019-04-04,37.150002,37.150002,37.150002,37.150002,37.150002,1.0
2019-04-05,36.5,37.700001,36.049999,36.349998,36.349998,1281.0
2019-04-08,36.299999,37.450001,36.0,36.25,36.25,1200.0
2019-04-09,35.599998,37.0,35.049999,35.549999,35.549999,1352.0
2019-04-10,35.099998,35.849998,34.0,35.849998,35.849998,543.0
2019-04-11,35.099998,35.450001,34.5,35.25,35.25,526.0
2019-04-12,34.5,36.349998,34.5,35.0,35.0,718.0
2019-04-15,36.150002,36.150002,35.049999,35.450001,35.450001,1044.0
2019-04-16,35.0,35.25,34.5,34.599998,34.599998,1585.0
2019-04-18,34.599998,35.75,34.0,34.099998,34.099998,1269.0
2019-04-22,33.900002,33.900002,33.099998,33.25,33.25,1081.0
2019-04-23,33.25,33.25,30.200001,30.549999,30.549999,9679.0
2019-04-24,29.799999,36.650002,29.75,36.650002,36.650002,22919.0
2019-04-25,39.950001,43.950001,38.900002,43.950001,43.950001,81577.0
2019-04-26,48.400002,52.700001,46.099998,50.400002,50.400002,829933.0
2019-04-30,48.700001,48.700001,45.400002,45.650002,45.650002,86429.0
2019-05-02,45.650002,47.900002,42.5,44.950001,44.950001,11480.0
2019-05-03,45.200001,45.900002,40.599998,41.450001,41.450001,20963.0
2019-05-06,41.450001,41.450001,37.700001,38.5,38.5,16620.0
2019-05-07,38.5,39.099998,36.599998,37.200001,37.200001,20188.0
2019-05-08,36.950001,36.950001,35.5,35.650002,35.650002,3008.0
2019-05-09,35.0,35.400002,34.200001,34.849998,34.849998,6170.0
2019-05-10,35.900002,35.900002,33.849998,34.0,34.0,9423.0
2019-05-13,34.0,34.0,32.299999,32.450001,32.450001,9175.0
2019-05-14,32.5,32.5,30.85,32.0,32.0,4806.0
2019-05-15,32.0,33.599998,31.25,33.099998,33.099998,2025.0
2019-05-16,34.75,34.75,31.450001,31.549999,31.549999,8170.0
2019-05-17,31.549999,33.099998,31.549999,33.099998,33.099998,4268.0
2019-05-20,34.75,34.75,31.65,34.450001,34.450001,2230.0
2019-05-21,35.400002,35.400002,33.5,33.75,33.75,2546.0
2019-05-22,33.75,34.849998,32.799999,33.950001,33.950001,7832.0
2019-05-23,34.849998,34.849998,32.299999,32.299999,32.299999,13827.0
2019-05-24,30.9,31.6,30.700001,31.0,31.0,7735.0
2019-05-27,31.0,32.400002,31.0,32.099998,32.099998,9782.0
2019-05-28,32.0,33.0,32.0,32.950001,32.950001,2076.0
2019-05-29,33.799999,33.950001,32.099998,32.5,32.5,3696.0
2019-05-30,33.75,33.75,31.5,32.299999,32.299999,1723.0
2019-05-31,32.849998,32.900002,30.700001,30.700001,30.700001,6161.0
2019-06-03,29.35,31.0,29.200001,29.25,29.25,7138.0
2019-06-04,28.049999,29.4,27.799999,28.35,28.35,5718.0
2019-06-06,28.5,28.5,27.5,28.15,28.15,2216.0
2019-06-07,27.049999,29.5,27.049999,29.15,29.15,55850.0
2019-06-10,30.450001,30.450001,27.700001,29.950001,29.950001,2051.0
2019-06-11,30.5,30.85,28.5,28.950001,28.950001,13759.0
2019-06-12,29.4,29.4,28.049999,28.1,28.1,3147.0
2019-06-13,27.25,28.549999,27.25,28.25,28.25,2121.0
2019-06-14,26.950001,28.15,26.9,27.4,27.4,1007.0
2019-06-17,26.200001,27.75,26.200001,27.35,27.35,1347.0
2019-06-18,27.1,27.75,26.25,26.5,26.5,5473.0
2019-06-19,26.950001,27.75,25.200001,26.049999,26.049999,3811.0
2019-06-20,24.9,25.700001,24.75,24.950001,24.950001,4575.0
2019-06-21,25.25,26.15,24.450001,26.0,26.0,5929.0
2019-06-24,26.950001,26.950001,24.75,25.1,25.1,6978.0
2019-06-25,24.25,26.35,24.25,26.0,26.0,1111.0
2019-06-26,25.200001,27.299999,25.200001,26.049999,26.049999,2725.0
2019-06-27,25.6,27.049999,25.6,26.25,26.25,3415.0
2019-06-28,26.200001,26.65,25.799999,25.85,25.85,1408.0
2019-07-01,25.799999,27.1,25.5,27.1,27.1,2065.0
2019-07-02,27.9,27.9,26.85,27.049999,27.049999,2384.0
2019-07-03,28.35,28.35,26.0,27.200001,27.200001,1053.0
2019-07-04,27.35,28.0,27.35,28.0,28.0,451.0
2019-07-05,27.950001,27.950001,27.15,27.700001,27.700001,242.0
2019-07-08,27.25,27.25,26.35,26.35,26.35,837.0
2019-07-09,27.25,27.25,25.700001,25.799999,25.799999,511.0
2019-07-10,25.799999,25.85,25.4,25.799999,25.799999,1035.0
2019-07-11,25.799999,27.0,25.799999,26.049999,26.049999,1219.0
2019-07-12,26.049999,27.25,26.049999,26.299999,26.299999,2305.0
2019-07-15,25.549999,27.450001,25.549999,27.35,27.35,265.0
2019-07-16,26.299999,28.0,26.299999,28.0,28.0,9894.0
2019-07-17,26.75,29.200001,26.75,27.5,27.5,1400.0
2019-07-18,27.549999,28.75,26.25,28.450001,28.450001,1078.0
2019-07-19,28.450001,28.450001,27.1,27.1,27.1,61.0
2019-07-22,26.0,28.0,25.75,25.75,25.75,222.0
2019-07-23,24.5,24.5,24.5,24.5,24.5,1020.0
2019-07-24,23.299999,23.5,23.299999,23.299999,23.299999,429.0
2019-07-25,23.25,24.450001,23.25,23.35,23.35,157.0
2019-07-26,22.799999,24.5,22.799999,24.5,24.5,205.0
2019-07-29,25.700001,25.700001,25.700001,25.700001,25.700001,1.0
2019-07-30,25.700001,25.700001,25.1,25.1,25.1,110.0
2019-07-31,26.35,26.35,25.200001,25.200001,25.200001,113.0
2019-08-01,25.200001,25.200001,24.0,24.0,24.0,2450.0
2019-08-02,24.450001,24.450001,22.9,22.950001,22.950001,530.0
2019-08-05,22.950001,23.0,21.950001,22.950001,22.950001,896.0
2019-08-06,22.9,22.9,21.9,22.0,22.0,404.0
2019-08-07,21.049999,23.1,21.0,23.1,23.1,2354.0
2019-08-08,22.700001,24.25,22.25,22.25,22.25,893.0
2019-08-09,23.35,23.35,23.35,23.35,23.35,40.0
2019-08-13,23.0,23.0,22.299999,22.85,22.85,62.0
2019-08-14,22.700001,23.0,22.700001,23.0,23.0,272.0
2019-08-16,23.0,23.15,21.9,22.049999,22.049999,7300.0
2019-08-19,21.1,22.200001,21.1,21.549999,21.549999,2052.0
2019-08-20,20.799999,22.6,20.549999,21.950001,21.950001,1167.0
2019-08-21,20.9,20.9,20.9,20.9,20.9,500.0
2019-08-22,19.9,19.9,19.9,19.9,19.9,1020.0
2019-08-23,19.0,19.0,18.950001,19.0,19.0,586.0
2019-08-26,18.1,19.0,18.049999,18.950001,18.950001,3513.0
2019-08-27,18.75,18.799999,18.049999,18.049999,18.049999,6280.0
2019-08-28,18.75,18.75,17.15,17.299999,17.299999,808.0
2019-08-29,17.25,18.0,17.25,18.0,18.0,7109.0
2019-08-30,17.15,17.950001,17.15,17.85,17.85,451.0
2019-09-03,18.700001,18.700001,18.200001,18.200001,18.200001,260.0
2019-09-04,17.299999,17.299999,17.299999,17.299999,17.299999,60.0
2019-09-05,17.65,17.65,16.6,16.6,16.6,2361.0
2019-09-06,16.6,17.4,16.049999,17.4,17.4,4275.0
2019-09-09,18.25,18.25,16.950001,17.75,17.75,1908.0
2019-09-11,17.75,17.75,17.75,17.75,17.75,0.0
2019-09-12,17.4,18.5,17.35,17.9,17.9,1131.0
2019-09-13,17.4,18.75,17.1,18.700001,18.700001,1021.0
2019-09-16,19.549999,19.549999,19.450001,19.5,19.5,51.0
2019-09-17,20.450001,20.450001,20.4,20.450001,20.450001,630.0
2019-09-18,19.75,19.799999,19.75,19.799999,19.799999,350.0
2019-09-19,19.049999,20.6,18.85,18.85,18.85,2950.0
2019-09-20,18.950001,19.200001,17.950001,18.25,18.25,837.0
2019-09-23,17.5,19.15,17.4,17.549999,17.549999,1278.0
2019-09-24,17.9,18.299999,17.9,17.950001,17.950001,1730.0
2019-09-25,17.1,18.0,17.1,17.1,17.1,2700.0
2019-09-26,16.35,17.950001,16.35,17.950001,17.950001,5036.0
2019-09-27,17.15,18.450001,17.1,18.450001,18.450001,237.0
2019-09-30,17.549999,17.549999,17.549999,17.549999,17.549999,500.0
2019-10-01,18.35,18.35,16.75,16.75,16.75,610.0
2019-10-03,16.1,16.1,15.95,15.95,15.95,199.0
2019-10-04,15.75,15.75,15.75,15.75,15.75,11.0
2019-10-07,15.1,15.1,15.1,15.1,15.1,200.0
2019-10-09,14.4,15.85,14.4,15.85,15.85,690.0
2019-10-10,16.5,16.6,16.5,16.6,16.6,1690.0
2019-10-11,17.4,17.4,17.4,17.4,17.4,45.0
2019-10-14,16.6,18.200001,16.6,18.200001,18.200001,309.0
2019-10-15,17.549999,18.1,17.549999,18.1,18.1,457.0
2019-10-16,18.9,19.0,18.9,19.0,19.0,620.0
2019-10-17,19.950001,19.950001,19.950001,19.950001,19.950001,646.0
2019-10-18,20.9,20.9,20.9,20.9,20.9,101.0
2019-10-22,19.9,21.9,19.9,21.9,21.9,2192.0
2019-10-23,22.950001,22.950001,22.950001,22.950001,22.950001,42.0
2019-10-24,24.0,24.049999,22.799999,23.200001,23.200001,2682.0
2019-10-25,23.0,23.0,22.1,22.1,22.1,9934.0
2019-10-27,,,,,,
2019-10-29,21.1,23.200001,21.1,23.0,23.0,1340.0
2019-10-30,24.15,24.15,24.0,24.15,24.15,1852.0
2019-10-31,25.35,25.35,25.35,25.35,25.35,504.0
2019-11-01,26.6,26.6,26.6,26.6,26.6,616.0
2019-11-04,27.85,27.9,27.85,27.9,27.9,2751.0
2019-11-05,29.200001,29.25,27.0,29.0,29.0,5618.0
2019-11-06,30.299999,30.299999,28.15,29.950001,29.950001,423.0
2019-11-07,31.0,31.0,28.5,28.75,28.75,454.0
2019-11-08,27.4,28.0,27.35,27.35,27.35,952.0
2019-11-11,28.25,28.299999,28.25,28.299999,28.299999,261.0
2019-11-13,27.049999,28.450001,26.9,28.450001,28.450001,1058.0
2019-11-14,28.950001,28.950001,27.049999,28.299999,28.299999,1021.0
2019-11-15,26.9,26.9,26.9,26.9,26.9,2.0
2019-11-18,27.950001,28.200001,25.85,27.6,27.6,7165.0
2019-11-19,28.200001,28.9,26.549999,28.85,28.85,6114.0
2019-11-20,29.0,29.6,27.450001,29.4,29.4,5817.0
2019-11-21,29.4,29.950001,27.950001,29.950001,29.950001,4666.0
2019-11-22,29.549999,29.549999,28.5,28.549999,28.549999,543.0
2019-11-25,28.6,29.9,28.6,29.549999,29.549999,846.0
2019-11-26,29.5,30.0,28.299999,28.450001,28.450001,2210.0
2019-11-27,28.15,29.799999,28.15,29.700001,29.700001,1365.0
2019-11-28,29.6,30.0,29.6,30.0,30.0,1684.0
2019-11-29,29.5,30.049999,29.5,30.049999,30.049999,401.0
2019-12-02,31.0,31.0,29.450001,29.950001,29.950001,861.0
2019-12-03,29.4,29.4,28.5,28.5,28.5,1250.0
2019-12-04,29.799999,29.85,29.799999,29.85,29.85,3147.0
2019-12-05,29.1,30.0,29.1,29.9,29.9,398.0
2019-12-06,28.549999,28.549999,28.549999,28.549999,28.549999,62.0
2019-12-09,27.25,29.950001,27.25,29.9,29.9,1026.0
2019-12-10,28.450001,31.0,28.450001,29.799999,29.799999,5541.0
2019-12-11,28.5,30.049999,28.450001,29.950001,29.950001,5299.0
2019-12-12,28.65,31.0,28.65,30.950001,30.950001,369.0
2019-12-13,29.5,32.450001,29.5,32.0,32.0,5612.0
2019-12-16,30.4,32.799999,30.4,32.799999,32.799999,786.0
2019-12-17,33.799999,33.799999,33.0,33.299999,33.299999,3362.0
2019-12-18,33.25,34.400002,31.799999,32.200001,32.200001,6248.0
2019-12-19,32.200001,32.200001,32.200001,32.200001,32.200001,0.0
2019-12-20,30.6,32.75,30.6,32.599998,32.599998,1410.0
2019-12-23,34.150002,34.150002,31.1,33.900002,33.900002,10999.0
2019-12-24,33.900002,35.549999,32.75,35.349998,35.349998,7050.0
2019-12-26,35.700001,36.450001,35.700001,35.799999,35.799999,1511.0
2019-12-27,36.099998,37.549999,34.049999,36.75,36.75,4459.0
2019-12-30,37.0,37.0,34.950001,36.849998,36.849998,1450.0
2019-12-31,35.5,35.5,35.099998,35.099998,35.099998,200.0
2020-01-01,33.349998,33.349998,33.349998,33.349998,33.349998,258.0
2020-01-02,33.0,34.5,33.0,34.5,34.5,890.0
2020-01-03,32.849998,36.099998,32.849998,32.849998,32.849998,172.0
2020-01-06,32.849998,32.849998,32.849998,32.849998,32.849998,0.0
2020-01-07,32.849998,34.450001,31.25,34.450001,34.450001,736.0
2020-01-08,34.400002,34.400002,32.799999,32.799999,32.799999,41.0
2020-01-09,32.799999,32.799999,32.799999,32.799999,32.799999,15.0
2020-01-10,33.0,33.0,33.0,33.0,33.0,340.0
2020-01-13,31.35,34.0,31.35,33.0,33.0,305.0
2020-01-14,33.0,33.0,33.0,33.0,33.0,150.0
2020-01-15,31.4,33.5,31.4,33.5,33.5,375.0
2020-01-16,33.5,35.099998,31.85,34.25,34.25,3008.0
2020-01-17,34.25,34.25,34.25,34.25,34.25,0.0
2020-01-20,34.299999,35.950001,34.299999,35.200001,35.200001,4334.0
2020-01-21,35.900002,36.950001,35.299999,36.150002,36.150002,3169.0
2020-01-22,34.5,37.0,34.450001,36.75,36.75,600.0
2020-01-23,36.599998,38.0,36.599998,37.299999,37.299999,3000.0
2020-01-24,,,,,,
2020-01-27,38.0,40.0,38.0,38.700001,38.700001,2000.0
2020-01-28,38.700001,38.700001,38.700001,38.700001,38.700001,0.0
2020-01-29,38.700001,38.700001,38.700001,38.700001,38.700001,0.0
2020-01-30,38.700001,38.700001,38.700001,38.700001,38.700001,0.0
2020-01-31,38.700001,38.700001,38.700001,38.700001,38.700001,0.0
