2015-05-19,8260.0,8398.0,8260.0,8398.0,8398.0,2.0
2015-05-20,9860.0,9860.0,8000.0,8448.570313,8448.570313,15023.0
2015-05-21,8425.0,8425.0,8425.0,8425.0,8425.0,25.0
2015-05-22,8460.0,8460.0,8000.419922,8136.549805,8136.549805,36.0
2015-05-25,8380.0,8385.0,8380.0,8385.0,8385.0,25.0
2015-05-26,8408.0,8408.0,8250.0,8250.0,8250.0,39.0
2015-05-27,8300.0,8312.0,8300.0,8312.0,8312.0,25.0
2015-05-28,8287.0,8287.0,8287.0,8287.0,8287.0,25.0
2015-05-29,8375.0,8395.0,8375.0,8395.0,8395.0,25.0
2015-06-01,8450.0,8450.0,8450.0,8450.0,8450.0,25.0
2015-06-02,,,,,,
2015-06-03,,,,,,
2015-06-04,,,,,,
2015-06-05,,,,,,
2015-06-08,,,,,,
2015-06-09,8102.0,8450.0,8102.0,8450.0,8450.0,20.0
2015-06-10,,,,,,
2015-06-11,,,,,,
2015-06-12,,,,,,
2015-06-15,,,,,,
2015-06-16,,,,,,
2015-06-17,,,,,,
2015-06-18,,,,,,
2015-06-19,,,,,,
2015-06-22,,,,,,
2015-06-23,,,,,,
2015-06-24,8450.0,8450.0,8450.0,8450.0,8450.0,1.0
2015-06-25,,,,,,
2015-06-26,,,,,,
2015-06-29,,,,,,
2015-06-30,,,,,,
2015-07-01,,,,,,
2015-07-02,,,,,,
2015-07-03,,,,,,
2015-07-06,,,,,,
2015-07-07,8500.0,8500.0,8480.0,8480.0,8480.0,40.0
2015-07-08,,,,,,
2015-07-09,8300.0,8450.0,8300.0,8375.0,8375.0,2.0
2015-07-10,8300.0,8300.0,8300.0,8300.0,8300.0,2.0
2015-07-13,,,,,,
2015-07-14,,,,,,
2015-07-15,,,,,,
2015-07-16,8683.0,8683.0,7800.0,8500.0,8500.0,4.0
2015-07-17,8670.0,8688.0,8670.0,8688.0,8688.0,5.0
2015-07-20,,,,,,
2015-07-21,8600.0,8600.0,8600.0,8600.0,8600.0,1.0
2015-07-22,7907.0,8600.0,7907.0,8533.110352,8533.110352,12.0
2015-07-23,,,,,,
2015-07-24,,,,,,
2015-07-27,,,,,,
2015-07-28,,,,,,
2015-07-29,,,,,,
2015-07-30,,,,,,
2015-07-31,,,,,,
2015-08-03,,,,,,
2015-08-04,,,,,,
2015-08-05,,,,,,
2015-08-06,,,,,,
2015-08-07,,,,,,
2015-08-10,8600.0,8600.0,8600.0,8600.0,8600.0,2.0
2015-08-11,,,,,,
2015-08-12,,,,,,
2015-08-13,,,,,,
2015-08-14,,,,,,
2015-08-17,,,,,,
2015-08-18,,,,,,
2015-08-19,,,,,,
2015-08-20,,,,,,
2015-08-21,,,,,,
2015-08-24,8003.0,8003.0,8003.0,8003.0,8003.0,6.0
2015-08-25,7900.0,8000.0,7900.0,8000.0,8000.0,22.0
2015-08-26,,,,,,
2015-08-27,,,,,,
2015-08-28,8031.0,8031.0,8031.0,8031.0,8031.0,10.0
2015-08-31,8721.25,8721.25,8100.0,8100.0,8100.0,4.0
2015-09-01,7500.0,8721.25,7360.0,7501.0,7501.0,60.0
2015-09-02,,,,,,
2015-09-03,,,,,,
2015-09-04,7725.0,7725.0,7610.0,7610.0,7610.0,3.0
2015-09-07,,,,,,
2015-09-08,7500.0,7500.0,7500.0,7500.0,7500.0,1.0
2015-09-09,7725.0,7725.0,7725.0,7725.0,7725.0,2.0
2015-09-10,7725.0,7725.0,7725.0,7725.0,7725.0,1.0
2015-09-11,,,,,,
2015-09-14,7700.0,7700.0,7700.0,7700.0,7700.0,1.0
2015-09-15,,,,,,
2015-09-16,,,,,,
2015-09-18,,,,,,
2015-09-21,7800.0,7800.0,7780.0,7783.75,7783.75,16.0
2015-09-22,,,,,,
2015-09-23,,,,,,
2015-09-24,7800.0,7800.0,7800.0,7800.0,7800.0,8.0
2015-09-28,8721.25,8721.25,7200.049805,7549.649901999999,7549.649901999999,5.0
2015-09-29,7700.0,7739.0,7700.0,7739.0,7739.0,5201.0
2015-09-30,,,,,,
2015-10-01,7799.950195,7950.0,7700.009765999999,7799.950195,7799.950195,4.0
2015-10-05,,,,,,
2015-10-06,7950.0,7950.0,7950.0,7950.0,7950.0,1.0
2015-10-07,,,,,,
2015-10-08,7950.0,7950.0,7950.0,7950.0,7950.0,1.0
2015-10-09,7720.0,8300.0,7720.0,8300.0,8300.0,30.0
2015-10-12,8265.0,8265.0,8208.0,8208.0,8208.0,207.0
2015-10-13,,,,,,
2015-10-14,,,,,,
2015-10-15,,,,,,
2015-10-16,8301.0,8301.0,8300.0,8300.5,8300.5,20.0
2015-10-19,,,,,,
2015-10-20,,,,,,
2015-10-21,,,,,,
2015-10-23,8405.0,8435.0,8405.0,8435.0,8435.0,4.0
2015-10-26,,,,,,
2015-10-27,,,,,,
2015-10-28,,,,,,
2015-10-29,8300.0,8300.0,8250.0,8250.0,8250.0,12.0
2015-10-30,8205.0,8205.0,8205.0,8205.0,8205.0,3.0
2015-11-02,8145.0,8145.0,8139.0,8139.0,8139.0,109.0
2015-11-03,8140.0,8140.0,8140.0,8140.0,8140.0,100.0
2015-11-04,8182.0,8182.0,8165.0,8165.0,8165.0,6.0
2015-11-05,,,,,,
2015-11-06,8050.0,8050.0,8045.0,8045.0,8045.0,2.0
2015-11-09,,,,,,
2015-11-10,7941.0,7970.0,7941.0,7970.0,7970.0,3.0
2015-11-13,7850.0,7850.0,7840.0,7840.0,7840.0,6.0
2015-11-16,,,,,,
2015-11-17,,,,,,
2015-11-18,9401.0,9401.0,7797.5,7800.189941,7800.189941,192.0
2015-11-19,7070.0,7888.0,7070.0,7888.0,7888.0,43.0
2015-11-20,7915.5,7915.5,7915.5,7915.5,7915.5,100.0
2015-11-23,,,,,,
2015-11-24,,,,,,
2015-11-26,,,,,,
2015-11-27,,,,,,
2015-11-30,8018.0,8032.0,8018.0,8032.0,8032.0,4.0
2015-12-01,8040.0,8040.0,8040.0,8040.0,8040.0,5.0
2015-12-02,8010.0,8010.0,8010.0,8010.0,8010.0,1.0
2015-12-03,,,,,,
2015-12-04,,,,,,
2015-12-07,7886.0,7886.0,7886.0,7886.0,7886.0,1.0
2015-12-08,,,,,,
2015-12-09,,,,,,
2015-12-10,,,,,,
2015-12-11,7710.0,7710.0,7710.0,7710.0,7710.0,1.0
2015-12-14,7715.0,7715.0,7710.0,7710.0,7710.0,2.0
2015-12-15,,,,,,
2015-12-16,7840.0,7840.0,7840.0,7840.0,7840.0,1.0
2015-12-17,,,,,,
2015-12-18,7910.0,7925.0,7910.0,7925.0,7925.0,5.0
2015-12-21,7874.0,7874.0,7874.0,7874.0,7874.0,5.0
2015-12-22,,,,,,
2015-12-23,6800.0,6800.0,6800.0,6800.0,6800.0,2.0
2015-12-24,6800.0,6800.0,6800.0,6800.0,6800.0,0.0
2015-12-28,6800.0,6800.0,6800.0,6800.0,6800.0,0.0
2015-12-29,6800.0,6800.0,6800.0,6800.0,6800.0,0.0
2015-12-30,6800.0,6800.0,6800.0,6800.0,6800.0,0.0
2015-12-31,6800.0,6800.0,6800.0,6800.0,6800.0,0.0
2016-01-01,6800.0,6800.0,6800.0,6800.0,6800.0,0.0
2016-01-04,6800.0,6800.0,6800.0,6800.0,6800.0,0.0
2016-01-05,6800.0,6800.0,6800.0,6800.0,6800.0,0.0
2016-01-06,6800.0,6800.0,6800.0,6800.0,6800.0,0.0
2016-01-07,6800.0,6800.0,6800.0,6800.0,6800.0,0.0
2016-01-08,6800.0,6800.0,6800.0,6800.0,6800.0,0.0
2016-01-11,6800.0,6800.0,6800.0,6800.0,6800.0,0.0
2016-01-12,6800.0,6800.0,6800.0,6800.0,6800.0,0.0
2016-01-13,6800.0,6800.0,6800.0,6800.0,6800.0,0.0
2016-01-14,6800.0,6800.0,6800.0,6800.0,6800.0,0.0
2016-01-15,6800.0,6800.0,6800.0,6800.0,6800.0,0.0
2016-01-18,6800.0,6800.0,6800.0,6800.0,6800.0,0.0
2016-01-19,6800.0,6800.0,6800.0,6800.0,6800.0,0.0
2016-01-20,6800.0,6800.0,6800.0,6800.0,6800.0,0.0
2016-01-21,6800.0,6800.0,6800.0,6800.0,6800.0,0.0
2016-01-22,6800.0,6800.0,6800.0,6800.0,6800.0,0.0
2016-01-25,6800.0,6800.0,6800.0,6800.0,6800.0,0.0
2016-01-27,6800.0,6800.0,6800.0,6800.0,6800.0,0.0
2016-01-28,6800.0,6800.0,6800.0,6800.0,6800.0,0.0
2016-01-29,6800.0,6800.0,6800.0,6800.0,6800.0,0.0
2016-02-01,6800.0,6800.0,6800.0,6800.0,6800.0,0.0
2016-02-02,6800.0,6800.0,6800.0,6800.0,6800.0,0.0
2016-02-03,6800.0,6800.0,6800.0,6800.0,6800.0,0.0
2016-02-04,6800.0,6800.0,6800.0,6800.0,6800.0,0.0
2016-02-05,6800.0,6800.0,6800.0,6800.0,6800.0,0.0
2016-02-08,6800.0,6800.0,6800.0,6800.0,6800.0,0.0
2016-02-09,6800.0,6800.0,6800.0,6800.0,6800.0,0.0
2016-02-10,6800.0,6800.0,6800.0,6800.0,6800.0,0.0
2016-02-11,6800.0,6800.0,6800.0,6800.0,6800.0,0.0
2016-02-12,6800.0,6800.0,6800.0,6800.0,6800.0,0.0
2016-02-15,6800.0,6800.0,6800.0,6800.0,6800.0,0.0
2016-02-16,6800.0,6800.0,6800.0,6800.0,6800.0,0.0
2016-02-17,6800.0,6800.0,6800.0,6800.0,6800.0,0.0
2016-02-18,6800.0,6800.0,6800.0,6800.0,6800.0,0.0
2016-02-19,6800.0,6800.0,6800.0,6800.0,6800.0,0.0
2016-02-22,6800.0,6800.0,6800.0,6800.0,6800.0,0.0
2016-02-23,6800.0,6800.0,6800.0,6800.0,6800.0,0.0
2016-02-24,6800.0,6800.0,6800.0,6800.0,6800.0,0.0
2016-02-25,6800.0,6800.0,6800.0,6800.0,6800.0,0.0
2016-02-26,6800.0,6800.0,6800.0,6800.0,6800.0,0.0
2016-02-29,6800.0,6800.0,6800.0,6800.0,6800.0,0.0
2016-03-01,6800.0,6800.0,6800.0,6800.0,6800.0,0.0
2016-03-02,6800.0,6800.0,6800.0,6800.0,6800.0,0.0
2016-03-03,6800.0,6800.0,6800.0,6800.0,6800.0,0.0
2016-03-04,6800.0,6800.0,6800.0,6800.0,6800.0,0.0
2016-03-08,6800.0,6800.0,6800.0,6800.0,6800.0,0.0
2016-03-09,6800.0,6800.0,6800.0,6800.0,6800.0,0.0
2016-03-10,6800.0,6800.0,6800.0,6800.0,6800.0,0.0
2016-03-11,6800.0,6800.0,6800.0,6800.0,6800.0,0.0
2016-03-14,6800.0,6800.0,6800.0,6800.0,6800.0,0.0
2016-03-15,6800.0,6800.0,6800.0,6800.0,6800.0,0.0
2016-03-16,6800.0,6800.0,6800.0,6800.0,6800.0,0.0
2016-03-17,6800.0,6800.0,6800.0,6800.0,6800.0,0.0
2016-03-18,6800.0,6800.0,6800.0,6800.0,6800.0,0.0
2016-03-21,6800.0,6800.0,6800.0,6800.0,6800.0,0.0
2016-03-22,6800.0,6800.0,6800.0,6800.0,6800.0,0.0
2016-03-23,6800.0,6800.0,6800.0,6800.0,6800.0,0.0
2016-03-28,6800.0,6800.0,6800.0,6800.0,6800.0,0.0
2016-03-29,6800.0,6800.0,6800.0,6800.0,6800.0,0.0
2016-03-30,6800.0,6800.0,6800.0,6800.0,6800.0,0.0
2016-03-31,6800.0,6800.0,6800.0,6800.0,6800.0,0.0
2016-04-01,6800.0,6800.0,6800.0,6800.0,6800.0,0.0
2016-04-04,6800.0,6800.0,6800.0,6800.0,6800.0,0.0
2016-04-05,6800.0,6800.0,6800.0,6800.0,6800.0,0.0
2016-04-06,6800.0,6800.0,6800.0,6800.0,6800.0,0.0
2016-04-07,6800.0,6800.0,6800.0,6800.0,6800.0,0.0
2016-04-08,6800.0,6800.0,6800.0,6800.0,6800.0,0.0
2016-04-11,6800.0,6800.0,6800.0,6800.0,6800.0,0.0
2016-04-12,6800.0,6800.0,6800.0,6800.0,6800.0,0.0
2016-04-13,6800.0,6800.0,6800.0,6800.0,6800.0,0.0
2016-04-18,6800.0,6800.0,6800.0,6800.0,6800.0,0.0
2016-04-20,6800.0,6800.0,6800.0,6800.0,6800.0,0.0
2016-04-21,6800.0,6800.0,6800.0,6800.0,6800.0,0.0
2016-04-22,6800.0,6800.0,6800.0,6800.0,6800.0,0.0
2016-04-25,6800.0,6800.0,6800.0,6800.0,6800.0,0.0
2016-04-26,6800.0,6800.0,6800.0,6800.0,6800.0,0.0
2016-04-27,6800.0,6800.0,6800.0,6800.0,6800.0,0.0
2016-04-28,6800.0,6800.0,6800.0,6800.0,6800.0,0.0
2016-04-29,6800.0,6800.0,6800.0,6800.0,6800.0,0.0
2016-05-02,6800.0,6800.0,6800.0,6800.0,6800.0,0.0
2016-05-03,6800.0,6800.0,6800.0,6800.0,6800.0,0.0
2016-05-04,6800.0,6800.0,6800.0,6800.0,6800.0,0.0
2016-05-05,6800.0,6800.0,6800.0,6800.0,6800.0,0.0
2016-05-06,6800.0,6800.0,6800.0,6800.0,6800.0,0.0
2016-05-09,6800.0,6800.0,6800.0,6800.0,6800.0,0.0
2016-05-10,6800.0,6800.0,6800.0,6800.0,6800.0,0.0
2016-05-11,6800.0,6800.0,6800.0,6800.0,6800.0,0.0
2016-05-12,6800.0,6800.0,6800.0,6800.0,6800.0,0.0
2016-05-13,6800.0,6800.0,6800.0,6800.0,6800.0,0.0
2016-05-16,6800.0,6800.0,6800.0,6800.0,6800.0,0.0
2016-05-17,6800.0,6800.0,6800.0,6800.0,6800.0,0.0
2016-05-18,6800.0,6800.0,6800.0,6800.0,6800.0,0.0
2016-05-19,6800.0,6800.0,6800.0,6800.0,6800.0,0.0
2016-05-20,6800.0,6800.0,6800.0,6800.0,6800.0,0.0
2016-05-23,6800.0,6800.0,6800.0,6800.0,6800.0,0.0
2016-05-24,6800.0,6800.0,6800.0,6800.0,6800.0,0.0
2016-05-25,6800.0,6800.0,6800.0,6800.0,6800.0,0.0
2016-05-26,6800.0,6800.0,6800.0,6800.0,6800.0,0.0
2016-05-27,6800.0,6800.0,6800.0,6800.0,6800.0,0.0
2016-05-30,6800.0,6800.0,6800.0,6800.0,6800.0,0.0
2016-05-31,6800.0,6800.0,6800.0,6800.0,6800.0,0.0
2016-06-01,6800.0,6800.0,6800.0,6800.0,6800.0,0.0
2016-06-02,6800.0,6800.0,6800.0,6800.0,6800.0,0.0
2016-06-03,6800.0,6800.0,6800.0,6800.0,6800.0,0.0
2016-06-06,6800.0,6800.0,6800.0,6800.0,6800.0,0.0
2016-06-07,6800.0,6800.0,6800.0,6800.0,6800.0,0.0
2016-06-08,6800.0,6800.0,6800.0,6800.0,6800.0,0.0
2016-06-09,6800.0,6800.0,6800.0,6800.0,6800.0,0.0
2016-06-10,6800.0,6800.0,6800.0,6800.0,6800.0,0.0
2016-06-13,6800.0,6800.0,6800.0,6800.0,6800.0,0.0
2016-06-14,6800.0,6800.0,6800.0,6800.0,6800.0,0.0
2016-06-15,6800.0,6800.0,6800.0,6800.0,6800.0,0.0
2016-06-16,6800.0,6800.0,6800.0,6800.0,6800.0,0.0
2016-06-17,6800.0,6800.0,6800.0,6800.0,6800.0,0.0
2016-06-20,6800.0,6800.0,6800.0,6800.0,6800.0,0.0
2016-06-21,6800.0,6800.0,6800.0,6800.0,6800.0,0.0
2016-06-22,6800.0,6800.0,6800.0,6800.0,6800.0,0.0
2016-06-23,6800.0,6800.0,6800.0,6800.0,6800.0,0.0
2016-06-24,6800.0,6800.0,6800.0,6800.0,6800.0,0.0
2016-06-27,6800.0,6800.0,6800.0,6800.0,6800.0,0.0
2016-06-28,6800.0,6800.0,6800.0,6800.0,6800.0,0.0
2016-06-29,6800.0,6800.0,6800.0,6800.0,6800.0,0.0
2016-06-30,6800.0,6800.0,6800.0,6800.0,6800.0,0.0
2016-07-01,6800.0,6800.0,6800.0,6800.0,6800.0,0.0
2016-07-04,6800.0,6800.0,6800.0,6800.0,6800.0,0.0
2016-07-05,6800.0,6800.0,6800.0,6800.0,6800.0,0.0
2016-07-07,6800.0,6800.0,6800.0,6800.0,6800.0,0.0
2016-07-08,6800.0,6800.0,6800.0,6800.0,6800.0,0.0
2016-07-11,6800.0,6800.0,6800.0,6800.0,6800.0,0.0
2016-07-12,6800.0,6800.0,6800.0,6800.0,6800.0,0.0
2016-07-13,6800.0,6800.0,6800.0,6800.0,6800.0,0.0
2016-07-14,6800.0,6800.0,6800.0,6800.0,6800.0,0.0
2016-07-15,6800.0,6800.0,6800.0,6800.0,6800.0,0.0
2016-07-18,6800.0,6800.0,6800.0,6800.0,6800.0,0.0
2016-07-19,6800.0,6800.0,6800.0,6800.0,6800.0,0.0
2016-07-20,6800.0,6800.0,6800.0,6800.0,6800.0,0.0
2016-07-21,6800.0,6800.0,6800.0,6800.0,6800.0,0.0
2016-07-22,6800.0,6800.0,6800.0,6800.0,6800.0,0.0
2016-07-25,6800.0,6800.0,6800.0,6800.0,6800.0,0.0
2016-07-26,6800.0,6800.0,6800.0,6800.0,6800.0,0.0
2016-07-27,6800.0,6800.0,6800.0,6800.0,6800.0,0.0
2016-07-28,6800.0,6800.0,6800.0,6800.0,6800.0,0.0
2016-07-29,6800.0,6800.0,6800.0,6800.0,6800.0,0.0
2016-08-01,6800.0,6800.0,6800.0,6800.0,6800.0,0.0
2016-08-02,6800.0,6800.0,6800.0,6800.0,6800.0,0.0
2016-08-03,6800.0,6800.0,6800.0,6800.0,6800.0,0.0
2016-08-04,6800.0,6800.0,6800.0,6800.0,6800.0,0.0
2016-08-05,6800.0,6800.0,6800.0,6800.0,6800.0,0.0
2016-08-08,6800.0,6800.0,6800.0,6800.0,6800.0,0.0
2016-08-09,6800.0,6800.0,6800.0,6800.0,6800.0,0.0
2016-08-10,6800.0,6800.0,6800.0,6800.0,6800.0,0.0
2016-08-11,6800.0,6800.0,6800.0,6800.0,6800.0,0.0
2016-08-12,6800.0,6800.0,6800.0,6800.0,6800.0,0.0
2016-08-16,6800.0,6800.0,6800.0,6800.0,6800.0,0.0
2016-08-17,6800.0,6800.0,6800.0,6800.0,6800.0,0.0
2016-08-18,6800.0,6800.0,6800.0,6800.0,6800.0,0.0
2016-08-19,6800.0,6800.0,6800.0,6800.0,6800.0,0.0
2016-08-22,6800.0,6800.0,6800.0,6800.0,6800.0,0.0
2016-08-23,6800.0,6800.0,6800.0,6800.0,6800.0,0.0
2016-08-24,6800.0,6800.0,6800.0,6800.0,6800.0,0.0
2016-08-25,6800.0,6800.0,6800.0,6800.0,6800.0,0.0
2016-08-26,6800.0,6800.0,6800.0,6800.0,6800.0,0.0
2016-08-29,6800.0,6800.0,6800.0,6800.0,6800.0,0.0
2016-08-30,6800.0,6800.0,6800.0,6800.0,6800.0,0.0
2016-08-31,6800.0,6800.0,6800.0,6800.0,6800.0,0.0
2016-09-01,6800.0,6800.0,6800.0,6800.0,6800.0,0.0
2016-09-02,6800.0,6800.0,6800.0,6800.0,6800.0,0.0
2016-09-06,6800.0,6800.0,6800.0,6800.0,6800.0,0.0
2016-09-07,6800.0,6800.0,6800.0,6800.0,6800.0,0.0
2016-09-08,6800.0,6800.0,6800.0,6800.0,6800.0,0.0
2016-09-09,6800.0,6800.0,6800.0,6800.0,6800.0,0.0
2016-09-12,6800.0,6800.0,6800.0,6800.0,6800.0,0.0
2016-09-14,6800.0,6800.0,6800.0,6800.0,6800.0,0.0
2016-09-15,6800.0,6800.0,6800.0,6800.0,6800.0,0.0
2016-09-16,6800.0,6800.0,6800.0,6800.0,6800.0,0.0
2016-09-19,6800.0,6800.0,6800.0,6800.0,6800.0,0.0
2016-09-20,6800.0,6800.0,6800.0,6800.0,6800.0,0.0
2016-09-21,6800.0,6800.0,6800.0,6800.0,6800.0,0.0
2016-09-22,6800.0,6800.0,6800.0,6800.0,6800.0,0.0
2016-09-23,6800.0,6800.0,6800.0,6800.0,6800.0,0.0
2016-09-26,6800.0,6800.0,6800.0,6800.0,6800.0,0.0
2016-09-27,6800.0,6800.0,6800.0,6800.0,6800.0,0.0
2016-09-28,6800.0,6800.0,6800.0,6800.0,6800.0,0.0
2016-09-29,6800.0,6800.0,6800.0,6800.0,6800.0,0.0
2016-09-30,6800.0,6800.0,6800.0,6800.0,6800.0,0.0
2016-10-03,6800.0,6800.0,6800.0,6800.0,6800.0,0.0
2016-10-04,6800.0,6800.0,6800.0,6800.0,6800.0,0.0
2016-10-05,6800.0,6800.0,6800.0,6800.0,6800.0,0.0
2016-10-06,6800.0,6800.0,6800.0,6800.0,6800.0,0.0
2016-10-07,6800.0,6800.0,6800.0,6800.0,6800.0,0.0
2016-10-10,6800.0,6800.0,6800.0,6800.0,6800.0,0.0
2016-10-13,6800.0,6800.0,6800.0,6800.0,6800.0,0.0
2016-10-14,6800.0,6800.0,6800.0,6800.0,6800.0,0.0
2016-10-17,6800.0,6800.0,6800.0,6800.0,6800.0,0.0
2016-10-18,6800.0,6800.0,6800.0,6800.0,6800.0,0.0
2016-10-19,6800.0,6800.0,6800.0,6800.0,6800.0,0.0
2016-10-20,6800.0,6800.0,6800.0,6800.0,6800.0,0.0
2016-10-21,6800.0,6800.0,6800.0,6800.0,6800.0,0.0
2016-10-24,6800.0,6800.0,6800.0,6800.0,6800.0,0.0
2016-10-25,6800.0,6800.0,6800.0,6800.0,6800.0,0.0
2016-10-26,6800.0,6800.0,6800.0,6800.0,6800.0,0.0
2016-10-27,6800.0,6800.0,6800.0,6800.0,6800.0,0.0
2016-10-28,6800.0,6800.0,6800.0,6800.0,6800.0,0.0
2016-11-01,6800.0,6800.0,6800.0,6800.0,6800.0,0.0
2016-11-02,6800.0,6800.0,6800.0,6800.0,6800.0,0.0
2016-11-03,6800.0,6800.0,6800.0,6800.0,6800.0,0.0
2016-11-04,6800.0,6800.0,6800.0,6800.0,6800.0,0.0
2016-11-07,6800.0,6800.0,6800.0,6800.0,6800.0,0.0
2016-11-08,6800.0,6800.0,6800.0,6800.0,6800.0,0.0
2016-11-09,6800.0,6800.0,6800.0,6800.0,6800.0,0.0
2016-11-10,6800.0,6800.0,6800.0,6800.0,6800.0,0.0
2016-11-11,6800.0,6800.0,6800.0,6800.0,6800.0,0.0
2016-11-15,6800.0,6800.0,6800.0,6800.0,6800.0,0.0
2016-11-16,6800.0,6800.0,6800.0,6800.0,6800.0,0.0
2016-11-17,6800.0,6800.0,6800.0,6800.0,6800.0,0.0
2016-11-18,6800.0,6800.0,6800.0,6800.0,6800.0,0.0
2016-11-21,6800.0,6800.0,6800.0,6800.0,6800.0,0.0
2016-11-22,6800.0,6800.0,6800.0,6800.0,6800.0,0.0
2016-11-23,6800.0,6800.0,6800.0,6800.0,6800.0,0.0
2016-11-24,6800.0,6800.0,6800.0,6800.0,6800.0,0.0
2016-11-25,6800.0,6800.0,6800.0,6800.0,6800.0,0.0
2016-11-28,6800.0,6800.0,6800.0,6800.0,6800.0,0.0
2016-11-29,6800.0,6800.0,6800.0,6800.0,6800.0,0.0
2016-11-30,6800.0,6800.0,6800.0,6800.0,6800.0,0.0
2016-12-01,6800.0,6800.0,6800.0,6800.0,6800.0,0.0
2016-12-02,6800.0,6800.0,6800.0,6800.0,6800.0,0.0
2016-12-05,6800.0,6800.0,6800.0,6800.0,6800.0,0.0
2016-12-06,6800.0,6800.0,6800.0,6800.0,6800.0,0.0
2016-12-07,6800.0,6800.0,6800.0,6800.0,6800.0,0.0
2016-12-08,6800.0,6800.0,6800.0,6800.0,6800.0,0.0
2016-12-09,6800.0,6800.0,6800.0,6800.0,6800.0,0.0
2016-12-12,6800.0,6800.0,6800.0,6800.0,6800.0,0.0
2016-12-13,6800.0,6800.0,6800.0,6800.0,6800.0,0.0
2016-12-14,6800.0,6800.0,6800.0,6800.0,6800.0,0.0
2016-12-15,6800.0,6800.0,6800.0,6800.0,6800.0,0.0
2016-12-16,6800.0,6800.0,6800.0,6800.0,6800.0,0.0
2016-12-19,6800.0,6800.0,6800.0,6800.0,6800.0,0.0
2016-12-20,6800.0,6800.0,6800.0,6800.0,6800.0,0.0
2016-12-21,6800.0,6800.0,6800.0,6800.0,6800.0,0.0
2016-12-22,6800.0,6800.0,6800.0,6800.0,6800.0,0.0
2016-12-23,6800.0,6800.0,6800.0,6800.0,6800.0,0.0
2016-12-26,6800.0,6800.0,6800.0,6800.0,6800.0,0.0
2016-12-27,6800.0,6800.0,6800.0,6800.0,6800.0,0.0
2016-12-28,6800.0,6800.0,6800.0,6800.0,6800.0,0.0
2016-12-29,6800.0,6800.0,6800.0,6800.0,6800.0,0.0
2016-12-30,6800.0,6800.0,6800.0,6800.0,6800.0,0.0
2017-01-02,6800.0,6800.0,6800.0,6800.0,6800.0,0.0
2017-01-03,6800.0,6800.0,6800.0,6800.0,6800.0,0.0
2017-01-04,6800.0,6800.0,6800.0,6800.0,6800.0,0.0
2017-01-05,6800.0,6800.0,6800.0,6800.0,6800.0,0.0
2017-01-06,6800.0,6800.0,6800.0,6800.0,6800.0,0.0
2017-01-09,6800.0,6800.0,6800.0,6800.0,6800.0,0.0
2017-01-10,6800.0,6800.0,6800.0,6800.0,6800.0,0.0
2017-01-11,6800.0,6800.0,6800.0,6800.0,6800.0,0.0
2017-01-12,6800.0,6800.0,6800.0,6800.0,6800.0,0.0
2017-01-13,6800.0,6800.0,6800.0,6800.0,6800.0,0.0
2017-01-16,6800.0,6800.0,6800.0,6800.0,6800.0,0.0
2017-01-17,6800.0,6800.0,6800.0,6800.0,6800.0,0.0
2017-01-18,6800.0,6800.0,6800.0,6800.0,6800.0,0.0
2017-01-19,6800.0,6800.0,6800.0,6800.0,6800.0,0.0
2017-01-20,6800.0,6800.0,6800.0,6800.0,6800.0,0.0
2017-01-23,6800.0,6800.0,6800.0,6800.0,6800.0,0.0
2017-01-24,6800.0,6800.0,6800.0,6800.0,6800.0,0.0
2017-01-25,6800.0,6800.0,6800.0,6800.0,6800.0,0.0
2017-01-27,6800.0,6800.0,6800.0,6800.0,6800.0,0.0
2017-01-30,6800.0,6800.0,6800.0,6800.0,6800.0,0.0
2017-01-31,6800.0,6800.0,6800.0,6800.0,6800.0,0.0
2017-02-01,6800.0,6800.0,6800.0,6800.0,6800.0,0.0
2017-02-02,6800.0,6800.0,6800.0,6800.0,6800.0,0.0
2017-02-03,6800.0,6800.0,6800.0,6800.0,6800.0,0.0
2017-02-06,6800.0,6800.0,6800.0,6800.0,6800.0,0.0
2017-02-07,6800.0,6800.0,6800.0,6800.0,6800.0,0.0
2017-02-08,6800.0,6800.0,6800.0,6800.0,6800.0,0.0
2017-02-09,6800.0,6800.0,6800.0,6800.0,6800.0,0.0
2017-02-10,6800.0,6800.0,6800.0,6800.0,6800.0,0.0
2017-02-13,6800.0,6800.0,6800.0,6800.0,6800.0,0.0
2017-02-14,6800.0,6800.0,6800.0,6800.0,6800.0,0.0
2017-02-15,6800.0,6800.0,6800.0,6800.0,6800.0,0.0
2017-02-16,6800.0,6800.0,6800.0,6800.0,6800.0,0.0
2017-02-17,6800.0,6800.0,6800.0,6800.0,6800.0,0.0
2017-02-20,6800.0,6800.0,6800.0,6800.0,6800.0,0.0
2017-02-21,6800.0,6800.0,6800.0,6800.0,6800.0,0.0
2017-02-22,6800.0,6800.0,6800.0,6800.0,6800.0,0.0
2017-02-23,6800.0,6800.0,6800.0,6800.0,6800.0,0.0
2017-02-27,6800.0,6800.0,6800.0,6800.0,6800.0,0.0
2017-02-28,6800.0,6800.0,6800.0,6800.0,6800.0,0.0
2017-03-01,6800.0,6800.0,6800.0,6800.0,6800.0,0.0
2017-03-02,6800.0,6800.0,6800.0,6800.0,6800.0,0.0
2017-03-03,6800.0,6800.0,6800.0,6800.0,6800.0,0.0
2017-03-06,6800.0,6800.0,6800.0,6800.0,6800.0,0.0
2017-03-07,6800.0,6800.0,6800.0,6800.0,6800.0,0.0
2017-03-08,6800.0,6800.0,6800.0,6800.0,6800.0,0.0
2017-03-09,6800.0,6800.0,6800.0,6800.0,6800.0,0.0
2017-03-10,6800.0,6800.0,6800.0,6800.0,6800.0,0.0
2017-03-14,6800.0,6800.0,6800.0,6800.0,6800.0,0.0
2017-03-15,6800.0,6800.0,6800.0,6800.0,6800.0,0.0
2017-03-16,6800.0,6800.0,6800.0,6800.0,6800.0,0.0
2017-03-17,6800.0,6800.0,6800.0,6800.0,6800.0,0.0
2017-03-20,6800.0,6800.0,6800.0,6800.0,6800.0,0.0
2017-03-21,6800.0,6800.0,6800.0,6800.0,6800.0,0.0
2017-03-22,6800.0,6800.0,6800.0,6800.0,6800.0,0.0
2017-03-23,6800.0,6800.0,6800.0,6800.0,6800.0,0.0
2017-03-24,6800.0,6800.0,6800.0,6800.0,6800.0,0.0
2017-03-27,6800.0,6800.0,6800.0,6800.0,6800.0,0.0
2017-03-28,6800.0,6800.0,6800.0,6800.0,6800.0,0.0
2017-03-29,6800.0,6800.0,6800.0,6800.0,6800.0,0.0
2017-03-30,6800.0,6800.0,6800.0,6800.0,6800.0,0.0
2017-03-31,6800.0,6800.0,6800.0,6800.0,6800.0,0.0
2017-04-03,6800.0,6800.0,6800.0,6800.0,6800.0,0.0
2017-04-05,6800.0,6800.0,6800.0,6800.0,6800.0,0.0
2017-04-06,6800.0,6800.0,6800.0,6800.0,6800.0,0.0
2017-04-07,6800.0,6800.0,6800.0,6800.0,6800.0,0.0
2017-04-10,6800.0,6800.0,6800.0,6800.0,6800.0,0.0
2017-04-11,6800.0,6800.0,6800.0,6800.0,6800.0,0.0
2017-04-12,6800.0,6800.0,6800.0,6800.0,6800.0,0.0
2017-04-13,6800.0,6800.0,6800.0,6800.0,6800.0,0.0
2017-04-17,6800.0,6800.0,6800.0,6800.0,6800.0,0.0
2017-04-18,6800.0,6800.0,6800.0,6800.0,6800.0,0.0
2017-04-19,6800.0,6800.0,6800.0,6800.0,6800.0,0.0
2017-04-20,6800.0,6800.0,6800.0,6800.0,6800.0,0.0
2017-04-21,6800.0,6800.0,6800.0,6800.0,6800.0,0.0
2017-04-24,6800.0,6800.0,6800.0,6800.0,6800.0,0.0
2017-04-25,6800.0,6800.0,6800.0,6800.0,6800.0,0.0
2017-04-26,6800.0,6800.0,6800.0,6800.0,6800.0,0.0
2017-04-27,6800.0,6800.0,6800.0,6800.0,6800.0,0.0
2017-04-28,6800.0,6800.0,6800.0,6800.0,6800.0,0.0
2017-05-02,6800.0,6800.0,6800.0,6800.0,6800.0,0.0
2017-05-03,6800.0,6800.0,6800.0,6800.0,6800.0,0.0
2017-05-04,6800.0,6800.0,6800.0,6800.0,6800.0,0.0
2017-05-05,6800.0,6800.0,6800.0,6800.0,6800.0,0.0
2017-05-08,6800.0,6800.0,6800.0,6800.0,6800.0,0.0
2017-05-09,6800.0,6800.0,6800.0,6800.0,6800.0,0.0
2017-05-10,6800.0,6800.0,6800.0,6800.0,6800.0,0.0
2017-05-11,6800.0,6800.0,6800.0,6800.0,6800.0,0.0
2017-05-12,6800.0,6800.0,6800.0,6800.0,6800.0,0.0
2017-05-15,6800.0,6800.0,6800.0,6800.0,6800.0,0.0
2017-05-16,6800.0,6800.0,6800.0,6800.0,6800.0,0.0
2017-05-17,6800.0,6800.0,6800.0,6800.0,6800.0,0.0
2017-05-18,6800.0,6800.0,6800.0,6800.0,6800.0,0.0
2017-05-19,6800.0,6800.0,6800.0,6800.0,6800.0,0.0
2017-05-22,6800.0,6800.0,6800.0,6800.0,6800.0,0.0
2017-05-23,6800.0,6800.0,6800.0,6800.0,6800.0,0.0
2017-05-24,6800.0,6800.0,6800.0,6800.0,6800.0,0.0
2017-05-25,6800.0,6800.0,6800.0,6800.0,6800.0,0.0
2017-05-26,6800.0,6800.0,6800.0,6800.0,6800.0,0.0
2017-05-29,6800.0,6800.0,6800.0,6800.0,6800.0,0.0
2017-05-30,6800.0,6800.0,6800.0,6800.0,6800.0,0.0
2017-05-31,6800.0,6800.0,6800.0,6800.0,6800.0,0.0
2017-06-01,6800.0,6800.0,6800.0,6800.0,6800.0,0.0
2017-06-02,6800.0,6800.0,6800.0,6800.0,6800.0,0.0
2017-06-05,6800.0,6800.0,6800.0,6800.0,6800.0,0.0
2017-06-06,6800.0,6800.0,6800.0,6800.0,6800.0,0.0
2017-06-07,6800.0,6800.0,6800.0,6800.0,6800.0,0.0
2017-06-08,6800.0,6800.0,6800.0,6800.0,6800.0,0.0
2017-06-09,6800.0,6800.0,6800.0,6800.0,6800.0,0.0
2017-06-12,6800.0,6800.0,6800.0,6800.0,6800.0,0.0
2017-06-13,6800.0,6800.0,6800.0,6800.0,6800.0,0.0
2017-06-14,6800.0,6800.0,6800.0,6800.0,6800.0,0.0
2017-06-15,6800.0,6800.0,6800.0,6800.0,6800.0,0.0
2017-06-16,6800.0,6800.0,6800.0,6800.0,6800.0,0.0
2017-06-19,6800.0,6800.0,6800.0,6800.0,6800.0,0.0
2017-06-20,6800.0,6800.0,6800.0,6800.0,6800.0,0.0
2017-06-21,6800.0,6800.0,6800.0,6800.0,6800.0,0.0
2017-06-22,6800.0,6800.0,6800.0,6800.0,6800.0,0.0
2017-06-23,6800.0,6800.0,6800.0,6800.0,6800.0,0.0
2017-06-27,6800.0,6800.0,6800.0,6800.0,6800.0,0.0
2017-06-28,6800.0,6800.0,6800.0,6800.0,6800.0,0.0
2017-06-29,6800.0,6800.0,6800.0,6800.0,6800.0,0.0
2017-06-30,6800.0,6800.0,6800.0,6800.0,6800.0,0.0
2017-07-03,6800.0,6800.0,6800.0,6800.0,6800.0,0.0
2017-07-04,6800.0,6800.0,6800.0,6800.0,6800.0,0.0
2017-07-05,6800.0,6800.0,6800.0,6800.0,6800.0,0.0
2017-07-06,6800.0,6800.0,6800.0,6800.0,6800.0,0.0
2017-07-07,6800.0,6800.0,6800.0,6800.0,6800.0,0.0
2017-07-10,6800.0,6800.0,6800.0,6800.0,6800.0,0.0
2017-07-11,6800.0,6800.0,6800.0,6800.0,6800.0,0.0
2017-07-12,6800.0,6800.0,6800.0,6800.0,6800.0,0.0
2017-07-13,6800.0,6800.0,6800.0,6800.0,6800.0,0.0
2017-07-14,6800.0,6800.0,6800.0,6800.0,6800.0,0.0
2017-07-17,6800.0,6800.0,6800.0,6800.0,6800.0,0.0
2017-07-18,6800.0,6800.0,6800.0,6800.0,6800.0,0.0
2017-07-19,6800.0,6800.0,6800.0,6800.0,6800.0,0.0
2017-07-20,6800.0,6800.0,6800.0,6800.0,6800.0,0.0
2017-07-21,6800.0,6800.0,6800.0,6800.0,6800.0,0.0
2017-07-24,6800.0,6800.0,6800.0,6800.0,6800.0,0.0
2017-07-25,6800.0,6800.0,6800.0,6800.0,6800.0,0.0
2017-07-26,6800.0,6800.0,6800.0,6800.0,6800.0,0.0
2017-07-27,6800.0,6800.0,6800.0,6800.0,6800.0,0.0
2017-07-28,6800.0,6800.0,6800.0,6800.0,6800.0,0.0
2017-07-31,6800.0,6800.0,6800.0,6800.0,6800.0,0.0
2017-08-01,6800.0,6800.0,6800.0,6800.0,6800.0,0.0
2017-08-02,6800.0,6800.0,6800.0,6800.0,6800.0,0.0
2017-08-03,6800.0,6800.0,6800.0,6800.0,6800.0,0.0
2017-08-04,6800.0,6800.0,6800.0,6800.0,6800.0,0.0
2017-08-07,12697.0,12697.0,12697.0,12697.0,12697.0,0.0
2017-08-08,12697.0,12697.0,12697.0,12697.0,12697.0,0.0
2017-08-09,12697.0,12697.0,12697.0,12697.0,12697.0,0.0
2017-08-10,12697.0,12697.0,12697.0,12697.0,12697.0,0.0
2017-08-11,12697.0,12697.0,12697.0,12697.0,12697.0,0.0
2017-08-14,12697.0,12697.0,12697.0,12697.0,12697.0,0.0
2017-08-16,12697.0,12697.0,12697.0,12697.0,12697.0,0.0
2017-08-17,12697.0,12697.0,12697.0,12697.0,12697.0,0.0
2017-08-18,12697.0,12697.0,12697.0,12697.0,12697.0,0.0
2017-08-21,12437.0,12437.0,12437.0,12437.0,12437.0,1.0
2017-08-22,12437.0,12437.0,12437.0,12437.0,12437.0,0.0
2017-08-23,12437.0,12437.0,12437.0,12437.0,12437.0,0.0
2017-08-24,12150.0,12150.0,12150.0,12150.0,12150.0,1.0
2017-08-28,12150.0,12150.0,12150.0,12150.0,12150.0,0.0
2017-08-29,12150.0,12150.0,12150.0,12150.0,12150.0,0.0
2017-08-30,12150.0,12150.0,12150.0,12150.0,12150.0,0.0
2017-08-31,12150.0,12150.0,12150.0,12150.0,12150.0,0.0
2017-09-01,12150.0,12150.0,12150.0,12150.0,12150.0,0.0
2017-09-04,12150.0,12150.0,12150.0,12150.0,12150.0,0.0
2017-09-05,12150.0,12150.0,12150.0,12150.0,12150.0,0.0
2017-09-06,11855.0,11855.0,11850.0,11850.0,11850.0,2.0
2017-09-07,11850.0,11850.0,11850.0,11850.0,11850.0,2.0
2017-09-08,12449.299805,12449.299805,12449.299805,12449.299805,12449.299805,1.0
2017-09-11,11814.400391,11901.0,11180.0,11901.0,11901.0,21.0
2017-09-12,11600.0,11600.0,11600.0,11600.0,11600.0,1.0
2017-09-13,11600.0,11600.0,11600.0,11600.0,11600.0,0.0
2017-09-14,11600.0,11600.0,11600.0,11600.0,11600.0,0.0
2017-09-15,11600.0,11600.0,11600.0,11600.0,11600.0,0.0
2017-09-18,11600.0,11600.0,11600.0,11600.0,11600.0,0.0
2017-09-19,11600.0,11600.0,11600.0,11600.0,11600.0,0.0
2017-09-20,11600.0,11600.0,11600.0,11600.0,11600.0,0.0
2017-09-21,11600.0,11600.0,11600.0,11600.0,11600.0,0.0
2017-09-22,11600.0,11600.0,11600.0,11600.0,11600.0,1.0
2017-09-25,11600.0,11600.0,11600.0,11600.0,11600.0,0.0
2017-09-26,12100.0,12200.0,12100.0,12200.0,12200.0,2.0
2017-09-27,12200.0,12200.0,12200.0,12200.0,12200.0,0.0
2017-09-28,12262.900391,12262.900391,12262.900391,12262.900391,12262.900391,1.0
2017-09-29,12262.900391,12262.900391,12262.900391,12262.900391,12262.900391,0.0
2017-10-03,12262.900391,12262.900391,12262.900391,12262.900391,12262.900391,0.0
2017-10-04,12262.900391,12262.900391,12262.900391,12262.900391,12262.900391,0.0
2017-10-05,12262.900391,12262.900391,12262.900391,12262.900391,12262.900391,0.0
2017-10-06,12262.900391,12262.900391,12262.900391,12262.900391,12262.900391,0.0
2017-10-09,12262.900391,12262.900391,12262.900391,12262.900391,12262.900391,0.0
2017-10-10,12262.900391,12262.900391,12262.900391,12262.900391,12262.900391,0.0
2017-10-11,12262.900391,12262.900391,12262.900391,12262.900391,12262.900391,0.0
2017-10-12,12262.900391,12262.900391,12262.900391,12262.900391,12262.900391,0.0
2017-10-13,10111.0,10111.0,10111.0,10111.0,10111.0,1.0
2017-10-16,11172.700195,12677.0,10301.200195,12422.5,12422.5,9.0
2017-10-17,12423.0,12423.0,11350.0,12400.0,12400.0,7.0
2017-10-18,11200.0,12400.0,11200.0,12400.0,12400.0,4.0
2017-10-19,12400.0,12400.0,12400.0,12400.0,12400.0,0.0
2017-10-23,11500.0,12500.0,11500.0,12500.0,12500.0,2.0
2017-10-24,11600.0,12495.0,11600.0,12495.0,12495.0,7.0
2017-10-25,12495.0,12495.0,12495.0,12495.0,12495.0,0.0
2017-10-26,12490.0,12490.0,12490.0,12490.0,12490.0,1.0
2017-10-27,12490.0,12490.0,12490.0,12490.0,12490.0,0.0
2017-10-30,11650.0,12400.0,8888.0,12400.0,12400.0,5.0
2017-10-31,12400.0,12400.0,12400.0,12400.0,12400.0,0.0
2017-11-01,12350.0,12350.0,12350.0,12350.0,12350.0,1.0
2017-11-02,12350.0,12350.0,12350.0,12350.0,12350.0,0.0
2017-11-03,12250.0,12300.0,11200.0,12300.0,12300.0,21.0
2017-11-06,12300.0,12300.0,12300.0,12300.0,12300.0,0.0
2017-11-07,11300.0,11300.0,11300.0,11300.0,11300.0,1.0
2017-11-08,11300.0,11300.0,11300.0,11300.0,11300.0,0.0
2017-11-09,11300.0,11300.0,11300.0,11300.0,11300.0,0.0
2017-11-10,11300.0,11300.0,11300.0,11300.0,11300.0,0.0
2017-11-13,11300.0,11300.0,11300.0,11300.0,11300.0,0.0
2017-11-14,12450.0,12450.0,12450.0,12450.0,12450.0,1.0
2017-11-15,12450.0,12450.0,12450.0,12450.0,12450.0,1.0
2017-11-16,11200.0,12400.0,11200.0,12400.0,12400.0,2.0
2017-11-17,12400.0,12400.0,12400.0,12400.0,12400.0,0.0
2017-11-20,12400.0,12400.0,12400.0,12400.0,12400.0,0.0
2017-11-21,12400.0,12400.0,12400.0,12400.0,12400.0,0.0
2017-11-22,12400.0,12400.0,10600.0,12350.0,12350.0,5.0
2017-11-23,12350.0,12350.0,12350.0,12350.0,12350.0,0.0
2017-11-24,12400.0,12400.0,12400.0,12400.0,12400.0,1.0
2017-11-27,12400.0,12400.0,12400.0,12400.0,12400.0,0.0
2017-11-28,12400.0,12400.0,12400.0,12400.0,12400.0,0.0
2017-11-29,12400.0,12400.0,12400.0,12400.0,12400.0,0.0
2017-11-30,12400.0,12500.0,12400.0,12500.0,12500.0,13.0
2017-12-01,11900.0,11950.0,11900.0,11950.0,11950.0,2.0
2017-12-04,11950.0,11950.0,11950.0,11950.0,11950.0,0.0
2017-12-05,11950.0,11950.0,11950.0,11950.0,11950.0,0.0
2017-12-06,11950.0,11950.0,11950.0,11950.0,11950.0,0.0
2017-12-07,12700.0,12700.0,10800.0,11733.299805,11733.299805,13.0
2017-12-08,11800.0,11800.0,11800.0,11800.0,11800.0,1.0
2017-12-11,11800.0,11800.0,11800.0,11800.0,11800.0,0.0
2017-12-12,11800.0,11800.0,11800.0,11800.0,11800.0,0.0
2017-12-13,11800.0,11800.0,11800.0,11800.0,11800.0,0.0
2017-12-14,11800.0,11800.0,11800.0,11800.0,11800.0,0.0
2017-12-15,11800.0,11800.0,11800.0,11800.0,11800.0,0.0
2017-12-18,12900.0,12900.0,12900.0,12900.0,12900.0,6.0
2017-12-19,12900.0,12900.0,12900.0,12900.0,12900.0,0.0
2017-12-20,12900.0,12900.0,12900.0,12900.0,12900.0,0.0
2017-12-21,12900.0,12900.0,12900.0,12900.0,12900.0,0.0
2017-12-22,12900.0,12900.0,12900.0,12900.0,12900.0,0.0
2017-12-26,11000.0,13050.0,11000.0,13050.0,13050.0,13.0
2017-12-27,12384.400391,12384.400391,10815.0,11599.700195,11599.700195,4.0
2017-12-28,12099.0,12099.0,12099.0,12099.0,12099.0,3.0
2017-12-29,12099.0,12099.0,11725.0,11725.0,11725.0,6.0
2018-01-01,11725.0,11725.0,11725.0,11725.0,11725.0,0.0
2018-01-02,11800.0,12099.0,11750.0,11750.0,11750.0,8.0
2018-01-03,11750.0,11750.0,11750.0,11750.0,11750.0,0.0
2018-01-04,11750.0,11750.0,11750.0,11750.0,11750.0,0.0
2018-01-05,11750.0,11750.0,11750.0,11750.0,11750.0,0.0
2018-01-08,11750.0,11750.0,11750.0,11750.0,11750.0,0.0
2018-01-09,12799.0,12799.0,12560.0,12560.0,12560.0,2.0
2018-01-10,12560.0,12560.0,12560.0,12560.0,12560.0,0.0
2018-01-11,11700.0,11900.099609,11700.0,11900.099609,11900.099609,2.0
2018-01-12,11900.099609,11900.099609,11900.099609,11900.099609,11900.099609,0.0
2018-01-15,11900.099609,11900.099609,11900.099609,11900.099609,11900.099609,0.0
2018-01-16,11900.099609,11900.099609,11900.099609,11900.099609,11900.099609,0.0
2018-01-17,13398.0,13398.0,10706.0,12100.0,12100.0,25.0
2018-01-18,12100.0,12100.0,12100.0,12100.0,12100.0,0.0
2018-01-19,12100.0,12100.0,12100.0,12100.0,12100.0,0.0
2018-01-22,12100.0,12100.0,12100.0,12100.0,12100.0,0.0
2018-01-23,12100.0,12100.0,12100.0,12100.0,12100.0,0.0
2018-01-24,12100.0,12100.0,12100.0,12100.0,12100.0,0.0
2018-01-25,13300.0,13300.0,11000.0,11500.0,11500.0,17.0
2018-01-29,12707.5,13400.0,12707.5,13350.0,13350.0,8.0
2018-01-30,12669.200195,12911.0,11811.0,12185.0,12185.0,13.0
2018-01-31,12348.0,12350.0,12348.0,12350.0,12350.0,3.0
2018-02-01,12350.0,12350.0,12350.0,12350.0,12350.0,1.0
2018-02-02,12350.0,12350.0,12350.0,12350.0,12350.0,0.0
2018-02-05,12350.0,12350.0,12350.0,12350.0,12350.0,0.0
2018-02-06,10600.0,13500.0,10600.0,13100.0,13100.0,16.0
2018-02-07,11724.5,13000.0,11724.5,12800.0,12800.0,13.0
2018-02-08,12800.0,12800.0,12800.0,12800.0,12800.0,6.0
2018-02-09,12795.0,12795.0,11750.0,11750.0,11750.0,44.0
2018-02-12,11749.0,11749.0,11250.0,11250.0,11250.0,15.0
2018-02-14,13000.0,13000.0,11068.200195,11068.200195,11068.200195,14.0
2018-02-15,11011.0,11900.0,11011.0,11200.0,11200.0,12.0
2018-02-16,11200.0,11200.0,11200.0,11200.0,11200.0,0.0
2018-02-19,11200.0,11200.0,10515.400391,10515.400391,10515.400391,12.0
2018-02-20,11400.0,13000.0,10222.0,11158.0,11158.0,12.0
2018-02-21,11000.0,11000.0,10610.0,11000.0,11000.0,3.0
2018-02-22,11000.0,11000.0,11000.0,11000.0,11000.0,0.0
2018-02-23,11290.0,11290.0,10512.099609,11190.0,11190.0,5.0
2018-02-26,11190.0,11190.0,11190.0,11190.0,11190.0,0.0
2018-02-27,11190.0,11190.0,11190.0,11190.0,11190.0,0.0
2018-02-28,11190.0,11190.0,11190.0,11190.0,11190.0,0.0
2018-03-01,11190.0,11190.0,11190.0,11190.0,11190.0,0.0
2018-03-05,10318.299805,11290.0,10318.299805,10558.0,10558.0,7.0
2018-03-06,10659.099609,10702.0,10328.099609,10701.0,10701.0,9.0
2018-03-07,10949.0,10950.0,10418.0,10418.0,10418.0,6.0
2018-03-08,10418.0,10418.0,10418.0,10418.0,10418.0,1.0
2018-03-09,10418.0,10418.0,10418.0,10418.0,10418.0,1.0
2018-03-12,10008.200195,10008.200195,10008.200195,10008.200195,10008.200195,1.0
2018-03-13,10770.0,10770.0,10737.0,10737.0,10737.0,2.0
2018-03-14,9203.0,10850.0,9203.0,10400.0,10400.0,17.0
2018-03-15,10400.0,10400.0,10400.0,10400.0,10400.0,1.0
2018-03-16,11000.0,11000.0,10400.0,10400.0,10400.0,2.0
2018-03-19,9848.099609,9900.0,9848.099609,9900.0,9900.0,12.0
2018-03-20,9900.0,9900.0,9900.0,9900.0,9900.0,3.0
2018-03-21,10697.0,10697.0,10000.0,10000.0,10000.0,14.0
2018-03-22,9900.0,9900.0,9900.0,9900.0,9900.0,1.0
2018-03-23,9900.0,9918.549805,9644.030273,9644.030273,9644.030273,8.0
2018-03-26,9600.0,9600.080078,9600.0,9600.080078,9600.080078,2.0
2018-03-27,9600.0,9600.0,9600.0,9600.0,9600.0,2.0
2018-03-28,9600.0,9600.0,9600.0,9600.0,9600.0,0.0
2018-04-02,9600.0,9600.0,9600.0,9600.0,9600.0,0.0
2018-04-03,10650.200195,10650.200195,9455.0,9455.5,9455.5,12.0
2018-04-04,9455.5,9455.5,9455.5,9455.5,9455.5,0.0
2018-04-05,9957.009766,10850.0,9957.009766,10100.0,10100.0,7.0
2018-04-06,10490.0,12100.0,9666.0,10998.0,10998.0,43.0
2018-04-09,6800.0,6800.0,6800.0,6800.0,6800.0,0.0
2018-04-10,10700.0,10700.0,10700.0,10700.0,10700.0,2.0
2018-04-11,10375.0,10689.0,10375.0,10678.0,10678.0,7.0
2018-04-12,10678.0,10678.0,10678.0,10678.0,10678.0,1.0
2018-04-13,10678.0,10678.0,10678.0,10678.0,10678.0,0.0
2018-04-16,10670.0,10670.0,10670.0,10670.0,10670.0,1.0
2018-04-17,10316.0,10400.0,10101.0,10400.0,10400.0,6.0
2018-04-18,10769.0,13299.0,9055.0,10425.0,10425.0,109.0
2018-04-19,10600.0,10600.0,10600.0,10600.0,10600.0,1.0
2018-04-20,10600.0,10600.0,10600.0,10600.0,10600.0,0.0
2018-04-23,10250.0,10545.0,9954.0,10545.0,10545.0,6.0
2018-04-24,10599.900391,10599.900391,10300.0,10300.0,10300.0,10.0
2018-04-25,10500.0,10500.0,10500.0,10500.0,10500.0,5.0
2018-04-26,10769.0,10769.0,10301.0,10400.0,10400.0,6.0
2018-04-27,10400.0,10400.0,10400.0,10400.0,10400.0,0.0
2018-04-30,10620.0,10640.0,10329.299805,10450.0,10450.0,6.0
2018-05-02,10630.0,10830.0,10401.0,10411.099609,10411.099609,6.0
2018-05-03,10411.099609,10411.099609,10411.099609,10411.099609,10411.099609,0.0
2018-05-04,10451.0,10451.0,10410.0,10410.0,10410.0,5.0
2018-05-07,10410.0,10410.0,10410.0,10410.0,10410.0,0.0
2018-05-08,10410.0,10410.0,10410.0,10410.0,10410.0,0.0
2018-05-09,10450.0,10450.0,10450.0,10450.0,10450.0,1.0
2018-05-10,10501.0,10502.0,10501.0,10502.0,10502.0,2.0
2018-05-11,10650.0,13573.200195,10580.099609,12670.299805,12670.299805,67.0
2018-05-14,10625.0,12639.0,10625.0,11740.0,11740.0,8.0
2018-05-15,12860.0,13350.0,11505.0,12593.5,12593.5,90.0
2018-05-16,12700.0,13100.0,11500.0,12290.0,12290.0,46.0
2018-05-17,12000.0,12200.0,12000.0,12200.0,12200.0,2.0
2018-05-18,12468.0,12468.0,11700.0,11700.0,11700.0,5.0
2018-05-21,11700.0,11700.0,11700.0,11700.0,11700.0,0.0
2018-05-22,10725.0,11950.0,10725.0,11420.200195,11420.200195,7.0
2018-05-23,12199.0,13289.200195,11300.0,13058.599609,13058.599609,64.0
2018-05-24,12200.0,13289.0,12000.0,12000.0,12000.0,10.0
2018-05-25,12050.0,13179.0,11111.0,12216.799805,12216.799805,89.0
2018-05-28,12300.0,12301.0,12300.0,12301.0,12301.0,3.0
2018-05-29,12301.0,12301.0,12301.0,12301.0,12301.0,0.0
2018-05-30,12738.0,12738.0,11601.0,11998.0,11998.0,16.0
2018-05-31,12300.0,12599.0,12061.0,12590.0,12590.0,23.0
2018-06-01,12590.0,12590.0,12205.0,12397.5,12397.5,2.0
2018-06-04,13400.0,13400.0,12050.0,13250.0,13250.0,8.0
2018-06-05,12300.0,13250.0,12000.0,12775.5,12775.5,73.0
2018-06-06,13088.0,13458.900391,12955.0,13025.0,13025.0,28.0
2018-06-07,13100.0,13200.0,12740.0,12981.0,12981.0,7.0
2018-06-08,12981.0,12981.0,12981.0,12981.0,12981.0,0.0
2018-06-11,12502.099609,13055.0,12410.0,12410.0,12410.0,4.0
2018-06-12,12500.0,12750.0,12500.0,12750.0,12750.0,3.0
2018-06-13,12750.0,12750.0,12750.0,12750.0,12750.0,0.0
2018-06-14,13078.0,13078.0,13078.0,13078.0,13078.0,1.0
2018-06-15,12900.0,13193.5,12900.0,13193.5,13193.5,2.0
2018-06-18,13300.0,13300.0,12600.0,13112.5,13112.5,17.0
2018-06-19,12950.0,13500.0,12950.0,13450.0,13450.0,12.0
2018-06-20,13500.0,13500.0,13100.0,13100.0,13100.0,2.0
2018-06-21,13100.0,13100.0,13100.0,13100.0,13100.0,0.0
2018-06-22,12653.0,12653.0,12018.0,12253.0,12253.0,8.0
2018-06-25,13121.400391,13121.400391,13121.400391,13121.400391,13121.400391,1.0
2018-06-26,13121.400391,13121.400391,13121.400391,13121.400391,13121.400391,0.0
2018-06-27,12230.0,12900.0,12000.0,12412.0,12412.0,15.0
2018-06-28,12873.0,12873.0,11910.0,11910.0,11910.0,3.0
2018-06-29,12700.0,12700.0,11800.0,12000.0,12000.0,7.0
2018-07-02,12745.0,13000.0,12000.0,12513.0,12513.0,16.0
2018-07-03,12000.0,12598.0,12000.0,12590.0,12590.0,8.0
2018-07-04,12800.0,12800.0,12175.0,12250.0,12250.0,5.0
2018-07-05,12250.0,12250.0,12250.0,12250.0,12250.0,0.0
2018-07-06,12800.0,12800.0,11408.0,12348.0,12348.0,6.0
2018-07-09,11850.0,12400.0,11850.0,12400.0,12400.0,5.0
2018-07-10,11902.0,12400.0,11902.0,12400.0,12400.0,3.0
2018-07-11,12400.0,12400.0,12400.0,12400.0,12400.0,0.0
2018-07-12,12650.0,12650.0,12650.0,12650.0,12650.0,3.0
2018-07-13,12650.0,12650.0,12650.0,12650.0,12650.0,0.0
2018-07-16,12800.0,12800.0,12125.099609,12498.0,12498.0,7.0
2018-07-17,12498.0,12498.0,12130.0,12475.0,12475.0,3.0
2018-07-18,12110.099609,12400.0,12050.099609,12050.099609,12050.099609,3.0
2018-07-19,12499.0,12499.0,11600.0,12300.0,12300.0,7.0
2018-07-20,11851.5,12250.0,11851.5,11928.0,11928.0,6.0
2018-07-23,11928.0,11928.0,11928.0,11928.0,11928.0,0.0
2018-07-24,12548.0,12548.0,12548.0,12548.0,12548.0,1.0
2018-07-25,12548.0,12548.0,12548.0,12548.0,12548.0,0.0
2018-07-26,12600.0,12998.0,11870.0,12998.0,12998.0,3.0
2018-07-27,12998.0,12998.0,12201.0,12895.299805,12895.299805,15.0
2018-07-30,12789.0,12789.0,11928.0,12600.0,12600.0,6.0
2018-07-31,12600.0,12600.0,12600.0,12600.0,12600.0,0.0
2018-08-01,12600.0,12600.0,12600.0,12600.0,12600.0,0.0
2018-08-02,11790.099609,11900.0,11790.099609,11900.0,11900.0,3.0
2018-08-03,11900.0,11900.0,11900.0,11900.0,11900.0,0.0
2018-08-06,11900.0,11900.0,11900.0,11900.0,11900.0,0.0
2018-08-07,11900.0,11900.0,11900.0,11900.0,11900.0,0.0
2018-08-08,11900.0,11900.0,11900.0,11900.0,11900.0,0.0
2018-08-09,11900.0,11900.0,11900.0,11900.0,11900.0,0.0
2018-08-10,11900.0,11900.0,11900.0,11900.0,11900.0,0.0
2018-08-13,11111.599609,12898.900391,11111.599609,12000.0,12000.0,4.0
2018-08-14,12000.0,12000.0,12000.0,12000.0,12000.0,0.0
2018-08-16,12000.0,12000.0,12000.0,12000.0,12000.0,0.0
2018-08-17,12400.0,12400.0,11800.0,11900.0,11900.0,3.0
2018-08-20,11900.0,11900.0,11900.0,11900.0,11900.0,0.0
2018-08-21,11900.0,11900.0,11900.0,11900.0,11900.0,0.0
2018-08-23,12028.0,12100.0,12028.0,12100.0,12100.0,2.0
2018-08-24,12100.0,12100.0,12100.0,12100.0,12100.0,0.0
2018-08-27,12100.0,12100.0,12100.0,12100.0,12100.0,0.0
2018-08-28,12100.0,12100.0,12100.0,12100.0,12100.0,1.0
2018-08-29,12000.0,12000.0,11970.0,11985.0,11985.0,5.0
2018-08-30,12898.0,12898.0,12000.400391,12000.400391,12000.400391,4.0
2018-08-31,12000.400391,12000.400391,12000.400391,12000.400391,12000.400391,0.0
2018-09-03,12000.400391,12000.400391,12000.400391,12000.400391,12000.400391,0.0
2018-09-04,12000.400391,12000.400391,12000.400391,12000.400391,12000.400391,0.0
2018-09-05,12600.0,12600.0,11511.099609,12400.0,12400.0,8.0
2018-09-06,12400.0,12400.0,12400.0,12400.0,12400.0,0.0
2018-09-07,12390.0,12390.0,11828.400391,11828.400391,11828.400391,2.0
2018-09-10,12124.200195,12124.200195,12124.200195,12124.200195,12124.200195,1.0
2018-09-11,12001.0,12001.0,12001.0,12001.0,12001.0,1.0
2018-09-12,12001.0,12001.0,12001.0,12001.0,12001.0,0.0
2018-09-14,12001.0,12001.0,12001.0,12001.0,12001.0,0.0
2018-09-17,13139.099609,13400.0,13139.099609,13309.700195,13309.700195,3.0
2018-09-18,12800.0,12800.0,11951.0,11951.0,11951.0,3.0
2018-09-19,11851.900391,11900.0,11851.900391,11900.0,11900.0,2.0
2018-09-21,11900.0,12800.0,11800.0,11800.0,11800.0,3.0
2018-09-24,11200.0,13399.0,11200.0,12362.0,12362.0,67.0
2018-09-25,13280.0,13449.0,11812.0,12398.0,12398.0,10.0
2018-09-26,13440.0,13555.900391,12220.0,13224.0,13224.0,8.0
2018-09-27,12500.0,12500.0,12500.0,12500.0,12500.0,1.0
2018-09-28,12500.0,12500.0,12500.0,12500.0,12500.0,1.0
2018-10-01,11500.0,11500.0,11500.0,11500.0,11500.0,1.0
2018-10-03,12490.0,12490.0,11550.099609,11750.0,11750.0,4.0
2018-10-04,12900.0,12900.0,11800.0,12800.0,12800.0,3.0
2018-10-05,12900.0,12900.0,12051.0,12600.0,12600.0,5.0
2018-10-08,13009.0,13009.0,12800.0,12800.0,12800.0,4.0
2018-10-09,12900.0,13044.0,12300.0,12300.0,12300.0,5.0
2018-10-10,12300.0,12300.0,12300.0,12300.0,12300.0,0.0
2018-10-11,12300.0,12800.0,12300.0,12800.0,12800.0,2.0
2018-10-12,12800.0,12800.0,12800.0,12800.0,12800.0,1.0
2018-10-15,12200.0,13000.0,12200.0,13000.0,13000.0,2.0
2018-10-16,12100.0,13340.200195,12100.0,12250.099609,12250.099609,22.0
2018-10-17,12355.099609,12355.099609,12251.0,12251.0,12251.0,2.0
2018-10-19,12251.0,12251.0,12251.0,12251.0,12251.0,0.0
2018-10-22,12251.0,12950.0,12250.0,12950.0,12950.0,3.0
2018-10-23,12749.0,12749.0,11951.0,12350.0,12350.0,2.0
2018-10-24,12350.0,12350.0,12350.0,12350.0,12350.0,0.0
2018-10-25,12350.0,12350.0,12350.0,12350.0,12350.0,0.0
2018-10-26,12350.0,12350.0,12350.0,12350.0,12350.0,0.0
2018-10-29,12699.0,12699.0,11455.0,12293.5,12293.5,6.0
2018-10-30,12297.0,12750.0,11900.0,12399.0,12399.0,6.0
2018-10-31,12399.0,12399.0,12399.0,12399.0,12399.0,0.0
2018-11-01,12399.0,12799.0,11700.0,12333.5,12333.5,9.0
2018-11-02,12333.5,12333.5,12333.5,12333.5,12333.5,0.0
2018-11-05,12500.0,13237.0,11700.099609,12100.0,12100.0,16.0
2018-11-06,12100.0,12100.0,12100.0,12100.0,12100.0,0.0
2018-11-07,12100.0,12100.0,12100.0,12100.0,12100.0,0.0
2018-11-09,12100.0,12100.0,12100.0,12100.0,12100.0,0.0
2018-11-12,11351.099609,12500.0,11351.099609,11900.0,11900.0,5.0
2018-11-13,9599.0,12992.0,9599.0,12000.0,12000.0,7.0
2018-11-14,12000.0,12000.0,12000.0,12000.0,12000.0,2.0
2018-11-15,12000.0,12000.0,12000.0,12000.0,12000.0,0.0
2018-11-16,12000.0,12000.0,12000.0,12000.0,12000.0,0.0
2018-11-19,12800.0,12800.0,12749.0,12750.0,12750.0,5.0
2018-11-20,11200.0,13200.0,10005.0,12850.0,12850.0,12.0
2018-11-21,12749.0,12749.0,12500.0,12500.0,12500.0,2.0
2018-11-22,12500.0,12500.0,12500.0,12500.0,12500.0,1.0
2018-11-26,12500.0,12500.0,12500.0,12500.0,12500.0,0.0
2018-11-27,12950.0,12950.0,12100.0,12500.0,12500.0,5.0
2018-11-28,12400.0,12950.0,12400.0,12950.0,12950.0,2.0
2018-11-29,12950.0,12950.0,12950.0,12950.0,12950.0,0.0
2018-11-30,12950.0,12950.0,12950.0,12950.0,12950.0,0.0
2018-12-03,11952.299805,13100.0,11952.299805,12428.0,12428.0,25.0
2018-12-04,12686.0,12686.0,12428.0,12428.0,12428.0,3.0
2018-12-05,12428.0,12428.0,12428.0,12428.0,12428.0,0.0
2018-12-06,12428.0,12428.0,12428.0,12428.0,12428.0,0.0
2018-12-07,12428.0,12428.0,12428.0,12428.0,12428.0,0.0
2018-12-10,12900.0,12900.0,12300.0,12300.0,12300.0,2.0
2018-12-11,11050.0,12700.0,11050.0,12600.0,12600.0,8.0
2018-12-12,12255.0,13395.0,12255.0,12800.0,12800.0,9.0
2018-12-13,13250.0,13350.0,13250.0,13350.0,13350.0,9.0
2018-12-14,13340.0,13400.0,13100.0,13400.0,13400.0,6.0
2018-12-17,13500.0,13500.0,12750.0,12750.0,12750.0,5.0
2018-12-18,12900.0,13333.0,12751.0,13042.0,13042.0,8.0
2018-12-19,13042.0,13042.0,13042.0,13042.0,13042.0,0.0
2018-12-20,12752.0,12752.0,12752.0,12752.0,12752.0,1.0
2018-12-21,12752.0,12752.0,12752.0,12752.0,12752.0,0.0
2018-12-24,12752.0,12752.0,12752.0,12752.0,12752.0,0.0
2018-12-26,12752.0,12752.0,12752.0,12752.0,12752.0,0.0
2018-12-27,13500.0,13500.0,13500.0,13500.0,13500.0,1.0
2018-12-28,12350.0,13700.0,12350.0,13700.0,13700.0,2.0
2018-12-31,13700.0,13700.0,12510.0,12755.0,12755.0,5.0
2019-01-01,12755.0,13649.0,12755.0,13200.0,13200.0,5.0
2019-01-02,12556.0,13885.0,12556.0,13467.5,13467.5,13.0
2019-01-03,13467.5,13467.5,13467.5,13467.5,13467.5,0.0
2019-01-04,13050.0,13700.0,13050.0,13700.0,13700.0,3.0
2019-01-07,13700.0,13700.0,13700.0,13700.0,13700.0,0.0
2019-01-08,13700.0,13712.5,11000.0,13712.5,13712.5,5.0
2019-01-09,13201.0,13600.0,12505.0,13500.0,13500.0,23.0
2019-01-10,12871.0,13345.0,12871.0,12961.0,12961.0,5.0
2019-01-11,12921.0,13488.0,12921.0,13488.0,13488.0,3.0
2019-01-14,12761.0,13800.0,12761.0,13725.0,13725.0,15.0
2019-01-15,13105.0,13280.0,12951.599609,13100.0,13100.0,213.0
2019-01-16,13100.0,13100.0,13100.0,13100.0,13100.0,0.0
2019-01-17,13100.0,13100.0,13100.0,13100.0,13100.0,0.0
2019-01-18,13001.099609,13001.099609,13001.0,13001.0,13001.0,2.0
2019-01-21,13625.0,13700.0,12366.099609,12805.0,12805.0,26.0
2019-01-22,13378.0,13378.0,12750.099609,12750.099609,12750.099609,6.0
2019-01-23,12750.099609,12750.099609,12750.099609,12750.099609,12750.099609,0.0
2019-01-24,12750.099609,12750.099609,12750.099609,12750.099609,12750.099609,1.0
2019-01-25,12750.0,12750.0,12750.0,12750.0,12750.0,3.0
2019-01-28,12001.099609,12700.0,12001.099609,12260.099609,12260.099609,4.0
2019-01-29,12101.099609,12698.0,12101.099609,12698.0,12698.0,16.0
2019-01-30,12650.0,12650.0,12201.099609,12201.099609,12201.099609,15.0
2019-01-31,12201.099609,12201.099609,12201.099609,12201.099609,12201.099609,0.0
2019-02-01,12698.0,13369.0,12698.0,13122.299805,13122.299805,3.0
2019-02-04,11111.0,13499.0,11111.0,12685.0,12685.0,12.0
2019-02-05,12900.0,13198.0,12400.799805,12749.0,12749.0,10.0
2019-02-06,12850.0,13600.0,12359.0,12528.0,12528.0,37.0
2019-02-07,13100.0,13100.0,12601.0,12601.0,12601.0,2.0
2019-02-08,12631.0,13150.0,12625.0,12849.0,12849.0,10.0
2019-02-11,12849.0,12849.0,12849.0,12849.0,12849.0,0.0
2019-02-12,12849.0,12849.0,12849.0,12849.0,12849.0,0.0
2019-02-14,12700.099609,12700.099609,12700.099609,12700.099609,12700.099609,1.0
2019-02-15,13250.0,13800.0,12500.0,12806.200195,12806.200195,26.0
2019-02-18,13248.0,13248.0,12800.0,12850.099609,12850.099609,4.0
2019-02-19,13288.0,13700.0,13100.0,13399.700195,13399.700195,12.0
2019-02-20,13350.700195,13620.0,12700.700195,12965.599609,12965.599609,18.0
2019-02-21,13390.0,13390.0,12930.099609,13102.0,13102.0,9.0
2019-02-22,13102.0,13102.0,13102.0,13102.0,13102.0,0.0
2019-02-25,13800.0,13800.0,13100.0,13160.0,13160.0,13.0
2019-02-26,13160.0,13160.0,13160.0,13160.0,13160.0,0.0
2019-02-27,12850.0,13499.0,12705.0,13018.0,13018.0,3.0
2019-02-28,13018.0,13018.0,13018.0,13018.0,13018.0,0.0
2019-03-01,12960.0,12960.0,12960.0,12960.0,12960.0,1.0
2019-03-05,12963.0,12963.0,12963.0,12963.0,12963.0,1.0
2019-03-06,12963.0,12963.0,12963.0,12963.0,12963.0,0.0
2019-03-07,13899.0,13899.0,12812.0,13000.0,13000.0,32.0
2019-03-08,12850.0,12900.0,12682.599609,12900.0,12900.0,5.0
2019-03-11,12900.0,13539.0,12900.0,12960.0,12960.0,6.0
2019-03-12,13850.0,13850.0,13161.200195,13500.0,13500.0,10.0
2019-03-13,12300.099609,14199.0,12300.099609,13750.0,13750.0,18.0
2019-03-14,13700.0,13700.0,13225.0,13225.0,13225.0,2.0
2019-03-15,13600.0,14200.0,12930.0,13500.0,13500.0,21.0
2019-03-18,13900.0,13900.0,13213.099609,13325.0,13325.0,15.0
2019-03-19,13750.0,14000.0,13300.0,13812.200195,13812.200195,6.0
2019-03-20,13800.0,13800.0,13800.0,13800.0,13800.0,6.0
2019-03-22,13800.0,13800.0,13800.0,13800.0,13800.0,0.0
2019-03-25,13350.0,14300.0,13300.0,13300.0,13300.0,5.0
2019-03-26,14398.0,14398.0,13500.0,13500.0,13500.0,4.0
2019-03-27,13500.0,13500.0,13500.0,13500.0,13500.0,7.0
2019-03-28,13411.0,13411.0,13411.0,13411.0,13411.0,1.0
2019-04-01,13800.0,13800.0,13800.0,13800.0,13800.0,1.0
2019-04-02,13778.0,13850.0,13201.0,13850.0,13850.0,8.0
2019-04-03,13350.0,13350.0,13350.0,13350.0,13350.0,1.0
2019-04-04,13350.0,13850.0,13350.0,13849.0,13849.0,3.0
2019-04-05,13740.0,13740.0,13401.0,13401.0,13401.0,2.0
2019-04-08,14700.0,14700.0,12885.0,13500.0,13500.0,59.0
2019-04-09,13500.0,14000.0,13180.0,13819.0,13819.0,25.0
2019-04-10,13354.0,14875.0,13354.0,13601.0,13601.0,75.0
2019-04-11,13800.0,13801.0,13800.0,13801.0,13801.0,3.0
2019-04-12,13801.0,13801.0,13801.0,13801.0,13801.0,1.0
2019-04-15,14299.0,14299.0,13850.0,13850.0,13850.0,4.0
2019-04-16,13550.0,14200.0,13550.0,13601.0,13601.0,9.0
2019-04-18,14150.0,14800.0,13901.0,14143.700195,14143.700195,11.0
2019-04-22,14689.0,14699.0,14001.0,14054.0,14054.0,5.0
2019-04-23,14054.0,14200.0,14050.0,14200.0,14200.0,3.0
2019-04-24,14200.0,14500.0,13740.0,14162.5,14162.5,10.0
2019-04-25,14400.0,14400.0,13951.0,14250.0,14250.0,4.0
2019-04-26,14890.0,14890.0,14000.0,14100.0,14100.0,9.0
2019-04-30,14100.0,14100.0,14100.0,14100.0,14100.0,0.0
2019-05-02,14100.0,14100.0,14100.0,14100.0,14100.0,2.0
2019-05-03,14100.0,14100.0,14100.0,14100.0,14100.0,0.0
2019-05-06,14100.0,14100.0,14100.0,14100.0,14100.0,0.0
2019-05-07,14100.0,14100.0,14100.0,14100.0,14100.0,0.0
2019-05-08,14000.0,14000.0,14000.0,14000.0,14000.0,1.0
2019-05-09,14000.0,14000.0,14000.0,14000.0,14000.0,0.0
2019-05-10,14000.0,14000.0,14000.0,14000.0,14000.0,1.0
2019-05-13,13350.0,14100.0,13301.0,13501.0,13501.0,6.0
2019-05-14,13311.0,13700.0,13311.0,13700.0,13700.0,5.0
2019-05-15,13700.0,13700.0,13700.0,13700.0,13700.0,0.0
2019-05-16,13315.0,13315.0,13315.0,13315.0,13315.0,1.0
2019-05-17,13333.0,14000.0,13333.0,13700.0,13700.0,7.0
2019-05-20,14433.900391,14433.900391,13800.0,14220.5,14220.5,16.0
2019-05-21,13955.0,13999.0,13701.0,13889.799805,13889.799805,9.0
2019-05-22,13650.0,15165.599609,13650.0,14900.0,14900.0,20.0
2019-05-23,14900.0,15012.700195,14200.0,15012.700195,15012.700195,8.0
2019-05-24,13666.0,15065.0,13666.0,14303.0,14303.0,21.0
2019-05-27,14099.0,14099.0,14099.0,14099.0,14099.0,3.0
2019-05-28,14500.0,14500.0,14500.0,14500.0,14500.0,2.0
2019-05-29,15100.0,15148.0,14350.0,15100.0,15100.0,6.0
2019-05-30,15100.0,15100.0,15100.0,15100.0,15100.0,0.0
2019-05-31,14800.0,14800.0,14800.0,14800.0,14800.0,1.0
2019-06-03,15100.0,15100.0,14401.0,14401.0,14401.0,8.0
2019-06-04,14801.0,14850.0,14400.0,14700.0,14700.0,4.0
2019-06-06,14000.5,14800.0,14000.5,14539.0,14539.0,14.0
2019-06-07,14800.0,14800.0,14750.0,14775.0,14775.0,4.0
2019-06-10,14600.0,15000.0,14550.0,14550.0,14550.0,6.0
2019-06-11,14600.0,15100.0,14500.0,14899.700195,14899.700195,6.0
2019-06-12,15050.0,15100.0,14450.0,15075.0,15075.0,8.0
2019-06-13,13800.0,15300.0,13800.0,14462.5,14462.5,8.0
2019-06-14,14100.0,15000.0,14100.0,14700.0,14700.0,11.0
2019-06-17,14699.0,14699.0,14699.0,14699.0,14699.0,1.0
2019-06-18,15050.0,15190.0,15050.0,15190.0,15190.0,2.0
2019-06-19,15001.900391,15001.900391,15001.900391,15001.900391,15001.900391,1.0
2019-06-20,15001.900391,15001.900391,15001.900391,15001.900391,15001.900391,0.0
2019-06-21,14251.0,15000.0,14251.0,15000.0,15000.0,4.0
2019-06-24,14999.0,14999.0,14999.0,14999.0,14999.0,1.0
2019-06-25,14999.0,14999.0,14999.0,14999.0,14999.0,0.0
2019-06-26,14999.0,14999.0,14999.0,14999.0,14999.0,0.0
2019-06-27,14999.0,14999.0,14999.0,14999.0,14999.0,0.0
2019-06-28,14999.0,14999.0,14999.0,14999.0,14999.0,0.0
2019-07-01,15000.0,15000.0,15000.0,15000.0,15000.0,1.0
2019-07-02,15000.0,15000.0,15000.0,15000.0,15000.0,1.0
2019-07-03,14400.0,14675.0,14400.0,14675.0,14675.0,3.0
2019-07-04,15275.0,15275.0,15275.0,15275.0,15275.0,1.0
2019-07-05,15260.0,15260.0,15255.0,15255.0,15255.0,2.0
2019-07-08,15200.0,15200.0,15200.0,15200.0,15200.0,1.0
2019-07-09,15200.0,15200.0,15200.0,15200.0,15200.0,0.0
2019-07-10,15200.0,15200.0,15200.0,15200.0,15200.0,0.0
2019-07-11,14351.0,14351.0,14351.0,14351.0,14351.0,1.0
2019-07-12,14351.0,14351.0,14351.0,14351.0,14351.0,0.0
2019-07-15,14351.0,14351.0,14351.0,14351.0,14351.0,0.0
2019-07-16,14351.0,14351.0,14351.0,14351.0,14351.0,0.0
2019-07-17,14351.0,14351.0,14351.0,14351.0,14351.0,0.0
2019-07-18,15016.0,15016.0,15016.0,15016.0,15016.0,1.0
2019-07-19,15016.0,15016.0,15016.0,15016.0,15016.0,0.0
2019-07-22,15016.0,15016.0,15016.0,15016.0,15016.0,0.0
2019-07-23,15016.0,15016.0,15016.0,15016.0,15016.0,0.0
2019-07-24,15016.0,15016.0,15016.0,15016.0,15016.0,0.0
2019-07-25,15016.0,15016.0,15016.0,15016.0,15016.0,0.0
2019-07-26,15016.0,15016.0,15016.0,15016.0,15016.0,0.0
2019-07-29,15016.0,15016.0,15016.0,15016.0,15016.0,0.0
2019-07-30,15016.0,15016.0,15016.0,15016.0,15016.0,0.0
2019-07-31,15016.0,15016.0,15016.0,15016.0,15016.0,0.0
2019-08-01,15016.0,15016.0,15016.0,15016.0,15016.0,0.0
2019-08-02,15016.0,15016.0,15016.0,15016.0,15016.0,0.0
2019-08-05,15016.0,15016.0,15016.0,15016.0,15016.0,0.0
2019-08-06,15016.0,15016.0,15016.0,15016.0,15016.0,0.0
2019-08-07,15016.0,15016.0,15016.0,15016.0,15016.0,0.0
2019-08-08,15016.0,15016.0,15016.0,15016.0,15016.0,0.0
2019-08-09,15016.0,15016.0,15016.0,15016.0,15016.0,0.0
2019-08-13,15016.0,15016.0,15016.0,15016.0,15016.0,0.0
2019-08-14,15016.0,15016.0,15016.0,15016.0,15016.0,0.0
2019-08-16,15016.0,15016.0,15016.0,15016.0,15016.0,0.0
2019-08-19,15016.0,15016.0,15016.0,15016.0,15016.0,0.0
2019-08-20,15016.0,15016.0,15016.0,15016.0,15016.0,0.0
2019-08-21,15016.0,15016.0,15016.0,15016.0,15016.0,0.0
2019-08-22,,,,,,
2019-08-23,12300.0,12300.0,12300.0,12300.0,12300.0,3.0
2019-08-26,13885.599609,13885.599609,12915.0,13870.0,13870.0,9.0
2019-08-27,13870.0,13870.0,13870.0,13870.0,13870.0,0.0
2019-08-28,13870.0,13870.0,13870.0,13870.0,13870.0,0.0
2019-08-29,13870.0,13870.0,13870.0,13870.0,13870.0,0.0
2019-08-30,13870.0,13870.0,13870.0,13870.0,13870.0,0.0
2019-09-03,13870.0,13870.0,13870.0,13870.0,13870.0,0.0
2019-09-04,13870.0,13870.0,13870.0,13870.0,13870.0,0.0
2019-09-05,13870.0,13870.0,13870.0,13870.0,13870.0,0.0
2019-09-06,13870.0,13870.0,13870.0,13870.0,13870.0,0.0
2019-09-09,13870.0,13870.0,13870.0,13870.0,13870.0,1.0
2019-09-11,13870.0,13870.0,13870.0,13870.0,13870.0,0.0
2019-09-12,13870.0,13870.0,13870.0,13870.0,13870.0,0.0
2019-09-13,13470.0,14275.0,13350.0,14275.0,14275.0,9.0
2019-09-16,13525.0,14200.0,13525.0,14000.0,14000.0,5.0
2019-09-17,14000.0,14000.0,14000.0,14000.0,14000.0,0.0
2019-09-18,14000.0,14000.0,14000.0,14000.0,14000.0,0.0
2019-09-19,14000.0,14000.0,14000.0,14000.0,14000.0,0.0
2019-09-20,11700.0,11700.0,11700.0,11700.0,11700.0,0.0
2019-09-23,11700.0,11700.0,11700.0,11700.0,11700.0,0.0
2019-09-24,14000.0,14550.0,14000.0,14550.0,14550.0,4.0
2019-09-25,14650.0,15000.0,14200.0,14200.0,14200.0,3.0
2019-09-26,14990.0,14990.0,14250.0,14600.0,14600.0,5.0
2019-09-27,14600.0,14600.0,14600.0,14600.0,14600.0,0.0
2019-09-30,14950.0,14950.0,14600.0,14600.0,14600.0,2.0
2019-10-01,14800.0,14890.0,14800.0,14890.0,14890.0,3.0
2019-10-03,14600.0,14600.0,14600.0,14600.0,14600.0,1.0
2019-10-04,14700.0,14700.0,14000.0,14700.0,14700.0,3.0
2019-10-07,14700.0,14700.0,14700.0,14700.0,14700.0,0.0
2019-10-09,14700.0,14700.0,14700.0,14700.0,14700.0,0.0
2019-10-10,14700.0,14700.0,14700.0,14700.0,14700.0,0.0
2019-10-11,14700.0,14700.0,14700.0,14700.0,14700.0,0.0
2019-10-14,14700.0,14700.0,14700.0,14700.0,14700.0,0.0
2019-10-15,14700.0,14700.0,14700.0,14700.0,14700.0,0.0
2019-10-16,14700.0,14700.0,14700.0,14700.0,14700.0,0.0
2019-10-17,14100.0,14790.0,14100.0,14790.0,14790.0,2.0
2019-10-18,14790.0,14790.0,14790.0,14790.0,14790.0,0.0
2019-10-22,14790.0,14790.0,14790.0,14790.0,14790.0,0.0
2019-10-23,15000.0,15000.0,15000.0,15000.0,15000.0,2.0
2019-10-24,14200.0,14999.0,14001.0,14999.0,14999.0,10.0
2019-10-25,11700.0,11700.0,11700.0,11700.0,11700.0,0.0
2019-10-27,,,,,,
2019-10-29,15000.0,15000.0,14450.0,14525.5,14525.5,7.0
2019-10-30,15000.0,15019.0,14600.0,15019.0,15019.0,7.0
2019-10-31,15019.0,15280.0,14650.0,14720.0,14720.0,11.0
2019-11-01,15350.0,15350.0,14825.0,14850.0,14850.0,6.0
2019-11-04,14900.0,15349.0,14900.0,14970.0,14970.0,14.0
2019-11-05,15400.0,15400.0,15000.0,15000.0,15000.0,12.0
2019-11-06,15480.0,15480.0,15150.5,15200.0,15200.0,5.0
2019-11-07,15200.0,15200.0,15200.0,15200.0,15200.0,0.0
2019-11-08,15200.0,15500.0,15200.0,15500.0,15500.0,5.0
2019-11-11,15550.0,15550.0,15050.0,15060.0,15060.0,12.0
2019-11-13,14890.0,15400.0,14850.0,14850.0,14850.0,3.0
2019-11-14,15400.0,15400.0,15400.0,15400.0,15400.0,1.0
2019-11-15,15400.0,15400.0,15400.0,15400.0,15400.0,0.0
2019-11-18,15350.0,15350.0,14800.0,15350.0,15350.0,5.0
2019-11-19,14900.0,15400.0,14900.0,14950.0,14950.0,6.0
2019-11-20,14950.0,14950.0,14950.0,14950.0,14950.0,0.0
2019-11-21,15000.0,15000.0,15000.0,15000.0,15000.0,1.0
2019-11-22,15000.0,15000.0,15000.0,15000.0,15000.0,1.0
2019-11-25,15500.0,15500.0,14850.0,15500.0,15500.0,6.0
2019-11-26,15500.0,15500.0,15500.0,15500.0,15500.0,0.0
2019-11-27,14810.0,14810.0,14310.0,14550.0,14550.0,4.0
2019-11-28,15600.0,15600.0,14850.0,15000.0,15000.0,11.0
2019-11-29,15650.0,15650.0,15075.0,15300.0,15300.0,12.0
2019-12-02,14699.0,15750.0,14699.0,15200.0,15200.0,5.0
2019-12-03,15200.0,15200.0,15200.0,15200.0,15200.0,0.0
2019-12-04,15600.0,15600.0,15100.0,15200.0,15200.0,6.0
2019-12-05,15540.0,15540.0,14750.0,15540.0,15540.0,15.0
2019-12-06,15000.0,15600.0,14850.0,15225.0,15225.0,12.0
2019-12-09,14950.0,14950.0,14950.0,14950.0,14950.0,1.0
2019-12-10,14600.0,15400.0,14600.0,14820.0,14820.0,12.0
2019-12-11,15450.0,15450.0,14900.0,15070.0,15070.0,10.0
2019-12-12,15070.0,15070.0,15070.0,15070.0,15070.0,0.0
2019-12-13,14800.0,15400.0,14800.0,15100.0,15100.0,5.0
2019-12-16,15300.0,15521.0,15100.0,15521.0,15521.0,5.0
2019-12-17,15150.0,15150.0,15150.0,15150.0,15150.0,1.0
2019-12-18,15150.0,15150.0,15150.0,15150.0,15150.0,0.0
2019-12-19,15750.0,15750.0,15251.0,15251.0,15251.0,2.0
2019-12-20,15800.0,15845.099609,15250.0,15652.0,15652.0,15.0
2019-12-23,15652.0,15895.299805,15000.0,15895.299805,15895.299805,8.0
2019-12-24,15400.0,15910.5,15400.0,15910.0,15910.0,4.0
2019-12-26,15614.0,15898.0,15614.0,15898.0,15898.0,3.0
2019-12-27,15650.0,15836.099609,15640.0,15836.099609,15836.099609,6.0
2019-12-30,15836.099609,15836.099609,15836.099609,15836.099609,15836.099609,0.0
2019-12-31,,,,,,
2020-01-01,15878.0,15878.0,15878.0,15878.0,15878.0,2.0
2020-01-02,15878.0,15878.0,15878.0,15878.0,15878.0,0.0
2020-01-03,15561.0,15796.099609,15561.0,15796.099609,15796.099609,2.0
2020-01-06,15920.0,15920.0,15700.0,15900.0,15900.0,3.0
2020-01-07,15900.0,15900.0,15900.0,15900.0,15900.0,0.0
2020-01-08,14950.0,15550.0,14950.0,15549.900391,15549.900391,16.0
2020-01-09,15549.900391,15549.900391,15549.900391,15549.900391,15549.900391,0.0
2020-01-10,15421.0,15421.0,15420.0,15420.0,15420.0,2.0
2020-01-13,15420.0,15420.0,15420.0,15420.0,15420.0,0.0
2020-01-14,15430.0,15800.0,15150.0,15800.0,15800.0,5.0
2020-01-15,15470.0,15700.0,15470.0,15700.0,15700.0,6.0
2020-01-16,15701.0,15880.0,15700.0,15879.0,15879.0,6.0
2020-01-17,15501.0,15789.0,15501.0,15502.0,15502.0,3.0
2020-01-20,15502.0,15502.0,15502.0,15502.0,15502.0,0.0
2020-01-21,15590.0,16015.799805,15590.0,15751.0,15751.0,12.0
2020-01-22,15756.299805,15756.299805,15756.299805,15756.299805,15756.299805,0.0
2020-01-23,15850.5,15850.5,15850.5,15850.5,15850.5,0.0
2020-01-24,15850.5,15850.5,15850.5,15850.5,15850.5,0.0
2020-01-27,15690.0,15690.0,15690.0,15690.0,15690.0,2.0
2020-01-30,15716.0,15634.55957,15634.55957,15634.55957,15634.55957,1.0
