2015-07-24,52.849998,54.0,51.5,52.75,50.004047,119007.0
2015-07-27,52.0,52.549999,50.049999,51.150002,48.487339,70256.0
2015-07-28,51.200001,51.400002,48.049999,49.25,46.686240999999995,45080.0
2015-07-29,50.0,55.0,50.0,54.700001,51.852539,232128.0
2015-07-30,55.0,58.200001,53.400002,56.799999,53.843216000000005,893973.0
2015-07-31,,,,,,
2015-08-03,,,,,,
2015-08-04,,,,,,
2015-08-05,52.700001,53.799999,50.0,52.5,49.767063,240339.0
2015-08-06,,,,,,
2015-08-07,,,,,,
2015-08-10,,,,,,
2015-08-11,,,,,,
2015-08-12,55.25,55.349998,52.099998,52.950001,50.193638,102442.0
2015-08-13,55.799999,55.799999,51.299999,51.700001,49.008705,106433.0
2015-08-14,52.099998,54.450001,51.049999,53.25,50.478024,155574.0
2015-08-17,55.849998,55.849998,53.150002,53.650002,50.857201,355741.0
2015-08-18,54.25,54.5,51.950001,52.849998,50.098843,126772.0
2015-08-19,53.099998,53.650002,52.0,52.5,49.767063,162465.0
2015-08-20,52.5,56.450001,52.5,55.349998,52.468697,524328.0
2015-08-21,54.400002,55.5,52.650002,54.75,51.899937,264435.0
2015-08-24,52.400002,53.0,44.5,46.099998,43.700222,292009.0
2015-08-25,48.5,49.299999,40.5,43.150002,40.903782,187903.0
2015-08-26,43.099998,45.75,41.150002,43.599998,41.330357,102532.0
2015-08-27,45.099998,47.25,44.75,46.400002,43.984604,113790.0
2015-08-28,47.299999,48.400002,46.150002,47.700001,45.21693,203652.0
2015-08-31,47.950001,47.950001,46.200001,46.299999,43.889809,38983.0
2015-09-01,46.5,46.700001,41.0,42.450001,40.240223,86068.0
2015-09-02,43.049999,43.599998,41.75,42.400002,40.192828999999996,49715.0
2015-09-03,43.049999,46.299999,42.75,44.400002,42.088718,53275.0
2015-09-04,43.599998,43.599998,40.0,41.75,39.576664,98035.0
2015-09-07,42.049999,42.400002,39.099998,39.799999,37.728172,55738.0
2015-09-08,40.400002,42.650002,39.099998,41.450001,39.292282,84240.0
2015-09-09,42.5,43.400002,41.650002,42.75,40.959396000000005,67403.0
2015-09-10,41.299999,41.849998,35.0,41.5,39.761757,163525.0
2015-09-11,41.299999,42.5,40.799999,41.349998,39.618034,46260.0
2015-09-14,41.700001,44.0,41.5,43.549999,41.725887,85636.0
2015-09-15,43.5,44.700001,43.5,44.0,42.15704,47411.0
2015-09-16,44.599998,52.900002,44.0,52.900002,50.684265,950949.0
2015-09-18,55.700001,58.25,54.299999,56.400002,54.037663,1226915.0
2015-09-21,55.349998,60.25,55.349998,58.700001,56.241325,829912.0
2015-09-22,58.950001,59.700001,55.299999,55.700001,53.36698199999999,262337.0
2015-09-23,55.450001,57.950001,53.950001,57.400002,54.995777000000004,233501.0
2015-09-24,58.0,62.799999,56.700001,60.25,57.726406000000004,1068804.0
2015-09-28,60.400002,61.0,57.5,57.900002,55.474833999999994,221921.0
2015-09-29,55.650002,59.150002,55.299999,57.950001,55.522743000000006,343753.0
2015-09-30,58.400002,61.450001,58.400002,60.450001,57.91803,498707.0
2015-10-01,61.349998,62.400002,59.900002,61.75,59.163574,442956.0
2015-10-05,63.0,65.0,62.75,64.599998,61.894203000000005,618481.0
2015-10-06,65.0,65.599998,61.599998,62.549999,59.930065,331168.0
2015-10-07,62.849998,64.849998,62.5,62.900002,60.265407999999994,296009.0
2015-10-08,63.5,67.699997,62.400002,66.699997,63.906242000000006,1028209.0
2015-10-09,67.5,68.0,64.300003,65.650002,62.900223,389328.0
2015-10-12,66.5,68.150002,65.0,66.449997,63.666709999999995,415572.0
2015-10-13,66.900002,67.0,64.400002,65.0,62.277446999999995,272433.0
2015-10-14,65.0,67.5,64.949997,66.699997,63.906242000000006,564637.0
2015-10-15,67.349998,67.900002,64.199997,65.599998,62.852314,499410.0
2015-10-16,66.0,67.5,65.099998,66.650002,63.858337,415583.0
2015-10-19,66.5,69.75,66.300003,68.050003,65.199699,863073.0
2015-10-20,68.699997,68.900002,66.0,66.550003,63.762527,391044.0
2015-10-21,67.0,67.5,62.450001,63.849998,61.175613,846499.0
2015-10-23,64.599998,64.900002,59.150002,59.849998,57.343155,702276.0
2015-10-26,60.099998,62.25,60.0,60.700001,58.157557999999995,334320.0
2015-10-27,60.5,61.799999,60.349998,60.700001,58.157557999999995,161343.0
2015-10-28,61.0,61.849998,56.799999,57.75,55.331116,467621.0
2015-10-29,58.0,59.75,57.549999,58.0,55.570648,162217.0
2015-10-30,58.299999,59.099998,55.400002,56.049999,53.70231999999999,280134.0
2015-11-02,56.0,56.849998,54.900002,56.549999,54.181377000000005,253901.0
2015-11-03,56.5,57.700001,56.450001,56.549999,54.181377000000005,175548.0
2015-11-04,56.450001,57.25,54.599998,55.150002,52.84001899999999,213754.0
2015-11-05,55.0,56.0,53.299999,53.700001,51.450756,139232.0
2015-11-06,54.650002,54.950001,52.0,53.0,50.780075,265094.0
2015-11-09,50.049999,56.200001,48.650002,55.700001,53.36698199999999,272382.0
2015-11-10,56.049999,57.700001,54.799999,55.200001,52.887924,187254.0
2015-11-13,57.0,58.599998,55.700001,58.150002,55.714367,197230.0
2015-11-16,57.5,59.299999,56.450001,57.849998,55.426926,264959.0
2015-11-17,58.150002,58.549999,55.599998,56.049999,53.70231999999999,255311.0
2015-11-18,56.349998,58.799999,55.099998,55.549999,53.223263,263384.0
2015-11-19,56.400002,62.900002,55.549999,61.549999,58.971951000000004,1516110.0
2015-11-20,62.0,64.0,60.349998,60.799999,58.253368,1221888.0
2015-11-23,61.549999,64.0,61.299999,61.950001,59.355198,1098702.0
2015-11-24,62.299999,66.0,62.25,63.150002,60.504936,1760320.0
2015-11-26,63.5,63.5,60.25,61.150002,58.588703,981982.0
2015-11-27,61.5,63.5,60.599998,60.849998,58.301269999999995,811818.0
2015-11-30,61.25,63.0,60.950001,61.299999,58.732422,595698.0
2015-12-01,61.700001,63.25,61.5,61.75,59.163574,677534.0
2015-12-02,62.0,63.25,61.5,62.25,59.64263199999999,729465.0
2015-12-03,62.599998,62.799999,59.700001,60.5,57.965934999999995,456477.0
2015-12-04,59.5,60.950001,58.150002,58.849998,56.385040000000004,365604.0
2015-12-07,59.5,59.700001,57.549999,58.099998,55.666458,311593.0
2015-12-08,58.0,61.25,57.150002,57.650002,55.23530600000001,611553.0
2015-12-09,57.5,58.599998,54.0,54.549999,52.265144,398492.0
2015-12-10,55.650002,56.0,54.299999,55.700001,53.36698199999999,365532.0
2015-12-11,55.700001,57.400002,55.200001,55.849998,53.510695999999996,301435.0
2015-12-14,55.650002,57.099998,55.0,55.400002,53.079547999999996,176142.0
2015-12-15,55.950001,57.5,55.400002,56.549999,54.181377000000005,202391.0
2015-12-16,56.599998,57.349998,55.049999,55.700001,53.36698199999999,193410.0
2015-12-17,56.299999,59.5,55.599998,58.599998,56.145512,429054.0
2015-12-18,58.700001,59.650002,57.099998,57.400002,54.995777000000004,208885.0
2015-12-21,57.099998,58.400002,56.349998,56.75,54.373001,196141.0
2015-12-22,56.400002,59.599998,56.400002,58.5,56.049702,484650.0
2015-12-23,58.700001,61.400002,57.200001,58.849998,56.385040000000004,1871643.0
2015-12-24,59.400002,61.599998,58.099998,60.400002,57.870125,1113705.0
2015-12-28,60.700001,61.0,58.049999,59.75,57.247344999999996,1611476.0
2015-12-29,60.5,64.099998,60.400002,62.549999,59.930065,2901062.0
2015-12-30,62.849998,65.0,62.700001,63.349998,60.69655600000001,1950606.0
2015-12-31,63.75,64.650002,63.0,63.549999,60.888183999999995,744870.0
2016-01-01,63.25,66.300003,63.25,64.900002,62.181641000000006,1478009.0
2016-01-04,63.700001,65.5,60.299999,61.950001,59.355198,1008723.0
2016-01-05,62.400002,68.150002,61.099998,67.349998,64.529015,2847838.0
2016-01-06,68.800003,71.800003,66.199997,67.650002,64.816452,3155281.0
2016-01-07,66.199997,67.550003,64.199997,64.699997,61.990013,1520734.0
2016-01-08,66.0,71.400002,66.0,69.800003,66.87640400000001,3086744.0
2016-01-11,69.199997,73.75,68.5,71.650002,68.648911,3632465.0
2016-01-12,72.5,73.349998,68.099998,69.650002,66.732681,1633612.0
2016-01-13,70.650002,71.0,62.0,66.849998,64.04995699999999,2640117.0
2016-01-14,64.199997,67.0,62.950001,64.699997,61.990013,1214306.0
2016-01-15,65.650002,66.550003,59.200001,60.099998,57.58268399999999,839831.0
2016-01-18,60.0,61.799999,55.599998,56.650002,54.277191,1004442.0
2016-01-19,56.950001,60.299999,56.549999,58.75,56.28923,923826.0
2016-01-20,57.049999,59.099998,55.150002,57.700001,55.283211,685021.0
2016-01-21,59.150002,60.400002,57.099998,58.5,56.049702,501744.0
2016-01-22,59.599998,61.900002,59.400002,61.549999,58.971951000000004,747455.0
2016-01-25,61.849998,63.0,61.349998,62.150002,59.546822,501447.0
2016-01-27,62.0,64.900002,61.299999,62.900002,60.265407999999994,661234.0
2016-01-28,63.0,64.300003,62.799999,63.700001,61.031898,410768.0
2016-01-29,63.650002,65.0,63.049999,64.5,61.798389,398088.0
2016-02-01,64.900002,66.900002,63.700001,64.050003,61.367241,535053.0
2016-02-02,64.300003,64.349998,60.5,60.900002,58.349178,479478.0
2016-02-03,59.849998,60.650002,57.5,59.599998,57.10363,513698.0
2016-02-04,61.5,61.5,58.0,58.299999,55.858081999999996,392448.0
2016-02-05,58.950001,60.0,57.799999,59.400002,56.912009999999995,261263.0
2016-02-08,59.900002,64.0,59.900002,62.25,59.64263199999999,484669.0
2016-02-09,62.0,63.200001,60.75,61.450001,58.876141000000004,259100.0
2016-02-10,60.950001,61.400002,52.200001,58.049999,55.618553000000006,478589.0
2016-02-11,57.549999,58.799999,51.700001,52.599998,50.396828,298857.0
2016-02-12,53.0,54.900002,48.599998,52.349998,50.157295,487177.0
2016-02-15,55.0,55.900002,53.200001,54.299999,52.025622999999996,326150.0
2016-02-16,54.950001,54.950001,49.75,50.450001,48.336884000000005,292333.0
2016-02-17,50.849998,52.299999,46.099998,51.799999,49.630333,441413.0
2016-02-18,52.349998,53.75,51.25,51.599998,49.438713,180340.0
2016-02-19,51.0,52.0,51.0,51.799999,49.630333,77744.0
2016-02-22,51.5,53.200001,51.200001,51.950001,49.774052000000005,118153.0
2016-02-23,52.25,52.299999,48.200001,49.099998,47.043427,187599.0
2016-02-24,49.450001,49.450001,46.400002,47.150002,45.175106,203691.0
2016-02-25,47.400002,49.5,46.75,47.400002,45.414635,147285.0
2016-02-26,48.349998,49.0,45.0,46.5,44.55233,124571.0
2016-02-29,46.0,49.049999,44.900002,46.799999,44.83976,195051.0
2016-03-01,47.599998,50.700001,47.599998,50.400002,48.288979,386738.0
2016-03-02,51.5,53.0,51.0,52.099998,49.917767,254479.0
2016-03-03,51.900002,54.700001,51.400002,54.0,51.73819,362242.0
2016-03-04,54.25,55.700001,52.450001,54.299999,52.025622999999996,328840.0
2016-03-08,53.099998,55.0,51.549999,52.549999,50.348923,214043.0
2016-03-09,52.900002,53.099998,50.150002,51.650002,49.486622,253522.0
2016-03-10,52.200001,54.0,52.099998,52.799999,50.588451,365630.0
2016-03-11,52.950001,54.900002,52.099998,53.549999,51.307037,396049.0
2016-03-14,54.400002,54.799999,51.200001,52.150002,49.965675,430516.0
2016-03-15,51.400002,52.700001,51.349998,51.650002,49.486622,168380.0
2016-03-16,51.25,54.299999,50.450001,53.150002,50.923790000000004,304052.0
2016-03-17,53.5,54.099998,51.799999,52.150002,49.965675,209162.0
2016-03-18,51.700001,52.900002,50.549999,51.450001,49.294998,215007.0
2016-03-21,51.849998,53.0,51.049999,52.349998,50.157295,293809.0
2016-03-22,52.450001,53.5,52.049999,52.700001,50.492641,305032.0
2016-03-23,52.049999,53.0,52.0,52.549999,50.348923,200928.0
2016-03-28,52.25,53.0,50.049999,50.799999,48.672218,214164.0
2016-03-29,51.049999,60.349998,50.150002,59.549999,57.622875,2403611.0
2016-03-30,62.0,62.200001,56.900002,59.0,57.090675,711056.0
2016-03-31,58.299999,59.5,56.0,56.450001,54.623199,184621.0
2016-04-01,56.900002,58.0,55.950001,57.349998,55.494068000000006,229835.0
2016-04-04,57.799999,59.5,57.0,58.75,56.848766000000005,348497.0
2016-04-05,57.900002,58.5,56.200001,56.5,54.671581,216207.0
2016-04-06,56.849998,58.299999,56.0,57.650002,55.784367,403167.0
2016-04-07,57.950001,58.400002,56.299999,56.900002,55.058636,245919.0
2016-04-08,56.650002,61.400002,56.599998,59.799999,57.864788,750175.0
2016-04-11,60.099998,60.150002,57.700001,58.599998,56.703621,199033.0
2016-04-12,58.599998,60.299999,58.299999,59.200001,57.284206000000005,355095.0
2016-04-13,59.799999,62.700001,59.650002,60.900002,58.92919200000001,940608.0
2016-04-18,61.450001,61.450001,59.25,60.049999,58.10669300000001,196922.0
2016-04-20,60.099998,61.099998,59.0,59.349998,57.429348,197855.0
2016-04-21,59.950001,60.0,56.5,56.799999,54.961868,285726.0
2016-04-22,57.0,57.849998,56.299999,56.849998,55.01025,131252.0
2016-04-25,57.099998,58.299999,56.099998,56.5,54.671581,178148.0
2016-04-26,56.299999,59.099998,55.75,58.200001,56.316566,587023.0
2016-04-27,58.650002,59.700001,57.400002,57.849998,55.97789,314208.0
2016-04-28,57.599998,60.900002,56.849998,57.299999,55.445686,1007881.0
2016-04-29,57.450001,63.700001,57.099998,62.700001,60.670937,2342238.0
2016-05-02,62.349998,64.449997,61.5,63.599998,61.541813,751493.0
2016-05-03,63.5,64.400002,60.5,61.0,59.025955,461888.0
2016-05-04,60.099998,62.599998,60.099998,60.5,58.54213299999999,306572.0
2016-05-05,60.950001,62.400002,60.599998,61.799999,59.800064,253697.0
2016-05-06,60.75,62.5,60.700001,61.099998,59.122715,194155.0
2016-05-09,61.349998,62.400002,61.200001,61.650002,59.65491899999999,140475.0
2016-05-10,61.099998,62.150002,60.0,60.349998,58.396988,217410.0
2016-05-11,58.200001,60.900002,58.200001,60.150002,58.203461,122474.0
2016-05-12,60.849998,63.200001,60.200001,62.599998,60.574172999999995,549900.0
2016-05-13,62.299999,64.0,61.0,62.0,59.993591,395821.0
2016-05-16,61.049999,62.400002,60.0,61.0,59.025955,197111.0
2016-05-17,61.25,61.75,60.5,60.900002,58.92919200000001,134440.0
2016-05-18,60.799999,60.950001,59.400002,60.400002,58.445374,200157.0
2016-05-19,60.349998,62.400002,58.650002,59.349998,57.429348,454718.0
2016-05-20,59.849998,59.900002,57.400002,57.900002,56.026276,202592.0
2016-05-23,57.900002,58.900002,57.299999,57.650002,55.784367,108290.0
2016-05-24,58.0,58.349998,55.299999,56.349998,54.52643199999999,187423.0
2016-05-25,57.0,59.75,57.0,59.549999,57.622875,238343.0
2016-05-26,59.150002,59.849998,57.75,58.0,56.123034999999994,189072.0
2016-05-27,58.0,65.0,57.799999,63.25,61.203140000000005,2046546.0
2016-05-30,62.0,66.699997,61.099998,65.199997,63.090033999999996,1397597.0
2016-05-31,65.800003,65.800003,62.700001,63.700001,61.638580000000005,562636.0
2016-06-01,64.0,64.650002,63.200001,63.75,61.686958,333029.0
2016-06-02,65.0,73.0,64.599998,70.550003,68.266899,4796221.0
2016-06-03,72.300003,72.300003,64.199997,65.5,63.380329,3101787.0
2016-06-06,66.449997,67.400002,63.299999,66.650002,64.493111,861391.0
2016-06-07,67.349998,67.699997,64.300003,64.75,62.654598,358395.0
2016-06-08,64.599998,66.5,64.199997,65.300003,63.186802,509155.0
2016-06-09,65.800003,66.300003,64.5,65.199997,63.090033999999996,320954.0
2016-06-10,65.099998,65.900002,63.150002,63.5,61.445049,383851.0
2016-06-13,62.349998,63.099998,61.299999,61.849998,59.848445999999996,346785.0
2016-06-14,62.049999,64.0,62.0,62.799999,60.7677,396957.0
2016-06-15,63.0,64.5,62.799999,63.049999,61.009613,422053.0
2016-06-16,62.799999,63.299999,61.900002,62.650002,60.622555000000006,261531.0
2016-06-17,63.0,63.5,61.349998,61.599998,59.606533,192725.0
2016-06-20,61.0,62.650002,60.900002,62.049999,60.041973,173943.0
2016-06-21,62.5,63.5,61.849998,62.650002,60.622555000000006,282225.0
2016-06-22,62.5,63.25,61.599998,61.849998,59.848445999999996,163704.0
2016-06-23,61.349998,62.200001,60.400002,60.650002,58.687279000000004,168918.0
2016-06-24,59.299999,59.5,56.849998,59.049999,57.139056999999994,463335.0
2016-06-27,58.150002,60.5,58.0,59.150002,57.235825,278633.0
2016-06-28,59.400002,60.5,59.299999,59.700001,57.768024,190613.0
2016-06-29,60.0,61.650002,59.799999,60.299999,58.348606000000004,327146.0
2016-06-30,60.400002,61.0,59.25,59.5,57.574493000000004,219603.0
2016-07-01,59.700001,63.5,59.450001,62.900002,60.864468,1335351.0
2016-07-04,63.5,64.900002,62.75,63.349998,61.2999,638295.0
2016-07-05,63.200001,63.700001,61.700001,63.049999,61.009613,304838.0
2016-07-07,63.400002,63.400002,61.700001,62.150002,60.138737,279866.0
2016-07-08,62.700001,64.199997,61.349998,63.349998,61.2999,461875.0
2016-07-11,63.5,64.0,62.299999,62.849998,60.816081999999994,229934.0
2016-07-12,63.0,63.150002,61.599998,62.150002,60.138737,180057.0
2016-07-13,62.299999,62.799999,60.599998,60.799999,58.832423999999996,192357.0
2016-07-14,60.400002,63.900002,60.299999,63.049999,61.009613,495303.0
2016-07-15,63.0,63.349998,61.0,61.299999,59.316242,181342.0
2016-07-18,60.650002,61.900002,57.700001,58.700001,56.800385,257011.0
2016-07-19,59.299999,61.0,58.799999,59.200001,57.284206000000005,168293.0
2016-07-20,59.400002,60.400002,58.799999,59.849998,57.913169999999994,109024.0
2016-07-21,60.0,61.799999,59.400002,60.150002,58.203461,443025.0
2016-07-22,60.200001,60.849998,59.049999,59.5,57.574493000000004,129146.0
2016-07-25,59.25,60.799999,59.099998,60.25,58.300224,112476.0
2016-07-26,60.599998,60.950001,59.200001,59.349998,57.429348,249894.0
2016-07-27,59.299999,60.200001,58.400002,58.549999,56.655239,209450.0
2016-07-28,59.099998,59.799999,58.0,58.349998,56.461707999999994,314910.0
2016-07-29,58.700001,59.799999,57.700001,58.049999,56.171417000000005,146787.0
2016-08-01,58.700001,58.950001,56.700001,57.950001,56.074654,225961.0
2016-08-02,58.0,59.0,57.5,57.599998,55.735981,191164.0
2016-08-03,57.549999,58.400002,55.900002,56.5,54.671581,470819.0
2016-08-04,57.299999,57.450001,56.150002,56.549999,54.719963,179414.0
2016-08-05,57.0,59.0,56.099998,58.650002,56.752003,292988.0
2016-08-08,59.25,59.950001,58.200001,58.650002,56.752003,269791.0
2016-08-09,58.950001,59.0,57.700001,57.849998,55.97789,135002.0
2016-08-10,58.299999,59.0,56.049999,56.25,54.42966800000001,203368.0
2016-08-11,56.650002,57.400002,56.0,56.25,54.42966800000001,160958.0
2016-08-12,56.599998,58.950001,56.349998,57.599998,55.735981,267221.0
2016-08-16,58.25,58.25,55.150002,55.400002,53.607178000000005,143550.0
2016-08-17,55.849998,57.700001,55.0,57.200001,55.34893,219914.0
2016-08-18,58.0,61.349998,58.0,60.599998,58.638897,862485.0
2016-08-19,60.5,60.950001,58.75,60.299999,58.348606000000004,580680.0
2016-08-22,59.549999,60.5,58.75,59.299999,57.380966,244996.0
2016-08-23,59.400002,60.900002,58.900002,59.299999,57.380966,320920.0
2016-08-24,59.349998,60.5,59.150002,60.0,58.058310999999996,310508.0
2016-08-25,60.450001,60.900002,59.400002,59.5,57.574493000000004,231765.0
2016-08-26,60.25,60.25,57.75,58.0,56.123034999999994,129478.0
2016-08-29,57.700001,58.049999,56.299999,57.0,55.155398999999996,116963.0
2016-08-30,57.5,60.150002,57.200001,58.450001,56.558475,963823.0
2016-08-31,58.25,60.0,58.049999,58.299999,56.41333,215021.0
2016-09-01,58.450001,61.849998,58.099998,59.349998,57.429348,778136.0
2016-09-02,59.700001,61.099998,59.200001,59.549999,57.622875,267409.0
2016-09-06,60.0,60.700001,58.0,58.650002,56.752003,199542.0
2016-09-07,58.849998,59.400002,58.099998,58.450001,56.558475,226044.0
2016-09-08,58.799999,62.0,58.599998,61.400002,59.41301,820598.0
2016-09-09,61.799999,61.950001,59.799999,60.349998,58.396988,457903.0
2016-09-12,59.299999,59.950001,57.200001,57.950001,56.074654,303427.0
2016-09-14,58.200001,59.849998,58.099998,59.150002,57.235825,135858.0
2016-09-15,59.450001,59.599998,58.0,58.25,56.364948,155546.0
2016-09-16,58.799999,60.0,58.5,58.75,56.848766000000005,238556.0
2016-09-19,58.950001,60.400002,58.450001,59.450001,57.526112,343482.0
2016-09-20,59.849998,60.0,58.200001,58.5,56.606857,149203.0
2016-09-21,58.900002,59.700001,58.25,58.450001,56.558475,130838.0
2016-09-22,59.650002,59.700001,58.799999,59.099998,57.187439000000005,102129.0
2016-09-23,59.450001,59.900002,58.0,58.25,56.364948,144135.0
2016-09-26,58.549999,59.700001,56.700001,56.950001,55.107018000000004,219663.0
2016-09-27,57.599998,59.799999,57.0,57.700001,55.832747999999995,966260.0
2016-09-28,57.549999,59.400002,57.400002,57.650002,55.784367,387550.0
2016-09-29,57.900002,58.549999,51.950001,53.349998,51.623515999999995,382100.0
2016-09-30,54.349998,56.0,53.049999,54.25,52.494392000000005,511853.0
2016-10-03,54.900002,56.900002,54.900002,56.599998,54.768345,154415.0
2016-10-04,56.900002,57.349998,55.200001,56.349998,54.52643199999999,137845.0
2016-10-05,57.0,57.599998,56.299999,57.099998,55.252163,169944.0
2016-10-06,57.549999,57.650002,55.200001,55.599998,53.800701000000004,183840.0
2016-10-07,55.799999,56.25,54.549999,54.799999,53.026592,160410.0
2016-10-10,55.049999,56.0,54.25,54.450001,52.687923,104380.0
2016-10-13,54.150002,54.400002,51.549999,52.549999,50.849407,415346.0
2016-10-14,52.599998,54.200001,52.599998,53.75,52.010574,157131.0
2016-10-17,54.049999,55.0,53.5,53.849998,52.107338,158107.0
2016-10-18,54.0,57.400002,53.650002,56.400002,54.57481800000001,371123.0
2016-10-19,56.900002,57.5,54.849998,56.75,54.913486,208195.0
2016-10-20,57.849998,59.099998,56.099998,56.799999,54.961868,441670.0
2016-10-21,57.299999,59.0,54.650002,56.700001,54.86510500000001,781517.0
2016-10-24,57.450001,59.450001,57.150002,58.349998,56.461707999999994,519457.0
2016-10-25,58.599998,62.25,57.0,61.599998,59.606533,1633954.0
2016-10-26,61.299999,63.450001,59.549999,60.049999,58.10669300000001,1215558.0
2016-10-27,60.450001,60.849998,58.599998,58.950001,57.04229399999999,362129.0
2016-10-28,59.150002,61.650002,58.75,60.299999,58.348606000000004,452591.0
2016-11-01,60.450001,61.0,58.5,59.150002,57.235825,281439.0
2016-11-02,58.5,58.950001,57.25,57.450001,55.590835999999996,277825.0
2016-11-03,57.849998,58.900002,57.0,57.849998,55.97789,305911.0
2016-11-04,58.0,58.400002,54.5,54.799999,53.026592,240985.0
2016-11-07,56.099998,56.900002,55.650002,56.599998,54.768345,154554.0
2016-11-08,56.5,58.849998,56.349998,57.450001,55.590835999999996,399991.0
2016-11-09,47.299999,55.400002,47.299999,53.650002,51.913810999999995,330617.0
2016-11-10,56.599998,57.650002,55.0,55.599998,53.800701000000004,197074.0
2016-11-11,54.650002,54.700001,52.25,52.599998,50.897789,234690.0
2016-11-15,52.150002,52.950001,48.0,48.5,46.930473,263072.0
2016-11-16,50.450001,51.450001,48.549999,49.200001,47.607819,249088.0
2016-11-17,49.349998,49.5,46.0,46.950001,45.43063,201822.0
2016-11-18,47.299999,47.700001,45.400002,45.900002,44.414612,192794.0
2016-11-21,47.0,47.0,40.400002,41.450001,40.10862,151322.0
2016-11-22,42.650002,44.700001,41.799999,43.799999,42.382568,177807.0
2016-11-23,44.049999,45.150002,43.5,44.799999,43.350204,225011.0
2016-11-24,44.200001,45.700001,44.0,44.700001,43.253445,104588.0
2016-11-25,45.049999,46.5,45.0,46.049999,44.559753,102098.0
2016-11-28,45.950001,46.900002,45.5,46.349998,44.850048,84589.0
2016-11-29,46.349998,48.700001,46.349998,47.849998,46.301505999999996,214894.0
2016-11-30,48.0,49.0,47.75,48.25,46.688559999999995,136057.0
2016-12-01,48.650002,50.25,48.25,48.650002,47.075619,167211.0
2016-12-02,48.75,48.75,46.5,46.799999,45.285484000000004,56616.0
2016-12-05,47.299999,48.25,46.200001,47.25,45.720924,75792.0
2016-12-06,46.700001,47.799999,46.700001,46.950001,45.43063,43188.0
2016-12-07,47.099998,54.75,46.549999,53.799999,52.058956,1396599.0
2016-12-08,55.0,57.299999,54.150002,55.900002,54.091,736677.0
2016-12-09,55.349998,56.700001,53.549999,53.799999,52.058956,216732.0
2016-12-12,53.349998,53.849998,51.099998,51.950001,50.268826000000004,71783.0
2016-12-13,52.25,54.900002,52.0,54.25,52.494392000000005,280221.0
2016-12-14,54.450001,56.450001,53.5,53.799999,52.058956,574071.0
2016-12-15,53.299999,54.900002,52.099998,53.049999,51.333225,146051.0
2016-12-16,54.25,54.25,52.299999,53.099998,51.381607,75934.0
2016-12-19,54.849998,54.849998,52.5,52.700001,50.994553,56016.0
2016-12-20,52.650002,53.0,50.349998,50.700001,49.059277,45621.0
2016-12-21,50.349998,52.349998,50.25,50.450001,48.817368,82352.0
2016-12-22,50.950001,51.0,49.0,49.400002,47.801346,34396.0
2016-12-23,48.900002,52.0,48.849998,50.299999,48.672218,48643.0
2016-12-26,49.75,50.799999,47.799999,48.349998,46.785323999999996,84034.0
2016-12-27,48.950001,50.0,48.25,49.549999,47.946490999999995,67241.0
2016-12-28,50.25,51.349998,50.0,50.950001,49.301186,111200.0
2016-12-29,50.75,51.299999,50.650002,51.0,49.349567,61028.0
2016-12-30,51.549999,51.700001,50.650002,50.900002,49.252804,26381.0
2017-01-02,51.0,51.650002,50.849998,51.349998,49.688235999999996,14002.0
2017-01-03,51.700001,54.400002,51.700001,53.349998,51.623515999999995,199926.0
2017-01-04,53.650002,53.849998,52.099998,52.450001,50.752644000000004,134582.0
2017-01-05,53.599998,53.75,52.450001,52.849998,51.139697999999996,91006.0
2017-01-06,52.099998,53.150002,51.150002,51.549999,49.881766999999996,93630.0
2017-01-09,51.599998,53.400002,51.25,52.549999,50.849407,84315.0
2017-01-10,52.5,53.25,52.200001,52.650002,50.946171,39262.0
2017-01-11,52.150002,54.25,51.5,51.849998,50.172058,253897.0
2017-01-12,52.299999,52.450001,50.849998,51.5,49.833385,65582.0
2017-01-13,51.799999,52.0,51.0,51.099998,49.446331,36737.0
2017-01-16,51.450001,53.150002,51.200001,52.25,50.559115999999996,80176.0
2017-01-17,52.799999,52.799999,51.349998,51.599998,49.930149,84535.0
2017-01-18,51.849998,52.450001,51.0,51.25,49.59148,57571.0
2017-01-19,51.349998,52.200001,51.049999,51.299999,49.639858000000004,51497.0
2017-01-20,51.049999,51.700001,50.599998,50.75,49.107655,51553.0
2017-01-23,50.5,51.900002,49.700001,51.099998,49.446331,43200.0
2017-01-24,51.200001,51.900002,50.5,50.950001,49.301186,26558.0
2017-01-25,51.200001,51.400002,50.5,50.900002,49.252804,75049.0
2017-01-27,51.5,53.5,50.700001,53.099998,51.381607,238550.0
2017-01-30,53.25,53.25,52.0,52.150002,50.462353,193800.0
2017-01-31,52.25,52.75,51.0,51.099998,49.446331,132287.0
2017-02-01,51.099998,51.900002,49.700001,51.549999,49.881766999999996,97087.0
2017-02-02,51.900002,52.0,50.650002,51.049999,49.397949,123393.0
2017-02-03,51.400002,53.099998,51.049999,51.700001,50.026917,95099.0
2017-02-06,52.450001,53.599998,51.549999,51.950001,50.268826000000004,62396.0
2017-02-07,52.349998,54.150002,52.0,53.25,51.526756,194537.0
2017-02-08,53.299999,56.5,53.25,55.150002,53.365269,539034.0
2017-02-09,55.5,57.599998,55.5,56.849998,55.01025,713779.0
2017-02-10,57.349998,59.25,56.0,57.950001,56.074654,575306.0
2017-02-13,57.700001,58.200001,54.299999,55.400002,53.607178000000005,158668.0
2017-02-14,54.099998,55.700001,54.0,54.25,52.494392000000005,88354.0
2017-02-15,54.849998,54.849998,52.0,52.799999,51.091316,126109.0
2017-02-16,52.5,54.0,52.5,53.25,51.526756,81526.0
2017-02-17,53.900002,54.400002,53.099998,53.400002,51.671902,84022.0
2017-02-20,53.900002,54.25,52.5,53.049999,51.333225,49924.0
2017-02-21,53.849998,54.099998,52.5,53.650002,51.913810999999995,80595.0
2017-02-22,53.299999,53.950001,52.400002,52.599998,50.897789,51714.0
2017-02-23,52.200001,53.599998,52.200001,52.799999,51.091316,44500.0
2017-02-27,53.25,53.25,51.799999,52.0,50.317204,68620.0
2017-02-28,52.5,55.900002,52.099998,54.549999,52.784682999999994,360965.0
2017-03-01,54.549999,57.400002,54.400002,56.049999,54.236141,439400.0
2017-03-02,56.599998,56.599998,53.799999,54.0,52.25248,152335.0
2017-03-03,54.0,55.25,52.849998,53.549999,51.817043,118049.0
2017-03-06,54.0,55.599998,54.0,54.900002,53.12336,85892.0
2017-03-07,55.049999,55.150002,53.400002,53.599998,51.865425,32951.0
2017-03-08,53.799999,54.799999,52.900002,53.0,51.284843,69261.0
2017-03-09,53.0,53.450001,52.0,52.099998,50.413967,128785.0
2017-03-10,52.099998,52.900002,50.299999,50.849998,49.204418,140324.0
2017-03-14,52.400002,53.0,52.0,52.349998,50.655876,79609.0
2017-03-15,52.700001,54.25,52.700001,53.200001,51.478374,96641.0
2017-03-16,53.5,54.0,51.799999,52.299999,50.607498,192478.0
2017-03-17,52.950001,53.200001,51.799999,52.049999,50.365584999999996,76822.0
2017-03-20,52.349998,52.900002,51.900002,52.099998,50.413967,99144.0
2017-03-21,52.799999,52.799999,51.450001,51.650002,49.978535,131710.0
2017-03-22,51.799999,52.099998,50.599998,51.400002,49.736622,135064.0
2017-03-23,51.799999,53.099998,51.599998,52.299999,50.607498,91395.0
2017-03-24,52.599998,53.900002,52.0,52.200001,50.510735,72768.0
2017-03-27,52.549999,55.5,52.0,53.549999,51.817043,441665.0
2017-03-28,54.299999,54.799999,53.150002,53.599998,51.865425,160499.0
2017-03-29,54.799999,56.400002,53.599998,55.400002,53.607178000000005,891539.0
2017-03-30,56.650002,57.5,55.0,56.75,54.913486,592952.0
2017-03-31,57.0,58.0,55.349998,56.150002,54.332905000000004,385381.0
2017-04-03,56.599998,60.5,55.799999,59.799999,57.864788,1149154.0
2017-04-05,60.200001,60.650002,58.5,59.099998,57.187439000000005,472702.0
2017-04-06,58.950001,59.150002,57.549999,57.849998,55.97789,195905.0
2017-04-07,57.299999,59.950001,56.5,56.900002,55.058636,339616.0
2017-04-10,57.5,59.799999,56.849998,58.150002,56.268184999999995,206402.0
2017-04-11,58.25,63.0,58.25,61.700001,59.7033,1367112.0
2017-04-12,62.0,64.199997,58.0,62.099998,60.090355,1588395.0
2017-04-13,62.5,63.900002,60.700001,60.950001,58.977573,728821.0
2017-04-17,61.700001,62.849998,60.0,61.450001,59.461391000000006,377881.0
2017-04-18,61.950001,63.0,58.5,59.049999,57.139056999999994,381348.0
2017-04-19,60.700001,61.299999,60.0,60.849998,58.88080600000001,311732.0
2017-04-20,61.25,62.599998,60.599998,61.75,59.751681999999995,323338.0
2017-04-21,61.950001,63.700001,61.5,61.900002,59.896831999999996,355576.0
2017-04-24,61.950001,64.25,61.5,62.5,60.477413,559144.0
2017-04-25,63.0,63.400002,61.75,62.049999,60.041973,233223.0
2017-04-26,62.0,64.0,61.099998,61.900002,59.896831999999996,639097.0
2017-04-27,62.0,62.450001,60.299999,60.549999,58.590515,198183.0
2017-04-28,61.049999,61.799999,59.200001,59.5,57.574493000000004,379578.0
2017-05-02,60.0,61.0,58.5,59.5,57.574493000000004,468337.0
2017-05-03,59.049999,60.799999,58.799999,59.349998,57.429348,189007.0
2017-05-04,59.549999,60.299999,58.450001,58.700001,56.800385,210327.0
2017-05-05,59.0,59.0,56.400002,56.950001,55.107018000000004,237958.0
2017-05-08,56.299999,59.700001,56.299999,58.400002,56.510093999999995,189911.0
2017-05-09,58.5,59.900002,57.700001,58.5,56.606857,153687.0
2017-05-10,58.5,59.450001,58.5,58.900002,56.993912,162018.0
2017-05-11,59.349998,61.0,58.75,59.150002,57.235825,477404.0
2017-05-12,59.200001,59.450001,57.650002,57.849998,55.97789,109459.0
2017-05-15,58.349998,59.0,58.0,58.25,56.364948,66785.0
2017-05-16,57.700001,59.200001,57.25,57.650002,55.784367,166985.0
2017-05-17,57.75,57.849998,56.200001,56.700001,54.86510500000001,266005.0
2017-05-18,56.5,56.900002,55.049999,55.299999,53.510414000000004,134801.0
2017-05-19,56.0,57.200001,53.700001,54.25,52.494392000000005,185994.0
2017-05-22,54.75,55.549999,53.299999,53.599998,51.865425,119413.0
2017-05-23,54.200001,54.549999,52.099998,52.549999,50.849407,109909.0
2017-05-24,52.75,55.200001,52.099998,52.5,50.801025,168756.0
2017-05-25,53.25,59.5,52.75,57.25,55.397307999999995,456546.0
2017-05-26,57.5,60.0,55.5,56.900002,55.058636,641567.0
2017-05-29,57.049999,57.849998,55.099998,55.25,53.462031999999994,103243.0
2017-05-30,55.950001,57.150002,55.599998,56.650002,54.816727,110975.0
2017-05-31,58.5,58.5,54.5,55.200001,53.413651,165011.0
2017-06-01,55.799999,56.5,54.549999,55.25,53.462031999999994,129793.0
2017-06-02,55.700001,56.450001,54.700001,55.349998,53.558792000000004,107824.0
2017-06-05,55.0,56.25,55.0,55.650002,53.849087,70581.0
2017-06-06,56.299999,56.599998,55.200001,55.599998,53.800701000000004,68277.0
2017-06-07,55.799999,56.150002,54.400002,54.700001,52.929829000000005,54562.0
2017-06-08,54.349998,55.0,53.0,53.450001,51.720279999999995,140348.0
2017-06-09,53.450001,55.700001,53.200001,55.0,53.220123,112160.0
2017-06-12,55.349998,55.349998,54.0,54.5,52.736305,53600.0
2017-06-13,55.0,58.5,54.950001,56.299999,54.47805,278754.0
2017-06-14,56.5,57.900002,56.0,57.0,55.155398999999996,89801.0
2017-06-15,57.25,58.5,56.549999,57.150002,55.300549,154636.0
2017-06-16,57.0,59.049999,56.900002,58.700001,56.800385,206307.0
2017-06-19,59.0,60.299999,57.799999,58.299999,56.41333,180570.0
2017-06-20,59.599998,60.799999,59.0,59.349998,57.429348,391592.0
2017-06-21,58.950001,59.299999,57.299999,57.75,55.881130000000006,185755.0
2017-06-22,58.25,58.650002,57.0,57.200001,55.34893,107954.0
2017-06-23,57.299999,57.299999,56.049999,56.150002,54.332905000000004,65625.0
2017-06-27,56.099998,56.099998,54.049999,54.349998,52.591156000000005,102472.0
2017-06-28,54.349998,55.200001,53.200001,53.650002,51.913810999999995,177493.0
2017-06-29,54.150002,55.650002,54.049999,54.599998,52.833065000000005,87675.0
2017-06-30,54.75,55.299999,54.049999,54.299999,52.542774,40301.0
2017-07-03,54.349998,55.650002,54.349998,54.75,52.97821,48321.0
2017-07-04,55.099998,55.950001,54.799999,55.049999,53.268505000000005,91318.0
2017-07-05,55.25,56.799999,54.700001,56.599998,54.768345,127240.0
2017-07-06,56.849998,58.400002,56.849998,57.75,55.881130000000006,153098.0
2017-07-07,57.299999,61.5,57.299999,59.650002,57.719643000000005,731675.0
2017-07-10,60.25,60.25,59.650002,59.849998,57.913169999999994,68416.0
2017-07-11,59.200001,61.200001,58.849998,59.299999,57.380966,394899.0
2017-07-12,59.5,60.299999,58.349998,58.900002,56.993912,207975.0
2017-07-13,59.349998,59.450001,57.099998,57.650002,55.784367,146737.0
2017-07-14,58.0,58.200001,55.900002,56.299999,54.47805,183267.0
2017-07-17,56.349998,58.0,56.0,57.200001,55.804878,83953.0
2017-07-18,57.5,57.5,55.75,55.799999,54.439026,79741.0
2017-07-19,56.450001,57.0,55.799999,56.150002,54.780491000000005,46601.0
2017-07-20,56.25,56.799999,55.400002,55.599998,54.243904,120688.0
2017-07-21,55.799999,63.5,55.799999,62.650002,61.121956000000004,2419466.0
2017-07-24,62.950001,64.449997,61.700001,63.200001,61.658539000000005,1089799.0
2017-07-25,63.450001,63.450001,60.75,61.900002,60.390246999999995,306787.0
2017-07-26,62.0,63.0,60.5,61.349998,59.853657,243558.0
2017-07-27,61.900002,62.5,58.5,58.700001,57.268294999999995,274819.0
2017-07-28,58.75,60.400002,57.450001,58.75,57.317074,249431.0
2017-07-31,59.25,60.900002,58.900002,59.299999,57.853660999999995,326034.0
2017-08-01,59.799999,59.799999,58.099998,58.650002,57.219517,105131.0
2017-08-02,58.200001,59.75,57.25,57.650002,56.243904,117174.0
2017-08-03,57.150002,61.0,56.700001,59.150002,57.70732099999999,432270.0
2017-08-04,58.5,60.400002,58.099998,58.549999,57.121952,243204.0
2017-08-07,59.400002,61.650002,59.099998,59.75,58.292683,273598.0
2017-08-08,60.5,64.300003,60.5,61.049999,59.560978000000006,1856314.0
2017-08-09,60.299999,61.0,58.0,58.400002,56.975613,269674.0
2017-08-10,58.0,58.799999,53.549999,54.950001,53.609756000000004,340035.0
2017-08-11,52.25,55.549999,52.25,54.299999,52.975609,330251.0
2017-08-14,55.099998,56.650002,52.0,55.5,54.146343,207063.0
2017-08-16,55.549999,57.099998,55.549999,56.25,54.878052000000004,161409.0
2017-08-17,56.549999,58.299999,56.099998,57.700001,56.292685999999996,195594.0
2017-08-18,58.400002,60.950001,57.349998,59.450001,58.000004000000004,732792.0
2017-08-21,59.549999,60.25,56.200001,56.700001,55.317074,220912.0
2017-08-22,57.25,57.700001,55.5,56.0,54.634147999999996,110729.0
2017-08-23,55.849998,58.599998,55.849998,57.700001,56.292685999999996,286156.0
2017-08-24,57.950001,60.25,57.75,58.0,56.585365,485235.0
2017-08-28,58.200001,58.700001,57.0,57.349998,55.951218000000004,93495.0
2017-08-29,57.799999,58.0,56.299999,56.549999,55.170731,76550.0
2017-08-30,57.950001,58.700001,56.25,56.799999,55.414635,107480.0
2017-08-31,57.400002,58.700001,56.5,57.849998,56.439026,132021.0
2017-09-01,58.299999,59.0,56.799999,57.099998,55.707317,152661.0
2017-09-04,57.5,57.650002,56.0,56.450001,55.073174,178062.0
2017-09-05,56.299999,57.799999,56.299999,56.950001,55.560978000000006,72343.0
2017-09-06,56.950001,62.0,56.799999,60.099998,58.634147999999996,943292.0
2017-09-07,60.700001,62.400002,60.0,60.450001,58.975613,372067.0
2017-09-08,60.799999,61.450001,58.599998,58.849998,57.414635,345936.0
2017-09-11,59.299999,60.700001,58.950001,59.849998,58.390243999999996,184363.0
2017-09-12,59.700001,60.5,58.299999,58.650002,57.219517,150443.0
2017-09-13,58.849998,59.5,57.0,57.200001,55.804878,178807.0
2017-09-14,57.799999,58.400002,56.5,57.349998,55.951218000000004,155267.0
2017-09-15,57.349998,59.299999,57.099998,57.25,55.853660999999995,148657.0
2017-09-18,58.0,58.900002,57.0,57.849998,56.439026,171427.0
2017-09-19,57.5,62.150002,57.5,61.400002,59.902443000000005,796500.0
2017-09-20,62.099998,67.5,61.549999,63.950001,62.390246999999995,3553099.0
2017-09-21,64.300003,69.300003,60.25,67.349998,65.707314,3676516.0
2017-09-22,66.5,69.800003,64.0,66.199997,64.585365,2541454.0
2017-09-25,66.199997,66.199997,60.5,62.150002,60.634147999999996,955381.0
2017-09-26,62.200001,64.550003,61.900002,63.849998,62.292683,592613.0
2017-09-27,64.449997,65.699997,60.5,61.0,59.512195999999996,894509.0
2017-09-28,61.299999,63.75,60.150002,62.349998,60.829269,1068302.0
2017-09-29,62.150002,64.650002,62.150002,63.950001,62.390246999999995,520678.0
2017-10-03,65.75,65.75,62.549999,62.900002,61.36585600000001,320582.0
2017-10-04,63.200001,67.900002,62.0,67.150002,65.512199,1834363.0
2017-10-05,67.800003,70.449997,67.050003,67.449997,65.804878,1544901.0
2017-10-06,67.0,69.0,66.550003,67.199997,65.560974,984765.0
2017-10-09,67.25,67.75,65.699997,65.900002,64.292686,449336.0
2017-10-10,66.300003,67.349998,65.0,65.5,63.902439,323093.0
2017-10-11,65.800003,66.75,63.099998,64.0,62.439026,341090.0
2017-10-12,65.25,65.25,63.299999,64.050003,62.487807999999994,477973.0
2017-10-13,64.300003,64.800003,62.75,62.900002,61.36585600000001,285268.0
2017-10-16,63.400002,64.5,62.299999,63.599998,62.048781999999996,347885.0
2017-10-17,64.0,66.800003,63.450001,65.550003,63.951225,704243.0
2017-10-18,65.300003,66.099998,64.300003,65.099998,63.512195999999996,211369.0
2017-10-19,64.75,65.599998,63.200001,63.900002,62.341465,110056.0
2017-10-23,64.449997,66.900002,64.0,64.900002,63.317078,346833.0
2017-10-24,65.0,67.5,64.650002,66.599998,64.97560899999999,519060.0
2017-10-25,67.199997,67.349998,64.050003,64.849998,63.268291000000005,200639.0
2017-10-26,64.150002,69.449997,64.150002,68.300003,66.634148,1452567.0
2017-10-27,69.099998,71.0,68.0,70.300003,68.585373,1800640.0
2017-10-30,72.0,72.5,67.0,68.099998,66.439026,3143738.0
2017-10-31,69.0,69.25,63.75,64.199997,62.63414399999999,1573912.0
2017-11-01,64.949997,65.5,63.549999,63.950001,62.390246999999995,972549.0
2017-11-02,64.25,65.0,61.5,62.049999,60.536587,514199.0
2017-11-03,59.0,63.450001,59.0,61.349998,59.853657,990985.0
2017-11-06,64.0,65.699997,62.099998,63.0,61.46341700000001,995846.0
2017-11-07,63.200001,63.5,59.25,60.599998,59.121952,448585.0
2017-11-08,60.599998,62.400002,59.099998,59.5,58.048781999999996,297813.0
2017-11-09,59.900002,61.200001,59.400002,59.849998,58.390243999999996,257488.0
2017-11-10,60.299999,61.0,58.650002,58.900002,57.46341700000001,235990.0
2017-11-13,59.099998,60.799999,58.0,58.349998,56.92683,450154.0
2017-11-14,59.349998,59.599998,57.299999,58.400002,56.975613,188344.0
2017-11-15,58.5,58.799999,56.599998,57.049999,55.658539000000005,164684.0
2017-11-16,57.5,58.200001,56.900002,57.299999,55.902439,175517.0
2017-11-17,57.650002,60.599998,57.650002,58.799999,57.36585600000001,462557.0
2017-11-20,59.0,60.5,57.650002,59.5,58.048781999999996,226991.0
2017-11-21,60.150002,60.200001,57.799999,58.099998,56.682926,237731.0
2017-11-22,58.200001,59.0,58.0,58.099998,56.682926,230245.0
2017-11-23,58.349998,59.5,57.900002,58.099998,56.682926,255819.0
2017-11-24,58.25,61.799999,58.25,59.849998,58.390243999999996,562645.0
2017-11-27,59.950001,61.700001,59.0,60.5,59.024391,626243.0
2017-11-28,60.700001,60.849998,59.0,59.349998,57.902439,282723.0
2017-11-29,59.5,60.900002,59.0,59.25,57.804878,292504.0
2017-11-30,59.400002,59.599998,57.849998,58.799999,57.36585600000001,353613.0
2017-12-01,59.450001,59.5,57.0,57.299999,55.902439,306846.0
2017-12-04,57.900002,58.099998,56.099998,56.450001,55.073174,208829.0
2017-12-05,56.799999,57.950001,55.5,56.349998,54.975609,204229.0
2017-12-06,56.349998,56.849998,55.099998,55.349998,54.0,228259.0
2017-12-07,55.450001,56.700001,54.299999,56.099998,54.731708999999995,190365.0
2017-12-08,56.599998,57.25,56.0,56.099998,54.731708999999995,128743.0
2017-12-11,56.549999,57.849998,56.25,56.700001,55.317074,146951.0
2017-12-12,56.700001,57.200001,55.299999,55.650002,54.292685999999996,103721.0
2017-12-13,55.599998,56.25,55.0,55.099998,53.756096,125510.0
2017-12-14,55.299999,55.799999,53.799999,54.400002,53.073174,182414.0
2017-12-15,54.900002,56.200001,54.0,54.200001,52.878052000000004,207931.0
2017-12-18,53.099998,57.299999,52.950001,56.299999,54.92683,294551.0
2017-12-19,56.599998,58.5,56.5,58.0,56.585365,259324.0
2017-12-20,58.400002,61.299999,57.0,59.599998,58.146343,1814213.0
2017-12-21,60.299999,62.549999,59.0,61.200001,59.707317,1355364.0
2017-12-22,63.5,64.0,62.5,62.900002,61.36585600000001,1034390.0
2017-12-26,63.200001,63.799999,61.200001,61.5,60.0,422243.0
2017-12-27,62.049999,62.700001,59.0,59.349998,57.902439,494636.0
2017-12-28,59.900002,60.75,59.25,59.849998,58.390243999999996,299661.0
2017-12-29,59.599998,60.349998,59.049999,59.150002,57.70732099999999,161928.0
2018-01-01,59.5,61.0,59.0,59.650002,58.195126,356246.0
2018-01-02,59.549999,63.400002,59.150002,61.849998,60.341465,995442.0
2018-01-03,62.450001,63.0,61.150002,61.799999,60.292683,566916.0
2018-01-04,62.549999,66.650002,62.549999,65.75,64.146339,2504959.0
2018-01-05,66.349998,67.949997,65.5,67.199997,65.560974,2043082.0
2018-01-08,67.900002,68.699997,65.449997,66.099998,64.487808,1359043.0
2018-01-09,66.599998,66.699997,62.5,63.349998,61.804878,654098.0
2018-01-10,63.650002,68.0,61.75,67.050003,65.414642,1645159.0
2018-01-11,69.25,69.449997,66.099998,66.449997,64.829269,2909418.0
2018-01-12,67.199997,69.400002,63.400002,68.800003,67.12195600000001,2739141.0
2018-01-15,69.5,71.900002,68.900002,70.650002,68.926834,5463281.0
2018-01-16,70.75,71.0,66.5,68.0,66.341461,2794502.0
2018-01-17,69.900002,70.650002,66.199997,69.699997,68.0,6438925.0
2018-01-18,70.900002,70.900002,65.099998,65.800003,64.19512900000001,1685785.0
2018-01-19,66.099998,67.849998,65.300003,66.75,65.12195600000001,1226775.0
2018-01-22,67.0,67.900002,66.0,66.599998,64.97560899999999,1318660.0
2018-01-23,66.550003,66.900002,64.300003,64.599998,63.024391,648667.0
2018-01-24,64.400002,64.800003,62.700001,63.049999,61.512195999999996,859702.0
2018-01-25,63.200001,65.150002,62.799999,63.099998,61.560974,601702.0
2018-01-29,63.5,63.700001,61.099998,61.5,60.0,491449.0
2018-01-30,61.349998,61.400002,59.25,60.099998,58.634147999999996,583521.0
2018-01-31,,,,,,
2018-02-01,,,,,,
2018-02-02,,,,,,
2018-02-05,,,,,,
2018-02-06,,,,,,
2018-02-07,,,,,,
2018-02-08,,,,,,
2018-02-09,,,,,,
2018-02-12,,,,,,
2018-02-14,,,,,,
2018-02-15,,,,,,
2018-02-16,,,,,,
2018-02-19,,,,,,
2018-02-20,,,,,,
2018-02-21,,,,,,
2018-02-22,,,,,,
2018-02-23,,,,,,
2018-02-26,,,,,,
2018-02-27,,,,,,
2018-02-28,,,,,,
2018-03-01,,,,,,
2018-03-05,,,,,,
2018-03-06,,,,,,
2018-03-07,,,,,,
2018-03-08,,,,,,
2018-03-09,,,,,,
2018-03-12,,,,,,
2018-03-13,,,,,,
2018-03-14,,,,,,
2018-03-15,,,,,,
2018-03-16,,,,,,
2018-03-19,,,,,,
2018-03-20,,,,,,
2018-03-21,,,,,,
2018-03-22,,,,,,
2018-03-23,,,,,,
2018-03-26,,,,,,
2018-03-27,,,,,,
2018-03-28,,,,,,
2018-04-02,,,,,,
2018-04-03,,,,,,
2018-04-04,,,,,,
2018-04-05,,,,,,
2018-04-06,,,,,,
2018-04-09,,,,,,
2018-04-10,,,,,,
2018-04-11,,,,,,
2018-04-12,,,,,,
2018-04-13,,,,,,
2018-04-16,,,,,,
2018-04-17,,,,,,
2018-04-18,,,,,,
2018-04-19,,,,,,
2018-04-20,,,,,,
2018-04-23,,,,,,
2018-04-24,,,,,,
2018-04-25,,,,,,
2018-04-26,,,,,,
2018-04-27,,,,,,
2018-04-30,,,,,,
2018-05-02,,,,,,
2018-05-03,,,,,,
2018-05-04,,,,,,
2018-05-07,,,,,,
2018-05-08,,,,,,
2018-05-09,,,,,,
2018-05-10,,,,,,
2018-05-11,,,,,,
2018-05-14,,,,,,
2018-05-15,,,,,,
2018-05-16,,,,,,
2018-05-17,,,,,,
2018-05-18,,,,,,
2018-05-21,,,,,,
2018-05-22,,,,,,
2018-05-23,,,,,,
2018-05-24,,,,,,
2018-05-25,,,,,,
2018-05-28,,,,,,
2018-05-29,,,,,,
2018-05-30,,,,,,
2018-05-31,,,,,,
2018-06-01,,,,,,
2018-06-04,,,,,,
2018-06-05,,,,,,
2018-06-06,,,,,,
2018-06-07,,,,,,
2018-06-08,,,,,,
2018-06-11,,,,,,
2018-06-12,,,,,,
2018-06-13,,,,,,
2018-06-14,,,,,,
2018-06-15,,,,,,
2018-06-18,,,,,,
2018-06-19,,,,,,
2018-06-20,,,,,,
2018-06-21,,,,,,
2018-06-22,,,,,,
2018-06-25,,,,,,
2018-06-26,,,,,,
2018-06-27,,,,,,
2018-06-28,,,,,,
2018-06-29,,,,,,
2018-07-02,,,,,,
2018-07-03,,,,,,
2018-07-04,,,,,,
2018-07-05,,,,,,
2018-07-06,,,,,,
2018-07-09,,,,,,
2018-07-10,,,,,,
2018-07-11,,,,,,
2018-07-12,,,,,,
2018-07-13,,,,,,
2018-07-16,,,,,,
2018-07-17,,,,,,
2018-07-18,,,,,,
2018-07-19,,,,,,
2018-07-20,,,,,,
2018-07-23,,,,,,
2018-07-24,,,,,,
2018-07-25,,,,,,
2018-07-26,,,,,,
2018-07-27,,,,,,
2018-07-30,,,,,,
2018-07-31,,,,,,
2018-08-01,,,,,,
2018-08-02,,,,,,
2018-08-03,,,,,,
2018-08-06,,,,,,
2018-08-07,,,,,,
2018-08-08,,,,,,
2018-08-09,,,,,,
2018-08-10,,,,,,
2018-08-13,,,,,,
2018-08-14,,,,,,
2018-08-16,,,,,,
2018-08-17,,,,,,
2018-08-20,,,,,,
2018-08-21,,,,,,
2018-08-23,,,,,,
2018-08-24,,,,,,
2018-08-27,,,,,,
2018-08-28,,,,,,
2018-08-29,,,,,,
2018-08-30,,,,,,
2018-08-31,,,,,,
2018-09-03,,,,,,
2018-09-04,,,,,,
2018-09-05,,,,,,
2018-09-06,,,,,,
2018-09-07,,,,,,
2018-09-10,,,,,,
2018-09-11,,,,,,
2018-09-12,,,,,,
2018-09-14,,,,,,
2018-09-17,,,,,,
2018-09-18,,,,,,
2018-09-19,,,,,,
2018-09-21,,,,,,
2018-09-24,,,,,,
2018-09-25,,,,,,
2018-09-26,,,,,,
2018-09-27,,,,,,
2018-09-28,,,,,,
2018-10-01,,,,,,
2018-10-03,,,,,,
2018-10-04,,,,,,
2018-10-05,,,,,,
2018-10-08,,,,,,
2018-10-09,,,,,,
2018-10-10,,,,,,
2018-10-11,,,,,,
2018-10-12,,,,,,
2018-10-15,,,,,,
2018-10-16,,,,,,
2018-10-17,,,,,,
2018-10-19,,,,,,
2018-10-22,,,,,,
2018-10-23,,,,,,
2018-10-24,,,,,,
2018-10-25,,,,,,
2018-10-26,,,,,,
2018-10-29,,,,,,
2018-10-30,,,,,,
2018-10-31,,,,,,
2018-11-01,,,,,,
2018-11-02,,,,,,
2018-11-05,,,,,,
2018-11-06,,,,,,
2018-11-07,,,,,,
2018-11-09,,,,,,
2018-11-12,,,,,,
2018-11-13,,,,,,
2018-11-14,,,,,,
2018-11-15,,,,,,
2018-11-16,,,,,,
2018-11-19,,,,,,
2018-11-20,,,,,,
2018-11-21,,,,,,
2018-11-22,,,,,,
2018-11-26,,,,,,
2018-11-27,,,,,,
2018-11-28,,,,,,
2018-11-29,,,,,,
2018-11-30,,,,,,
2018-12-03,,,,,,
2018-12-04,,,,,,
2018-12-05,,,,,,
2018-12-06,,,,,,
2018-12-07,,,,,,
2018-12-10,,,,,,
2018-12-11,,,,,,
2018-12-12,,,,,,
2018-12-13,,,,,,
2018-12-14,,,,,,
2018-12-17,,,,,,
2018-12-18,,,,,,
2018-12-19,,,,,,
2018-12-20,,,,,,
2018-12-21,,,,,,
2018-12-24,,,,,,
2018-12-26,,,,,,
2018-12-27,,,,,,
2018-12-28,,,,,,
2018-12-31,,,,,,
2019-01-01,,,,,,
2019-01-02,,,,,,
2019-01-03,,,,,,
2019-01-04,,,,,,
2019-01-07,,,,,,
2019-01-08,,,,,,
2019-01-09,,,,,,
2019-01-10,,,,,,
2019-01-11,,,,,,
2019-01-14,,,,,,
2019-01-15,,,,,,
2019-01-16,,,,,,
2019-01-17,,,,,,
2019-01-18,,,,,,
2019-01-21,,,,,,
2019-01-22,,,,,,
2019-01-23,,,,,,
2019-01-24,,,,,,
2019-01-25,,,,,,
2019-01-28,,,,,,
2019-01-29,,,,,,
2019-01-30,,,,,,
2019-01-31,,,,,,
2019-02-01,,,,,,
2019-02-04,,,,,,
2019-02-05,,,,,,
2019-02-06,,,,,,
2019-02-07,,,,,,
2019-02-08,,,,,,
2019-02-11,,,,,,
2019-02-12,,,,,,
2019-02-14,,,,,,
2019-02-15,,,,,,
2019-02-18,,,,,,
2019-02-19,,,,,,
2019-02-20,,,,,,
2019-02-21,,,,,,
2019-02-22,,,,,,
2019-02-25,,,,,,
2019-02-26,,,,,,
2019-02-27,,,,,,
2019-02-28,,,,,,
2019-03-01,,,,,,
2019-03-05,,,,,,
2019-03-06,,,,,,
2019-03-07,,,,,,
2019-03-08,,,,,,
2019-03-11,,,,,,
2019-03-12,,,,,,
2019-03-13,,,,,,
2019-03-14,,,,,,
2019-03-15,,,,,,
2019-03-18,,,,,,
2019-03-19,,,,,,
2019-03-20,,,,,,
2019-03-22,,,,,,
2019-03-25,,,,,,
2019-03-26,,,,,,
2019-03-27,,,,,,
2019-03-28,,,,,,
2019-04-01,,,,,,
2019-04-02,,,,,,
2019-04-03,,,,,,
2019-04-04,,,,,,
2019-04-05,,,,,,
2019-04-08,,,,,,
2019-04-09,,,,,,
2019-04-10,,,,,,
2019-04-11,,,,,,
2019-04-12,,,,,,
2019-04-15,,,,,,
2019-04-16,,,,,,
2019-04-18,,,,,,
2019-04-22,,,,,,
2019-04-23,,,,,,
2019-04-24,,,,,,
2019-04-25,,,,,,
2019-04-26,,,,,,
2019-04-30,,,,,,
2019-05-02,25.0,25.6,25.0,25.15,24.536585000000002,12309.0
2019-05-03,25.4,25.85,24.9,25.049999,24.439024,18374.0
2019-05-06,,,,,,
2019-05-07,,,,,,
2019-05-08,,,,,,
2019-05-09,,,,,,
2019-05-10,,,,,,
2019-05-13,,,,,,
2019-05-14,,,,,,
2019-05-15,,,,,,
2019-05-16,,,,,,
2019-05-17,21.799999,23.4,21.65,22.9,22.341463,55056.0
2019-05-20,24.0,24.5,23.65,24.299999,23.707317,36081.0
2019-05-21,24.799999,25.0,23.6,24.0,23.414635,35469.0
2019-05-22,23.5,24.15,22.65,23.799999,23.219513,110147.0
2019-05-23,24.0,25.799999,24.0,24.35,23.756098,44054.0
2019-05-24,24.700001,25.5,23.700001,25.15,24.536585000000002,57974.0
2019-05-27,25.5,27.9,25.5,27.35,26.682928000000004,134342.0
2019-05-28,28.0,28.299999,27.15,27.299999,26.634146,64170.0
2019-05-29,,,,,,
2019-05-30,26.85,27.299999,26.5,26.950001,26.292685,34048.0
2019-05-31,27.25,27.5,26.299999,26.700001,26.048782,26671.0
2019-06-03,27.0,27.0,24.85,25.65,25.024391,29287.0
2019-06-04,26.0,26.25,25.1,25.700001,25.073172,33218.0
2019-06-06,25.549999,25.549999,24.6,24.950001,24.341465,24024.0
2019-06-07,25.6,25.6,22.950001,23.85,23.268293,65847.0
2019-06-10,23.9,24.299999,22.5,22.9,22.341463,48721.0
2019-06-11,23.700001,23.700001,21.950001,22.1,21.560976,109160.0
2019-06-12,21.799999,22.5,21.6,21.950001,21.414635,20559.0
2019-06-13,22.450001,22.450001,21.5,21.85,21.317073999999998,31076.0
2019-06-14,21.5,23.15,21.5,22.65,22.097561,54699.0
2019-06-17,22.65,22.65,21.950001,22.200001,21.658537,40713.0
2019-06-18,22.0,22.5,21.200001,21.35,20.829269,40188.0
2019-06-19,21.65,21.799999,18.200001,18.950001,18.487806,114033.0
2019-06-20,19.25,20.75,18.1,20.25,19.756098,85861.0
2019-06-21,20.299999,20.85,19.1,19.299999,18.829268,68679.0
2019-06-24,20.15,20.85,19.25,20.25,19.756098,52562.0
2019-06-25,19.9,20.450001,19.75,19.85,19.365854000000002,21957.0
2019-06-26,,,,,,
2019-06-27,,,,,,
2019-06-28,20.0,20.4,19.700001,19.85,19.365854000000002,25417.0
2019-07-01,20.049999,20.35,19.799999,20.1,19.609756,22807.0
2019-07-02,20.15,20.25,19.700001,20.15,19.658537,12009.0
2019-07-03,20.15,20.4,19.65,19.75,19.268293,20733.0
2019-07-04,19.9,20.200001,19.6,19.950001,19.463414999999998,13747.0
2019-07-05,20.049999,20.5,19.200001,19.6,19.121952,34298.0
2019-07-08,19.35,19.9,18.85,19.0,18.536587,22611.0
2019-07-09,19.450001,19.450001,18.450001,19.1,18.634148,31106.0
2019-07-10,19.0,19.6,18.6,18.75,18.292683,14484.0
2019-07-11,18.6,19.35,18.299999,18.950001,18.487806,45991.0
2019-07-12,18.85,19.15,18.450001,18.9,18.439024,63773.0
2019-07-15,19.0,19.049999,18.1,18.299999,17.853659,15190.0
2019-07-16,18.65,19.5,18.1,18.9,18.439024,30785.0
2019-07-17,19.299999,19.65,18.6,19.450001,18.975610999999997,30507.0
2019-07-18,19.700001,20.0,18.35,18.6,18.146341,76350.0
2019-07-19,19.5,19.5,18.299999,18.65,18.195122,38122.0
2019-07-22,18.299999,19.0,17.75,18.299999,17.853659,40235.0
2019-07-23,18.25,19.299999,18.25,19.0,18.536587,49592.0
2019-07-24,18.9,19.9,18.200001,19.1,18.634148,36506.0
2019-07-25,19.65,19.65,18.9,19.049999,18.585365,20542.0
2019-07-26,18.9,19.6,18.9,19.15,18.682926000000002,39778.0
2019-07-29,19.5,20.450001,18.549999,20.25,19.756098,83359.0
2019-07-30,20.1,20.5,18.9,19.049999,18.585365,92534.0
2019-07-31,18.9,19.6,18.35,18.5,18.048779999999997,45190.0
2019-08-01,19.0,19.299999,17.9,18.5,18.048779999999997,80459.0
2019-08-02,18.799999,19.0,18.1,18.85,18.390245,12134.0
2019-08-05,18.799999,18.799999,18.049999,18.299999,17.853659,62958.0
2019-08-06,18.5,20.5,18.049999,19.799999,19.317073999999998,140800.0
2019-08-07,20.299999,22.450001,19.5,21.35,20.829269,206158.0
2019-08-08,21.799999,22.85,21.5,22.1,21.560976,117410.0
2019-08-09,22.299999,24.35,22.299999,23.049999,22.487804,168859.0
2019-08-13,23.0,24.0,21.299999,21.799999,21.268293,107993.0
2019-08-14,21.799999,21.799999,20.5,20.700001,20.195124,38419.0
2019-08-16,21.0,21.0,19.700001,19.85,19.365854000000002,52392.0
2019-08-19,20.0,20.299999,19.700001,19.75,19.268293,45434.0
2019-08-20,19.799999,19.9,19.299999,19.65,19.170732,22476.0
2019-08-21,20.0,20.5,18.700001,19.15,18.682926000000002,43485.0
2019-08-22,19.200001,19.200001,18.0,18.549999,18.097561,144133.0
2019-08-23,18.6,19.0,18.0,18.65,18.195122,28085.0
2019-08-26,19.0,19.4,18.35,19.1,18.634148,23855.0
2019-08-27,19.299999,20.9,19.299999,20.549999,20.048779999999997,106097.0
2019-08-28,20.75,21.9,20.049999,20.450001,19.951221,25465.0
2019-08-29,20.700001,20.700001,19.299999,19.5,19.024391,14318.0
2019-08-30,19.6,20.0,19.1,19.65,19.170732,16685.0
2019-09-03,19.0,20.200001,19.0,19.5,19.024391,17980.0
2019-09-04,20.1,20.1,19.200001,19.549999,19.07317,11935.0
2019-09-05,19.85,20.700001,19.799999,20.5,20.0,44568.0
2019-09-06,20.5,20.9,19.700001,20.4,20.4,39207.0
2019-09-09,20.5,20.950001,19.6,20.450001,20.450001,24239.0
2019-09-11,20.5,23.35,20.5,22.299999,22.299999,165318.0
2019-09-12,22.950001,23.049999,21.799999,22.049999,22.049999,56367.0
2019-09-13,21.950001,22.85,21.4,22.35,22.35,53249.0
2019-09-16,22.35,22.950001,21.15,22.4,22.4,75666.0
2019-09-17,22.4,23.049999,21.549999,21.799999,21.799999,24855.0
2019-09-18,21.5,22.35,21.15,21.6,21.6,38898.0
2019-09-19,21.6,21.6,20.6,21.0,21.0,27137.0
2019-09-20,21.299999,23.549999,20.6,22.25,22.25,97728.0
2019-09-23,22.5,23.0,21.75,22.049999,22.049999,40295.0
2019-09-24,22.1,23.799999,21.6,23.0,23.0,204085.0
2019-09-25,22.9,23.200001,21.6,22.0,22.0,59549.0
2019-09-26,22.049999,22.450001,21.4,21.799999,21.799999,24787.0
2019-09-27,22.25,22.25,21.200001,21.4,21.4,71398.0
2019-09-30,21.4,21.549999,19.700001,20.0,20.0,68697.0
2019-10-01,20.0,20.549999,18.549999,19.200001,19.200001,27619.0
2019-10-03,19.75,19.75,18.5,19.15,19.15,27609.0
2019-10-04,19.049999,19.700001,18.700001,18.85,18.85,25150.0
2019-10-07,18.9,20.0,18.25,18.75,18.75,42679.0
2019-10-09,18.950001,18.950001,18.25,18.6,18.6,40794.0
2019-10-10,18.75,18.75,18.25,18.35,18.35,77924.0
2019-10-11,18.5,19.299999,18.35,18.700001,18.700001,26876.0
2019-10-14,18.799999,19.5,18.299999,18.799999,18.799999,42050.0
2019-10-15,19.1,19.4,18.700001,18.85,18.85,24340.0
2019-10-16,18.950001,19.450001,18.700001,19.1,19.1,21657.0
2019-10-17,19.35,19.450001,18.75,18.950001,18.950001,43885.0
2019-10-18,18.6,19.5,18.15,18.9,18.9,55506.0
2019-10-22,19.15,19.15,18.5,18.65,18.65,86223.0
2019-10-23,18.75,19.15,18.5,18.950001,18.950001,67883.0
2019-10-24,19.0,19.0,18.5,18.799999,18.799999,21423.0
2019-10-25,18.9,19.0,18.5,18.799999,18.799999,20119.0
2019-10-27,,,,,,
2019-10-29,19.1,20.65,19.1,20.15,20.15,76203.0
2019-10-30,20.75,21.85,20.15,21.0,21.0,67881.0
2019-10-31,21.0,21.700001,20.450001,20.700001,20.700001,34647.0
2019-11-01,20.6,20.799999,20.1,20.35,20.35,48771.0
2019-11-04,20.1,21.35,20.1,20.75,20.75,44990.0
2019-11-05,20.799999,21.1,20.25,20.5,20.5,13113.0
2019-11-06,20.799999,20.799999,19.85,20.049999,20.049999,94163.0
2019-11-07,20.049999,20.35,19.5,19.9,19.9,17220.0
2019-11-08,19.799999,20.6,19.35,20.200001,20.200001,32988.0
2019-11-11,19.35,19.5,18.5,18.85,18.85,141045.0
2019-11-13,18.85,18.85,18.25,18.450001,18.450001,31689.0
2019-11-14,18.65,18.65,16.799999,17.799999,17.799999,99074.0
2019-11-15,17.799999,18.35,17.75,18.0,18.0,24915.0
2019-11-18,18.0,18.6,17.799999,17.9,17.9,18190.0
2019-11-19,18.200001,18.200001,17.75,17.799999,17.799999,24860.0
2019-11-20,18.15,18.75,17.85,18.200001,18.200001,35655.0
2019-11-21,18.25,18.85,17.9,18.549999,18.549999,53668.0
2019-11-22,18.799999,18.799999,18.200001,18.25,18.25,16105.0
2019-11-25,18.5,19.799999,18.200001,19.299999,19.299999,72402.0
2019-11-26,19.5,20.1,18.6,19.1,19.1,26928.0
2019-11-27,19.200001,19.5,18.200001,18.5,18.5,60188.0
2019-11-28,18.799999,18.799999,18.200001,18.4,18.4,38928.0
2019-11-29,18.450001,18.6,18.049999,18.4,18.4,23853.0
2019-12-02,18.5,19.15,18.1,18.85,18.85,74467.0
2019-12-03,18.9,19.25,18.049999,18.25,18.25,47163.0
2019-12-04,18.1,18.4,18.1,18.25,18.25,44647.0
2019-12-05,18.299999,18.65,17.15,18.200001,18.200001,42208.0
2019-12-06,18.5,18.5,18.1,18.15,18.15,11614.0
2019-12-09,18.15,18.299999,17.0,17.299999,17.299999,44266.0
2019-12-10,17.4,17.9,17.049999,17.15,17.15,44482.0
2019-12-11,17.5,17.549999,16.799999,17.049999,17.049999,27594.0
2019-12-12,17.049999,18.25,17.049999,17.35,17.35,36597.0
2019-12-13,17.65,17.65,17.15,17.25,17.25,31968.0
2019-12-16,17.25,17.450001,16.85,17.0,17.0,72217.0
2019-12-17,17.4,17.799999,16.9,17.450001,17.450001,97428.0
2019-12-18,17.6,17.6,17.0,17.200001,17.200001,70129.0
2019-12-19,17.5,17.9,17.0,17.1,17.1,20317.0
2019-12-20,17.200001,17.4,16.950001,17.0,17.0,58891.0
2019-12-23,17.4,17.4,16.299999,17.0,17.0,45671.0
2019-12-24,17.049999,17.200001,16.549999,16.65,16.65,28052.0
2019-12-26,16.5,16.799999,15.85,16.25,16.25,57733.0
2019-12-27,16.450001,17.700001,15.95,16.9,16.9,54597.0
2019-12-30,17.950001,18.65,17.5,17.799999,17.799999,159480.0
2019-12-31,18.35,19.200001,17.700001,18.450001,18.450001,88039.0
2020-01-01,18.700001,20.0,18.0,19.15,19.15,136841.0
2020-01-02,19.25,20.25,18.65,19.799999,19.799999,150363.0
2020-01-03,19.950001,20.450001,18.700001,19.200001,19.200001,82711.0
2020-01-06,18.799999,19.5,17.75,18.15,18.15,26341.0
2020-01-07,18.4,18.6,18.049999,18.200001,18.200001,18929.0
2020-01-08,18.049999,18.700001,17.700001,18.5,18.5,37034.0
2020-01-09,18.9,20.6,18.299999,19.799999,19.799999,310331.0
2020-01-10,20.1,20.6,19.6,20.0,20.0,109840.0
2020-01-13,19.25,20.5,19.25,19.75,19.75,46552.0
2020-01-14,20.200001,21.0,19.75,20.049999,20.049999,153734.0
2020-01-15,20.049999,20.4,19.85,20.0,20.0,35365.0
2020-01-16,20.450001,20.450001,19.85,20.15,20.15,45421.0
2020-01-17,20.4,20.450001,20.0,20.1,20.1,50243.0
2020-01-20,20.1,20.6,19.75,19.9,19.9,53243.0
2020-01-21,20.0,20.200001,19.35,19.5,19.5,34622.0
2020-01-22,19.799999,19.799999,18.65,18.9,18.9,39965.0
2020-01-23,19.4,20.0,19.049999,19.35,19.35,34886.0
2020-01-24,,,,,,
2020-01-27,19.299999,20.0,19.15,19.299999,19.299999,69337.0
2020-01-28,19.9,19.9,18.700001,19.049999,19.049999,109485.0
2020-01-29,19.799999,19.799999,19.0,19.200001,19.200001,15931.0
2020-01-30,20.0,20.0,18.450001,18.700001,18.700001,34679.0
2020-01-31,19.0,19.0,18.299999,18.5,18.5,15065.0
