2015-03-19,160.050003,168.050003,160.050003,162.25,162.25,26520.0
2015-03-20,160.0,169.850006,154.149994,155.100006,155.100006,33398.0
2015-03-23,150.0,160.0,147.350006,149.649994,149.649994,14516.0
2015-03-24,142.199997,153.0,142.199997,146.0,146.0,24200.0
2015-03-25,139.0,148.850006,139.0,146.649994,146.649994,3494.0
2015-03-26,148.949997,153.949997,142.0,144.449997,144.449997,18081.0
2015-03-27,140.550003,146.0,137.25,142.75,142.75,4711.0
2015-03-30,136.0,149.800003,135.649994,147.5,147.5,14960.0
2015-03-31,150.0,154.699997,147.0,152.300003,152.300003,3373.0
2015-04-01,159.0,159.0,146.050003,157.050003,157.050003,1117.0
2015-04-06,166.899994,166.899994,151.5,154.550003,154.550003,46653.0
2015-04-07,160.0,160.0,152.0,156.0,156.0,72267.0
2015-04-08,157.949997,157.949997,153.550003,156.550003,156.550003,339.0
2015-04-09,156.0,159.949997,151.5,156.350006,156.350006,47660.0
2015-04-10,160.0,160.0,153.0,157.199997,157.199997,1501.0
2015-04-13,160.0,166.0,157.0,164.0,164.0,13980.0
2015-04-15,170.0,170.0,159.25,166.050003,166.050003,14126.0
2015-04-16,163.0,168.0,159.0,165.699997,165.699997,11508.0
2015-04-17,165.0,175.949997,165.0,174.350006,174.350006,12334.0
2015-04-20,146.0,190.5,146.0,178.350006,178.350006,334411.0
2015-04-21,180.0,188.800003,180.0,183.199997,183.199997,73657.0
2015-04-22,183.0,183.0,176.350006,179.899994,179.899994,10657.0
2015-04-23,178.699997,181.949997,175.149994,179.600006,179.600006,12323.0
2015-04-24,176.0,186.0,170.0,176.0,176.0,29203.0
2015-04-27,170.100006,173.0,161.0,165.300003,165.300003,3547.0
2015-04-28,162.050003,175.699997,161.050003,166.800003,166.800003,1132.0
2015-04-29,160.050003,172.0,160.050003,171.100006,171.100006,1049.0
2015-04-30,165.0,172.899994,165.0,170.800003,170.800003,1066.0
2015-05-04,165.0,180.0,161.0,172.25,172.25,2887.0
2015-05-05,165.0,172.949997,164.0,171.300003,171.300003,634.0
2015-05-06,164.0,172.399994,161.0,167.5,167.5,5369.0
2015-05-07,161.050003,171.300003,161.050003,168.050003,168.050003,1761.0
2015-05-08,161.050003,169.800003,161.050003,167.149994,167.149994,597.0
2015-05-11,169.550003,172.0,160.399994,170.699997,170.699997,631.0
2015-05-12,163.050003,173.600006,163.050003,165.449997,165.449997,1320.0
2015-05-13,164.600006,166.0,164.600006,165.399994,165.399994,723.0
2015-05-14,166.0,169.0,166.0,168.800003,168.800003,1321.0
2015-05-15,163.199997,171.0,163.100006,170.850006,170.850006,1243.0
2015-05-18,172.949997,173.899994,159.0,171.199997,171.199997,5785.0
2015-05-19,171.949997,180.0,167.0,176.600006,176.600006,4935.0
2015-05-20,170.0,175.0,169.0,174.850006,174.850006,1233.0
2015-05-21,172.5,174.449997,169.0,174.350006,174.350006,1754.0
2015-05-22,174.899994,174.949997,169.449997,170.0,170.0,1193.0
2015-05-25,166.0,174.399994,166.0,168.5,168.5,315.0
2015-05-26,168.300003,174.399994,167.949997,169.5,169.5,290677.0
2015-05-27,164.050003,173.0,164.050003,170.100006,170.100006,886.0
2015-05-28,170.050003,172.0,168.100006,168.199997,168.199997,1035.0
2015-05-29,170.949997,172.0,167.399994,171.949997,171.949997,69.0
2015-06-01,170.0,175.899994,170.0,170.050003,170.050003,582.0
2015-06-02,172.0,172.050003,169.949997,170.0,170.0,650.0
2015-06-03,170.100006,174.899994,161.699997,172.050003,172.050003,1852.0
2015-06-04,161.050003,178.0,161.050003,175.050003,175.050003,3294.0
2015-06-05,170.050003,180.0,166.600006,172.5,172.5,716074.0
2015-06-08,172.949997,176.800003,166.25,172.449997,172.449997,1000.0
2015-06-09,166.300003,179.0,166.300003,175.5,175.5,575.0
2015-06-10,171.100006,174.0,171.100006,174.0,174.0,261.0
2015-06-11,167.5,175.800003,162.0,173.050003,173.050003,703.0
2015-06-12,166.050003,172.5,166.050003,171.100006,171.100006,868.0
2015-06-15,170.050003,172.0,168.949997,169.5,169.5,501.0
2015-06-16,164.100006,171.899994,164.100006,170.300003,170.300003,573.0
2015-06-17,170.800003,170.800003,169.0,169.25,169.25,297.0
2015-06-18,170.100006,174.5,160.0,170.149994,170.149994,38865.0
2015-06-19,170.0,170.0,167.449997,169.449997,169.449997,760.0
2015-06-22,162.0,172.100006,162.0,171.050003,171.050003,643.0
2015-06-23,168.100006,171.050003,168.100006,171.050003,171.050003,726.0
2015-06-24,168.0,175.0,168.0,174.75,174.75,3243.0
2015-06-25,174.600006,174.899994,169.050003,174.649994,174.649994,798.0
2015-06-26,173.300003,175.0,170.0,174.199997,174.199997,998.0
2015-06-29,170.0,175.0,170.0,174.949997,174.949997,8636.0
2015-06-30,170.050003,178.0,170.050003,177.0,177.0,12924.0
2015-07-01,175.25,179.0,175.0,177.899994,177.899994,5758.0
2015-07-02,175.0,177.899994,175.0,176.100006,176.100006,660.0
2015-07-03,180.100006,182.5,179.899994,182.149994,182.149994,7420.0
2015-07-06,174.399994,186.0,174.399994,182.300003,182.300003,6511.0
2015-07-07,182.449997,214.69999700000002,181.0,182.850006,182.850006,366601.0
2015-07-08,175.050003,186.0,174.100006,180.699997,180.699997,10886.0
2015-07-09,183.0,183.0,176.0,178.399994,178.399994,3053.0
2015-07-10,183.0,183.0,174.600006,177.649994,177.649994,3660.0
2015-07-13,175.199997,183.0,173.100006,179.25,179.25,1747.0
2015-07-14,171.050003,183.449997,168.649994,180.649994,180.649994,2259.0
2015-07-15,178.300003,189.100006,178.199997,185.050003,185.050003,7985.0
2015-07-16,186.25,188.899994,185.350006,185.75,185.75,1928.0
2015-07-17,182.850006,190.0,182.850006,186.600006,186.600006,4448.0
2015-07-20,183.75,205.0,183.699997,191.149994,191.149994,1361524.0
2015-07-21,187.0,205.0,187.0,197.949997,197.949997,39754.0
2015-07-22,197.0,201.0,195.149994,197.800003,197.800003,4366.0
2015-07-23,200.0,200.949997,197.0,199.399994,199.399994,9394.0
2015-07-24,199.399994,204.600006,187.0,201.149994,201.149994,7258.0
2015-07-27,199.899994,209.899994,187.199997,197.100006,197.100006,71829.0
2015-07-28,200.25,209.80000299999998,195.75,197.199997,197.199997,5714.0
2015-07-29,200.600006,200.600006,195.0,197.649994,197.649994,2781.0
2015-07-30,199.899994,200.0,195.0,195.100006,195.100006,4725.0
2015-07-31,195.100006,202.0,195.0,200.550003,200.550003,6934.0
2015-08-03,197.0,200.0,197.0,197.850006,197.850006,260.0
2015-08-04,200.0,200.0,195.050003,196.199997,196.199997,1654.0
2015-08-05,196.300003,200.0,191.050003,197.699997,197.699997,7412.0
2015-08-06,206.949997,206.949997,197.149994,197.800003,197.800003,2208.0
2015-08-07,195.050003,203.899994,194.5,196.550003,196.550003,2111.0
2015-08-10,193.449997,201.949997,192.0,195.800003,195.800003,913.0
2015-08-11,192.600006,192.600006,188.0,190.800003,190.800003,1097.0
2015-08-12,188.300003,209.399994,188.300003,192.699997,192.699997,2016.0
2015-08-13,195.0,195.0,188.199997,191.75,191.75,2249.0
2015-08-14,186.050003,204.600006,186.050003,201.050003,201.050003,2459.0
2015-08-17,200.399994,201.550003,195.0,200.25,200.25,3714.0
2015-08-18,200.0,200.0,195.800003,196.75,196.75,595.0
2015-08-19,192.600006,207.0,192.600006,204.5,204.5,4958.0
2015-08-20,200.0,209.80000299999998,200.0,206.699997,206.699997,16243.0
2015-08-21,204.899994,209.94999700000002,202.0,208.350006,208.350006,5130.0
2015-08-24,200.0,206.0,198.0,205.100006,205.100006,5816.0
2015-08-25,202.649994,212.0,200.0,206.899994,206.899994,11110.0
2015-08-26,201.0,207.800003,199.0,204.649994,204.649994,537.0
2015-08-27,201.399994,208.949997,200.0,204.550003,204.550003,2421.0
2015-08-28,201.0,203.600006,200.0,201.25,201.25,2136.0
2015-08-31,200.100006,204.0,198.149994,202.399994,202.399994,720.0
2015-09-01,204.899994,205.0,195.25,202.550003,202.550003,852.0
2015-09-02,203.0,207.899994,196.600006,205.800003,205.800003,1807.0
2015-09-03,201.0,204.850006,196.100006,203.699997,203.699997,910.0
2015-09-04,199.949997,209.80000299999998,196.0,202.050003,202.050003,1215.0
2015-09-07,198.050003,206.649994,198.0,201.850006,201.850006,1532.0
2015-09-08,200.600006,205.0,197.100006,204.550003,204.550003,1636.0
2015-09-09,201.050003,205.0,200.699997,204.600006,204.600006,9095.0
2015-09-10,197.75,203.949997,197.0,203.550003,203.550003,1164.0
2015-09-11,198.050003,203.0,198.050003,199.75,199.75,125.0
2015-09-14,198.0,206.0,198.0,203.100006,203.100006,923.0
2015-09-15,208.399994,208.949997,196.0,197.0,197.0,3991.0
2015-09-16,204.949997,207.550003,201.050003,205.0,205.0,1035.0
2015-09-18,208.899994,215.0,200.0,213.75,213.75,4217.0
2015-09-21,206.149994,210.0,204.199997,204.949997,204.949997,1846.0
2015-09-22,214.600006,214.600006,202.5,202.5,202.5,77.0
2015-09-23,204.850006,214.899994,198.050003,213.94999700000002,213.94999700000002,1546.0
2015-09-24,199.899994,214.80000299999998,199.899994,203.850006,203.850006,1171.0
2015-09-28,207.5,209.94999700000002,207.5,209.5,209.5,175.0
2015-09-29,207.050003,212.5,198.0,207.899994,207.899994,4710.0
2015-09-30,209.94999700000002,219.0,209.94999700000002,216.25,216.25,8601.0
2015-10-01,216.899994,216.899994,208.100006,210.25,210.25,308.0
2015-10-05,210.0,214.94999700000002,206.050003,210.44999700000002,210.44999700000002,798.0
2015-10-06,210.0,215.0,208.0,209.199997,209.199997,517.0
2015-10-07,207.0,225.55000299999998,201.0,212.0,212.0,1275.0
2015-10-08,215.0,215.19999700000002,211.0,212.19999700000002,212.19999700000002,573.0
2015-10-09,214.850006,214.850006,207.25,209.100006,209.100006,711.0
2015-10-12,210.05000299999998,214.0,210.0,210.100006,210.100006,150572.0
2015-10-13,210.0,214.600006,210.0,212.149994,212.149994,100593.0
2015-10-14,210.05000299999998,213.80000299999998,208.100006,211.69999700000002,211.69999700000002,776.0
2015-10-15,206.649994,214.850006,206.649994,208.149994,208.149994,595.0
2015-10-16,208.149994,208.149994,208.149994,208.149994,208.149994,0.0
2015-10-19,210.0,210.0,206.050003,208.649994,208.649994,616.0
2015-10-20,218.05000299999998,218.05000299999998,208.600006,210.19999700000002,210.19999700000002,583.0
2015-10-21,223.0,226.0,195.0,199.600006,199.600006,46916.0
2015-10-23,202.0,215.19999700000002,197.0,198.300003,198.300003,20281.0
2015-10-26,202.850006,203.0,188.0,196.800003,196.800003,13540.0
2015-10-27,198.100006,198.100006,194.0,194.800003,194.800003,3016.0
2015-10-28,201.649994,202.699997,189.649994,193.800003,193.800003,4717.0
2015-10-29,198.699997,200.0,185.100006,189.949997,189.949997,9328.0
2015-10-30,187.199997,188.5,180.5,181.199997,181.199997,2705.0
2015-11-02,181.0,189.800003,174.0,175.800003,175.800003,15917.0
2015-11-03,175.050003,179.899994,169.149994,170.699997,170.699997,13496.0
2015-11-04,165.5,192.0,165.5,186.649994,186.649994,3298.0
2015-11-05,181.0,189.949997,179.0,181.550003,181.550003,413.0
2015-11-06,185.0,190.949997,185.0,188.850006,188.850006,470.0
2015-11-09,186.949997,188.75,181.0,188.300003,188.300003,216.0
2015-11-10,186.949997,189.949997,180.050003,188.600006,188.600006,384.0
2015-11-13,179.300003,187.899994,176.5,182.949997,182.949997,1215.0
2015-11-16,175.100006,188.899994,175.050003,185.899994,185.899994,719.0
2015-11-17,180.050003,188.649994,180.0,181.300003,181.300003,782.0
2015-11-18,176.300003,188.800003,176.100006,185.25,185.25,376.0
2015-11-19,180.300003,184.0,180.100006,183.949997,183.949997,485.0
2015-11-20,180.100006,192.0,180.100006,189.350006,189.350006,450.0
2015-11-23,191.949997,191.949997,189.949997,190.300003,190.300003,590.0
2015-11-24,197.899994,197.899994,183.5,190.949997,190.949997,751.0
2015-11-26,194.899994,194.899994,185.199997,191.699997,191.699997,1382.0
2015-11-27,191.699997,191.699997,191.699997,191.699997,191.699997,0.0
2015-11-30,184.199997,190.0,184.100006,189.0,189.0,610.0
2015-12-01,187.0,190.399994,185.300003,190.100006,190.100006,1055.0
2015-12-02,189.850006,191.0,183.550003,191.0,191.0,4795.0
2015-12-03,191.0,191.0,187.399994,189.850006,189.850006,5700.0
2015-12-04,189.899994,189.899994,187.649994,189.899994,189.899994,790.0
2015-12-07,190.0,190.0,180.100006,184.449997,184.449997,1328.0
2015-12-08,185.949997,185.949997,181.050003,185.449997,185.449997,343.0
2015-12-09,186.0,186.25,181.0,181.149994,181.149994,3143.0
2015-12-10,175.0,195.0,173.0,184.0,184.0,1242.0
2015-12-11,189.0,189.0,181.0,181.050003,181.050003,290.0
2015-12-14,178.199997,186.0,178.199997,186.0,186.0,233.0
2015-12-15,181.800003,185.0,181.050003,181.550003,181.550003,178.0
2015-12-16,182.25,186.0,181.0,181.449997,181.449997,495.0
2015-12-17,190.0,190.050003,183.0,183.050003,183.050003,1002.0
2015-12-18,187.899994,187.899994,183.0,183.0,183.0,295.0
2015-12-21,184.300003,184.300003,182.0,182.100006,182.100006,419.0
2015-12-22,181.050003,181.399994,179.0,179.399994,179.399994,1129.0
2015-12-23,180.0,180.0,178.100006,178.100006,178.100006,185.0
2015-12-24,178.149994,178.550003,178.149994,178.5,178.5,184.0
2015-12-28,189.300003,189.300003,172.5,174.25,174.25,10386.0
2015-12-29,178.149994,180.0,175.100006,180.0,180.0,309.0
2015-12-30,178.5,180.0,176.5,176.5,176.5,850.0
2015-12-31,177.050003,180.0,176.100006,178.699997,178.699997,721.0
2016-01-01,180.0,180.0,178.0,178.0,178.0,83.0
2016-01-04,180.0,187.949997,180.0,184.75,184.75,905.0
2016-01-05,187.399994,190.0,183.050003,189.149994,189.149994,458.0
2016-01-06,189.149994,189.149994,189.149994,189.149994,189.149994,0.0
2016-01-07,184.0,199.0,180.0,180.699997,180.699997,6709.0
2016-01-08,180.0,184.0,179.0,180.0,180.0,138.0
2016-01-11,180.0,181.800003,176.199997,176.199997,176.199997,16.0
2016-01-12,178.0,180.0,169.0,172.199997,172.199997,808.0
2016-01-13,180.0,180.0,166.0,175.199997,175.199997,496.0
2016-01-14,178.0,178.0,172.649994,172.649994,172.649994,206.0
2016-01-15,166.0,175.0,165.050003,173.149994,173.149994,110.0
2016-01-18,175.0,175.0,168.0,168.0,168.0,341.0
2016-01-19,168.0,168.0,152.050003,165.0,165.0,35.0
2016-01-20,185.0,185.0,165.100006,166.350006,166.350006,617.0
2016-01-21,162.399994,162.399994,162.199997,162.350006,162.350006,150.0
2016-01-22,180.949997,180.949997,171.199997,176.899994,176.899994,156.0
2016-01-25,176.899994,176.899994,176.899994,176.899994,176.899994,0.0
2016-01-27,183.199997,203.0,174.699997,192.350006,192.350006,4495.0
2016-01-28,190.050003,212.0,182.199997,188.5,188.5,6641.0
2016-01-29,181.399994,185.0,172.0,175.850006,175.850006,6414.0
2016-02-01,182.0,201.0,176.050003,198.800003,198.800003,20895.0
2016-02-02,197.5,197.5,190.5,193.399994,193.399994,560.0
2016-02-03,179.050003,202.0,179.050003,197.199997,197.199997,6979.0
2016-02-04,197.199997,198.0,188.0,190.0,190.0,3617.0
2016-02-05,190.0,200.949997,190.0,199.75,199.75,1192.0
2016-02-08,195.0,195.0,183.0,187.100006,187.100006,361.0
2016-02-09,182.399994,193.0,182.399994,192.649994,192.649994,275.0
2016-02-10,190.0,190.949997,181.350006,185.0,185.0,979.0
2016-02-11,180.300003,190.0,176.0,179.0,179.0,3941.0
2016-02-12,177.0,185.0,177.0,181.75,181.75,5863.0
2016-02-15,185.0,185.0,176.699997,176.699997,176.699997,531.0
2016-02-16,183.0,184.0,176.149994,180.0,180.0,452.0
2016-02-17,178.0,180.0,164.100006,170.149994,170.149994,2110.0
2016-02-18,177.949997,182.949997,175.699997,180.100006,180.100006,6162.0
2016-02-19,180.0,180.0,171.399994,171.850006,171.850006,593.0
2016-02-22,175.0,180.0,173.0,173.050003,173.050003,670.0
2016-02-23,179.949997,179.949997,170.050003,176.75,176.75,735.0
2016-02-24,176.0,176.050003,173.300003,173.300003,173.300003,511.0
2016-02-25,173.300003,173.300003,173.300003,173.300003,173.300003,0.0
2016-02-26,173.050003,173.050003,165.050003,169.850006,169.850006,604.0
2016-02-29,175.0,180.0,171.0,175.899994,175.899994,1031.0
2016-03-01,179.550003,180.0,172.100006,179.800003,179.800003,280.0
2016-03-02,179.800003,179.800003,179.800003,179.800003,179.800003,0.0
2016-03-03,173.050003,190.0,173.050003,184.800003,184.800003,514.0
2016-03-04,187.949997,188.0,175.600006,187.25,187.25,1306.0
2016-03-08,189.899994,189.949997,189.899994,189.949997,189.949997,503.0
2016-03-09,179.0,194.0,176.399994,186.75,186.75,753.0
2016-03-10,183.100006,184.75,179.050003,183.5,183.5,8270.0
2016-03-11,189.0,189.0,188.0,189.0,189.0,277.0
2016-03-14,188.0,189.5,188.0,189.0,189.0,290.0
2016-03-15,180.399994,188.550003,177.800003,183.850006,183.850006,1666.0
2016-03-16,174.0,188.850006,174.0,181.800003,181.800003,377.0
2016-03-17,184.0,188.0,175.399994,181.699997,181.699997,824.0
2016-03-18,182.550003,183.949997,179.0,182.350006,182.350006,595.0
2016-03-21,185.0,185.0,176.0,177.449997,177.449997,844.0
2016-03-22,181.0,181.0,168.399994,170.100006,170.100006,1630.0
2016-03-23,169.949997,188.800003,169.949997,180.25,180.25,9487.0
2016-03-28,179.0,179.0,178.0,178.0,178.0,201.0
2016-03-29,187.949997,187.949997,178.0,179.850006,179.850006,22014.0
2016-03-30,179.0,183.899994,179.0,179.0,179.0,5011.0
2016-03-31,179.0,185.0,179.0,181.25,181.25,888.0
2016-04-01,182.0,182.0,179.0,179.0,179.0,3076.0
2016-04-04,179.0,179.0,179.0,179.0,179.0,20.0
2016-04-05,180.0,180.0,180.0,180.0,180.0,383.0
2016-04-06,180.0,184.0,180.0,184.0,184.0,108.0
2016-04-07,176.399994,180.050003,176.399994,179.0,179.0,275.0
2016-04-08,187.949997,188.0,187.949997,187.949997,187.949997,200.0
2016-04-11,187.949997,190.0,187.949997,189.850006,189.850006,464.0
2016-04-12,185.0,188.800003,180.399994,185.0,185.0,786.0
2016-04-13,180.0,188.300003,179.399994,185.0,185.0,716.0
2016-04-18,185.0,185.0,178.149994,183.449997,183.449997,610.0
2016-04-20,180.100006,184.399994,178.399994,183.649994,183.649994,135.0
2016-04-21,185.0,190.0,185.0,185.050003,185.050003,167.0
2016-04-22,184.399994,189.0,184.399994,185.050003,185.050003,727.0
2016-04-25,180.399994,188.699997,180.0,188.550003,188.550003,682.0
2016-04-26,180.5,187.0,180.5,186.949997,186.949997,518.0
2016-04-27,187.949997,190.0,184.5,188.350006,188.350006,495.0
2016-04-28,188.350006,188.350006,188.350006,188.350006,188.350006,0.0
2016-04-29,188.0,189.800003,181.100006,189.800003,189.800003,126.0
2016-05-02,181.399994,189.0,181.399994,186.0,186.0,789.0
2016-05-03,185.300003,187.699997,182.050003,184.399994,184.399994,2002.0
2016-05-04,180.649994,185.0,180.100006,182.050003,182.050003,601.0
2016-05-05,180.600006,185.0,180.600006,183.949997,183.949997,433.0
2016-05-06,189.899994,193.0,182.399994,185.0,185.0,879.0
2016-05-09,185.0,187.0,181.100006,182.399994,182.399994,270.0
2016-05-10,181.399994,185.0,181.399994,185.0,185.0,352.0
2016-05-11,181.5,185.0,181.5,185.0,185.0,40.0
2016-05-12,185.0,185.0,185.0,185.0,185.0,325.0
2016-05-13,185.0,185.0,185.0,185.0,185.0,222.0
2016-05-16,181.5,181.5,181.100006,181.100006,181.100006,97.0
2016-05-17,180.399994,188.899994,180.399994,185.0,185.0,498.0
2016-05-18,180.5,185.0,180.5,185.0,185.0,80.0
2016-05-19,185.0,185.0,185.0,185.0,185.0,0.0
2016-05-20,180.399994,181.0,180.399994,181.0,181.0,100.0
2016-05-23,180.399994,188.0,175.399994,179.399994,179.399994,211.0
2016-05-24,182.0,182.0,180.100006,180.100006,180.100006,200.0
2016-05-25,178.399994,182.949997,176.199997,176.75,176.75,620.0
2016-05-26,176.75,176.75,176.75,176.75,176.75,0.0
2016-05-27,184.0,184.899994,184.0,184.300003,184.300003,146.0
2016-05-30,183.899994,184.949997,183.899994,183.949997,183.949997,177.0
2016-05-31,181.0,181.0,172.0,175.0,175.0,322.0
2016-06-01,183.5,183.5,172.5,172.5,172.5,196.0
2016-06-02,172.0,181.949997,169.0,174.100006,174.100006,1098.0
2016-06-03,174.399994,175.0,170.0,170.0,170.0,2149.0
2016-06-06,170.0,171.0,163.0,167.949997,167.949997,1476.0
2016-06-07,170.0,170.0,163.0,167.0,167.0,7380.0
2016-06-08,171.949997,187.949997,171.949997,180.600006,180.600006,648.0
2016-06-09,172.0,195.0,172.0,189.350006,189.350006,7352.0
2016-06-10,192.0,192.0,175.100006,178.800003,178.800003,26525.0
2016-06-13,187.0,187.0,171.399994,173.399994,173.399994,1445.0
2016-06-14,172.0,177.399994,168.699997,169.0,169.0,3161.0
2016-06-15,167.0,178.0,167.0,172.449997,172.449997,2392.0
2016-06-16,171.0,171.699997,164.0,164.449997,164.449997,2611.0
2016-06-17,169.949997,170.0,164.050003,167.949997,167.949997,427.0
2016-06-20,163.949997,167.399994,160.100006,163.25,163.25,1201.0
2016-06-21,166.949997,166.949997,160.25,160.600006,160.600006,1349.0
2016-06-22,168.800003,168.800003,160.050003,167.25,167.25,763.0
2016-06-23,173.25,173.25,162.600006,163.050003,163.050003,177.0
2016-06-24,155.0,165.949997,155.0,160.449997,160.449997,2128.0
2016-06-27,155.050003,180.0,146.0,177.699997,177.699997,7334.0
2016-06-28,172.399994,184.949997,167.399994,181.300003,181.300003,2804.0
2016-06-29,184.0,184.0,173.0,178.949997,178.949997,730.0
2016-06-30,171.399994,179.949997,171.399994,179.0,179.0,110.0
2016-07-01,178.949997,182.899994,171.050003,181.550003,181.550003,234.0
2016-07-04,171.149994,184.0,171.149994,175.0,175.0,562.0
2016-07-05,172.0,172.0,170.0,171.0,171.0,500.0
2016-07-07,169.399994,177.0,169.399994,176.600006,176.600006,126.0
2016-07-08,169.399994,178.399994,169.399994,175.899994,175.899994,120.0
2016-07-11,179.949997,180.0,163.399994,168.25,168.25,1276.0
2016-07-12,169.050003,175.949997,167.050003,167.050003,167.050003,148.0
2016-07-13,167.050003,183.949997,167.050003,176.149994,176.149994,1713.0
2016-07-14,168.0,176.850006,163.949997,172.149994,172.149994,935.0
2016-07-15,174.300003,174.300003,167.0,167.0,167.0,654.0
2016-07-18,172.399994,172.399994,165.300003,170.449997,170.449997,410.0
2016-07-19,171.300003,171.300003,166.600006,166.899994,166.899994,625.0
2016-07-20,166.0,172.449997,163.100006,171.350006,171.350006,1168.0
2016-07-21,170.0,177.399994,170.0,175.149994,175.149994,1469.0
2016-07-22,175.149994,175.149994,175.149994,175.149994,175.149994,0.0
2016-07-25,174.75,176.0,170.0,173.75,173.75,842.0
2016-07-26,171.050003,176.0,163.0,168.0,168.0,1337.0
2016-07-27,169.0,175.0,169.0,174.5,174.5,435.0
2016-07-28,174.949997,176.75,167.600006,170.600006,170.600006,1194.0
2016-07-29,168.850006,172.949997,165.0,172.699997,172.699997,1481.0
2016-08-01,173.899994,174.949997,166.100006,172.800003,172.800003,536.0
2016-08-02,170.0,170.0,170.0,170.0,170.0,45.0
2016-08-03,168.0,169.949997,162.100006,168.0,168.0,140.0
2016-08-04,163.050003,170.899994,163.0,164.350006,164.350006,769.0
2016-08-05,166.0,169.0,165.100006,168.899994,168.899994,1439.0
2016-08-08,165.100006,167.800003,163.0,163.050003,163.050003,1460.0
2016-08-09,163.0,164.800003,156.5,160.149994,160.149994,1289.0
2016-08-10,162.899994,163.0,162.899994,163.0,163.0,77.0
2016-08-11,154.050003,164.949997,154.0,154.399994,154.399994,363.0
2016-08-12,156.050003,166.899994,154.100006,158.0,158.0,1042.0
2016-08-16,157.600006,158.050003,154.5,156.850006,156.850006,76.0
2016-08-17,154.0,159.899994,153.649994,154.050003,154.050003,16174.0
2016-08-18,152.100006,159.050003,152.0,152.449997,152.449997,1985.0
2016-08-19,153.050003,153.899994,151.0,151.649994,151.649994,5967.0
2016-08-22,151.550003,157.0,143.0,146.149994,146.149994,2889.0
2016-08-23,147.149994,157.899994,145.0,149.399994,149.399994,1542.0
2016-08-24,148.100006,151.0,148.0,149.449997,149.449997,4398.0
2016-08-25,145.399994,149.800003,141.0,142.149994,142.149994,9521.0
2016-08-26,146.949997,146.949997,140.0,142.75,142.75,3455.0
2016-08-29,137.0,146.899994,132.0,141.850006,141.850006,4402.0
2016-08-30,137.100006,142.949997,137.050003,140.0,140.0,6083.0
2016-08-31,139.949997,140.0,136.199997,137.350006,137.350006,2501.0
2016-09-01,142.75,142.75,136.800003,139.949997,139.949997,10749.0
2016-09-02,136.949997,140.0,133.050003,139.25,139.25,1994.0
2016-09-06,134.050003,139.949997,128.649994,136.300003,136.300003,10187.0
2016-09-07,131.449997,142.0,131.449997,139.199997,139.199997,3792.0
2016-09-08,136.25,140.899994,135.0,135.949997,135.949997,1827.0
2016-09-09,138.0,139.699997,135.0,135.100006,135.100006,2326.0
2016-09-12,136.0,146.949997,136.0,137.5,137.5,2591.0
2016-09-14,142.949997,144.0,138.25,140.0,140.0,6309.0
2016-09-15,137.0,146.699997,137.0,143.75,143.75,3228.0
2016-09-16,145.800003,157.100006,144.0,151.75,151.75,4320.0
2016-09-19,149.050003,157.949997,149.050003,154.149994,154.149994,3273.0
2016-09-20,160.0,160.0,150.300003,157.800003,157.800003,2431.0
2016-09-21,152.100006,160.0,149.0,151.25,151.25,4259.0
2016-09-22,152.899994,160.0,145.25,153.899994,153.899994,2133.0
2016-09-23,154.899994,154.899994,149.949997,150.0,150.0,3179.0
2016-09-26,144.0,169.5,144.0,156.600006,156.600006,54271.0
2016-09-27,153.5,157.75,150.0,151.75,151.75,5248.0
2016-09-28,150.199997,156.0,150.100006,151.75,151.75,4754.0
2016-09-29,150.449997,154.899994,122.400002,150.649994,150.649994,6264.0
2016-09-30,158.0,158.0,146.0,146.449997,146.449997,3512.0
2016-10-03,149.0,150.0,145.899994,149.300003,149.300003,1958.0
2016-10-04,150.0,152.800003,148.5,150.050003,150.050003,5648.0
2016-10-05,148.100006,154.0,148.100006,149.0,149.0,4745.0
2016-10-06,153.0,153.0,147.050003,148.399994,148.399994,2358.0
2016-10-07,147.0,155.0,147.0,153.149994,153.149994,2010.0
2016-10-10,148.399994,151.399994,148.399994,148.550003,148.550003,1382.0
2016-10-13,147.0,151.0,147.0,148.850006,148.850006,770.0
2016-10-14,150.0,150.0,148.350006,148.75,148.75,140.0
2016-10-17,146.0,153.699997,146.0,146.550003,146.550003,2978.0
2016-10-18,150.0,150.0,148.0,149.0,149.0,2918.0
2016-10-19,154.399994,154.399994,145.300003,150.0,150.0,1426.0
2016-10-20,150.0,150.0,149.0,149.5,149.5,155.0
2016-10-21,149.5,155.899994,145.050003,148.600006,148.600006,809.0
2016-10-24,148.600006,149.0,146.149994,146.149994,146.149994,1417.0
2016-10-25,153.300003,153.300003,146.0,149.199997,149.199997,1018.0
2016-10-26,153.899994,154.949997,146.0,148.199997,148.199997,1947.0
2016-10-27,150.0,150.0,140.199997,144.0,144.0,3226.0
2016-10-28,140.399994,144.949997,140.0,143.699997,143.699997,1972.0
2016-11-01,145.399994,149.0,141.0,141.800003,141.800003,1526.0
2016-11-02,141.600006,148.949997,141.0,144.649994,144.649994,465.0
2016-11-03,142.25,150.949997,141.0,141.850006,141.850006,1547.0
2016-11-04,141.100006,143.0,137.100006,138.399994,138.399994,1393.0
2016-11-07,140.199997,143.0,138.5,141.149994,141.149994,633.0
2016-11-08,143.899994,143.899994,138.550003,138.850006,138.850006,378.0
2016-11-09,124.0,155.0,111.199997,132.699997,132.699997,1393.0
2016-11-10,143.899994,143.949997,142.949997,142.949997,142.949997,504.0
2016-11-11,135.649994,135.649994,135.100006,135.149994,135.149994,1642.0
2016-11-15,135.149994,137.899994,121.550003,129.949997,129.949997,333.0
2016-11-16,129.949997,139.949997,127.0,128.449997,128.449997,1110.0
2016-11-17,133.600006,135.5,127.0,134.899994,134.899994,727.0
2016-11-18,135.0,143.0,133.5,136.399994,136.399994,668.0
2016-11-21,135.0,135.0,135.0,135.0,135.0,10.0
2016-11-22,135.0,135.0,135.0,135.0,135.0,2.0
2016-11-23,132.5,132.5,132.5,132.5,132.5,802.0
2016-11-24,137.800003,137.800003,130.0,130.449997,130.449997,1232.0
2016-11-25,135.0,138.699997,130.0,131.300003,131.300003,3389.0
2016-11-28,136.600006,143.100006,128.399994,129.300003,129.300003,486.0
2016-11-29,131.0,135.0,128.100006,129.350006,129.350006,3605.0
2016-11-30,128.600006,130.0,128.5,129.949997,129.949997,151.0
2016-12-01,129.949997,137.0,129.949997,131.350006,131.350006,4715.0
2016-12-02,133.800003,133.800003,131.0,131.0,131.0,109.0
2016-12-05,130.0,131.0,129.550003,129.550003,129.550003,177.0
2016-12-06,132.0,132.0,130.0,130.0,130.0,2.0
2016-12-07,134.5,140.899994,129.550003,131.949997,131.949997,1106.0
2016-12-08,131.949997,133.300003,128.100006,128.350006,128.350006,900.0
2016-12-09,133.399994,135.0,129.0,130.0,130.0,3185.0
2016-12-12,130.0,134.899994,128.649994,130.0,130.0,3871.0
2016-12-13,130.100006,130.100006,128.100006,130.0,130.0,2902.0
2016-12-14,130.0,130.0,130.0,130.0,130.0,0.0
2016-12-15,128.699997,130.0,128.699997,130.0,130.0,51.0
2016-12-16,128.300003,144.0,128.300003,137.5,137.5,1280.0
2016-12-19,143.0,145.0,125.5,133.25,133.25,4409.0
2016-12-20,133.0,133.0,128.600006,130.0,130.0,2310.0
2016-12-21,128.0,129.399994,124.099998,125.900002,125.900002,2490.0
2016-12-22,127.449997,138.899994,125.25,133.850006,133.850006,984.0
2016-12-23,128.550003,141.949997,128.550003,136.600006,136.600006,1142.0
2016-12-26,131.5,144.399994,129.5,138.100006,138.100006,820.0
2016-12-27,138.0,163.0,134.0,145.149994,145.149994,16892.0
2016-12-28,151.0,155.0,133.25,138.199997,138.199997,5625.0
2016-12-29,138.350006,145.0,136.5,143.399994,143.399994,5503.0
2016-12-30,139.199997,142.899994,135.5,138.75,138.75,196.0
2017-01-02,144.0,163.949997,136.100006,137.899994,137.899994,40944.0
2017-01-03,140.899994,140.949997,135.0,137.149994,137.149994,4772.0
2017-01-04,140.0,140.0,133.399994,138.149994,138.149994,2108.0
2017-01-05,140.0,140.0,134.0,136.25,136.25,2956.0
2017-01-06,135.899994,144.0,135.899994,139.600006,139.600006,2198.0
2017-01-09,140.0,141.0,136.949997,140.600006,140.600006,8560.0
2017-01-10,138.100006,138.100006,138.100006,138.100006,138.100006,5.0
2017-01-11,138.100006,139.0,136.0,137.850006,137.850006,1067.0
2017-01-12,137.5,145.550003,137.5,143.5,143.5,579.0
2017-01-13,157.949997,157.949997,140.100006,142.600006,142.600006,2699.0
2017-01-16,144.75,144.75,141.0,141.0,141.0,809.0
2017-01-17,137.0,146.899994,135.0,141.25,141.25,1445.0
2017-01-18,138.199997,142.0,138.199997,140.100006,140.100006,810.0
2017-01-19,140.0,145.0,140.0,143.75,143.75,487.0
2017-01-20,140.050003,144.600006,139.0,141.899994,141.899994,2986.0
2017-01-23,139.350006,140.800003,138.649994,140.149994,140.149994,425.0
2017-01-24,138.25,139.0,137.050003,137.850006,137.850006,227.0
2017-01-25,144.0,144.0,133.600006,135.0,135.0,7603.0
2017-01-27,135.0,137.149994,132.5,136.149994,136.149994,755.0
2017-01-30,133.5,135.449997,132.199997,134.0,134.0,841.0
2017-01-31,135.0,135.0,132.75,134.850006,134.850006,1035.0
2017-02-01,135.0,135.0,132.699997,133.100006,133.100006,523.0
2017-02-02,133.050003,135.0,132.0,133.350006,133.350006,2265.0
2017-02-03,134.5,135.0,116.0,121.099998,121.099998,8489.0
2017-02-06,125.0,135.0,118.300003,125.599998,125.599998,9504.0
2017-02-07,123.099998,128.899994,119.0,120.849998,120.849998,6092.0
2017-02-08,124.800003,127.0,120.0,123.699997,123.699997,9729.0
2017-02-09,122.150002,127.25,122.099998,125.300003,125.300003,797.0
2017-02-10,123.0,125.349998,123.0,124.400002,124.400002,1144.0
2017-02-13,121.25,124.650002,121.0,124.300003,124.300003,2512.0
2017-02-14,121.25,124.0,120.150002,120.5,120.5,3669.0
2017-02-15,120.5,121.699997,115.25,116.599998,116.599998,4680.0
2017-02-16,118.800003,118.800003,112.099998,114.849998,114.849998,1046.0
2017-02-17,115.75,118.199997,115.0,115.25,115.25,3947.0
2017-02-20,119.300003,119.599998,112.599998,113.550003,113.550003,2326.0
2017-02-21,115.949997,115.949997,113.550003,114.75,114.75,3823.0
2017-02-22,119.300003,119.300003,114.0,114.050003,114.050003,1833.0
2017-02-23,112.400002,116.900002,112.400002,115.650002,115.650002,330.0
2017-02-27,118.849998,118.849998,111.199997,117.0,117.0,3512.0
2017-02-28,116.0,116.5,113.5,114.099998,114.099998,2606.0
2017-03-01,115.400002,115.5,112.5,112.75,112.75,1237.0
2017-03-02,114.800003,114.900002,112.800003,113.75,113.75,1153.0
2017-03-03,112.0,114.699997,112.0,113.0,113.0,103012.0
2017-03-06,117.0,119.0,111.099998,113.0,113.0,4551.0
2017-03-07,113.0,113.199997,113.0,113.0,113.0,20908.0
2017-03-08,113.0,113.0,111.5,112.099998,112.099998,4807.0
2017-03-09,111.599998,114.75,111.599998,112.949997,112.949997,2235.0
2017-03-10,112.5,113.0,112.5,112.949997,112.949997,285.0
2017-03-14,110.800003,113.699997,110.800003,111.75,111.75,1488.0
2017-03-15,112.0,114.800003,109.099998,110.25,110.25,8756.0
2017-03-16,113.400002,113.400002,107.0,108.199997,108.199997,6602.0
2017-03-17,109.0,111.849998,107.099998,110.150002,110.150002,4458.0
2017-03-20,111.099998,112.0,108.199997,110.050003,110.050003,57535.0
2017-03-21,109.199997,111.5,109.050003,109.949997,109.949997,4805.0
2017-03-22,107.099998,111.0,106.0,110.25,110.25,2403.0
2017-03-23,112.400002,112.5,110.699997,111.949997,111.949997,1360.0
2017-03-24,112.0,112.0,105.0,110.699997,110.699997,19993.0
2017-03-27,108.25,110.0,108.25,109.050003,109.050003,1152.0
2017-03-28,107.349998,130.850006,107.300003,115.699997,115.699997,63877.0
2017-03-29,114.0,119.650002,111.699997,115.050003,115.050003,4551.0
2017-03-30,111.099998,117.650002,111.099998,114.150002,114.150002,3350.0
2017-03-31,111.5,125.0,111.5,114.550003,114.550003,14214.0
2017-04-03,116.0,117.699997,113.650002,114.949997,114.949997,3865.0
2017-04-05,115.0,124.0,114.800003,115.300003,115.300003,39680.0
2017-04-06,116.0,119.800003,113.25,114.900002,114.900002,7524.0
2017-04-07,116.699997,118.400002,114.349998,115.449997,115.449997,1464.0
2017-04-10,115.050003,118.0,110.050003,113.75,113.75,11115.0
2017-04-11,114.0,115.75,111.349998,112.949997,112.949997,8895.0
2017-04-12,115.900002,116.900002,111.0,112.800003,112.800003,5081.0
2017-04-13,114.0,114.400002,113.0,113.0,113.0,9730.0
2017-04-17,115.0,118.900002,112.0,113.0,113.0,6748.0
2017-04-18,114.849998,117.5,114.0,114.0,114.0,11105.0
2017-04-19,116.800003,116.800003,113.099998,114.050003,114.050003,5885.0
2017-04-20,115.800003,115.800003,114.0,114.5,114.5,8956.0
2017-04-21,114.550003,115.650002,113.150002,113.949997,113.949997,4127.0
2017-04-24,113.099998,115.599998,112.699997,115.349998,115.349998,3521.0
2017-04-25,116.400002,116.400002,114.199997,114.699997,114.699997,4137.0
2017-04-26,114.300003,115.150002,112.0,113.349998,113.349998,25992.0
2017-04-27,114.75,114.75,109.0,113.199997,113.199997,82932.0
2017-04-28,112.0,113.349998,109.199997,110.5,110.5,28853.0
2017-05-02,114.75,114.800003,108.400002,109.050003,109.050003,101417.0
2017-05-03,113.900002,115.5,105.699997,108.0,108.0,105171.0
2017-05-04,110.0,110.849998,105.5,108.050003,108.050003,8395.0
2017-05-05,111.900002,111.900002,106.400002,108.199997,108.199997,5161.0
2017-05-08,110.0,110.0,105.25,105.800003,105.800003,2232.0
2017-05-09,106.0,110.0,101.099998,107.699997,107.699997,13116.0
2017-05-10,104.300003,110.0,104.300003,108.849998,108.849998,15315.0
2017-05-11,111.75,111.75,107.150002,108.5,108.5,6254.0
2017-05-12,111.900002,111.900002,106.0,109.150002,109.150002,9136.0
2017-05-15,110.0,110.0,107.099998,107.650002,107.650002,2538.0
2017-05-16,107.650002,108.849998,103.099998,104.599998,104.599998,9612.0
2017-05-17,105.0,105.0,101.900002,104.150002,104.150002,4334.0
2017-05-18,102.050003,104.150002,102.050003,102.699997,102.699997,4281.0
2017-05-19,107.800003,107.800003,100.550003,102.050003,102.050003,12272.0
2017-05-22,101.099998,102.699997,86.099998,93.300003,93.300003,66823.0
2017-05-23,91.900002,95.050003,87.099998,89.199997,89.199997,39914.0
2017-05-24,89.199997,89.199997,72.099998,75.699997,75.699997,66266.0
2017-05-25,79.0,79.0,76.0,78.0,78.0,22855.0
2017-05-26,80.0,80.050003,75.0,77.900002,77.900002,8642.0
2017-05-29,74.800003,78.0,70.949997,77.599998,77.599998,7886.0
2017-05-30,82.900002,82.900002,77.0,78.300003,78.300003,31562.0
2017-05-31,80.0,80.0,77.0,78.0,78.0,54844.0
2017-06-01,80.0,80.0,76.099998,76.800003,76.800003,14705.0
2017-06-02,79.900002,80.0,76.050003,77.0,77.0,3382.0
2017-06-05,80.0,80.0,73.050003,74.699997,74.699997,29170.0
2017-06-06,74.900002,74.900002,72.0,72.150002,72.150002,5752.0
2017-06-07,74.0,74.0,70.199997,70.25,70.25,6110.0
2017-06-08,70.150002,73.099998,65.75,69.900002,69.900002,53459.0
2017-06-09,70.0,76.199997,69.0,71.900002,71.900002,28200.0
2017-06-12,71.25,73.0,67.349998,67.550003,67.550003,7750.0
2017-06-13,67.25,69.599998,63.200001,67.849998,67.849998,23342.0
2017-06-14,67.449997,67.800003,65.550003,66.199997,66.199997,2061.0
2017-06-15,65.5,70.5,65.5,67.599998,67.599998,8842.0
2017-06-16,69.400002,69.400002,65.5,66.599998,66.599998,3288.0
2017-06-19,68.0,72.800003,67.150002,67.849998,67.849998,18995.0
2017-06-20,69.5,69.699997,67.550003,68.349998,68.349998,8576.0
2017-06-21,70.400002,70.400002,67.650002,67.949997,67.949997,21586.0
2017-06-22,67.650002,68.0,66.0,66.0,66.0,2868.0
2017-06-23,66.0,69.0,66.0,68.099998,68.099998,4443.0
2017-06-27,66.0,68.800003,62.549999,65.25,65.25,2498.0
2017-06-28,66.800003,74.699997,64.5,67.400002,67.400002,17776.0
2017-06-29,69.800003,69.800003,65.099998,66.5,66.5,6221.0
2017-06-30,67.849998,68.0,66.75,67.0,67.0,7505.0
2017-07-03,67.400002,68.5,67.099998,67.400002,67.400002,4731.0
2017-07-04,67.849998,77.25,67.650002,69.349998,69.349998,61029.0
2017-07-05,68.050003,71.800003,68.050003,69.650002,69.650002,3503.0
2017-07-06,71.849998,71.849998,67.099998,67.949997,67.949997,20361.0
2017-07-07,68.050003,70.0,67.550003,67.949997,67.949997,8991.0
2017-07-10,69.0,69.949997,67.0,67.099998,67.099998,656.0
2017-07-11,69.900002,69.900002,66.0,66.900002,66.900002,22513.0
2017-07-12,66.349998,67.150002,65.199997,65.449997,65.449997,4347.0
2017-07-13,64.699997,65.900002,62.049999,64.800003,64.800003,25940.0
2017-07-14,65.0,66.300003,64.400002,65.699997,65.699997,2069.0
2017-07-17,65.0,67.349998,64.25,65.0,65.0,2373.0
2017-07-18,65.0,66.0,64.849998,65.050003,65.050003,1380.0
2017-07-19,66.949997,69.949997,66.099998,67.050003,67.050003,10621.0
2017-07-20,67.099998,69.0,64.800003,65.449997,65.449997,34359.0
2017-07-21,69.0,69.0,65.0,67.550003,67.550003,8649.0
2017-07-24,67.550003,67.949997,65.5,65.949997,65.949997,12099.0
2017-07-25,65.400002,65.800003,64.5,64.949997,64.949997,4684.0
2017-07-26,64.699997,64.699997,63.0,63.0,63.0,6760.0
2017-07-27,63.0,64.199997,61.400002,62.849998,62.849998,15368.0
2017-07-28,62.799999,62.799999,58.5,59.75,59.75,29346.0
2017-07-31,55.0,58.5,47.799999,47.799999,47.799999,124990.0
2017-08-01,46.0,46.0,43.049999,43.049999,43.049999,520858.0
2017-08-02,38.75,41.950001,38.75,38.75,38.75,378262.0
2017-08-03,34.900002,41.950001,34.900002,38.900002,38.900002,575989.0
2017-08-04,38.900002,39.849998,36.25,37.900002,37.900002,201474.0
2017-08-07,38.0,38.099998,36.099998,36.549999,36.549999,26087.0
2017-08-08,36.200001,36.599998,34.75,34.75,34.75,48519.0
2017-08-09,35.5,35.5,33.049999,33.049999,33.049999,32062.0
2017-08-10,34.0,34.0,31.4,31.4,31.4,58514.0
2017-08-11,32.950001,32.950001,29.85,29.85,29.85,183394.0
2017-08-14,29.85,31.299999,28.450001,28.549999,28.549999,64604.0
2017-08-16,28.5,29.700001,27.15,27.15,27.15,35860.0
2017-08-17,26.0,28.5,26.0,28.5,28.5,16797.0
2017-08-18,29.9,29.9,29.9,29.9,29.9,2107.0
2017-08-21,31.35,31.35,31.35,31.35,31.35,3927.0
2017-08-22,32.900002,32.900002,31.5,32.400002,32.400002,119209.0
2017-08-23,31.6,34.0,31.6,33.5,33.5,43239.0
2017-08-24,33.549999,35.150002,33.0,34.700001,34.700001,24388.0
2017-08-28,35.0,36.400002,35.0,36.049999,36.049999,41407.0
2017-08-29,36.0,37.299999,34.25,34.400002,34.400002,55196.0
2017-08-30,34.400002,35.5,34.0,34.099998,34.099998,20773.0
2017-08-31,33.5,35.0,33.5,34.25,34.25,12484.0
2017-09-01,34.799999,35.950001,33.849998,35.599998,35.599998,15772.0
2017-09-04,36.0,36.450001,34.5,35.799999,35.799999,13875.0
2017-09-05,35.900002,36.099998,34.5,35.0,35.0,23050.0
2017-09-06,35.0,36.75,34.049999,34.299999,34.299999,56926.0
2017-09-07,35.0,35.5,32.599998,32.900002,32.900002,27593.0
2017-09-08,32.950001,34.0,32.549999,33.75,33.75,11681.0
2017-09-11,33.849998,35.400002,33.849998,35.400002,35.400002,15664.0
2017-09-12,37.0,37.150002,36.200001,37.150002,37.150002,13511.0
2017-09-13,37.25,39.0,37.25,39.0,39.0,28901.0
2017-09-14,40.950001,40.950001,37.25,37.900002,37.900002,39114.0
2017-09-15,38.950001,38.950001,36.150002,37.950001,37.950001,7038.0
2017-09-18,38.200001,38.700001,36.549999,36.950001,36.950001,3442.0
2017-09-19,36.950001,37.900002,36.099998,37.349998,37.349998,1233.0
2017-09-20,37.400002,38.0,36.5,37.099998,37.099998,1777.0
2017-09-21,37.450001,38.0,35.900002,36.200001,36.200001,3833.0
2017-09-22,36.200001,36.200001,34.400002,34.400002,34.400002,12201.0
2017-09-25,36.099998,36.099998,33.0,33.650002,33.650002,6221.0
2017-09-26,34.150002,34.200001,33.049999,34.099998,34.099998,4168.0
2017-09-27,33.349998,34.5,33.0,33.049999,33.049999,3727.0
2017-09-28,32.799999,33.5,32.150002,32.549999,32.549999,4881.0
2017-09-29,33.799999,33.799999,31.299999,31.75,31.75,15875.0
2017-10-03,33.0,33.0,31.6,31.6,31.6,4436.0
2017-10-04,32.5,32.5,31.950001,32.0,32.0,8579.0
2017-10-05,32.0,32.75,32.0,32.700001,32.700001,3308.0
2017-10-06,32.049999,33.900002,32.0,32.849998,32.849998,6006.0
2017-10-09,32.200001,34.849998,32.0,32.0,32.0,6836.0
2017-10-10,31.549999,34.25,31.5,32.0,32.0,10659.0
2017-10-11,31.950001,34.5,31.950001,34.099998,34.099998,19789.0
2017-10-12,36.0,36.0,32.650002,33.049999,33.049999,22995.0
2017-10-13,33.049999,35.400002,33.0,34.25,34.25,7145.0
2017-10-16,34.5,34.5,32.0,33.099998,33.099998,4256.0
2017-10-17,33.450001,34.900002,32.650002,33.900002,33.900002,4579.0
2017-10-18,33.5,33.5,32.849998,33.0,33.0,1600.0
2017-10-19,35.5,35.5,32.900002,33.75,33.75,1540.0
2017-10-23,35.950001,35.950001,33.0,33.200001,33.200001,1951.0
2017-10-24,33.900002,34.0,32.599998,34.0,34.0,4733.0
2017-10-25,33.099998,35.0,32.599998,32.799999,32.799999,5721.0
2017-10-26,34.849998,35.849998,32.849998,34.650002,34.650002,73356.0
2017-10-27,35.0,35.0,33.25,34.450001,34.450001,30368.0
2017-10-30,35.900002,36.900002,33.299999,35.450001,35.450001,23748.0
2017-10-31,36.950001,36.950001,33.299999,33.450001,33.450001,26552.0
2017-11-01,33.299999,33.549999,32.099998,32.400002,32.400002,103859.0
2017-11-02,32.299999,34.0,29.65,31.25,31.25,111194.0
2017-11-03,31.25,33.150002,30.0,30.450001,30.450001,207093.0
2017-11-06,31.0,33.0,29.0,31.75,31.75,209427.0
2017-11-07,30.799999,32.25,30.549999,30.700001,30.700001,24540.0
2017-11-08,30.25,31.75,30.25,30.6,30.6,11498.0
2017-11-09,30.85,33.0,30.5,30.950001,30.950001,26894.0
2017-11-10,30.950001,32.5,30.6,31.950001,31.950001,5572.0
2017-11-13,32.049999,32.400002,31.0,31.299999,31.299999,4719.0
2017-11-14,31.1,31.700001,30.1,30.25,30.25,12748.0
2017-11-15,30.950001,30.950001,29.950001,30.15,30.15,10497.0
2017-11-16,28.6,29.9,28.6,29.700001,29.700001,11616.0
2017-11-17,29.9,30.6,29.1,29.65,29.65,8705.0
2017-11-20,29.5,31.25,29.5,30.5,30.5,8975.0
2017-11-21,30.450001,31.9,30.4,31.1,31.1,17688.0
2017-11-22,31.700001,31.9,31.0,31.049999,31.049999,4873.0
2017-11-23,31.15,31.85,30.9,31.1,31.1,6048.0
2017-11-24,31.799999,34.200001,31.049999,34.200001,34.200001,60094.0
2017-11-27,37.599998,37.599998,37.200001,37.599998,37.599998,353687.0
2017-11-28,40.650002,40.650002,33.849998,34.799999,34.799999,242055.0
2017-11-29,34.900002,34.900002,31.35,31.4,31.4,183171.0
2017-11-30,31.75,32.099998,29.5,30.049999,30.049999,84173.0
2017-12-01,30.799999,33.0,29.950001,30.75,30.75,105163.0
2017-12-04,31.0,31.0,29.950001,30.049999,30.049999,30099.0
2017-12-05,30.0,30.75,29.35,30.549999,30.549999,11966.0
2017-12-06,31.799999,31.799999,29.200001,29.549999,29.549999,36515.0
2017-12-07,29.5,30.0,28.75,29.200001,29.200001,34518.0
2017-12-08,29.5,30.5,29.5,29.85,29.85,10509.0
2017-12-11,30.0,30.299999,29.5,29.9,29.9,10563.0
2017-12-12,29.950001,29.950001,29.15,29.6,29.6,3690.0
2017-12-13,29.65,29.65,28.200001,28.450001,28.450001,20699.0
2017-12-14,28.25,29.450001,28.25,28.9,28.9,11080.0
2017-12-15,28.700001,29.15,28.700001,29.1,29.1,7066.0
2017-12-18,29.1,29.5,28.6,29.049999,29.049999,10622.0
2017-12-19,29.049999,30.75,28.6,30.200001,30.200001,38617.0
2017-12-20,29.799999,32.400002,29.6,31.15,31.15,48741.0
2017-12-21,32.0,34.0,31.25,32.849998,32.849998,96475.0
2017-12-22,33.950001,35.900002,33.599998,33.849998,33.849998,83445.0
2017-12-26,34.200001,34.450001,30.549999,33.0,33.0,27283.0
2017-12-27,34.200001,34.200001,32.0,32.5,32.5,23565.0
2017-12-28,34.0,34.099998,32.049999,32.900002,32.900002,15417.0
2017-12-29,34.25,34.25,32.700001,33.099998,33.099998,14709.0
2018-01-01,34.299999,34.299999,32.799999,33.400002,33.400002,86961.0
2018-01-02,33.099998,34.0,32.099998,33.799999,33.799999,64616.0
2018-01-03,33.799999,34.0,33.450001,33.549999,33.549999,16626.0
2018-01-04,32.599998,35.0,32.599998,33.450001,33.450001,28411.0
2018-01-05,33.900002,33.900002,32.549999,32.849998,32.849998,19284.0
2018-01-08,32.950001,33.599998,32.599998,33.099998,33.099998,12023.0
2018-01-09,33.299999,35.849998,32.700001,33.799999,33.799999,26634.0
2018-01-10,33.75,34.200001,33.299999,33.900002,33.900002,19556.0
2018-01-11,33.849998,34.25,33.5,34.0,34.0,78568.0
2018-01-12,34.299999,35.5,33.400002,33.900002,33.900002,22767.0
2018-01-15,33.75,37.25,33.75,37.0,37.0,259892.0
2018-01-16,37.700001,39.25,35.049999,35.900002,35.900002,180559.0
2018-01-17,36.0,36.900002,33.549999,35.400002,35.400002,58867.0
2018-01-18,35.950001,36.700001,32.5,32.799999,32.799999,45222.0
2018-01-19,32.799999,34.25,31.25,32.650002,32.650002,13818.0
2018-01-22,33.900002,33.900002,32.0,32.849998,32.849998,23547.0
2018-01-23,33.049999,34.650002,32.700001,34.349998,34.349998,26314.0
2018-01-24,34.5,34.650002,32.299999,32.700001,32.700001,17581.0
2018-01-25,31.35,33.200001,31.35,32.0,32.0,17627.0
2018-01-29,32.25,33.599998,31.65,31.75,31.75,16562.0
2018-01-30,32.400002,33.099998,31.25,31.6,31.6,16790.0
2018-01-31,32.599998,33.599998,31.1,31.950001,31.950001,57571.0
2018-02-01,32.5,32.799999,31.0,31.25,31.25,7866.0
2018-02-02,32.299999,32.299999,29.0,29.35,29.35,25783.0
2018-02-05,29.0,29.950001,27.25,29.299999,29.299999,12847.0
2018-02-06,27.549999,30.75,27.549999,29.049999,29.049999,11981.0
2018-02-07,27.0,29.85,27.0,28.9,28.9,7745.0
2018-02-08,29.0,29.700001,28.5,29.1,29.1,27621.0
2018-02-09,28.6,28.799999,28.299999,28.450001,28.450001,11849.0
2018-02-12,28.1,29.5,27.35,28.6,28.6,37256.0
2018-02-14,28.6,31.200001,28.049999,29.700001,29.700001,21840.0
2018-02-15,29.6,30.700001,28.1,28.299999,28.299999,18866.0
2018-02-16,28.549999,28.9,27.65,28.450001,28.450001,143420.0
2018-02-19,27.299999,28.0,27.1,27.85,27.85,6346.0
2018-02-20,27.0,28.450001,26.6,27.35,27.35,9451.0
2018-02-21,27.049999,27.5,26.65,26.950001,26.950001,3566.0
2018-02-22,26.950001,28.0,26.700001,27.65,27.65,2430.0
2018-02-23,29.799999,29.799999,27.35,27.6,27.6,6637.0
2018-02-26,28.65,29.0,27.5,27.950001,27.950001,2155.0
2018-02-27,28.0,28.700001,27.15,27.4,27.4,2741.0
2018-02-28,27.049999,28.5,26.799999,27.25,27.25,16405.0
2018-03-01,27.700001,27.700001,26.85,27.0,27.0,6780.0
2018-03-05,26.9,27.0,26.049999,26.25,26.25,14488.0
2018-03-06,26.950001,26.950001,26.0,26.049999,26.049999,4127.0
2018-03-07,26.049999,27.9,25.0,25.799999,25.799999,12785.0
2018-03-08,25.5,25.799999,25.4,25.75,25.75,3045.0
2018-03-09,25.15,26.9,25.15,26.299999,26.299999,10462.0
2018-03-12,27.9,27.9,26.35,26.65,26.65,13952.0
2018-03-13,26.049999,26.4,25.1,25.6,25.6,157584.0
2018-03-14,25.200001,27.799999,25.15,26.9,26.9,173535.0
2018-03-15,29.0,29.0,27.15,27.6,27.6,164298.0
2018-03-16,28.85,28.85,25.700001,26.25,26.25,112349.0
2018-03-19,29.0,29.0,24.549999,25.25,25.25,10920.0
2018-03-20,25.75,25.75,24.6,24.950001,24.950001,4195.0
2018-03-21,24.950001,25.9,23.6,24.1,24.1,8124.0
2018-03-22,24.1,24.200001,20.6,21.4,21.4,33045.0
2018-03-23,21.75,21.75,19.15,19.799999,19.799999,25699.0
2018-03-26,19.25,19.950001,18.200001,19.049999,19.049999,154243.0
2018-03-27,19.200001,22.85,19.049999,22.85,22.85,116217.0
2018-03-28,24.700001,26.4,18.799999,19.75,19.75,431035.0
2018-04-02,20.0,21.700001,19.549999,20.700001,20.700001,49070.0
2018-04-03,21.25,21.25,19.299999,21.0,21.0,31690.0
2018-04-04,21.799999,23.0,20.049999,21.200001,21.200001,38010.0
2018-04-05,20.799999,22.799999,20.799999,22.1,22.1,26387.0
2018-04-06,22.700001,22.700001,21.0,21.35,21.35,21505.0
2018-04-09,21.4,22.299999,21.049999,21.25,21.25,32773.0
2018-04-10,21.1,21.9,21.0,21.299999,21.299999,20910.0
2018-04-11,21.0,21.6,21.0,21.25,21.25,22687.0
2018-04-12,21.25,21.5,21.0,21.450001,21.450001,8467.0
2018-04-13,21.1,22.1,21.049999,21.75,21.75,10562.0
2018-04-16,22.15,22.15,21.25,21.299999,21.299999,5364.0
2018-04-17,21.299999,21.6,21.1,21.15,21.15,4049.0
2018-04-18,21.35,24.0,21.25,23.549999,23.549999,80736.0
2018-04-19,24.0,24.0,21.5,22.049999,22.049999,19545.0
2018-04-20,22.9,22.9,21.25,21.4,21.4,8630.0
2018-04-23,22.4,22.4,21.299999,21.35,21.35,4198.0
2018-04-24,21.15,22.0,21.15,21.65,21.65,9522.0
2018-04-25,21.65,21.65,21.15,21.25,21.25,6574.0
2018-04-26,21.25,21.5,21.25,21.299999,21.299999,1388.0
2018-04-27,21.25,22.65,20.700001,21.75,21.75,10690.0
2018-04-30,21.200001,21.75,21.200001,21.299999,21.299999,1622.0
2018-05-02,21.4,22.0,21.15,21.25,21.25,7974.0
2018-05-03,21.299999,21.299999,20.5,20.950001,20.950001,2613.0
2018-05-04,20.85,21.5,20.85,21.25,21.25,6963.0
2018-05-07,22.0,22.0,21.0,21.25,21.25,8699.0
2018-05-08,20.549999,23.9,19.5,20.1,20.1,25332.0
2018-05-09,21.15,21.15,19.65,19.85,19.85,4828.0
2018-05-10,19.65,19.700001,18.25,18.450001,18.450001,13853.0
2018-05-11,19.6,19.6,18.049999,19.15,19.15,4724.0
2018-05-14,20.25,20.4,18.799999,18.85,18.85,5531.0
2018-05-15,18.9,19.200001,18.15,18.950001,18.950001,3586.0
2018-05-16,19.0,19.0,17.299999,19.0,19.0,2428.0
2018-05-17,18.9,19.25,17.6,18.75,18.75,8035.0
2018-05-18,19.950001,19.950001,18.0,18.4,18.4,4436.0
2018-05-21,18.200001,18.5,16.6,16.85,16.85,7123.0
2018-05-22,16.85,17.950001,16.35,16.549999,16.549999,25908.0
2018-05-23,16.85,17.0,16.200001,16.450001,16.450001,3243.0
2018-05-24,19.299999,19.65,17.15,18.35,18.35,99960.0
2018-05-25,19.0,19.0,17.200001,18.1,18.1,21791.0
2018-05-28,19.049999,19.4,17.25,18.1,18.1,8188.0
2018-05-29,18.049999,18.5,17.1,17.35,17.35,8075.0
2018-05-30,17.4,17.6,16.6,17.299999,17.299999,5584.0
2018-05-31,16.9,19.0,16.299999,17.950001,17.950001,12018.0
2018-06-01,17.799999,17.799999,17.0,17.0,17.0,5969.0
2018-06-04,18.0,18.0,15.2,15.55,15.55,12663.0
2018-06-05,15.55,15.8,13.75,14.3,14.3,22918.0
2018-06-06,14.05,14.9,12.6,14.15,14.15,9232.0
2018-06-07,14.35,15.5,14.25,15.0,15.0,4467.0
2018-06-08,14.9,14.9,14.15,14.55,14.55,8815.0
2018-06-11,16.5,16.5,13.1,14.05,14.05,20743.0
2018-06-12,14.05,14.6,14.05,14.2,14.2,6457.0
2018-06-13,14.45,14.5,13.9,14.0,14.0,26826.0
2018-06-14,14.0,14.4,12.8,13.05,13.05,37803.0
2018-06-15,13.85,14.9,13.1,13.85,13.85,16562.0
2018-06-18,15.0,15.0,13.15,13.5,13.5,16496.0
2018-06-19,14.25,14.5,13.35,13.5,13.5,4235.0
2018-06-20,13.4,13.5,13.0,13.35,13.35,9131.0
2018-06-21,14.25,14.4,12.8,14.15,14.15,36053.0
2018-06-22,14.5,14.5,13.7,13.75,13.75,3554.0
2018-06-25,14.5,14.5,12.4,12.7,12.7,24474.0
2018-06-26,12.5,13.85,12.5,13.15,13.15,2627.0
2018-06-27,13.0,13.2,12.65,13.2,13.2,2915.0
2018-06-28,12.9,13.15,12.15,12.9,12.9,1399.0
2018-06-29,12.9,13.15,12.1,12.8,12.8,7017.0
2018-07-02,12.55,12.9,12.5,12.85,12.85,1388.0
2018-07-03,12.8,12.8,12.5,12.8,12.8,482.0
2018-07-04,12.4,13.2,12.05,12.9,12.9,4989.0
2018-07-05,12.3,12.9,11.45,11.75,11.75,10315.0
2018-07-06,11.25,11.45,10.75,11.0,11.0,19641.0
2018-07-09,11.0,12.0,10.35,10.8,10.8,17449.0
2018-07-10,11.45,11.5,10.6,10.9,10.9,18673.0
2018-07-11,11.35,11.35,10.6,11.0,11.0,2623.0
2018-07-12,11.25,11.25,10.7,10.95,10.95,4379.0
2018-07-13,10.8,11.15,10.25,10.6,10.6,3416.0
2018-07-16,10.4,10.4,9.25,9.5,9.5,5449.0
2018-07-17,10.9,10.95,9.0,9.9,9.9,11651.0
2018-07-18,9.9,9.9,9.5,9.6,9.6,736.0
2018-07-19,10.8,11.5,10.0,11.4,11.4,80792.0
2018-07-20,11.95,13.65,11.9,13.65,13.65,210108.0
2018-07-23,13.8,16.35,13.8,15.65,15.65,287672.0
2018-07-24,15.5,16.0,14.8,15.1,15.1,73614.0
2018-07-25,15.4,15.4,13.6,14.05,14.05,52665.0
2018-07-26,14.5,14.5,13.0,13.7,13.7,15839.0
2018-07-27,14.2,14.25,13.3,13.45,13.45,10430.0
2018-07-30,14.0,14.0,13.0,13.05,13.05,24902.0
2018-07-31,13.0,13.35,12.85,13.05,13.05,15057.0
2018-08-01,12.4,13.5,12.4,13.05,13.05,12591.0
2018-08-02,13.05,13.7,12.4,12.95,12.95,4644.0
2018-08-03,12.95,13.2,12.35,12.75,12.75,6008.0
2018-08-06,13.3,13.35,12.15,12.85,12.85,4184.0
2018-08-07,13.3,13.3,12.4,12.55,12.55,2684.0
2018-08-08,13.15,13.15,12.0,13.15,13.15,37842.0
2018-08-09,13.0,13.8,12.75,13.8,13.8,19071.0
2018-08-10,13.8,14.25,13.25,13.95,13.95,1939.0
2018-08-13,13.95,14.3,13.8,14.0,14.0,23521.0
2018-08-14,14.0,14.7,13.3,13.35,13.35,9116.0
2018-08-16,12.75,14.0,12.75,12.9,12.9,2353.0
2018-08-17,12.4,13.5,12.3,12.7,12.7,5082.0
2018-08-20,12.15,12.95,12.15,12.35,12.35,1897.0
2018-08-21,12.95,12.95,12.5,12.5,12.5,924.0
2018-08-23,13.0,13.0,12.6,12.6,12.6,2911.0
2018-08-24,12.6,13.1,12.0,12.1,12.1,4052.0
2018-08-27,11.6,12.7,11.6,11.95,11.95,4479.0
2018-08-28,11.95,12.45,11.6,11.7,11.7,547.0
2018-08-29,11.3,12.25,11.15,11.2,11.2,4189.0
2018-08-30,11.75,11.75,11.2,11.65,11.65,439.0
2018-08-31,12.15,12.15,11.2,11.95,11.95,1583.0
2018-09-03,12.5,12.5,11.65,11.65,11.65,5098.0
2018-09-04,12.2,12.2,11.2,11.35,11.35,3182.0
2018-09-05,11.35,11.85,11.0,11.65,11.65,2773.0
2018-09-06,12.15,12.2,11.1,11.25,11.25,10344.0
2018-09-07,11.25,11.6,10.7,10.8,10.8,580.0
2018-09-10,10.8,11.2,10.4,10.8,10.8,491.0
2018-09-11,11.3,11.3,10.8,10.8,10.8,1116.0
2018-09-12,10.8,10.9,10.65,10.9,10.9,100.0
2018-09-14,11.0,11.4,10.45,11.0,11.0,1940.0
2018-09-17,11.3,11.3,11.0,11.05,11.05,188.0
2018-09-18,10.5,10.7,10.5,10.5,10.5,4594.0
2018-09-19,10.7,10.7,10.0,10.65,10.65,2441.0
2018-09-21,10.5,10.9,10.15,10.15,10.15,821.0
2018-09-24,10.6,10.6,9.65,9.85,9.85,1561.0
2018-09-25,10.0,10.25,9.4,10.25,10.25,4331.0
2018-09-26,10.25,10.25,10.25,10.25,10.25,6.0
2018-09-27,10.5,10.5,9.75,10.2,10.2,1078.0
2018-09-28,10.65,10.65,9.9,10.2,10.2,236.0
2018-10-01,10.7,10.7,9.7,9.7,9.7,368.0
2018-10-03,9.25,9.25,9.25,9.25,9.25,2047.0
2018-10-04,9.7,9.7,8.8,9.0,9.0,2752.0
2018-10-05,8.55,8.6,8.55,8.55,8.55,1623.0
2018-10-08,8.15,8.95,8.15,8.15,8.15,3462.0
2018-10-09,8.0,8.55,7.75,8.25,8.25,2788.0
2018-10-10,8.25,8.25,7.85,8.25,8.25,718.0
2018-10-11,8.25,8.25,7.85,7.85,7.85,2419.0
2018-10-12,7.6,8.2,7.5,8.15,8.15,24327.0
2018-10-15,8.5,8.5,7.8,8.0,8.0,2271.0
2018-10-16,8.4,8.4,8.0,8.35,8.35,69671.0
2018-10-17,8.35,8.35,8.0,8.1,8.1,8828.0
2018-10-19,7.8,8.5,7.8,8.4,8.4,5027.0
2018-10-22,8.4,8.4,8.0,8.0,8.0,13263.0
2018-10-23,7.6,7.85,7.6,7.6,7.6,5681.0
2018-10-24,7.25,7.85,7.25,7.3,7.3,2533.0
2018-10-25,7.65,7.65,6.95,6.95,6.95,2414.0
2018-10-26,6.7,6.8,6.65,6.65,6.65,2990.0
2018-10-29,6.95,6.95,6.35,6.35,6.35,20068.0
2018-10-30,6.35,6.6,6.05,6.5,6.5,50980.0
2018-10-31,6.5,6.7,6.25,6.45,6.45,4053.0
2018-11-01,6.45,6.7,6.25,6.45,6.45,16067.0
2018-11-02,6.25,6.7,6.25,6.5,6.5,30722.0
2018-11-05,6.4,6.6,6.2,6.2,6.2,46474.0
2018-11-06,6.2,6.2,5.9,6.05,6.05,16969.0
2018-11-07,6.35,6.35,6.3,6.3,6.3,340.0
2018-11-09,6.55,6.55,6.25,6.35,6.35,8604.0
2018-11-12,6.25,6.65,6.1,6.65,6.65,9132.0
2018-11-13,6.65,6.95,6.55,6.85,6.85,10761.0
2018-11-14,7.0,7.15,6.65,7.0,7.0,2084.0
2018-11-15,7.0,7.0,6.65,6.65,6.65,7871.0
2018-11-16,6.95,6.95,6.45,6.5,6.5,8097.0
2018-11-19,6.8,6.8,6.2,6.2,6.2,66826.0
2018-11-20,6.2,6.4,5.9,6.05,6.05,13976.0
2018-11-21,6.2,6.2,6.0,6.15,6.15,12134.0
2018-11-22,5.95,6.0,5.85,5.85,5.85,58700.0
2018-11-26,6.1,6.1,5.6,5.6,5.6,16008.0
2018-11-27,5.35,5.35,5.35,5.35,5.35,23522.0
2018-11-28,5.55,5.6,5.1,5.15,5.15,73423.0
2018-11-29,5.0,5.25,4.9,4.95,4.95,16596.0
2018-11-30,4.95,5.05,4.8,4.9,4.9,16317.0
2018-12-03,4.75,4.9,4.7,4.7,4.7,9071.0
2018-12-04,4.8,4.9,4.7,4.85,4.85,22380.0
2018-12-05,4.95,5.05,4.85,4.9,4.9,10647.0
2018-12-06,5.0,5.0,4.7,4.7,4.7,10737.0
2018-12-07,4.55,4.65,4.5,4.5,4.5,3576.0
2018-12-10,4.65,4.65,4.5,4.6,4.6,1863.0
2018-12-11,4.55,4.65,4.4,4.4,4.4,5388.0
2018-12-12,4.4,4.55,4.2,4.5,4.5,8897.0
2018-12-13,4.5,4.7,4.35,4.5,4.5,4433.0
2018-12-14,4.7,4.7,4.5,4.65,4.65,6653.0
2018-12-17,4.5,4.85,4.45,4.8,4.8,54286.0
2018-12-18,4.8,5.0,4.6,4.6,4.6,18313.0
2018-12-19,4.4,4.4,4.4,4.4,4.4,13168.0
2018-12-20,4.2,4.2,4.2,4.2,4.2,29389.0
2018-12-21,4.0,4.0,4.0,4.0,4.0,36731.0
2018-12-24,4.0,4.0,3.8,3.8,3.8,16522.0
2018-12-26,3.8,3.8,3.65,3.65,3.65,12355.0
2018-12-27,3.5,3.5,3.5,3.5,3.5,9672.0
2018-12-28,3.35,3.35,3.35,3.35,3.35,38163.0
2018-12-31,3.2,3.5,3.2,3.5,3.5,240026.0
2019-01-01,3.65,3.65,3.5,3.65,3.65,31058.0
2019-01-02,3.8,3.8,3.8,3.8,3.8,8040.0
2019-01-03,3.95,3.95,3.95,3.95,3.95,25576.0
2019-01-04,4.1,4.1,4.1,4.1,4.1,22121.0
2019-01-07,4.3,4.3,3.9,3.9,3.9,116045.0
2019-01-08,3.8,3.8,3.75,3.75,3.75,6530.0
2019-01-09,3.6,3.6,3.6,3.6,3.6,6456.0
2019-01-10,3.45,3.75,3.45,3.7,3.7,45470.0
2019-01-11,3.8,3.85,3.7,3.85,3.85,25603.0
2019-01-14,3.7,4.0,3.7,4.0,4.0,16531.0
2019-01-15,3.8,4.2,3.8,4.15,4.15,34147.0
2019-01-16,4.0,4.35,3.95,4.3,4.3,72949.0
2019-01-17,4.1,4.35,4.1,4.2,4.2,25562.0
2019-01-18,4.1,4.35,4.0,4.35,4.35,29204.0
2019-01-21,4.4,4.4,4.2,4.3,4.3,134959.0
2019-01-22,4.15,4.3,4.1,4.15,4.15,9231.0
2019-01-23,4.3,4.3,3.95,4.25,4.25,14733.0
2019-01-24,4.15,4.3,4.1,4.25,4.25,24281.0
2019-01-25,4.3,4.3,4.05,4.2,4.2,2858.0
2019-01-28,4.05,4.05,4.0,4.05,4.05,5376.0
2019-01-29,3.9,4.0,3.9,3.9,3.9,1573.0
2019-01-30,3.75,4.0,3.75,3.9,3.9,9277.0
2019-01-31,3.9,4.0,3.75,3.75,3.75,100144.0
2019-02-01,3.75,3.75,3.75,3.75,3.75,2350.0
2019-02-04,3.75,3.75,3.6,3.6,3.6,6613.0
2019-02-05,3.65,3.65,3.6,3.6,3.6,3254.0
2019-02-06,3.6,3.6,3.6,3.6,3.6,8670.0
2019-02-07,3.6,3.65,3.55,3.6,3.6,8970.0
2019-02-08,3.6,3.6,3.6,3.6,3.6,4855.0
2019-02-11,3.6,3.6,3.6,3.6,3.6,3.0
2019-02-12,3.5,3.6,3.5,3.6,3.6,4500.0
2019-02-14,3.6,3.6,3.45,3.6,3.6,105.0
2019-02-15,3.45,3.55,3.45,3.5,3.5,4325.0
2019-02-18,3.35,3.35,3.35,3.35,3.35,5374.0
2019-02-19,3.35,3.5,3.3,3.5,3.5,3372.0
2019-02-20,3.35,3.35,3.35,3.35,3.35,4729.0
2019-02-21,3.4,3.5,3.4,3.5,3.5,745.0
2019-02-22,3.5,3.65,3.45,3.6,3.6,8192.0
2019-02-25,3.7,3.7,3.6,3.6,3.6,5087.0
2019-02-26,3.7,3.7,3.7,3.7,3.7,6633.0
2019-02-27,3.7,3.7,3.7,3.7,3.7,550.0
2019-02-28,3.55,3.85,3.55,3.85,3.85,7035.0
2019-03-01,3.8,4.0,3.8,4.0,4.0,6118.0
2019-03-05,4.2,4.2,3.9,4.2,4.2,12538.0
2019-03-06,4.4,4.4,4.1,4.4,4.4,10282.0
2019-03-07,4.5,4.6,4.5,4.6,4.6,9830.0
2019-03-08,4.6,4.8,4.6,4.75,4.75,8276.0
2019-03-11,4.95,4.95,4.6,4.7,4.7,22290.0
2019-03-12,4.7,4.75,4.5,4.5,4.5,2823.0
2019-03-13,4.5,4.5,4.3,4.3,4.3,1761.0
2019-03-14,4.1,4.5,4.1,4.15,4.15,12150.0
2019-03-15,4.1,4.35,4.0,4.1,4.1,1375.0
2019-03-18,4.1,4.1,3.9,3.9,3.9,2667.0
2019-03-19,3.9,4.05,3.9,4.05,4.05,3622.0
2019-03-20,4.2,4.25,3.9,4.0,4.0,4645.0
2019-03-22,4.2,4.2,4.0,4.2,4.2,2700.0
2019-03-25,4.0,4.1,4.0,4.0,4.0,2102.0
2019-03-26,4.0,4.0,3.8,3.8,3.8,3832.0
2019-03-27,3.65,3.95,3.65,3.95,3.95,5300.0
2019-03-28,3.95,3.95,3.95,3.95,3.95,402.0
2019-04-01,3.8,3.8,3.8,3.8,3.8,250.0
2019-04-02,3.65,3.95,3.65,3.65,3.65,9608.0
2019-04-03,3.55,3.6,3.55,3.6,3.6,1150.0
2019-04-04,3.6,3.6,3.55,3.6,3.6,2703.0
2019-04-05,3.6,3.75,3.6,3.75,3.75,4091.0
2019-04-08,3.9,3.9,3.65,3.9,3.9,8184.0
2019-04-09,4.0,4.0,3.8,4.0,4.0,11916.0
2019-04-10,4.0,4.2,3.85,4.15,4.15,6512.0
2019-04-11,4.2,4.35,3.95,4.3,4.3,4287.0
2019-04-12,4.5,4.5,4.1,4.5,4.5,8623.0
2019-04-15,4.3,4.7,4.3,4.7,4.7,33413.0
2019-04-16,4.5,4.85,4.5,4.8,4.8,31003.0
2019-04-18,5.0,5.0,4.6,4.75,4.75,6112.0
2019-04-22,4.75,4.95,4.65,4.65,4.65,3103.0
2019-04-23,4.65,4.65,4.55,4.6,4.6,801.0
2019-04-24,4.4,4.8,4.4,4.4,4.4,12637.0
2019-04-25,4.6,4.6,4.4,4.55,4.55,7492.0
2019-04-26,4.55,4.55,4.5,4.5,4.5,110.0
2019-04-30,4.5,4.5,4.5,4.5,4.5,0.0
2019-05-02,4.65,4.65,4.5,4.5,4.5,105.0
2019-05-03,4.65,4.65,4.3,4.3,4.3,1104.0
2019-05-06,4.25,4.25,4.1,4.25,4.25,20103.0
2019-05-07,4.25,4.45,4.25,4.35,4.35,450.0
2019-05-08,4.3,4.3,4.25,4.25,4.25,45000.0
2019-05-09,4.3,4.3,4.2,4.2,4.2,2000.0
2019-05-10,4.0,4.0,4.0,4.0,4.0,2000.0
2019-05-13,3.8,3.95,3.8,3.8,3.8,6091.0
2019-05-14,3.7,3.7,3.65,3.65,3.65,855.0
2019-05-15,3.6,3.6,3.5,3.5,3.5,3701.0
2019-05-16,3.55,3.65,3.35,3.35,3.35,2501.0
2019-05-17,3.2,3.2,3.2,3.2,3.2,33132.0
2019-05-20,3.2,3.35,3.05,3.05,3.05,28793.0
2019-05-21,3.1,3.15,2.9,2.9,2.9,40286.0
2019-05-22,2.8,3.0,2.8,3.0,3.0,10902.0
2019-05-23,3.15,3.15,2.85,2.85,2.85,25559.0
2019-05-24,2.75,2.9,2.75,2.75,2.75,11452.0
2019-05-27,2.75,2.75,2.65,2.65,2.65,46837.0
2019-05-28,2.55,2.75,2.55,2.65,2.65,11283.0
2019-05-29,2.55,2.55,2.55,2.55,2.55,4765.0
2019-05-30,2.55,2.6,2.45,2.5,2.5,8697.0
2019-05-31,2.5,2.5,2.4,2.4,2.4,2523.0
2019-06-03,2.5,2.5,2.4,2.45,2.45,6881.0
2019-06-04,2.45,2.45,2.35,2.4,2.4,5419.0
2019-06-06,2.45,2.45,2.35,2.45,2.45,8639.0
2019-06-07,2.45,2.45,2.35,2.35,2.35,5155.0
2019-06-10,2.35,2.35,2.35,2.35,2.35,1059.0
2019-06-11,2.35,2.35,2.35,2.35,2.35,1520.0
2019-06-12,2.35,2.35,2.35,2.35,2.35,0.0
2019-06-13,2.4,2.4,2.35,2.35,2.35,601.0
2019-06-14,2.25,2.45,2.25,2.25,2.25,4858.0
2019-06-17,2.25,2.25,2.15,2.15,2.15,1300.0
2019-06-18,2.05,2.15,2.05,2.15,2.15,1982.0
2019-06-19,2.1,2.15,2.05,2.15,2.15,135.0
2019-06-20,2.05,2.05,2.05,2.05,2.05,710.0
2019-06-21,1.95,1.95,1.95,1.95,1.95,7914.0
2019-06-24,1.95,1.95,1.95,1.95,1.95,300.0
2019-06-25,1.9,1.9,1.9,1.9,1.9,1635.0
2019-06-26,1.9,1.95,1.85,1.85,1.85,63931.0
2019-06-27,1.8,1.9,1.8,1.85,1.85,20625.0
2019-06-28,1.9,1.9,1.8,1.8,1.8,6286.0
2019-07-01,1.75,1.8,1.75,1.75,1.75,7605.0
2019-07-02,1.75,1.8,1.75,1.8,1.8,1286.0
2019-07-03,1.85,1.85,1.75,1.75,1.75,25330.0
2019-07-04,1.7,1.75,1.7,1.75,1.75,5165.0
2019-07-05,1.7,1.75,1.7,1.75,1.75,24715.0
2019-07-08,1.7,1.7,1.7,1.7,1.7,7561.0
2019-07-09,1.65,1.65,1.65,1.65,1.65,4400.0
2019-07-10,1.65,1.65,1.6,1.6,1.6,8425.0
2019-07-11,1.55,1.55,1.55,1.55,1.55,6503.0
2019-07-12,1.5,1.55,1.5,1.5,1.5,16241.0
2019-07-15,1.55,1.55,1.45,1.45,1.45,3810.0
2019-07-16,1.4,1.4,1.4,1.4,1.4,7749.0
2019-07-17,1.35,1.35,1.35,1.35,1.35,9625.0
2019-07-18,1.35,1.35,1.3,1.3,1.3,6510.0
2019-07-19,1.3,1.3,1.25,1.25,1.25,6320.0
2019-07-22,1.25,1.25,1.2,1.2,1.2,3336.0
2019-07-23,1.2,1.2,1.2,1.2,1.2,1451.0
2019-07-24,1.2,1.2,1.15,1.15,1.15,300.0
2019-07-25,1.2,1.2,1.15,1.15,1.15,775.0
2019-07-26,1.1,1.1,1.1,1.1,1.1,14306.0
2019-07-29,1.1,1.1,1.05,1.1,1.1,3567.0
2019-07-30,1.1,1.1,1.1,1.1,1.1,0.0
2019-07-31,1.05,1.05,1.05,1.05,1.05,16.0
2019-08-01,1.05,1.05,1.05,1.05,1.05,16575.0
2019-08-02,1.05,1.1,1.0,1.1,1.1,19732.0
2019-08-05,1.1,1.15,1.05,1.15,1.15,15069.0
2019-08-06,1.15,1.15,1.1,1.1,1.1,1010.0
2019-08-07,1.1,1.1,1.05,1.05,1.05,2307.0
2019-08-08,1.0,1.0,1.0,1.0,1.0,43574.0
2019-08-09,1.0,1.0,0.95,1.0,1.0,37324.0
2019-08-13,1.0,1.0,0.95,0.95,0.95,16214.0
2019-08-14,0.95,1.0,0.9,1.0,1.0,26711.0
2019-08-16,1.0,1.0,0.95,1.0,1.0,1831.0
2019-08-19,1.0,1.0,0.95,1.0,1.0,17845.0
2019-08-20,1.0,1.0,0.95,0.95,0.95,8230.0
2019-08-21,1.0,1.0,0.9,1.0,1.0,9675.0
2019-08-22,1.0,1.0,0.95,1.0,1.0,8690.0
2019-08-23,0.95,1.0,0.95,1.0,1.0,13404.0
2019-08-26,1.05,1.05,0.95,1.0,1.0,26851.0
2019-08-27,1.0,1.0,0.95,1.0,1.0,54550.0
2019-08-28,1.0,1.0,0.95,1.0,1.0,16930.0
2019-08-29,1.0,1.0,0.95,1.0,1.0,16899.0
2019-08-30,0.95,1.0,0.95,1.0,1.0,23535.0
2019-09-03,1.0,1.0,0.95,0.95,0.95,9544.0
2019-09-04,1.0,1.0,1.0,1.0,1.0,60.0
2019-09-05,1.0,1.0,0.95,1.0,1.0,12532.0
2019-09-06,1.0,1.0,0.95,0.95,0.95,2292.0
2019-09-09,0.95,1.0,0.95,0.95,0.95,20572.0
2019-09-11,0.95,1.0,0.95,1.0,1.0,14967.0
2019-09-12,1.0,1.0,1.0,1.0,1.0,18169.0
2019-09-13,1.0,1.0,0.95,0.95,0.95,13514.0
2019-09-16,1.0,1.0,0.95,1.0,1.0,27770.0
2019-09-17,0.95,1.0,0.95,1.0,1.0,15530.0
2019-09-18,1.0,1.0,0.95,1.0,1.0,8770.0
2019-09-19,1.0,1.05,0.95,0.95,0.95,3329.0
2019-09-20,1.0,1.0,1.0,1.0,1.0,17790.0
2019-09-23,1.0,1.05,0.95,1.05,1.05,12362.0
2019-09-24,1.1,1.1,1.0,1.0,1.0,28190.0
2019-09-25,0.95,0.95,0.95,0.95,0.95,47662.0
2019-09-26,0.95,1.0,0.9,1.0,1.0,41369.0
2019-09-27,1.0,1.0,1.0,1.0,1.0,10400.0
2019-09-30,1.0,1.0,0.95,0.95,0.95,1726.0
2019-10-01,0.9,1.0,0.9,0.9,0.9,27453.0
2019-10-03,0.9,0.95,0.85,0.9,0.9,1300.0
2019-10-04,0.9,0.9,0.85,0.85,0.85,22720.0
2019-10-07,0.85,0.85,0.85,0.85,0.85,0.0
2019-10-09,0.8,0.8,0.8,0.8,0.8,2880.0
2019-10-10,0.8,0.8,0.8,0.8,0.8,151.0
2019-10-11,0.8,0.8,0.8,0.8,0.8,1040.0
2019-10-14,0.75,0.75,0.75,0.75,0.75,33374.0
2019-10-15,0.7,0.7,0.7,0.7,0.7,14900.0
2019-10-16,0.65,0.65,0.65,0.65,0.65,14560.0
2019-10-17,0.6,0.6,0.6,0.6,0.6,12666.0
2019-10-18,0.6,0.6,0.55,0.55,0.55,32821.0
2019-10-22,0.5,0.5,0.5,0.5,0.5,93856.0
2019-10-23,0.45,0.45,0.45,0.45,0.45,121671.0
2019-10-24,0.4,0.4,0.4,0.4,0.4,131104.0
2019-10-25,0.35,0.35,0.35,0.35,0.35,123735.0
2019-10-27,,,,,,
2019-10-29,0.3,0.4,0.3,0.3,0.3,281861.0
2019-10-30,0.35,0.35,0.25,0.25,0.25,305603.0
2019-10-31,0.2,0.2,0.2,0.2,0.2,495537.0
2019-11-01,0.15,0.25,0.15,0.25,0.25,1646663.0
2019-11-04,0.3,0.3,0.3,0.3,0.3,54931.0
2019-11-05,0.35,0.35,0.35,0.35,0.35,76542.0
2019-11-06,0.4,0.4,0.4,0.4,0.4,104612.0
2019-11-07,0.4,0.4,0.4,0.4,0.4,0.0
2019-11-08,0.5,0.5,0.5,0.5,0.5,67354.0
2019-11-11,0.55,0.55,0.55,0.55,0.55,89043.0
2019-11-13,0.6,0.6,0.6,0.6,0.6,195014.0
2019-11-14,0.65,0.65,0.55,0.6,0.6,317750.0
2019-11-15,0.55,0.55,0.55,0.55,0.55,47017.0
2019-11-18,0.5,0.5,0.5,0.5,0.5,51510.0
2019-11-19,0.45,0.45,0.45,0.45,0.45,48653.0
2019-11-20,0.4,0.5,0.4,0.5,0.5,107411.0
2019-11-21,0.55,0.55,0.5,0.5,0.5,107135.0
2019-11-22,0.55,0.55,0.45,0.5,0.5,72772.0
2019-11-25,0.5,0.55,0.5,0.55,0.55,123345.0
2019-11-26,0.55,0.6,0.5,0.55,0.55,38845.0
2019-11-27,0.55,0.6,0.55,0.55,0.55,57115.0
2019-11-28,0.6,0.6,0.5,0.55,0.55,76244.0
2019-11-29,0.5,0.6,0.5,0.55,0.55,26999.0
2019-12-02,0.6,0.6,0.5,0.55,0.55,107895.0
2019-12-03,0.6,0.6,0.5,0.55,0.55,20092.0
2019-12-04,0.5,0.6,0.5,0.5,0.5,58295.0
2019-12-05,0.55,0.55,0.45,0.55,0.55,52290.0
2019-12-06,0.55,0.6,0.5,0.55,0.55,18239.0
2019-12-09,0.55,0.55,0.5,0.5,0.5,36825.0
2019-12-10,0.5,0.55,0.5,0.55,0.55,1599.0
2019-12-11,0.5,0.55,0.5,0.5,0.5,34205.0
2019-12-12,0.45,0.5,0.45,0.5,0.5,19167.0
2019-12-13,0.5,0.5,0.45,0.5,0.5,31557.0
2019-12-16,0.5,0.5,0.45,0.5,0.5,27359.0
2019-12-17,0.45,0.5,0.45,0.5,0.5,38233.0
2019-12-18,0.45,0.5,0.45,0.5,0.5,21333.0
2019-12-19,0.45,0.45,0.45,0.45,0.45,14555.0
2019-12-20,0.45,0.5,0.4,0.45,0.45,110345.0
2019-12-23,0.45,0.45,0.45,0.45,0.45,4169.0
2019-12-24,0.45,0.5,0.4,0.5,0.5,33174.0
2019-12-26,0.5,0.5,0.45,0.45,0.45,23173.0
2019-12-27,0.45,0.5,0.4,0.45,0.45,18501.0
2019-12-30,0.4,0.45,0.4,0.4,0.4,15299.0
2019-12-31,0.45,0.45,0.4,0.45,0.45,22364.0
2020-01-01,0.4,0.45,0.4,0.45,0.45,15390.0
2020-01-02,0.4,0.45,0.4,0.45,0.45,29327.0
2020-01-03,0.4,0.45,0.4,0.4,0.4,41543.0
2020-01-06,0.35,0.45,0.35,0.45,0.45,55995.0
2020-01-07,0.45,0.5,0.4,0.45,0.45,52232.0
2020-01-08,0.4,0.5,0.4,0.45,0.45,42747.0
2020-01-09,0.45,0.45,0.45,0.45,0.45,12696.0
2020-01-10,0.4,0.45,0.4,0.45,0.45,4542.0
2020-01-13,0.45,0.45,0.4,0.45,0.45,11238.0
2020-01-14,0.4,0.5,0.4,0.45,0.45,103234.0
2020-01-15,0.5,0.5,0.5,0.5,0.5,36477.0
2020-01-16,0.55,0.55,0.5,0.55,0.55,26819.0
2020-01-17,0.6,0.6,0.5,0.5,0.5,82616.0
2020-01-20,0.55,0.55,0.5,0.55,0.55,18414.0
2020-01-21,0.55,0.55,0.5,0.55,0.55,11350.0
2020-01-22,0.55,0.55,0.55,0.55,0.55,6605.0
2020-01-23,0.55,0.6,0.5,0.55,0.55,178693.0
2020-01-24,,,,,,
2020-01-27,0.6,0.6,0.55,0.55,0.55,4545.0
2020-01-28,0.5,0.6,0.5,0.6,0.6,14473.0
2020-01-29,0.6,0.6,0.55,0.55,0.55,20817.0
2020-01-30,0.6,0.6,0.5,0.5,0.5,26514.0
2020-01-31,0.55,0.55,0.5,0.55,0.55,6751.0
