2014-11-03,189.850006,216.0,187.649994,207.100006,207.100006,999533.0
2014-11-04,207.100006,207.100006,207.100006,207.100006,207.100006,0.0
2014-11-05,208.0,210.69999700000002,201.149994,202.600006,202.600006,383040.0
2014-11-06,202.600006,202.600006,202.600006,202.600006,202.600006,0.0
2014-11-07,,,,,,
2014-11-10,,,,,,
2014-11-11,,,,,,
2014-11-12,,,,,,
2014-11-13,208.800003,209.699997,199.25,201.25,201.25,439908.0
2014-11-14,200.0,205.5,197.0,201.550003,201.550003,414214.0
2014-11-17,202.399994,205.850006,199.199997,200.800003,200.800003,329016.0
2014-11-18,,,,,,
2014-11-19,202.800003,203.75,198.0,199.25,199.25,297769.0
2014-11-20,200.050003,210.75,200.050003,207.0,207.0,1276449.0
2014-11-21,207.800003,207.800003,199.100006,200.350006,200.350006,418168.0
2014-11-24,,,,,,
2014-11-25,201.949997,201.949997,189.649994,197.600006,197.600006,355411.0
2014-11-26,196.550003,202.899994,190.5,200.5,200.5,284157.0
2014-11-28,200.5,208.0,199.5,202.850006,202.850006,1578140.0
2014-12-01,201.399994,203.350006,195.0,196.75,196.75,237365.0
2014-12-02,195.300003,200.899994,195.300003,197.899994,197.899994,204879.0
2014-12-03,198.050003,201.0,196.5,197.899994,197.899994,257170.0
2014-12-04,,,,,,
2014-12-05,,,,,,
2014-12-08,211.100006,218.5,204.5,205.449997,205.449997,727124.0
2014-12-09,,,,,,
2014-12-10,197.199997,201.800003,196.100006,198.699997,198.699997,368936.0
2014-12-11,198.5,199.800003,194.25,196.600006,196.600006,280413.0
2014-12-12,197.949997,200.0,186.0,187.75,187.75,421092.0
2014-12-15,186.0,192.0,182.399994,185.350006,185.350006,513864.0
2014-12-16,183.600006,188.399994,176.399994,177.649994,177.649994,383117.0
2014-12-17,,,,,,
2014-12-18,165.25,194.699997,165.25,192.100006,192.100006,1973731.0
2014-12-19,192.350006,192.350006,177.100006,179.399994,179.399994,876471.0
2014-12-22,,,,,,
2014-12-23,177.449997,180.899994,169.649994,170.399994,170.399994,683051.0
2014-12-24,171.100006,173.100006,169.449997,170.449997,170.449997,357578.0
2014-12-26,171.199997,175.350006,169.550003,170.800003,170.800003,402155.0
2014-12-29,171.350006,173.699997,168.5,169.550003,169.550003,314004.0
2014-12-30,169.600006,170.800003,168.199997,168.800003,168.800003,227885.0
2014-12-31,168.300003,173.5,168.050003,171.550003,171.550003,395445.0
2015-01-02,,,,,,
2015-01-05,,,,,,
2015-01-06,,,,,,
2015-01-07,,,,,,
2015-01-08,,,,,,
2015-01-09,,,,,,
2015-01-12,,,,,,
2015-01-13,,,,,,
2015-01-14,,,,,,
2015-01-15,,,,,,
2015-01-16,,,,,,
2015-01-20,,,,,,
2015-01-21,,,,,,
2015-01-22,,,,,,
2015-01-23,,,,,,
2015-01-26,,,,,,
2015-01-27,,,,,,
2015-01-28,,,,,,
2015-01-29,,,,,,
2015-01-30,,,,,,
2015-02-02,,,,,,
2015-02-03,,,,,,
2015-02-04,,,,,,
2015-02-05,,,,,,
2015-02-06,,,,,,
2015-02-09,,,,,,
2015-02-10,,,,,,
2015-02-11,,,,,,
2015-02-12,,,,,,
2015-02-13,,,,,,
2015-02-17,,,,,,
2015-02-18,,,,,,
2015-02-19,,,,,,
2015-02-20,,,,,,
2015-02-23,,,,,,
2015-02-24,,,,,,
2015-02-25,,,,,,
2015-02-26,,,,,,
2015-02-27,,,,,,
2015-03-02,,,,,,
2015-03-03,,,,,,
2015-03-04,,,,,,
2015-03-05,,,,,,
2015-03-06,,,,,,
2015-03-09,,,,,,
2015-03-10,,,,,,
2015-03-11,,,,,,
2015-03-12,,,,,,
2015-03-13,,,,,,
2015-03-16,,,,,,
2015-03-17,,,,,,
2015-03-18,,,,,,
2015-03-19,,,,,,
2015-03-20,,,,,,
2015-03-23,,,,,,
2015-03-24,,,,,,
2015-03-25,,,,,,
2015-03-26,,,,,,
2015-03-27,,,,,,
2015-03-30,,,,,,
2015-03-31,,,,,,
2015-04-01,,,,,,
2015-04-02,,,,,,
2015-04-06,,,,,,
2015-04-07,,,,,,
2015-04-08,,,,,,
2015-04-09,,,,,,
2015-04-10,,,,,,
2015-04-13,,,,,,
2015-04-14,,,,,,
2015-04-15,,,,,,
2015-04-16,,,,,,
2015-04-17,,,,,,
2015-04-20,,,,,,
2015-04-21,,,,,,
2015-04-22,,,,,,
2015-04-23,,,,,,
2015-04-24,,,,,,
2015-04-27,,,,,,
2015-04-28,,,,,,
2015-04-29,,,,,,
2015-04-30,,,,,,
2015-05-01,,,,,,
2015-05-04,,,,,,
2015-05-05,,,,,,
2015-05-06,,,,,,
2015-05-07,,,,,,
2015-05-08,,,,,,
2015-05-11,,,,,,
2015-05-12,,,,,,
2015-05-13,,,,,,
2015-05-14,,,,,,
2015-05-15,,,,,,
2015-05-18,,,,,,
2015-05-19,,,,,,
2015-05-20,,,,,,
2015-05-21,,,,,,
2015-05-22,,,,,,
2015-05-26,,,,,,
2015-05-27,,,,,,
2015-05-28,,,,,,
2015-05-29,,,,,,
2015-06-01,,,,,,
2015-06-02,,,,,,
2015-06-03,,,,,,
2015-06-04,,,,,,
2015-06-05,,,,,,
2015-06-08,,,,,,
2015-06-09,,,,,,
2015-06-10,,,,,,
2015-06-11,,,,,,
2015-06-12,,,,,,
2015-06-15,,,,,,
2015-06-16,,,,,,
2015-06-17,,,,,,
2015-06-18,,,,,,
2015-06-19,,,,,,
2015-06-22,,,,,,
2015-06-23,,,,,,
2015-06-24,,,,,,
2015-06-25,,,,,,
2015-06-26,,,,,,
2015-06-29,,,,,,
2015-06-30,,,,,,
2015-07-01,,,,,,
2015-07-02,,,,,,
2015-07-06,,,,,,
2015-07-07,,,,,,
2015-07-08,,,,,,
2015-07-09,,,,,,
2015-07-10,,,,,,
2015-07-13,,,,,,
2015-07-14,,,,,,
2015-07-15,,,,,,
2015-07-16,,,,,,
2015-07-17,,,,,,
2015-07-20,,,,,,
2015-07-21,,,,,,
2015-07-22,,,,,,
2015-07-23,,,,,,
2015-07-24,,,,,,
2015-07-27,,,,,,
2015-07-28,,,,,,
2015-07-29,,,,,,
2015-07-30,,,,,,
2015-07-31,,,,,,
2015-08-03,,,,,,
2015-08-04,,,,,,
2015-08-05,,,,,,
2015-08-06,,,,,,
2015-08-07,,,,,,
2015-08-10,,,,,,
2015-08-11,,,,,,
2015-08-12,,,,,,
2015-08-13,,,,,,
2015-08-14,,,,,,
2015-08-17,,,,,,
2015-08-18,,,,,,
2015-08-19,,,,,,
2015-08-20,,,,,,
2015-08-21,,,,,,
2015-08-24,,,,,,
2015-08-25,,,,,,
2015-08-26,,,,,,
2015-08-27,,,,,,
2015-08-28,,,,,,
2015-08-31,,,,,,
2015-09-01,,,,,,
2015-09-02,,,,,,
2015-09-03,,,,,,
2015-09-04,,,,,,
2015-09-08,,,,,,
2015-09-09,,,,,,
2015-09-10,,,,,,
2015-09-11,,,,,,
2015-09-14,,,,,,
2015-09-15,,,,,,
2015-09-16,,,,,,
2015-09-17,,,,,,
2015-09-18,,,,,,
2015-09-21,,,,,,
2015-09-22,,,,,,
2015-09-23,,,,,,
2015-09-24,,,,,,
2015-09-25,,,,,,
2015-09-28,,,,,,
2015-09-29,,,,,,
2015-09-30,,,,,,
2015-10-01,,,,,,
2015-10-02,,,,,,
2015-10-05,,,,,,
2015-10-06,,,,,,
2015-10-07,,,,,,
2015-10-08,,,,,,
2015-10-09,,,,,,
2015-10-12,,,,,,
2015-10-13,,,,,,
2015-10-14,,,,,,
2015-10-15,,,,,,
2015-10-16,,,,,,
2015-10-19,,,,,,
2015-10-20,,,,,,
2015-10-21,,,,,,
2015-10-22,,,,,,
2015-10-23,,,,,,
2015-10-26,,,,,,
2015-10-27,,,,,,
2015-10-28,,,,,,
2015-10-29,,,,,,
2015-10-30,,,,,,
2015-11-02,,,,,,
2015-11-03,,,,,,
2015-11-04,,,,,,
2015-11-05,,,,,,
2015-11-06,,,,,,
2015-11-09,,,,,,
2015-11-10,,,,,,
2015-11-11,,,,,,
2015-11-12,,,,,,
2015-11-13,,,,,,
2015-11-16,,,,,,
2015-11-17,,,,,,
2015-11-18,,,,,,
2015-11-19,,,,,,
2015-11-20,,,,,,
2015-11-23,,,,,,
2015-11-24,,,,,,
2015-11-25,,,,,,
2015-11-27,,,,,,
2015-11-30,,,,,,
2015-12-01,,,,,,
2015-12-02,,,,,,
2015-12-03,,,,,,
2015-12-04,,,,,,
2015-12-07,,,,,,
2015-12-08,,,,,,
2015-12-09,,,,,,
2015-12-10,,,,,,
2015-12-11,,,,,,
2015-12-14,,,,,,
2015-12-15,,,,,,
2015-12-16,,,,,,
2015-12-17,,,,,,
2015-12-18,,,,,,
2015-12-21,,,,,,
2015-12-22,,,,,,
2015-12-23,,,,,,
2015-12-24,,,,,,
2015-12-28,,,,,,
2015-12-29,,,,,,
2015-12-30,,,,,,
2015-12-31,,,,,,
2016-01-04,,,,,,
2016-01-05,,,,,,
2016-01-06,,,,,,
2016-01-07,,,,,,
2016-01-08,,,,,,
2016-01-11,,,,,,
2016-01-12,,,,,,
2016-01-13,,,,,,
2016-01-14,,,,,,
2016-01-15,,,,,,
2016-01-19,,,,,,
2016-01-20,,,,,,
2016-01-21,,,,,,
2016-01-22,,,,,,
2016-01-25,,,,,,
2016-01-26,,,,,,
2016-01-27,,,,,,
2016-01-28,,,,,,
2016-01-29,,,,,,
2016-02-01,,,,,,
2016-02-02,,,,,,
2016-02-03,,,,,,
2016-02-04,,,,,,
2016-02-05,,,,,,
2016-02-08,,,,,,
2016-02-09,,,,,,
2016-02-10,,,,,,
2016-02-11,,,,,,
2016-02-12,,,,,,
2016-02-16,,,,,,
2016-02-17,,,,,,
2016-02-18,,,,,,
2016-02-19,,,,,,
2016-02-22,,,,,,
2016-02-23,,,,,,
2016-02-24,,,,,,
2016-02-25,,,,,,
2016-02-26,,,,,,
2016-02-29,,,,,,
2016-03-01,,,,,,
2016-03-02,,,,,,
2016-03-03,,,,,,
2016-03-04,,,,,,
2016-03-07,,,,,,
2016-03-08,,,,,,
2016-03-09,,,,,,
2016-03-10,,,,,,
2016-03-11,,,,,,
2016-03-14,,,,,,
2016-03-15,,,,,,
2016-03-16,,,,,,
2016-03-17,,,,,,
2016-03-18,,,,,,
2016-03-21,,,,,,
2016-03-22,,,,,,
2016-03-23,,,,,,
2016-03-24,,,,,,
2016-03-28,,,,,,
2016-03-29,,,,,,
2016-03-30,,,,,,
2016-03-31,,,,,,
2016-04-01,,,,,,
2016-04-04,,,,,,
2016-04-05,,,,,,
2016-04-06,,,,,,
2016-04-07,,,,,,
2016-04-08,,,,,,
2016-04-11,,,,,,
2016-04-12,,,,,,
2016-04-13,,,,,,
2016-04-14,,,,,,
2016-04-15,,,,,,
2016-04-18,,,,,,
2016-04-19,,,,,,
2016-04-20,,,,,,
2016-04-21,,,,,,
2016-04-22,,,,,,
2016-04-25,,,,,,
2016-04-26,,,,,,
2016-04-27,,,,,,
2016-04-28,,,,,,
2016-04-29,,,,,,
2016-05-02,,,,,,
2016-05-03,,,,,,
2016-05-04,,,,,,
2016-05-05,,,,,,
2016-05-06,,,,,,
2016-05-09,,,,,,
2016-05-10,,,,,,
2016-05-11,,,,,,
2016-05-12,,,,,,
2016-05-13,,,,,,
2016-05-16,,,,,,
2016-05-17,,,,,,
2016-05-18,,,,,,
2016-05-19,,,,,,
2016-05-20,,,,,,
2016-05-23,,,,,,
2016-05-24,,,,,,
2016-05-25,,,,,,
2016-05-26,,,,,,
2016-05-27,,,,,,
2016-05-31,,,,,,
2016-06-01,,,,,,
2016-06-02,,,,,,
2016-06-03,,,,,,
2016-06-06,,,,,,
2016-06-07,,,,,,
2016-06-08,,,,,,
2016-06-09,,,,,,
2016-06-10,,,,,,
2016-06-13,,,,,,
2016-06-14,,,,,,
2016-06-15,,,,,,
2016-06-16,,,,,,
2016-06-17,,,,,,
2016-06-20,,,,,,
2016-06-21,,,,,,
2016-06-22,,,,,,
2016-06-23,,,,,,
2016-06-24,,,,,,
2016-06-27,,,,,,
2016-06-28,,,,,,
2016-06-29,,,,,,
2016-06-30,,,,,,
2016-07-01,,,,,,
2016-07-05,,,,,,
2016-07-06,,,,,,
2016-07-07,,,,,,
2016-07-08,,,,,,
2016-07-11,,,,,,
2016-07-12,,,,,,
2016-07-13,,,,,,
2016-07-14,,,,,,
2016-07-15,,,,,,
2016-07-18,,,,,,
2016-07-19,,,,,,
2016-07-20,,,,,,
2016-07-21,,,,,,
2016-07-22,,,,,,
2016-07-25,,,,,,
2016-07-26,,,,,,
2016-07-27,,,,,,
2016-07-28,,,,,,
2016-07-29,,,,,,
2016-08-01,,,,,,
2016-08-02,,,,,,
2016-08-03,,,,,,
2016-08-04,,,,,,
2016-08-05,,,,,,
2016-08-08,,,,,,
2016-08-09,,,,,,
2016-08-10,,,,,,
2016-08-11,,,,,,
2016-08-12,,,,,,
2016-08-15,,,,,,
2016-08-16,,,,,,
2016-08-17,,,,,,
2016-08-18,,,,,,
2016-08-19,,,,,,
2016-08-22,,,,,,
2016-08-23,,,,,,
2016-08-24,,,,,,
2016-08-25,,,,,,
2016-08-26,,,,,,
2016-08-29,,,,,,
2016-08-30,,,,,,
2016-08-31,,,,,,
2016-09-01,,,,,,
2016-09-02,,,,,,
2016-09-06,,,,,,
2016-09-07,,,,,,
2016-09-08,,,,,,
2016-09-09,,,,,,
2016-09-12,,,,,,
2016-09-13,,,,,,
2016-09-14,,,,,,
2016-09-15,,,,,,
2016-09-16,,,,,,
2016-09-19,,,,,,
2016-09-20,,,,,,
2016-09-21,,,,,,
2016-09-22,,,,,,
2016-09-23,,,,,,
2016-09-26,,,,,,
2016-09-27,,,,,,
2016-09-28,,,,,,
2016-09-29,,,,,,
2016-09-30,,,,,,
2016-10-03,,,,,,
2016-10-04,,,,,,
2016-10-05,,,,,,
2016-10-06,,,,,,
2016-10-07,,,,,,
2016-10-10,,,,,,
2016-10-11,,,,,,
2016-10-12,,,,,,
2016-10-13,,,,,,
2016-10-14,,,,,,
2016-10-17,,,,,,
2016-10-18,,,,,,
2016-10-19,,,,,,
2016-10-20,,,,,,
2016-10-21,,,,,,
2016-10-24,,,,,,
2016-10-25,,,,,,
2016-10-26,,,,,,
2016-10-27,,,,,,
2016-10-28,,,,,,
2016-10-31,,,,,,
2016-11-01,,,,,,
2016-11-02,,,,,,
2016-11-03,,,,,,
2016-11-04,,,,,,
2016-11-07,,,,,,
2016-11-08,,,,,,
2016-11-09,,,,,,
2016-11-10,,,,,,
2016-11-11,,,,,,
2016-11-14,,,,,,
2016-11-15,,,,,,
2016-11-16,,,,,,
2016-11-17,,,,,,
2016-11-18,,,,,,
2016-11-21,,,,,,
2016-11-22,,,,,,
2016-11-23,,,,,,
2016-11-25,,,,,,
2016-11-28,,,,,,
2016-11-29,,,,,,
2016-11-30,,,,,,
2016-12-01,,,,,,
2016-12-02,,,,,,
2016-12-05,,,,,,
2016-12-06,,,,,,
2016-12-07,,,,,,
2016-12-08,,,,,,
2016-12-09,,,,,,
2016-12-12,,,,,,
2016-12-13,,,,,,
2016-12-14,,,,,,
2016-12-15,,,,,,
2016-12-16,,,,,,
2016-12-19,,,,,,
2016-12-20,,,,,,
2016-12-21,,,,,,
2016-12-22,,,,,,
2016-12-23,,,,,,
2016-12-27,,,,,,
2016-12-28,,,,,,
2016-12-29,,,,,,
2016-12-30,,,,,,
2017-01-03,,,,,,
2017-01-04,,,,,,
2017-01-05,,,,,,
2017-01-06,,,,,,
2017-01-09,,,,,,
2017-01-10,,,,,,
2017-01-11,,,,,,
2017-01-12,,,,,,
2017-01-13,,,,,,
2017-01-17,,,,,,
2017-01-18,,,,,,
2017-01-19,,,,,,
2017-01-20,,,,,,
2017-01-23,,,,,,
2017-01-24,,,,,,
2017-01-25,,,,,,
2017-01-26,,,,,,
2017-01-27,,,,,,
2017-01-30,,,,,,
2017-01-31,,,,,,
2017-02-01,,,,,,
2017-02-02,,,,,,
2017-02-03,,,,,,
2017-02-06,,,,,,
2017-02-07,,,,,,
2017-02-08,,,,,,
2017-02-09,,,,,,
2017-02-10,,,,,,
2017-02-13,,,,,,
2017-02-14,,,,,,
2017-02-15,,,,,,
2017-02-16,,,,,,
2017-02-17,,,,,,
2017-02-21,,,,,,
2017-02-22,,,,,,
2017-02-23,,,,,,
2017-02-24,,,,,,
2017-02-27,,,,,,
2017-02-28,,,,,,
2017-03-01,,,,,,
2017-03-02,,,,,,
2017-03-03,,,,,,
2017-03-06,,,,,,
2017-03-07,,,,,,
2017-03-08,,,,,,
2017-03-09,,,,,,
2017-03-10,,,,,,
2017-03-13,,,,,,
2017-03-14,,,,,,
2017-03-15,,,,,,
2017-03-16,,,,,,
2017-03-17,,,,,,
2017-03-20,,,,,,
2017-03-21,,,,,,
2017-03-22,,,,,,
2017-03-23,,,,,,
2017-03-24,,,,,,
2017-03-27,,,,,,
2017-03-28,,,,,,
2017-03-29,,,,,,
2017-03-30,,,,,,
2017-03-31,,,,,,
2017-04-03,,,,,,
2017-04-04,,,,,,
2017-04-05,,,,,,
2017-04-06,,,,,,
2017-04-07,,,,,,
2017-04-10,,,,,,
2017-04-11,,,,,,
2017-04-12,,,,,,
2017-04-13,,,,,,
2017-04-17,,,,,,
2017-04-18,,,,,,
2017-04-19,,,,,,
2017-04-20,,,,,,
2017-04-21,,,,,,
2017-04-24,,,,,,
2017-04-25,,,,,,
2017-04-26,,,,,,
2017-04-27,,,,,,
2017-04-28,,,,,,
2017-05-01,,,,,,
2017-05-02,,,,,,
2017-05-03,,,,,,
2017-05-04,,,,,,
2017-05-05,,,,,,
2017-05-08,,,,,,
2017-05-09,,,,,,
2017-05-10,,,,,,
2017-05-11,,,,,,
2017-05-12,,,,,,
2017-05-15,,,,,,
2017-05-16,,,,,,
2017-05-17,,,,,,
2017-05-18,,,,,,
2017-05-19,,,,,,
2017-05-22,,,,,,
2017-05-23,,,,,,
2017-05-24,,,,,,
2017-05-25,,,,,,
2017-05-26,,,,,,
2017-05-30,,,,,,
2017-05-31,,,,,,
2017-06-01,,,,,,
2017-06-02,,,,,,
2017-06-05,,,,,,
2017-06-06,,,,,,
2017-06-07,,,,,,
2017-06-08,,,,,,
2017-06-09,,,,,,
2017-06-12,,,,,,
2017-06-13,,,,,,
2017-06-14,,,,,,
2017-06-15,,,,,,
2017-06-16,,,,,,
2017-06-19,,,,,,
2017-06-20,,,,,,
2017-06-21,,,,,,
2017-06-22,,,,,,
2017-06-23,,,,,,
2017-06-26,,,,,,
2017-06-27,,,,,,
2017-06-28,,,,,,
2017-06-29,,,,,,
2017-06-30,,,,,,
2017-07-03,,,,,,
2017-07-05,,,,,,
2017-07-06,,,,,,
2017-07-07,,,,,,
2017-07-10,,,,,,
2017-07-11,,,,,,
2017-07-12,,,,,,
2017-07-13,,,,,,
2017-07-14,,,,,,
2017-07-17,,,,,,
2017-07-18,,,,,,
2017-07-19,,,,,,
2017-07-20,,,,,,
2017-07-21,,,,,,
2017-07-24,,,,,,
2017-07-25,,,,,,
2017-07-26,,,,,,
2017-07-27,,,,,,
2017-07-28,,,,,,
2017-07-31,,,,,,
2017-08-01,,,,,,
2017-08-02,,,,,,
2017-08-03,,,,,,
2017-08-04,,,,,,
2017-08-07,,,,,,
2017-08-08,,,,,,
2017-08-09,,,,,,
2017-08-10,,,,,,
2017-08-11,,,,,,
2017-08-14,,,,,,
2017-08-15,,,,,,
2017-08-16,,,,,,
2017-08-17,,,,,,
2017-08-18,,,,,,
2017-08-21,,,,,,
2017-08-22,,,,,,
2017-08-23,,,,,,
2017-08-24,,,,,,
2017-08-25,,,,,,
2017-08-28,,,,,,
2017-08-29,,,,,,
2017-08-30,,,,,,
2017-08-31,,,,,,
2017-09-01,,,,,,
2017-09-05,,,,,,
2017-09-06,,,,,,
2017-09-07,,,,,,
2017-09-08,,,,,,
2017-09-11,,,,,,
2017-09-12,,,,,,
2017-09-13,,,,,,
2017-09-14,,,,,,
2017-09-15,,,,,,
2017-09-18,,,,,,
2017-09-19,,,,,,
2017-09-20,,,,,,
2017-09-21,,,,,,
2017-09-22,,,,,,
2017-09-25,,,,,,
2017-09-26,,,,,,
2017-09-27,,,,,,
2017-09-28,,,,,,
2017-09-29,,,,,,
2017-10-02,,,,,,
2017-10-03,,,,,,
2017-10-04,,,,,,
2017-10-05,,,,,,
2017-10-06,,,,,,
2017-10-09,,,,,,
2017-10-10,,,,,,
2017-10-11,,,,,,
2017-10-12,,,,,,
2017-10-13,,,,,,
2017-10-16,,,,,,
2017-10-17,,,,,,
2017-10-18,,,,,,
2017-10-19,,,,,,
2017-10-20,,,,,,
2017-10-23,,,,,,
2017-10-24,,,,,,
2017-10-25,,,,,,
2017-10-26,,,,,,
2017-10-27,,,,,,
2017-10-30,,,,,,
2017-10-31,,,,,,
2017-11-01,,,,,,
2017-11-02,,,,,,
2017-11-03,,,,,,
2017-11-06,,,,,,
2017-11-07,,,,,,
2017-11-08,,,,,,
2017-11-09,,,,,,
2017-11-10,,,,,,
2017-11-13,,,,,,
2017-11-14,,,,,,
2017-11-15,,,,,,
2017-11-16,,,,,,
2017-11-17,,,,,,
2017-11-20,,,,,,
2017-11-21,,,,,,
2017-11-22,,,,,,
2017-11-24,,,,,,
2017-11-27,,,,,,
2017-11-28,,,,,,
2017-11-29,,,,,,
2017-11-30,,,,,,
2017-12-01,,,,,,
2017-12-04,,,,,,
2017-12-05,,,,,,
2017-12-06,,,,,,
2017-12-07,,,,,,
2017-12-08,,,,,,
2017-12-11,,,,,,
2017-12-12,,,,,,
2017-12-13,,,,,,
2017-12-14,,,,,,
2017-12-15,,,,,,
2017-12-18,,,,,,
2017-12-19,,,,,,
2017-12-20,,,,,,
2017-12-21,,,,,,
2017-12-22,,,,,,
2017-12-26,,,,,,
2017-12-27,,,,,,
2017-12-28,,,,,,
2017-12-29,,,,,,
2018-01-02,,,,,,
2018-01-03,,,,,,
2018-01-04,,,,,,
2018-01-05,,,,,,
2018-01-08,,,,,,
2018-01-09,,,,,,
2018-01-10,,,,,,
2018-01-11,,,,,,
2018-01-12,,,,,,
2018-01-16,,,,,,
2018-01-17,,,,,,
2018-01-18,,,,,,
2018-01-19,,,,,,
2018-01-22,,,,,,
2018-01-23,,,,,,
2018-01-24,,,,,,
2018-01-25,,,,,,
2018-01-26,,,,,,
2018-01-29,,,,,,
2018-01-30,,,,,,
2018-01-31,,,,,,
2018-02-01,,,,,,
2018-02-02,,,,,,
2018-02-05,,,,,,
2018-02-06,,,,,,
2018-02-07,,,,,,
2018-02-08,,,,,,
2018-02-09,,,,,,
2018-02-12,,,,,,
2018-02-13,,,,,,
2018-02-14,,,,,,
2018-02-15,,,,,,
2018-02-16,,,,,,
2018-02-20,,,,,,
2018-02-21,,,,,,
2018-02-22,,,,,,
2018-02-23,,,,,,
2018-02-26,,,,,,
2018-02-27,,,,,,
2018-02-28,,,,,,
2018-03-01,,,,,,
2018-03-02,,,,,,
2018-03-05,,,,,,
2018-03-06,,,,,,
2018-03-07,,,,,,
2018-03-08,,,,,,
2018-03-09,,,,,,
2018-03-12,,,,,,
2018-03-13,,,,,,
2018-03-14,471.5,472.75,469.0,472.25,472.25,17629.0
2018-03-15,463.0,473.5,463.0,472.799988,472.799988,69847.0
2018-03-16,471.799988,472.5,467.700012,469.25,469.25,40201.0
2018-03-19,469.200012,474.0,469.200012,473.0,473.0,31291.0
2018-03-20,473.0,473.75,471.5,473.0,473.0,28047.0
2018-03-21,473.5,473.75,471.14999400000005,473.299988,473.299988,19182.0
2018-03-22,473.5,473.60000599999995,464.049988,473.35000599999995,473.35000599999995,69123.0
2018-03-23,465.0,473.5,465.0,472.64999400000005,472.64999400000005,37178.0
2018-03-26,473.0,474.0,466.0,467.5,467.5,118364.0
2018-03-27,468.10000599999995,470.0,467.5,468.299988,468.299988,21187.0
2018-03-28,468.0,468.60000599999995,468.0,468.14999400000005,468.14999400000005,13077.0
2018-03-29,468.14999400000005,468.14999400000005,468.14999400000005,468.14999400000005,468.14999400000005,0.0
2018-04-02,470.0,470.049988,467.0,469.049988,469.049988,15899.0
2018-04-03,469.799988,472.0,468.200012,470.799988,470.799988,9358.0
2018-04-04,471.799988,475.0,470.10000599999995,474.75,474.75,77446.0
2018-04-05,473.5,473.85000599999995,470.549988,473.200012,473.200012,11630.0
2018-04-06,473.85000599999995,474.950012,470.10000599999995,472.35000599999995,472.35000599999995,58678.0
2018-04-09,471.0,474.89999400000005,468.549988,469.049988,469.049988,17276.0
2018-04-10,470.799988,470.799988,469.049988,469.60000599999995,469.60000599999995,5431.0
2018-04-11,470.89999400000005,471.0,469.10000599999995,469.10000599999995,469.10000599999995,12957.0
2018-04-12,467.0,472.39999400000005,467.0,470.0,470.0,3771.0
2018-04-13,474.0,474.0,470.0,470.5,470.5,4977.0
2018-04-16,468.5,470.60000599999995,468.5,470.10000599999995,470.10000599999995,6356.0
2018-04-17,472.0,472.0,470.0,470.64999400000005,470.64999400000005,5409.0
2018-04-18,470.14999400000005,473.89999400000005,470.049988,472.299988,472.299988,14786.0
2018-04-19,471.799988,472.89999400000005,470.0,470.10000599999995,470.10000599999995,9277.0
2018-04-20,470.75,472.89999400000005,470.049988,470.25,470.25,7615.0
2018-04-23,471.64999400000005,472.950012,470.049988,472.5,472.5,26138.0
2018-04-24,471.549988,473.89999400000005,471.5,472.5,472.5,36396.0
2018-04-25,473.89999400000005,474.950012,470.299988,474.10000599999995,474.10000599999995,21438.0
2018-04-26,474.950012,474.950012,471.14999400000005,473.39999400000005,473.39999400000005,9586.0
2018-04-27,470.25,474.0,470.25,472.64999400000005,472.64999400000005,14071.0
2018-04-30,472.5,473.450012,471.60000599999995,472.5,472.5,60334.0
2018-05-01,472.5,472.5,472.5,472.5,472.5,0.0
2018-05-02,472.10000599999995,473.950012,470.950012,472.89999400000005,472.89999400000005,27836.0
2018-05-03,473.39999400000005,473.5,471.60000599999995,473.049988,473.049988,7815.0
2018-05-04,473.14999400000005,474.85000599999995,471.549988,472.60000599999995,472.60000599999995,30294.0
2018-05-07,472.5,475.450012,471.0,474.5,474.5,53710.0
2018-05-08,474.89999400000005,475.5,471.549988,474.950012,474.950012,53479.0
2018-05-09,474.950012,474.950012,472.5,474.450012,474.450012,11977.0
2018-05-10,473.75,475.0,470.5,472.85000599999995,472.85000599999995,68785.0
2018-05-11,472.75,474.60000599999995,472.049988,473.799988,473.799988,29965.0
2018-05-14,471.60000599999995,474.0,468.549988,471.950012,471.950012,12465.0
2018-05-15,472.0,473.950012,470.10000599999995,470.89999400000005,470.89999400000005,14663.0
2018-05-16,471.60000599999995,473.64999400000005,470.14999400000005,471.10000599999995,471.10000599999995,24820.0
2018-05-17,471.64999400000005,472.700012,470.25,470.25,470.25,3497.0
2018-05-18,470.10000599999995,473.5,470.10000599999995,472.950012,472.950012,35093.0
2018-05-21,470.5,473.39999400000005,468.549988,472.799988,472.799988,18451.0
2018-05-22,472.799988,473.0,470.10000599999995,472.5,472.5,13790.0
2018-05-23,473.700012,474.60000599999995,470.10000599999995,471.950012,471.950012,12370.0
2018-05-24,471.049988,471.799988,470.39999400000005,470.799988,470.799988,3231.0
2018-05-25,470.950012,472.5,470.5,470.5,470.5,6721.0
2018-05-29,470.10000599999995,471.25,469.10000599999995,469.60000599999995,469.60000599999995,6080.0
2018-05-30,470.25,472.450012,468.5,469.14999400000005,469.14999400000005,9367.0
2018-05-31,469.14999400000005,470.85000599999995,469.10000599999995,469.35000599999995,469.35000599999995,5756.0
2018-06-01,469.700012,472.799988,469.200012,469.299988,469.299988,3089.0
2018-06-04,468.950012,470.75,467.10000599999995,467.10000599999995,467.10000599999995,10886.0
2018-06-05,468.049988,470.0,466.049988,466.549988,466.549988,12735.0
2018-06-06,451.0,469.89999400000005,451.0,465.799988,465.799988,38278.0
2018-06-07,466.64999400000005,469.799988,465.10000599999995,466.700012,466.700012,9450.0
2018-06-08,467.700012,467.75,465.25,465.799988,465.799988,8318.0
2018-06-11,466.200012,468.549988,465.25,466.0,466.0,6721.0
2018-06-12,466.299988,469.39999400000005,464.60000599999995,465.549988,465.549988,17852.0
2018-06-13,466.0,469.549988,465.14999400000005,465.950012,465.950012,9271.0
2018-06-14,466.700012,468.0,466.049988,466.200012,466.200012,3965.0
2018-06-15,466.450012,467.200012,465.0,466.049988,466.049988,14251.0
2018-06-18,466.049988,467.950012,466.0,466.5,466.5,6011.0
2018-06-19,465.799988,468.450012,465.799988,467.049988,467.049988,12128.0
2018-06-20,467.0,468.5,466.0,466.39999400000005,466.39999400000005,11160.0
2018-06-21,466.75,467.950012,465.85000599999995,467.39999400000005,467.39999400000005,21264.0
2018-06-22,464.10000599999995,467.89999400000005,464.10000599999995,467.10000599999995,467.10000599999995,13204.0
2018-06-25,465.10000599999995,467.5,465.10000599999995,466.950012,466.950012,4186.0
2018-06-26,466.5,467.200012,466.049988,466.35000599999995,466.35000599999995,20234.0
2018-06-27,464.14999400000005,468.0,464.14999400000005,466.35000599999995,466.35000599999995,9138.0
2018-06-28,466.799988,468.950012,466.0,467.5,467.5,7967.0
2018-06-29,467.700012,471.5,467.0,468.64999400000005,468.64999400000005,13592.0
2018-07-02,468.0,471.299988,465.25,470.049988,470.049988,6367.0
2018-07-03,468.450012,472.0,468.450012,470.049988,470.049988,6415.0
2018-07-05,467.049988,470.85000599999995,467.049988,470.10000599999995,470.10000599999995,7196.0
2018-07-06,469.25,471.0,468.049988,469.950012,469.950012,9484.0
2018-07-09,468.60000599999995,473.64999400000005,468.60000599999995,470.700012,470.700012,15171.0
2018-07-10,470.049988,473.0,468.0,471.10000599999995,471.10000599999995,18558.0
2018-07-11,470.0,473.64999400000005,469.5,472.75,472.75,25168.0
2018-07-12,472.0,479.950012,472.0,474.10000599999995,474.10000599999995,124251.0
2018-07-13,475.0,475.0,471.10000599999995,474.10000599999995,474.10000599999995,14347.0
2018-07-16,,,,,,
2018-07-17,473.64999400000005,473.85000599999995,472.200012,473.60000599999995,473.60000599999995,3517.0
2018-07-18,473.60000599999995,474.5,473.5,473.5,473.5,22734.0
2018-07-19,473.950012,474.39999400000005,473.60000599999995,474.14999400000005,474.14999400000005,20641.0
2018-07-20,474.39999400000005,474.700012,473.5,474.10000599999995,474.10000599999995,17973.0
2018-07-23,473.799988,474.89999400000005,473.60000599999995,474.64999400000005,474.64999400000005,19056.0
2018-07-24,474.049988,475.049988,474.049988,474.60000599999995,474.60000599999995,26586.0
2018-07-25,474.60000599999995,474.60000599999995,474.60000599999995,474.60000599999995,474.60000599999995,0.0
2018-07-26,474.60000599999995,474.60000599999995,474.60000599999995,474.60000599999995,474.60000599999995,0.0
2018-07-27,474.60000599999995,474.60000599999995,474.60000599999995,474.60000599999995,474.60000599999995,0.0
2018-07-30,474.60000599999995,474.60000599999995,474.60000599999995,474.60000599999995,474.60000599999995,0.0
2018-07-31,474.60000599999995,474.60000599999995,474.60000599999995,474.60000599999995,474.60000599999995,0.0
