2015-12-03,241.5,242.0,232.399994,234.149994,223.873642,31309.0
2015-12-04,,,,,,
2015-12-07,233.05000299999998,235.05000299999998,229.05000299999998,231.649994,221.48335299999997,33099.0
2015-12-08,,,,,,
2015-12-09,,,,,,
2015-12-10,230.0,233.44999700000002,229.100006,232.899994,222.67849700000002,14136.0
2015-12-11,,,,,,
2015-12-14,,,,,,
2015-12-15,,,,,,
2015-12-16,,,,,,
2015-12-17,,,,,,
2015-12-18,,,,,,
2015-12-21,,,,,,
2015-12-22,,,,,,
2015-12-23,,,,,,
2015-12-24,234.0,242.30000299999998,234.0,236.19999700000002,225.833649,53414.0
2015-12-28,237.0,243.30000299999998,235.0,236.05000299999998,225.69026200000002,92953.0
2015-12-29,239.75,239.75,233.30000299999998,236.100006,225.73808300000002,32145.0
2015-12-30,237.80000299999998,242.899994,235.100006,240.100006,229.562515,40084.0
2015-12-31,239.0,239.94999700000002,234.25,235.30000299999998,224.97316,20698.0
2016-01-01,237.0,248.0,235.149994,245.69999700000002,234.91674799999998,125018.0
2016-01-04,244.80000299999998,245.94999700000002,235.350006,236.75,226.35952799999998,45684.0
2016-01-05,239.94999700000002,242.75,236.0,237.5,227.076614,50600.0
2016-01-06,239.69999700000002,247.0,236.0,239.149994,228.65419,101508.0
2016-01-07,240.100006,245.0,235.30000299999998,237.05000299999998,226.646362,238082.0
2016-01-08,239.5,246.399994,239.0,244.850006,234.10403399999998,148589.0
2016-01-11,241.0,246.850006,238.0,240.19999700000002,229.658127,144889.0
2016-01-12,240.5,241.850006,233.55000299999998,234.899994,224.590729,38832.0
2016-01-13,237.899994,238.899994,212.0,228.5,218.471603,67571.0
2016-01-14,216.5,230.0,216.05000299999998,221.0,211.300781,29815.0
2016-01-15,223.0,228.0,209.0,218.75,209.149506,96775.0
2016-01-18,214.55000299999998,217.0,200.100006,201.550003,192.704391,39172.0
2016-01-19,200.0,214.899994,200.0,210.25,201.022568,25948.0
2016-01-20,205.0,209.899994,199.75,207.5,198.39325,25371.0
2016-01-21,209.899994,211.19999700000002,202.25,203.949997,194.999069,22803.0
2016-01-22,209.94999700000002,219.899994,205.75,216.350006,206.854858,83188.0
2016-01-25,219.94999700000002,229.0,216.94999700000002,219.05000299999998,209.43634,38259.0
2016-01-27,,,,,,
2016-01-28,224.94999700000002,225.0,213.19999700000002,219.350006,209.72319,41636.0
2016-01-29,221.94999700000002,228.30000299999998,217.75,224.899994,215.02958700000002,31848.0
2016-02-01,233.399994,233.399994,224.100006,225.44999700000002,215.55545,58716.0
2016-02-02,225.0,233.5,221.0,223.94999700000002,214.12129199999998,82348.0
2016-02-03,221.899994,222.100006,212.100006,215.75,206.28118899999998,10391.0
2016-02-04,218.850006,218.850006,205.5,208.300003,199.15815700000002,13770.0
2016-02-05,206.649994,215.0,206.0,212.30000299999998,202.98259,36828.0
2016-02-08,213.25,215.399994,204.100006,206.949997,197.867386,11964.0
2016-02-09,203.100006,208.5,203.0,205.899994,196.863464,30572.0
2016-02-10,206.949997,207.800003,199.550003,205.550003,196.52883899999998,70646.0
2016-02-11,203.100006,204.0,180.550003,182.300003,174.299225,58185.0
2016-02-12,182.050003,182.25,168.0,171.5,163.973206,33677.0
2016-02-15,177.899994,185.0,174.0,182.0,174.01238999999998,31567.0
2016-02-16,183.0,185.800003,178.0,179.199997,171.335281,13632.0
2016-02-17,181.399994,181.399994,166.0,176.399994,168.658173,26189.0
2016-02-18,179.850006,183.5,171.5,177.25,169.470886,12406.0
2016-02-19,187.0,187.0,175.199997,177.699997,169.90112299999998,28298.0
2016-02-22,178.0,182.350006,176.0,179.649994,171.765503,10660.0
2016-02-23,183.5,190.050003,171.5,178.350006,170.522598,56582.0
2016-02-24,179.0,182.449997,172.399994,174.149994,166.506897,20565.0
2016-02-25,179.600006,179.600006,172.0,173.050003,165.455185,18951.0
2016-02-26,172.949997,178.949997,163.199997,164.649994,157.42385900000002,24698.0
2016-02-29,166.050003,186.399994,158.949997,176.899994,169.136215,34502.0
2016-03-01,174.75,182.899994,172.300003,181.800003,173.821182,34869.0
2016-03-02,184.0,191.800003,184.0,187.050003,178.84075900000002,58898.0
2016-03-03,189.899994,200.0,189.899994,198.0,189.310181,108517.0
2016-03-04,199.699997,203.0,191.100006,200.75,191.939499,74753.0
2016-03-08,200.0,204.399994,193.75,196.899994,188.258469,28676.0
2016-03-09,194.0,197.399994,189.050003,191.050003,182.665207,46118.0
2016-03-10,188.0,198.75,188.0,194.850006,186.298447,39886.0
2016-03-11,195.050003,201.5,192.100006,194.649994,186.107208,70080.0
2016-03-14,197.399994,202.0,195.25,196.199997,187.589172,57023.0
2016-03-15,196.0,196.0,191.199997,194.149994,185.62915,14804.0
2016-03-16,195.300003,195.300003,188.050003,189.800003,181.470062,38588.0
2016-03-17,193.149994,194.5,191.050003,191.850006,183.430099,22166.0
2016-03-18,191.050003,192.949997,187.949997,189.5,181.183228,42143.0
2016-03-21,193.5,193.5,186.0,186.449997,178.267075,22711.0
2016-03-22,186.050003,192.25,186.0,189.550003,181.231049,27692.0
2016-03-23,188.050003,192.800003,185.600006,187.050003,178.84075900000002,24031.0
2016-03-28,188.050003,189.699997,182.0,182.75,174.729492,14941.0
2016-03-29,185.25,186.0,177.0,178.399994,170.570404,33973.0
2016-03-30,182.699997,186.600006,179.550003,184.100006,176.02023300000002,38433.0
2016-03-31,185.649994,191.949997,183.0,187.550003,179.31883200000001,52707.0
2016-04-01,186.0,195.0,186.0,193.850006,185.34231599999998,14832.0
2016-04-04,195.449997,222.399994,191.449997,215.94999700000002,206.472397,159382.0
2016-04-05,214.80000299999998,218.69999700000002,208.449997,210.649994,201.404984,84853.0
2016-04-06,213.5,219.899994,208.0,215.75,206.28118899999998,53640.0
2016-04-07,219.30000299999998,230.55000299999998,216.899994,218.350006,208.76709,64700.0
2016-04-08,219.399994,224.69999700000002,216.05000299999998,217.600006,208.04998799999998,59966.0
2016-04-11,218.5,219.649994,215.5,216.69999700000002,207.189499,13556.0
2016-04-12,217.05000299999998,218.100006,206.699997,212.69999700000002,203.36502099999998,13363.0
2016-04-13,214.94999700000002,219.0,213.0,214.850006,205.42068500000002,33110.0
2016-04-18,214.850006,220.0,210.0,215.100006,205.65971399999998,64548.0
2016-04-20,217.30000299999998,219.0,215.25,215.75,206.28118899999998,18242.0
2016-04-21,217.850006,224.75,216.25,221.600006,211.874435,126234.0
2016-04-22,222.899994,225.94999700000002,222.0,222.44999700000002,212.687134,37746.0
2016-04-25,223.0,223.0,218.0,218.55000299999998,208.958282,17661.0
2016-04-26,219.600006,219.649994,215.0,216.0,206.520203,7520.0
2016-04-27,215.30000299999998,222.5,212.55000299999998,214.19999700000002,204.799194,14165.0
2016-04-28,212.149994,215.5,210.19999700000002,211.30000299999998,202.026474,7964.0
2016-04-29,212.0,216.69999700000002,205.300003,213.19999700000002,203.843109,14941.0
2016-05-02,213.30000299999998,214.5,206.5,211.649994,202.361099,18479.0
2016-05-03,208.350006,215.69999700000002,208.300003,211.350006,202.074295,6823.0
2016-05-04,207.300003,211.850006,205.050003,206.149994,197.10249299999998,7348.0
2016-05-05,208.399994,209.0,202.0,203.350006,194.4254,41246.0
2016-05-06,201.050003,213.350006,190.100006,210.850006,201.596237,155029.0
2016-05-09,208.100006,218.0,206.5,213.94999700000002,204.56016499999998,28514.0
2016-05-10,216.350006,217.30000299999998,211.0,214.5,205.086029,18703.0
2016-05-11,210.05000299999998,218.0,210.0,215.350006,205.898727,15238.0
2016-05-12,212.25,219.0,212.0,213.69999700000002,204.321152,95814.0
2016-05-13,217.5,217.5,208.699997,210.0,200.783539,16464.0
2016-05-16,211.100006,212.44999700000002,209.0,210.69999700000002,201.452805,6623.0
2016-05-17,211.149994,217.0,207.399994,211.649994,202.361099,79133.0
2016-05-18,214.149994,214.149994,208.149994,210.350006,201.118179,12694.0
2016-05-19,212.80000299999998,213.0,208.0,208.75,199.588394,3103.0
2016-05-20,207.850006,211.94999700000002,203.75,205.75,196.720062,9772.0
2016-05-23,206.550003,206.550003,202.0,202.850006,193.947327,15030.0
2016-05-24,206.899994,206.899994,195.0,202.550003,193.66047700000001,26804.0
2016-05-25,204.0,206.949997,202.100006,203.949997,194.999069,12511.0
2016-05-26,208.699997,211.0,201.199997,205.399994,196.38540600000002,14780.0
2016-05-27,210.0,214.899994,200.5,202.0,193.134628,44295.0
2016-05-30,206.0,207.0,200.5,202.550003,193.66047700000001,10786.0
2016-05-31,201.399994,204.75,191.899994,192.949997,184.48181200000002,25240.0
2016-06-01,193.0,199.0,190.25,196.649994,188.01944,54652.0
2016-06-02,196.600006,199.0,194.0,197.149994,188.49748200000002,12134.0
2016-06-03,195.0,201.649994,192.949997,193.949997,185.437927,13139.0
2016-06-06,196.0,196.0,188.949997,191.100006,182.713013,20120.0
2016-06-07,196.0,196.0,191.0,193.25,184.768661,6768.0
2016-06-08,192.0,216.399994,192.0,207.699997,198.584473,171290.0
2016-06-09,205.100006,214.44999700000002,202.0,212.600006,204.84745800000002,44894.0
2016-06-10,208.350006,221.0,208.350006,213.94999700000002,206.148224,73642.0
2016-06-13,210.0,212.399994,207.800003,209.449997,201.81231699999998,19936.0
2016-06-14,213.899994,213.899994,205.550003,208.850006,201.234207,34998.0
2016-06-15,210.0,211.19999700000002,203.850006,205.25,197.765472,11256.0
2016-06-16,203.100006,217.05000299999998,201.550003,215.100006,207.25628700000001,62885.0
2016-06-17,217.05000299999998,217.05000299999998,210.100006,210.5,202.82402,11135.0
2016-06-20,211.0,213.94999700000002,208.0,209.0,201.378723,7559.0
2016-06-21,210.75,211.55000299999998,202.199997,203.25,195.838394,29006.0
2016-06-22,205.199997,205.25,201.949997,202.899994,195.50114399999998,34438.0
2016-06-23,204.850006,211.0,201.0,208.899994,201.282349,45345.0
2016-06-24,206.899994,206.899994,201.5,205.649994,198.150879,27021.0
2016-06-27,204.0,217.899994,204.0,210.399994,202.727661,29111.0
2016-06-28,212.399994,219.0,211.0,214.55000299999998,206.726349,41295.0
2016-06-29,215.0,224.44999700000002,215.0,223.5,215.34997599999997,96543.0
2016-06-30,225.0,230.0,223.19999700000002,224.350006,216.168991,92274.0
2016-07-01,226.30000299999998,230.0,220.350006,223.55000299999998,215.39816299999998,46928.0
2016-07-04,228.94999700000002,240.0,223.0,238.05000299999998,229.3694,283278.0
2016-07-05,238.0,240.0,231.75,233.94999700000002,225.418915,276158.0
2016-07-07,236.850006,244.399994,234.0,241.94999700000002,233.12718199999998,176359.0
2016-07-08,243.94999700000002,252.0,242.600006,243.649994,234.765198,347991.0
2016-07-11,245.649994,252.0,245.649994,248.100006,239.052933,117440.0
2016-07-12,250.100006,255.0,246.100006,247.30000299999998,238.282104,166929.0
2016-07-13,248.69999700000002,253.69999700000002,242.5,249.5,240.401871,147262.0
2016-07-14,248.5,255.0,248.5,250.600006,241.461777,51208.0
2016-07-15,252.0,254.399994,246.19999700000002,247.399994,238.378448,44028.0
2016-07-18,247.399994,251.55000299999998,241.0,243.05000299999998,234.187088,44524.0
2016-07-19,244.899994,245.05000299999998,240.5,241.600006,232.789963,56992.0
2016-07-20,241.0,248.5,241.0,243.850006,234.957916,64007.0
2016-07-21,245.5,246.100006,238.850006,240.30000299999998,231.53736899999998,67392.0
2016-07-22,241.05000299999998,247.100006,241.0,244.44999700000002,235.53602599999996,35999.0
2016-07-25,245.5,246.05000299999998,241.0,242.05000299999998,233.223541,29490.0
2016-07-26,243.850006,245.0,238.94999700000002,239.55000299999998,230.81471299999998,40082.0
2016-07-27,241.55000299999998,243.19999700000002,236.0,238.94999700000002,230.23658799999998,30359.0
2016-07-28,240.899994,250.55000299999998,239.0,245.0,236.065964,70696.0
2016-07-29,244.05000299999998,254.899994,243.30000299999998,250.75,241.60629300000002,67829.0
2016-08-01,254.0,267.0,248.75,256.299988,246.95390299999997,242845.0
2016-08-02,257.850006,257.850006,249.149994,251.149994,241.991714,52717.0
2016-08-03,252.899994,252.899994,237.0,239.30000299999998,230.573837,68142.0
2016-08-04,242.100006,246.80000299999998,239.0,240.94999700000002,232.163651,40263.0
2016-08-05,242.0,250.5,241.350006,245.05000299999998,236.11415099999996,66271.0
2016-08-08,246.0,262.75,246.0,257.450012,248.061981,143133.0
2016-08-09,256.049988,261.0,252.0,257.950012,248.54374700000002,64587.0
2016-08-10,259.950012,261.850006,246.75,249.100006,240.016479,128700.0
2016-08-11,249.399994,252.850006,240.55000299999998,242.69999700000002,233.849854,86054.0
2016-08-12,244.600006,249.0,239.100006,241.94999700000002,233.12718199999998,134118.0
2016-08-16,237.94999700000002,237.94999700000002,221.0,225.44999700000002,217.228851,105182.0
2016-08-17,226.94999700000002,228.0,205.949997,208.550003,200.945145,193466.0
2016-08-18,212.55000299999998,225.0,209.050003,220.850006,212.79661600000003,151706.0
2016-08-19,217.05000299999998,226.899994,214.149994,215.149994,207.304459,99103.0
2016-08-22,216.44999700000002,220.0,215.30000299999998,215.55000299999998,207.689896,192295.0
2016-08-23,216.649994,219.05000299999998,210.0,212.44999700000002,204.702911,77165.0
2016-08-24,213.600006,218.94999700000002,211.100006,213.0,205.23286399999998,67090.0
2016-08-25,215.0,216.5,209.0,210.149994,202.48678600000002,28599.0
2016-08-26,211.80000299999998,214.149994,202.75,204.300003,196.850113,214492.0
2016-08-29,204.350006,208.0,199.100006,200.25,192.9478,119877.0
2016-08-30,201.0,208.0,199.600006,203.350006,195.934769,137723.0
2016-08-31,204.0,218.399994,203.649994,205.199997,197.717285,315537.0
2016-09-01,205.300003,213.0,204.25,205.449997,197.958176,99745.0
2016-09-02,206.899994,210.94999700000002,205.550003,207.149994,199.596176,26572.0
2016-09-06,208.5,209.0,194.0,204.649994,197.187347,42623.0
2016-09-07,205.0,206.399994,202.0,204.5,197.042816,89410.0
2016-09-08,204.199997,209.300003,204.0,207.149994,199.596176,50245.0
2016-09-09,206.25,215.149994,202.300003,212.149994,204.413849,139996.0
2016-09-12,205.050003,208.899994,203.699997,205.25,197.765472,45746.0
2016-09-14,205.050003,209.0,204.550003,206.199997,198.680832,18975.0
2016-09-15,205.0,219.399994,205.0,214.0,206.196396,156689.0
2016-09-16,215.899994,220.0,212.0,214.25,206.437286,71046.0
2016-09-19,216.399994,221.649994,215.44999700000002,218.850006,210.869537,62539.0
2016-09-20,219.649994,219.649994,215.30000299999998,217.149994,209.231537,46719.0
2016-09-21,216.75,217.600006,213.149994,214.350006,206.533646,15437.0
2016-09-22,216.55000299999998,223.0,212.600006,221.55000299999998,213.4711,60106.0
2016-09-23,222.80000299999998,226.0,217.30000299999998,220.44999700000002,212.411194,55481.0
2016-09-26,220.5,226.0,219.100006,221.55000299999998,213.4711,49653.0
2016-09-27,224.399994,224.5,216.850006,218.100006,210.146896,15046.0
2016-09-28,219.94999700000002,219.94999700000002,213.94999700000002,215.899994,208.0271,27805.0
2016-09-29,216.05000299999998,221.80000299999998,200.0,203.850006,196.416534,68495.0
2016-09-30,205.0,214.0,204.0,209.899994,202.245895,22581.0
2016-10-03,211.149994,221.0,210.19999700000002,218.80000299999998,210.821365,37518.0
2016-10-04,220.44999700000002,220.5,214.94999700000002,217.69999700000002,209.76145899999997,18394.0
2016-10-05,219.05000299999998,219.05000299999998,209.699997,210.649994,202.968536,78017.0
2016-10-06,212.649994,216.0,208.100006,210.100006,202.438614,26759.0
2016-10-07,212.0,213.0,208.0,208.850006,201.234207,15055.0
2016-10-10,210.850006,213.600006,207.0,211.399994,203.69120800000002,30100.0
2016-10-13,212.94999700000002,213.0,205.5,207.100006,199.54801899999998,25453.0
2016-10-14,208.899994,209.399994,206.100006,207.0,199.45166,8648.0
2016-10-17,208.899994,210.0,205.0,205.550003,198.05453500000002,14925.0
2016-10-18,207.550003,209.5,203.449997,204.75,197.283707,69185.0
2016-10-19,206.149994,213.69999700000002,205.0,205.449997,197.958176,48411.0
2016-10-20,207.350006,211.100006,207.0,210.0,202.34226999999998,23490.0
2016-10-21,210.149994,241.899994,208.199997,238.69999700000002,229.995712,459174.0
2016-10-24,242.55000299999998,243.850006,229.0,235.05000299999998,226.47879,170609.0
2016-10-25,233.05000299999998,234.69999700000002,221.19999700000002,228.55000299999998,220.215836,42778.0
2016-10-26,227.0,230.149994,220.0,221.25,213.18202200000002,37229.0
2016-10-27,221.5,225.25,215.600006,218.05000299999998,210.09870899999999,26352.0
2016-10-28,218.600006,222.899994,216.5,217.05000299999998,209.135178,27248.0
2016-11-01,222.850006,225.0,218.100006,221.05000299999998,212.989319,17940.0
2016-11-02,219.0,219.0,213.05000299999998,214.100006,206.292755,30391.0
2016-11-03,216.100006,224.100006,211.0,214.19999700000002,206.389099,43691.0
2016-11-04,213.649994,215.0,208.0,210.94999700000002,203.257614,18394.0
2016-11-07,218.19999700000002,224.94999700000002,209.25,211.100006,203.402145,53692.0
2016-11-08,211.0,211.44999700000002,203.75,204.449997,196.994644,81921.0
2016-11-09,196.449997,209.850006,172.449997,207.050003,199.499832,55680.0
2016-11-10,208.949997,214.05000299999998,203.050003,204.550003,197.091003,57076.0
2016-11-11,202.600006,203.75,192.050003,193.149994,186.106705,106672.0
2016-11-15,190.0,193.149994,181.149994,190.600006,183.649704,48963.0
2016-11-16,194.100006,194.100006,175.100006,180.75,174.15888999999999,113756.0
2016-11-17,180.050003,188.75,175.0,187.0,180.180969,57249.0
2016-11-18,183.0,189.800003,182.5,187.850006,180.999969,15232.0
2016-11-21,193.0,193.0,177.0,179.149994,172.61721799999998,22588.0
2016-11-22,181.149994,186.050003,178.25,180.0,173.436218,32825.0
2016-11-23,181.949997,183.699997,179.399994,180.100006,173.532578,31646.0
2016-11-24,180.0,183.949997,179.0,179.649994,173.09896899999998,32173.0
2016-11-25,180.0,183.300003,179.649994,181.199997,174.592468,44862.0
2016-11-28,181.850006,186.800003,181.0,183.550003,176.856781,31354.0
2016-11-29,185.5,186.699997,179.550003,183.149994,176.471359,78331.0
2016-11-30,184.5,184.699997,180.0,181.050003,174.44795200000002,55960.0
2016-12-01,181.100006,183.0,180.5,180.949997,174.35159299999998,16598.0
2016-12-02,181.050003,181.050003,175.0,176.0,169.582092,25874.0
2016-12-05,178.0,181.800003,174.5,180.800003,174.207047,13086.0
2016-12-06,181.949997,183.949997,179.5,180.100006,173.532578,54696.0
2016-12-07,181.850006,181.949997,176.300003,177.800003,171.316452,8219.0
2016-12-08,179.75,183.800003,178.550003,180.100006,173.532578,41486.0
2016-12-09,180.399994,181.5,178.25,179.649994,173.09896899999998,20956.0
2016-12-12,179.649994,181.5,172.800003,174.050003,167.703201,33735.0
2016-12-13,175.899994,181.800003,173.949997,181.050003,174.44795200000002,40133.0
2016-12-14,179.050003,183.5,179.050003,181.800003,175.170593,60469.0
2016-12-15,180.149994,187.0,177.449997,183.300003,176.615891,37961.0
2016-12-16,184.800003,185.0,181.5,182.5,175.845062,4937.0
2016-12-19,182.550003,185.0,178.949997,181.5,174.881516,54972.0
2016-12-20,181.949997,182.800003,177.5,177.850006,171.36463899999998,8747.0
2016-12-21,179.699997,179.800003,176.0,176.699997,170.256561,18891.0
2016-12-22,176.050003,178.449997,170.0,171.649994,165.390701,22427.0
2016-12-23,171.550003,177.100006,170.100006,171.699997,165.438889,31490.0
2016-12-26,170.25,172.899994,168.699997,169.300003,163.126404,18251.0
2016-12-27,170.899994,175.75,167.300003,168.25,162.1147,20768.0
2016-12-28,170.25,171.399994,166.25,166.949997,160.862091,15471.0
2016-12-29,168.600006,168.949997,167.0,168.300003,162.162857,9537.0
2016-12-30,168.100006,172.699997,166.300003,169.350006,163.174576,18273.0
2017-01-02,171.300003,171.300003,169.350006,170.449997,164.234467,26186.0
2017-01-03,170.5,173.649994,169.949997,172.050003,165.77613799999997,50969.0
2017-01-04,173.649994,189.5,172.699997,185.149994,178.398422,194082.0
2017-01-05,185.800003,188.949997,182.300003,188.149994,181.28903200000002,56627.0
2017-01-06,187.899994,194.0,186.800003,191.850006,184.85411100000002,86349.0
2017-01-09,193.699997,199.0,184.199997,196.350006,189.190033,86098.0
2017-01-10,197.550003,198.800003,192.5,193.850006,186.781174,58502.0
2017-01-11,194.949997,207.0,192.949997,202.850006,195.45298799999998,95038.0
2017-01-12,202.050003,208.699997,202.050003,204.199997,196.753769,37103.0
2017-01-13,203.550003,208.0,198.600006,203.199997,195.790222,39907.0
2017-01-16,203.75,206.949997,194.25,194.899994,187.792877,103978.0
2017-01-17,193.0,202.5,193.0,201.449997,194.104034,45647.0
2017-01-18,201.449997,204.5,199.449997,200.899994,193.574081,51435.0
2017-01-19,201.5,202.899994,198.0,198.300003,191.06890900000002,19441.0
2017-01-20,197.75,199.949997,195.100006,196.149994,188.997299,16651.0
2017-01-23,196.350006,198.899994,193.75,196.300003,189.14183,24974.0
2017-01-24,197.0,198.050003,195.0,195.850006,188.70825200000002,27983.0
2017-01-25,197.0,198.949997,194.550003,196.550003,189.38273600000002,25347.0
2017-01-27,198.25,204.0,194.949997,202.199997,194.82669099999998,29591.0
2017-01-30,202.199997,202.199997,198.0,200.050003,192.755096,12370.0
2017-01-31,200.5,204.300003,198.050003,201.25,193.91133100000002,45487.0
2017-02-01,201.75,204.0,198.0,202.5,195.115753,39678.0
2017-02-02,204.949997,205.0,196.5,199.100006,191.839737,33158.0
2017-02-03,197.449997,200.0,193.0,194.149994,187.07023600000002,33735.0
2017-02-06,196.0,196.0,185.5,188.850006,181.963516,28846.0
2017-02-07,189.0,201.0,185.300003,187.100006,180.277328,125735.0
2017-02-08,189.899994,193.0,188.0,188.850006,181.963516,29289.0
2017-02-09,190.550003,194.800003,187.199997,187.75,180.90361000000001,34760.0
2017-02-10,187.75,195.0,187.75,193.75,186.68483,72518.0
2017-02-13,194.0,194.0,188.5,190.899994,183.938751,12711.0
2017-02-14,192.949997,192.949997,188.5,190.399994,183.45696999999998,16437.0
2017-02-15,190.0,190.0,183.75,184.800003,178.061203,19652.0
2017-02-16,187.600006,189.699997,184.0,186.550003,179.747391,11678.0
2017-02-17,189.0,189.0,180.100006,181.899994,175.266937,39851.0
2017-02-20,183.350006,185.949997,182.5,185.050003,178.302078,16169.0
2017-02-21,187.850006,188.0,183.199997,185.350006,178.591156,7529.0
2017-02-22,185.899994,187.800003,184.0,184.699997,177.964828,7588.0
2017-02-23,186.5,187.550003,184.050003,185.350006,178.591156,12060.0
2017-02-27,185.0,188.0,184.149994,185.600006,178.832031,7174.0
2017-02-28,185.0,190.600006,185.0,189.550003,182.63798500000001,15108.0
2017-03-01,191.25,193.149994,187.550003,190.5,183.553329,19352.0
2017-03-02,190.0,191.5,187.0,189.0,182.108032,11559.0
2017-03-03,188.0,190.949997,184.399994,188.199997,181.337204,14184.0
2017-03-06,189.0,189.0,181.0,184.100006,177.386719,24004.0
2017-03-07,187.75,187.75,182.0,183.850006,177.14584399999998,37654.0
2017-03-08,186.449997,186.449997,180.5,183.0,176.326828,10979.0
2017-03-09,182.5,184.0,178.350006,179.100006,172.569046,16040.0
2017-03-10,178.25,181.75,171.899994,176.0,169.582092,49163.0
2017-03-14,179.949997,180.0,172.0,173.449997,167.125076,72113.0
2017-03-15,178.0,178.0,171.699997,172.699997,166.40240500000002,53942.0
2017-03-16,176.75,176.75,170.699997,173.699997,167.365952,73251.0
2017-03-17,175.5,175.5,171.199997,172.5,166.20971699999998,45505.0
2017-03-20,174.449997,174.449997,170.25,171.399994,165.149826,45599.0
2017-03-21,172.0,173.0,168.550003,169.899994,163.704514,46668.0
2017-03-22,169.0,172.0,168.199997,171.449997,165.19801299999997,48924.0
2017-03-23,169.800003,173.75,169.800003,171.0,164.76442,36830.0
2017-03-24,172.0,172.899994,168.600006,172.300003,166.017014,81047.0
2017-03-27,172.649994,187.5,172.050003,184.199997,177.483078,176334.0
2017-03-28,185.0,193.850006,184.350006,187.649994,180.807266,143510.0
2017-03-29,187.800003,192.75,185.0,185.800003,179.024734,138614.0
2017-03-30,187.649994,190.0,186.600006,188.0,181.14451599999998,38780.0
2017-03-31,189.350006,191.75,185.25,187.300003,180.470032,37384.0
2017-04-03,186.0,191.199997,185.0,188.699997,181.81897,46053.0
2017-04-05,187.100006,193.899994,187.100006,190.350006,183.40881299999998,73897.0
2017-04-06,191.0,205.800003,190.0,199.600006,192.321518,228437.0
2017-04-07,198.949997,205.699997,197.649994,199.300003,192.03243999999998,140008.0
2017-04-10,200.949997,202.899994,198.0,200.149994,192.851456,66081.0
2017-04-11,201.75,211.0,201.75,205.100006,197.620941,154561.0
2017-04-12,206.5,207.100006,200.199997,202.25,194.87486299999998,50226.0
2017-04-13,201.25,211.94999700000002,200.100006,207.75,200.174301,106779.0
2017-04-17,206.050003,208.800003,203.0,206.449997,198.921707,42917.0
2017-04-18,207.0,207.0,200.399994,201.050003,193.718628,33627.0
2017-04-19,202.25,209.899994,201.449997,204.399994,196.946457,53353.0
2017-04-20,224.0,224.0,212.0,213.94999700000002,206.148224,260929.0
2017-04-21,213.100006,216.80000299999998,208.449997,210.80000299999998,203.113098,41831.0
2017-04-24,212.80000299999998,214.399994,208.300003,210.94999700000002,203.257614,49013.0
2017-04-25,212.94999700000002,214.350006,208.300003,212.80000299999998,205.040161,58857.0
2017-04-26,213.0,219.5,208.449997,209.649994,202.00502,117858.0
2017-04-27,209.899994,214.75,209.300003,211.19999700000002,203.498505,41717.0
2017-04-28,211.0,214.5,206.800003,209.75,202.101395,45527.0
2017-05-02,211.69999700000002,211.75,206.350006,208.25,200.656082,22603.0
2017-05-03,210.25,212.0,207.199997,208.899994,201.282349,32938.0
2017-05-04,209.5,212.149994,208.5,210.25,202.583145,37940.0
2017-05-05,209.25,214.19999700000002,204.5,205.850006,198.343597,91666.0
2017-05-08,208.25,213.0,207.25,208.300003,200.704254,41395.0
2017-05-09,210.0,214.0,205.600006,212.0,204.26933300000002,85095.0
2017-05-10,213.600006,214.0,209.5,210.80000299999998,203.113098,30506.0
2017-05-11,212.0,212.75,209.199997,212.0,204.26933300000002,26621.0
2017-05-12,211.05000299999998,214.0,209.5,212.44999700000002,204.702911,42175.0
2017-05-15,212.44999700000002,212.94999700000002,209.5,210.19999700000002,202.534973,34532.0
2017-05-16,212.0,212.19999700000002,203.399994,204.149994,196.705582,78881.0
2017-05-17,205.850006,208.0,203.550003,205.25,197.765472,26134.0
2017-05-18,206.050003,209.0,204.050003,205.050003,197.572769,27774.0
2017-05-19,204.300003,207.0,204.300003,205.199997,197.717285,15788.0
2017-05-22,206.050003,207.899994,201.850006,203.800003,196.368347,33802.0
2017-05-23,205.050003,205.699997,195.0,201.100006,193.7668,238738.0
2017-05-24,202.0,204.0,196.25,202.899994,195.50114399999998,63308.0
2017-05-25,202.949997,203.0,197.0,200.850006,193.525925,33753.0
2017-05-26,199.899994,199.899994,192.449997,194.5,187.407471,70914.0
2017-05-29,194.0,198.949997,190.0,191.100006,184.131454,19088.0
2017-05-30,191.100006,194.949997,188.100006,193.649994,186.588455,24011.0
2017-05-31,192.949997,194.5,190.0,191.300003,184.324158,18797.0
2017-06-01,194.600006,194.600006,189.0,189.800003,182.87886,36027.0
2017-06-02,193.449997,193.449997,188.699997,190.300003,183.360641,13564.0
2017-06-05,191.0,193.100006,189.550003,191.649994,184.661392,13718.0
2017-06-06,192.050003,192.050003,188.5,189.449997,182.541626,14813.0
2017-06-07,191.899994,191.899994,188.649994,189.649994,182.734329,19068.0
2017-06-08,190.0,191.0,187.449997,188.850006,181.963516,18130.0
2017-06-09,190.800003,190.800003,187.149994,187.550003,180.710922,10013.0
2017-06-12,189.899994,191.550003,185.600006,190.050003,183.11973600000002,17461.0
2017-06-13,189.0,197.399994,188.199997,193.600006,186.540298,24273.0
2017-06-14,197.800003,198.600006,192.850006,196.850006,189.671783,41806.0
2017-06-15,198.0,208.0,197.050003,205.699997,198.199051,69058.0
2017-06-16,205.050003,215.0,205.0,211.850006,204.124802,107736.0
2017-06-19,214.899994,217.0,206.25,207.300003,199.740723,82807.0
2017-06-20,208.5,210.0,202.399994,203.699997,196.271973,58668.0
2017-06-21,204.800003,221.69999700000002,204.800003,210.25,202.583145,388293.0
2017-06-22,212.94999700000002,216.350006,201.0,202.899994,195.50114399999998,176963.0
2017-06-23,203.899994,206.899994,198.25,198.850006,191.598846,101810.0
2017-06-27,200.75,202.949997,196.050003,197.050003,189.86448700000003,35771.0
2017-06-28,197.0,200.449997,195.25,199.100006,191.839737,20173.0
2017-06-29,200.600006,201.899994,196.449997,197.350006,190.153549,26108.0
2017-06-30,197.5,210.0,196.300003,199.800003,192.514221,67145.0
2017-07-03,200.0,203.449997,198.050003,199.600006,192.321518,46435.0
2017-07-04,199.699997,201.300003,196.0,197.050003,189.86448700000003,51891.0
2017-07-05,197.699997,207.5,197.149994,199.699997,192.417847,96453.0
2017-07-06,201.0,203.600006,198.050003,198.5,191.261597,61522.0
2017-07-07,199.0,204.0,198.600006,202.5,195.115753,50983.0
2017-07-10,206.449997,206.449997,201.600006,204.550003,197.091003,9179.0
2017-07-11,204.949997,214.0,203.100006,204.0,196.56105,135733.0
2017-07-12,206.550003,207.550003,202.0,203.649994,196.223816,72652.0
2017-07-13,204.800003,205.800003,200.25,202.149994,194.778519,44163.0
2017-07-14,203.5,203.5,198.800003,200.350006,193.044159,61432.0
2017-07-17,201.800003,204.5,199.100006,201.75,194.393112,21319.0
2017-07-18,200.5,201.899994,198.050003,199.050003,191.79155,23217.0
2017-07-19,202.0,202.149994,199.050003,199.899994,192.61056499999998,37743.0
2017-07-20,199.0,201.0,198.149994,199.699997,192.417847,14807.0
2017-07-21,200.0,208.0,196.550003,204.899994,197.428223,72533.0
2017-07-24,206.0,206.0,201.0,201.449997,194.104034,36156.0
2017-07-25,204.75,204.75,200.199997,200.699997,193.381378,15846.0
2017-07-26,201.800003,204.5,198.5,202.550003,195.163925,58243.0
2017-07-27,202.0,203.75,198.5,199.25,191.984268,31055.0
2017-07-28,200.0,200.300003,197.0,197.300003,190.105362,18850.0
2017-07-31,197.949997,200.0,189.399994,196.899994,189.719955,20966.0
2017-08-01,197.75,198.0,195.0,196.25,189.093658,20564.0
2017-08-02,195.399994,197.5,193.149994,194.149994,187.07023600000002,8646.0
2017-08-03,194.399994,199.5,192.100006,198.100006,190.876205,31334.0
2017-08-04,199.5,199.5,192.199997,194.300003,187.214767,32916.0
2017-08-07,197.800003,197.800003,192.100006,193.050003,186.010345,8379.0
2017-08-08,194.75,194.75,190.5,191.800003,184.805923,17212.0
2017-08-09,191.899994,191.899994,185.100006,186.199997,179.41014099999998,20318.0
2017-08-10,186.5,186.5,180.100006,183.350006,176.664078,22035.0
2017-08-11,180.0,180.050003,175.050003,176.399994,169.967499,50961.0
2017-08-14,177.100006,196.0,177.0,191.0,184.03511,41275.0
2017-08-16,190.550003,193.649994,185.5,189.550003,182.63798500000001,12656.0
2017-08-17,190.949997,191.300003,184.899994,185.550003,178.783844,17068.0
2017-08-18,184.0,189.0,184.0,186.850006,180.036453,7345.0
2017-08-21,185.050003,187.949997,183.0,183.199997,176.519531,10994.0
2017-08-22,184.5,185.75,182.199997,184.0,177.290359,11615.0
2017-08-23,184.100006,189.25,183.25,184.75,178.013031,19312.0
2017-08-24,185.949997,193.0,184.800003,187.949997,181.096329,41478.0
2017-08-28,188.800003,192.0,186.300003,191.25,184.27598600000002,27525.0
2017-08-29,190.699997,193.0,187.600006,189.199997,182.300735,12021.0
2017-08-30,190.850006,191.899994,189.449997,190.449997,183.505157,9929.0
2017-08-31,190.0,193.0,188.050003,191.699997,186.274506,33070.0
2017-09-01,190.0,194.25,188.899994,190.899994,185.49714699999998,16463.0
2017-09-04,190.0,194.5,188.25,192.350006,186.90611299999998,12909.0
2017-09-05,192.5,195.699997,190.300003,192.699997,187.246185,19060.0
2017-09-06,190.300003,193.449997,190.300003,192.449997,187.003265,7845.0
2017-09-07,195.300003,195.300003,187.25,191.300003,185.885818,22405.0
2017-09-08,190.050003,196.699997,187.0,188.399994,183.06788600000002,35967.0
2017-09-11,185.100006,189.0,183.0,183.550003,178.355164,70016.0
2017-09-12,184.850006,187.0,183.100006,184.350006,179.132523,23282.0
2017-09-13,184.100006,187.0,180.199997,181.300003,176.168854,38534.0
2017-09-14,182.75,183.5,177.0,178.699997,173.642426,32378.0
2017-09-15,179.949997,181.800003,178.25,180.649994,175.53723100000002,11638.0
2017-09-18,181.050003,183.0,176.949997,178.399994,173.350922,49487.0
2017-09-19,180.899994,183.0,177.5,181.0,175.87733500000002,48748.0
2017-09-20,182.5,184.0,177.5,178.199997,173.15657,29053.0
2017-09-21,184.0,192.800003,177.100006,178.800003,173.73959399999998,237619.0
2017-09-22,178.800003,182.0,176.600006,177.899994,172.865051,69507.0
2017-09-25,178.0,178.0,169.300003,174.199997,169.269775,32448.0
2017-09-26,176.699997,176.699997,173.149994,174.649994,169.707047,11994.0
2017-09-27,178.0,180.050003,168.100006,169.550003,164.751389,43575.0
2017-09-28,171.100006,173.0,166.850006,171.350006,166.500458,19768.0
2017-09-29,173.5,175.399994,167.800003,171.300003,166.451859,65173.0
2017-10-03,171.5,173.5,169.649994,171.449997,166.597626,21186.0
2017-10-04,173.0,173.0,170.25,171.0,166.160355,40013.0
2017-10-05,171.100006,171.75,167.5,169.0,164.216949,33693.0
2017-10-06,171.949997,175.550003,168.399994,171.100006,166.257523,62362.0
2017-10-09,172.5,184.0,171.0,178.899994,173.83676100000002,76766.0
2017-10-10,180.0,181.850006,174.300003,176.600006,171.601868,44837.0
2017-10-11,177.100006,182.0,175.5,178.699997,173.642426,54700.0
2017-10-12,180.0,184.899994,178.0,182.649994,177.48062099999999,70670.0
2017-10-13,185.0,192.0,185.0,188.600006,183.262238,280463.0
2017-10-16,190.949997,193.699997,183.300003,185.100006,179.861313,63027.0
2017-10-17,186.25,186.300003,181.0,181.850006,176.703278,40691.0
2017-10-18,181.899994,184.850006,181.0,184.199997,178.986771,21329.0
2017-10-19,185.600006,186.850006,183.0,183.699997,178.5009,15000.0
2017-10-23,185.600006,185.699997,180.149994,181.899994,176.75186200000002,22916.0
2017-10-24,183.699997,186.5,178.550003,185.199997,179.95845,92529.0
2017-10-25,186.5,197.300003,183.550003,194.25,188.75233500000002,184266.0
2017-10-26,194.850006,194.899994,186.149994,186.899994,181.61033600000002,111687.0
2017-10-27,185.600006,201.699997,185.600006,197.300003,191.716003,157760.0
2017-10-30,197.0,215.44999700000002,195.0,208.550003,202.64761399999998,461986.0
2017-10-31,208.0,212.30000299999998,202.25,207.25,201.384399,136012.0
2017-11-01,208.899994,211.25,199.25,202.399994,196.671661,78487.0
2017-11-02,203.25,205.75,195.0,195.699997,190.16128500000002,46368.0
2017-11-03,194.600006,203.949997,192.5,194.300003,188.800919,101851.0
2017-11-06,196.25,203.0,193.600006,198.199997,192.59053,58707.0
2017-11-07,197.0,201.149994,190.0,192.100006,186.663177,71016.0
2017-11-08,190.0,198.0,190.0,195.449997,189.918365,55912.0
2017-11-09,198.949997,199.0,190.0,192.25,186.808929,31931.0
2017-11-10,193.600006,198.0,191.550003,192.850006,187.391968,47796.0
2017-11-13,194.5,196.5,187.5,189.800003,184.428268,156110.0
2017-11-14,190.600006,192.0,189.050003,190.550003,185.157059,70099.0
2017-11-15,190.600006,192.0,189.5,190.199997,184.816956,62123.0
2017-11-16,191.899994,200.25,189.300003,194.449997,188.946655,93643.0
2017-11-17,197.050003,202.899994,191.699997,195.649994,190.112701,129137.0
2017-11-20,193.649994,200.5,191.949997,193.600006,188.120728,58725.0
2017-11-21,194.300003,197.300003,192.699997,193.550003,188.07214399999998,77265.0
2017-11-22,201.149994,208.0,199.25,203.649994,197.886292,320967.0
2017-11-23,205.649994,214.80000299999998,205.649994,211.19999700000002,205.22261,359358.0
2017-11-24,211.899994,216.5,206.050003,208.5,202.59903,96320.0
2017-11-27,207.600006,216.0,206.300003,210.75,204.785339,111089.0
2017-11-28,210.80000299999998,222.94999700000002,210.100006,218.80000299999998,212.60751299999998,395512.0
2017-11-29,220.80000299999998,223.899994,214.0,215.69999700000002,209.595245,140511.0
2017-11-30,214.5,219.80000299999998,212.0,213.55000299999998,207.506104,62035.0
2017-12-01,214.0,231.69999700000002,214.0,217.649994,211.49005099999997,317652.0
2017-12-04,219.0,223.149994,214.0,216.899994,210.761292,73380.0
2017-12-05,215.55000299999998,219.69999700000002,213.44999700000002,216.30000299999998,210.178268,51805.0
2017-12-06,214.5,222.69999700000002,210.25,212.850006,206.82591200000002,72375.0
2017-12-07,212.850006,219.5,210.5,213.94999700000002,207.894775,47452.0
2017-12-08,213.94999700000002,221.899994,212.44999700000002,218.94999700000002,212.753265,98198.0
2017-12-11,227.69999700000002,237.399994,226.0,232.850006,226.25987200000003,471829.0
2017-12-12,232.850006,245.899994,228.0,233.850006,227.23156699999998,503691.0
2017-12-13,234.30000299999998,241.899994,230.44999700000002,233.94999700000002,227.32873500000002,163070.0
2017-12-14,236.19999700000002,236.19999700000002,223.149994,227.350006,220.915543,113162.0
2017-12-15,231.94999700000002,236.75,223.69999700000002,233.0,226.40562400000002,198068.0
2017-12-18,230.0,232.69999700000002,216.0,226.30000299999998,219.895248,89256.0
2017-12-19,228.600006,230.649994,225.0,225.75,219.360809,75787.0
2017-12-20,227.0,230.649994,225.100006,226.5,220.0896,116903.0
2017-12-21,226.19999700000002,233.0,225.0,225.600006,219.215073,134426.0
2017-12-22,226.5,229.94999700000002,223.600006,224.75,218.389114,97387.0
2017-12-26,224.75,237.399994,222.350006,233.649994,227.037216,176166.0
2017-12-27,237.69999700000002,239.44999700000002,228.0,230.100006,223.58770800000002,129943.0
2017-12-28,230.0,234.399994,226.05000299999998,228.0,221.54713399999997,43562.0
2017-12-29,236.100006,239.0,232.0,233.100006,226.50280800000002,126568.0
2018-01-01,233.55000299999998,236.5,228.0,228.850006,222.373093,61829.0
2018-01-02,229.05000299999998,231.649994,225.0,227.69999700000002,221.25562999999997,55514.0
2018-01-03,228.350006,235.899994,226.649994,228.0,221.54713399999997,121643.0
2018-01-04,230.0,232.0,227.0,228.649994,222.17872599999998,47264.0
2018-01-05,228.05000299999998,230.0,225.149994,226.899994,220.47825600000002,38226.0
2018-01-08,227.69999700000002,228.850006,224.399994,225.05000299999998,218.680634,112844.0
2018-01-09,227.399994,231.399994,225.30000299999998,227.0,220.57543900000002,78565.0
2018-01-10,227.100006,232.350006,226.0,229.899994,223.393356,144008.0
2018-01-11,232.0,244.5,230.5,240.149994,233.353271,428160.0
2018-01-12,243.399994,248.399994,235.0,236.350006,229.66082799999998,315701.0
2018-01-15,238.0,240.0,224.100006,227.100006,220.672623,109506.0
2018-01-16,226.899994,231.350006,220.55000299999998,222.149994,215.862701,136472.0
2018-01-17,222.0,227.0,216.0,225.05000299999998,218.680634,60087.0
2018-01-18,226.600006,228.0,217.5,218.850006,212.65609700000002,54866.0
2018-01-19,220.0,223.0,218.0,219.600006,213.384888,63190.0
2018-01-22,218.30000299999998,228.30000299999998,218.30000299999998,226.850006,220.429703,48042.0
2018-01-23,224.100006,229.100006,224.0,225.399994,219.020721,40454.0
2018-01-24,224.80000299999998,226.30000299999998,217.100006,219.399994,213.190521,65906.0
2018-01-25,218.149994,226.0,218.05000299999998,219.94999700000002,213.72496,33476.0
2018-01-29,222.0,222.75,209.100006,215.05000299999998,208.963654,64439.0
2018-01-30,216.19999700000002,216.69999700000002,211.0,213.399994,207.36033600000002,38721.0
2018-01-31,,,,,,
2018-02-01,,,,,,
2018-02-02,,,,,,
2018-02-05,,,,,,
2018-02-06,,,,,,
2018-02-07,,,,,,
2018-02-08,,,,,,
2018-02-09,,,,,,
2018-02-12,,,,,,
2018-02-14,,,,,,
2018-02-15,,,,,,
2018-02-16,,,,,,
2018-02-19,,,,,,
2018-02-20,,,,,,
2018-02-21,,,,,,
2018-02-22,,,,,,
2018-02-23,,,,,,
2018-02-26,,,,,,
2018-02-27,,,,,,
2018-02-28,,,,,,
2018-03-01,,,,,,
2018-03-05,,,,,,
2018-03-06,,,,,,
2018-03-07,,,,,,
2018-03-08,,,,,,
2018-03-09,,,,,,
2018-03-12,,,,,,
2018-03-13,,,,,,
2018-03-14,,,,,,
2018-03-15,,,,,,
2018-03-16,,,,,,
2018-03-19,,,,,,
2018-03-20,,,,,,
2018-03-21,,,,,,
2018-03-22,,,,,,
2018-03-23,,,,,,
2018-03-26,,,,,,
2018-03-27,,,,,,
2018-03-28,,,,,,
2018-04-02,,,,,,
2018-04-03,,,,,,
2018-04-04,,,,,,
2018-04-05,,,,,,
2018-04-06,,,,,,
2018-04-09,,,,,,
2018-04-10,,,,,,
2018-04-11,,,,,,
2018-04-12,,,,,,
2018-04-13,,,,,,
2018-04-16,,,,,,
2018-04-17,,,,,,
2018-04-18,,,,,,
2018-04-19,,,,,,
2018-04-20,,,,,,
2018-04-23,,,,,,
2018-04-24,,,,,,
2018-04-25,,,,,,
2018-04-26,,,,,,
2018-04-27,,,,,,
2018-04-30,,,,,,
2018-05-02,,,,,,
2018-05-03,,,,,,
2018-05-04,,,,,,
2018-05-07,,,,,,
2018-05-08,,,,,,
2018-05-09,,,,,,
2018-05-10,,,,,,
2018-05-11,,,,,,
2018-05-14,,,,,,
2018-05-15,,,,,,
2018-05-16,,,,,,
2018-05-17,,,,,,
2018-05-18,,,,,,
2018-05-21,,,,,,
2018-05-22,,,,,,
2018-05-23,,,,,,
2018-05-24,,,,,,
2018-05-25,,,,,,
2018-05-28,,,,,,
2018-05-29,,,,,,
2018-05-30,,,,,,
2018-05-31,,,,,,
2018-06-01,,,,,,
2018-06-04,,,,,,
2018-06-05,,,,,,
2018-06-06,,,,,,
2018-06-07,,,,,,
2018-06-08,,,,,,
2018-06-11,,,,,,
2018-06-12,,,,,,
2018-06-13,,,,,,
2018-06-14,,,,,,
2018-06-15,,,,,,
2018-06-18,,,,,,
2018-06-19,,,,,,
2018-06-20,,,,,,
2018-06-21,,,,,,
2018-06-22,,,,,,
2018-06-25,,,,,,
2018-06-26,,,,,,
2018-06-27,,,,,,
2018-06-28,,,,,,
2018-06-29,,,,,,
2018-07-02,,,,,,
2018-07-03,,,,,,
2018-07-04,,,,,,
2018-07-05,,,,,,
2018-07-06,,,,,,
2018-07-09,,,,,,
2018-07-10,,,,,,
2018-07-11,,,,,,
2018-07-12,,,,,,
2018-07-13,,,,,,
2018-07-16,,,,,,
2018-07-17,,,,,,
2018-07-18,,,,,,
2018-07-19,,,,,,
2018-07-20,,,,,,
2018-07-23,,,,,,
2018-07-24,,,,,,
2018-07-25,,,,,,
2018-07-26,,,,,,
2018-07-27,,,,,,
2018-07-30,,,,,,
2018-07-31,,,,,,
2018-08-01,,,,,,
2018-08-02,,,,,,
2018-08-03,,,,,,
2018-08-06,,,,,,
2018-08-07,,,,,,
2018-08-08,,,,,,
2018-08-09,,,,,,
2018-08-10,,,,,,
2018-08-13,,,,,,
2018-08-14,,,,,,
2018-08-16,,,,,,
2018-08-17,,,,,,
2018-08-20,,,,,,
2018-08-21,,,,,,
2018-08-23,,,,,,
2018-08-24,,,,,,
2018-08-27,,,,,,
2018-08-28,,,,,,
2018-08-29,,,,,,
2018-08-30,,,,,,
2018-08-31,,,,,,
2018-09-03,,,,,,
2018-09-04,,,,,,
2018-09-05,,,,,,
2018-09-06,,,,,,
2018-09-07,,,,,,
2018-09-10,,,,,,
2018-09-11,,,,,,
2018-09-12,,,,,,
2018-09-14,,,,,,
2018-09-17,,,,,,
2018-09-18,,,,,,
2018-09-19,,,,,,
2018-09-21,,,,,,
2018-09-24,,,,,,
2018-09-25,,,,,,
2018-09-26,,,,,,
2018-09-27,,,,,,
2018-09-28,,,,,,
2018-10-01,,,,,,
2018-10-03,,,,,,
2018-10-04,,,,,,
2018-10-05,,,,,,
2018-10-08,,,,,,
2018-10-09,,,,,,
2018-10-10,,,,,,
2018-10-11,,,,,,
2018-10-12,,,,,,
2018-10-15,,,,,,
2018-10-16,,,,,,
2018-10-17,,,,,,
2018-10-19,,,,,,
2018-10-22,,,,,,
2018-10-23,,,,,,
2018-10-24,,,,,,
2018-10-25,,,,,,
2018-10-26,,,,,,
2018-10-29,,,,,,
2018-10-30,,,,,,
2018-10-31,,,,,,
2018-11-01,,,,,,
2018-11-02,,,,,,
2018-11-05,,,,,,
2018-11-06,,,,,,
2018-11-07,,,,,,
2018-11-09,,,,,,
2018-11-12,,,,,,
2018-11-13,,,,,,
2018-11-14,,,,,,
2018-11-15,,,,,,
2018-11-16,,,,,,
2018-11-19,,,,,,
2018-11-20,,,,,,
2018-11-21,,,,,,
2018-11-22,,,,,,
2018-11-26,,,,,,
2018-11-27,,,,,,
2018-11-28,,,,,,
2018-11-29,,,,,,
2018-11-30,,,,,,
2018-12-03,,,,,,
2018-12-04,,,,,,
2018-12-05,,,,,,
2018-12-06,,,,,,
2018-12-07,,,,,,
2018-12-10,,,,,,
2018-12-11,,,,,,
2018-12-12,,,,,,
2018-12-13,,,,,,
2018-12-14,,,,,,
2018-12-17,,,,,,
2018-12-18,,,,,,
2018-12-19,,,,,,
2018-12-20,,,,,,
2018-12-21,,,,,,
2018-12-24,,,,,,
2018-12-26,,,,,,
2018-12-27,,,,,,
2018-12-28,,,,,,
2018-12-31,,,,,,
2019-01-01,,,,,,
2019-01-02,,,,,,
2019-01-03,,,,,,
2019-01-04,,,,,,
2019-01-07,,,,,,
2019-01-08,,,,,,
2019-01-09,,,,,,
2019-01-10,,,,,,
2019-01-11,,,,,,
2019-01-14,,,,,,
2019-01-15,,,,,,
2019-01-16,,,,,,
2019-01-17,,,,,,
2019-01-18,,,,,,
2019-01-21,,,,,,
2019-01-22,,,,,,
2019-01-23,,,,,,
2019-01-24,,,,,,
2019-01-25,,,,,,
2019-01-28,,,,,,
2019-01-29,,,,,,
2019-01-30,,,,,,
2019-01-31,,,,,,
2019-02-01,,,,,,
2019-02-04,,,,,,
2019-02-05,,,,,,
2019-02-06,,,,,,
2019-02-07,,,,,,
2019-02-08,,,,,,
2019-02-11,,,,,,
2019-02-12,,,,,,
2019-02-14,,,,,,
2019-02-15,,,,,,
2019-02-18,,,,,,
2019-02-19,,,,,,
2019-02-20,,,,,,
2019-02-21,,,,,,
2019-02-22,,,,,,
2019-02-25,,,,,,
2019-02-26,,,,,,
2019-02-27,,,,,,
2019-02-28,,,,,,
2019-03-01,,,,,,
2019-03-05,,,,,,
2019-03-06,,,,,,
2019-03-07,,,,,,
2019-03-08,,,,,,
2019-03-11,,,,,,
2019-03-12,,,,,,
2019-03-13,,,,,,
2019-03-14,,,,,,
2019-03-15,,,,,,
2019-03-18,,,,,,
2019-03-19,,,,,,
2019-03-20,,,,,,
2019-03-22,,,,,,
2019-03-25,,,,,,
2019-03-26,,,,,,
2019-03-27,,,,,,
2019-03-28,,,,,,
2019-04-01,,,,,,
2019-04-02,,,,,,
2019-04-03,,,,,,
2019-04-04,,,,,,
2019-04-05,,,,,,
2019-04-08,,,,,,
2019-04-09,,,,,,
2019-04-10,,,,,,
2019-04-11,,,,,,
2019-04-12,,,,,,
2019-04-15,,,,,,
2019-04-16,,,,,,
2019-04-18,,,,,,
2019-04-22,,,,,,
2019-04-23,,,,,,
2019-04-24,,,,,,
2019-04-25,,,,,,
2019-04-26,,,,,,
2019-04-30,,,,,,
2019-05-02,123.050003,125.849998,121.599998,124.650002,121.12215400000001,3855.0
2019-05-03,123.849998,125.0,121.400002,122.449997,118.98441299999999,4101.0
2019-05-06,,,,,,
2019-05-07,,,,,,
2019-05-08,,,,,,
2019-05-09,,,,,,
2019-05-10,,,,,,
2019-05-13,,,,,,
2019-05-14,,,,,,
2019-05-15,,,,,,
2019-05-16,,,,,,
2019-05-17,108.550003,111.0,107.0,107.300003,104.263199,2356.0
2019-05-20,112.0,115.400002,108.0,114.5,111.25941499999999,6356.0
2019-05-21,112.25,115.0,111.150002,112.150002,108.97592900000001,4885.0
2019-05-22,,,,,,
2019-05-23,115.449997,119.800003,113.300003,116.900002,113.591499,18289.0
2019-05-24,119.0,139.0,115.699997,135.800003,131.95658899999998,149494.0
2019-05-27,141.5,146.0,135.0,135.949997,132.102341,69454.0
2019-05-28,139.199997,139.800003,132.0,134.550003,130.741959,15479.0
2019-05-29,135.949997,138.699997,133.600006,135.25,131.42215,8711.0
2019-05-30,137.600006,137.600006,132.050003,134.399994,130.596191,9031.0
2019-05-31,133.75,136.0,133.5,134.649994,130.839127,5224.0
2019-06-03,133.0,134.949997,130.699997,133.600006,129.818848,7157.0
2019-06-04,132.25,143.449997,130.0,138.25,134.337234,32788.0
2019-06-06,141.449997,144.949997,137.0,138.0,134.094315,24058.0
2019-06-07,139.0,143.5,132.5,135.149994,131.324982,21875.0
2019-06-10,138.600006,138.649994,132.399994,136.199997,132.34526100000002,4230.0
2019-06-11,135.899994,140.050003,133.5,134.0,130.207535,5872.0
2019-06-12,134.0,137.449997,132.149994,134.550003,130.741959,3948.0
2019-06-13,133.300003,137.25,132.850006,133.149994,129.381577,4464.0
2019-06-14,131.600006,134.649994,131.0,132.550003,128.798569,3768.0
2019-06-17,,,,,,
2019-06-18,126.0,128.050003,121.849998,122.650002,119.178757,13026.0
2019-06-19,122.699997,128.0,122.099998,123.449997,119.956108,8227.0
2019-06-20,121.0,125.300003,121.0,122.800003,119.32451599999999,4927.0
2019-06-21,121.099998,127.0,121.099998,122.599998,119.13016499999999,4684.0
2019-06-24,122.199997,124.800003,120.75,123.900002,120.39337900000001,3688.0
2019-06-25,122.0,128.050003,122.0,123.849998,120.34479499999999,12711.0
2019-06-26,,,,,,
2019-06-27,123.0,133.800003,123.0,127.550003,123.940079,24532.0
2019-06-28,126.0,127.599998,123.300003,124.150002,120.636307,5612.0
2019-07-01,123.099998,126.5,123.099998,124.150002,120.636307,15250.0
2019-07-02,123.099998,125.25,121.599998,124.050003,120.53913100000001,14901.0
2019-07-03,122.550003,135.550003,122.550003,130.899994,127.19526699999999,43025.0
2019-07-04,131.350006,134.0,127.599998,129.800003,126.12640400000001,19547.0
2019-07-05,126.099998,130.5,126.099998,126.949997,123.35704799999999,12312.0
2019-07-08,126.0,126.050003,122.300003,122.800003,119.32451599999999,16942.0
2019-07-09,121.099998,125.599998,112.0,118.099998,114.75752299999999,21361.0
2019-07-10,115.25,123.949997,115.25,122.75,119.275925,16533.0
2019-07-11,125.599998,127.0,120.400002,121.75,118.30423,15866.0
2019-07-12,123.400002,132.699997,121.099998,122.75,119.275925,22896.0
2019-07-15,123.150002,124.550003,121.599998,122.400002,118.935837,3726.0
2019-07-16,120.0,124.099998,118.25,119.349998,115.972153,6128.0
2019-07-17,119.0,124.449997,119.0,122.849998,119.3731,9356.0
2019-07-18,121.0,122.550003,117.349998,118.900002,115.53488899999999,5023.0
2019-07-19,118.0,123.75,115.300003,117.300003,113.980179,7540.0
2019-07-22,114.0,118.050003,114.0,115.300003,112.036781,6018.0
2019-07-23,115.050003,119.900002,115.050003,116.300003,113.008476,2299.0
2019-07-24,115.050003,117.0,114.099998,115.349998,112.08535800000001,1942.0
2019-07-25,114.050003,116.199997,109.099998,110.949997,107.809891,5055.0
2019-07-26,110.099998,114.949997,107.0,112.050003,108.87876100000001,8800.0
2019-07-29,112.0,114.800003,109.050003,110.199997,107.081116,2445.0
2019-07-30,109.0,111.599998,107.0,108.099998,105.040543,5004.0
2019-07-31,106.150002,110.0,106.150002,109.849998,106.74101999999999,3475.0
2019-08-01,107.099998,110.0,105.25,106.900002,103.87451899999999,5132.0
2019-08-02,104.099998,116.199997,103.5,110.75,107.61554699999999,12103.0
2019-08-05,108.0,108.25,96.949997,104.550003,101.591026,30626.0
2019-08-06,101.550003,112.449997,101.550003,111.0,107.858475,7738.0
2019-08-07,108.0,116.699997,108.0,113.550003,111.950005,7712.0
2019-08-08,110.099998,114.0,108.550003,109.449997,109.449997,1885.0
2019-08-09,114.449997,114.449997,110.0,113.400002,113.400002,6087.0
2019-08-13,115.150002,115.900002,108.300003,113.0,113.0,4589.0
2019-08-14,115.949997,116.0,110.0,113.349998,113.349998,4087.0
2019-08-16,114.349998,115.0,110.150002,112.400002,112.400002,1885.0
2019-08-19,114.699997,116.199997,112.349998,114.300003,114.300003,6152.0
2019-08-20,114.949997,115.0,110.099998,112.199997,112.199997,2893.0
2019-08-21,113.900002,114.449997,110.050003,110.5,110.5,2179.0
2019-08-22,110.5,113.900002,104.699997,106.599998,106.599998,12729.0
2019-08-23,108.449997,110.5,103.949997,105.949997,105.949997,7491.0
2019-08-26,106.0,110.5,106.0,107.550003,107.550003,6746.0
2019-08-27,110.949997,111.0,107.550003,109.25,109.25,8076.0
2019-08-28,110.699997,114.900002,107.0,111.099998,111.099998,65902.0
2019-08-29,114.699997,114.75,109.0,110.75,110.75,3051.0
2019-08-30,113.949997,115.199997,112.0,114.150002,114.150002,3884.0
2019-09-03,112.150002,114.900002,110.400002,110.449997,110.449997,1936.0
2019-09-04,113.449997,113.449997,107.400002,110.699997,110.699997,3467.0
2019-09-05,112.0,115.949997,111.5,114.900002,114.900002,3991.0
2019-09-06,114.050003,118.0,112.800003,115.949997,115.949997,6089.0
2019-09-09,116.050003,118.699997,112.599998,115.050003,115.050003,3296.0
2019-09-11,116.550003,124.0,115.400002,123.800003,123.800003,8050.0
2019-09-12,123.849998,125.900002,120.349998,123.199997,123.199997,3536.0
2019-09-13,123.949997,127.800003,120.699997,125.900002,125.900002,2863.0
2019-09-16,125.0,125.800003,122.099998,123.050003,123.050003,2631.0
2019-09-17,123.050003,125.650002,119.0,121.949997,121.949997,2711.0
2019-09-18,128.850006,128.850006,119.0,119.75,119.75,2787.0
2019-09-19,123.849998,123.900002,118.5,121.300003,121.300003,2787.0
2019-09-20,124.849998,126.0,120.5,123.849998,123.849998,9770.0
2019-09-23,127.050003,127.949997,123.199997,125.349998,125.349998,12242.0
2019-09-24,127.949997,129.649994,123.0,123.599998,123.599998,3227.0
2019-09-25,122.050003,125.0,120.800003,122.650002,122.650002,2441.0
2019-09-26,122.849998,129.050003,121.5,127.900002,127.900002,8772.0
2019-09-27,132.0,144.0,123.0,132.100006,132.100006,14992.0
2019-09-30,129.899994,132.899994,128.0,128.949997,128.949997,7115.0
2019-10-01,130.0,130.649994,116.949997,120.150002,120.150002,7104.0
2019-10-03,125.699997,125.699997,117.199997,118.150002,118.150002,5081.0
2019-10-04,118.150002,123.849998,114.25,118.349998,118.349998,5293.0
2019-10-07,123.949997,124.900002,120.0,121.5,121.5,10607.0
2019-10-09,123.449997,123.550003,119.0,119.800003,119.800003,5919.0
2019-10-10,123.650002,123.650002,117.0,118.949997,118.949997,3185.0
2019-10-11,119.300003,119.300003,115.25,116.25,116.25,16336.0
2019-10-14,115.050003,121.25,113.0,119.199997,119.199997,9549.0
2019-10-15,118.0,120.0,115.25,115.949997,115.949997,1924.0
2019-10-16,115.800003,119.0,110.099998,112.300003,112.300003,13907.0
2019-10-17,113.25,118.0,112.0,114.349998,114.349998,6735.0
2019-10-18,117.699997,121.25,113.25,116.949997,116.949997,5133.0
2019-10-22,121.699997,121.699997,117.199997,118.199997,118.199997,3872.0
2019-10-23,117.050003,120.400002,116.900002,118.900002,118.900002,4523.0
2019-10-24,119.949997,121.0,116.0,120.349998,120.349998,6373.0
2019-10-25,119.0,120.400002,118.0,118.199997,118.199997,831.0
2019-10-27,,,,,,
2019-10-29,117.900002,122.0,117.75,119.949997,119.949997,5796.0
2019-10-30,120.5,123.0,120.050003,121.400002,121.400002,3417.0
2019-10-31,121.849998,124.550003,120.150002,121.800003,121.800003,8535.0
2019-11-01,122.699997,127.599998,122.300003,124.050003,124.050003,10152.0
2019-11-04,126.849998,127.0,121.0,126.150002,126.150002,6210.0
2019-11-05,126.050003,126.699997,124.099998,125.050003,125.050003,5663.0
2019-11-06,124.25,125.349998,123.099998,124.400002,124.400002,3211.0
2019-11-07,124.400002,127.550003,123.599998,126.650002,126.650002,6118.0
2019-11-08,126.050003,131.0,126.0,127.449997,127.449997,5219.0
2019-11-11,127.449997,128.050003,120.25,120.650002,120.650002,14728.0
2019-11-13,123.0,123.0,120.25,120.949997,120.949997,8116.0
2019-11-14,120.949997,122.900002,120.0,121.0,121.0,2949.0
2019-11-15,122.300003,122.300003,117.5,117.599998,117.599998,5747.0
2019-11-18,119.900002,122.300003,115.099998,116.050003,116.050003,11711.0
2019-11-19,117.5,117.5,112.400002,112.599998,112.599998,15025.0
2019-11-20,113.0,114.400002,109.0,110.599998,110.599998,11394.0
2019-11-21,112.0,112.400002,108.0,110.599998,110.599998,5227.0
2019-11-22,112.349998,112.349998,107.5,108.650002,108.650002,7162.0
2019-11-25,111.900002,111.900002,107.5,110.300003,110.300003,4356.0
2019-11-26,111.0,112.5,109.300003,111.349998,111.349998,5853.0
2019-11-27,112.349998,112.800003,108.550003,109.5,109.5,3432.0
2019-11-28,109.050003,109.800003,103.400002,105.599998,105.599998,15473.0
2019-11-29,110.0,110.0,105.25,108.150002,108.150002,3821.0
2019-12-02,109.900002,109.900002,100.599998,103.150002,103.150002,11548.0
2019-12-03,104.650002,105.0,101.050003,102.150002,102.150002,7121.0
2019-12-04,102.050003,105.900002,100.300003,102.050003,102.050003,43893.0
2019-12-05,102.099998,106.800003,101.099998,103.349998,103.349998,8187.0
2019-12-06,103.550003,105.050003,100.150002,101.099998,101.099998,6346.0
2019-12-09,104.5,105.0,101.349998,104.449997,104.449997,6708.0
2019-12-10,105.0,105.0,100.099998,102.599998,102.599998,4283.0
2019-12-11,101.849998,102.300003,100.099998,100.25,100.25,9971.0
2019-12-12,101.050003,102.800003,99.550003,100.599998,100.599998,9506.0
2019-12-13,102.0,107.300003,100.300003,104.199997,104.199997,10752.0
2019-12-16,104.0,105.050003,102.599998,103.050003,103.050003,6301.0
2019-12-17,103.349998,105.0,102.0,102.349998,102.349998,6090.0
2019-12-18,103.400002,110.0,101.550003,104.800003,104.800003,16275.0
2019-12-19,109.349998,109.400002,103.5,103.800003,103.800003,4214.0
2019-12-20,105.5,106.900002,103.449997,103.900002,103.900002,1848.0
2019-12-23,104.25,105.650002,100.300003,101.400002,101.400002,12774.0
2019-12-24,101.849998,106.900002,101.849998,105.800003,105.800003,11703.0
2019-12-26,107.0,107.0,103.0,104.050003,104.050003,2798.0
2019-12-27,103.949997,105.0,103.099998,104.199997,104.199997,6219.0
2019-12-30,104.099998,105.0,103.300003,104.050003,104.050003,6859.0
2019-12-31,103.900002,113.949997,103.699997,108.900002,108.900002,13324.0
2020-01-01,112.050003,112.050003,106.050003,106.800003,106.800003,3265.0
2020-01-02,106.050003,112.5,104.5,111.949997,111.949997,15606.0
2020-01-03,111.949997,112.5,110.0,110.599998,110.599998,4688.0
2020-01-06,112.949997,113.0,104.099998,104.300003,104.300003,6983.0
2020-01-07,106.949997,109.0,105.0,106.099998,106.099998,4308.0
2020-01-08,105.0,112.0,103.199997,109.5,109.5,6785.0
2020-01-09,109.800003,114.949997,109.800003,112.150002,112.150002,19777.0
2020-01-10,112.400002,116.800003,110.550003,111.199997,111.199997,12310.0
2020-01-13,113.0,114.0,111.0,111.449997,111.449997,9042.0
2020-01-14,112.400002,118.0,112.349998,117.75,117.75,22770.0
2020-01-15,120.0,126.199997,116.75,125.0,125.0,97092.0
2020-01-16,126.0,128.800003,121.5,123.800003,123.800003,44357.0
2020-01-17,123.050003,126.050003,121.599998,123.699997,123.699997,14546.0
2020-01-20,123.949997,124.0,118.5,121.650002,121.650002,7419.0
2020-01-21,121.0,123.400002,119.400002,121.900002,121.900002,9331.0
2020-01-22,122.050003,124.900002,119.150002,119.650002,119.650002,9866.0
2020-01-23,119.599998,122.449997,115.300003,116.5,116.5,5176.0
2020-01-24,,,,,,
2020-01-27,119.150002,129.600006,118.0,124.650002,124.650002,18274.0
2020-01-28,124.050003,125.849998,117.25,120.25,120.25,8862.0
2020-01-29,120.099998,123.699997,116.0,120.25,120.25,6108.0
2020-01-30,119.550003,119.900002,115.25,115.650002,115.650002,8513.0
2020-01-31,115.650002,122.800003,113.0,114.550003,114.550003,15381.0
