2014-04-01,235.0,243.0,235.0,243.0,230.801178,50201.0
2014-04-02,210.0,249.0,210.0,230.0,218.453812,217.0
2014-04-03,248.0,248.0,244.0,244.0,231.750977,20010.0
2014-04-04,247.0,247.0,247.0,247.0,234.60037200000002,20000.0
2014-04-07,249.0,249.0,232.94999700000002,243.0,230.801178,40675.0
2014-04-09,236.0,242.0,206.25,242.0,229.851379,25304.0
2014-04-10,288.0,288.0,230.0,241.850006,229.708908,20480.0
2014-04-11,245.0,245.0,234.0,237.0,225.102371,35711.0
2014-04-15,237.0,250.0,232.5,239.55000299999998,227.524384,38206.0
2014-04-16,233.05000299999998,239.0,233.0,238.05000299999998,226.09965499999998,36088.0
2014-04-17,239.0,240.0,233.5,239.30000299999998,227.28692599999997,30009.0
2014-04-21,235.0,263.0,231.5,238.25,226.289642,41640.0
2014-04-22,233.0,240.0,231.5,239.149994,227.144455,43217.0
2014-04-23,238.94999700000002,238.94999700000002,228.0,237.0,225.102371,41568.0
2014-04-24,237.0,237.0,237.0,237.0,225.102371,0.0
2014-04-25,231.0,239.0,226.0,238.94999700000002,226.954498,43151.0
2014-04-28,231.0,236.0,210.0,234.94999700000002,223.155289,44624.0
2014-04-29,227.0,249.75,221.94999700000002,231.350006,219.736023,45309.0
2014-04-30,224.399994,232.100006,215.5,215.94999700000002,205.1091,31063.0
2014-05-02,225.0,235.0,205.0,220.0,208.955811,10371.0
2014-05-05,225.0,225.0,207.699997,214.0,203.25701899999999,30023.0
2014-05-06,208.0,216.0,208.0,215.0,204.206802,20014.0
2014-05-07,210.0,217.0,206.199997,214.0,203.25701899999999,48065.0
2014-05-08,213.899994,214.0,213.80000299999998,214.0,203.25701899999999,32030.0
2014-05-09,209.0,216.0,208.600006,215.30000299999998,204.491745,30017.0
2014-05-12,220.0,220.0,213.0,214.0,203.25701899999999,20009.0
2014-05-13,214.0,216.0,202.0,214.649994,203.874344,37075.0
2014-05-14,208.0,213.0,171.75,208.300003,197.84317,14828.0
2014-05-15,199.0,209.0,199.0,204.949997,194.661316,10975.0
2014-05-16,206.0,221.0,181.25,216.5,205.6315,15571.0
2014-05-19,215.0,218.0,210.0,212.19999700000002,201.547363,21361.0
2014-05-20,212.19999700000002,221.0,205.050003,214.899994,204.111801,213.0
2014-05-21,210.0,210.0,207.0,208.5,198.033096,2.0
2014-05-22,250.0,250.0,212.100006,220.0,208.955811,652.0
2014-05-23,220.5,248.0,220.5,235.44999700000002,223.63018799999998,291.0
2014-05-26,250.0,275.0,240.0,256.700012,243.813431,1506.0
2014-05-27,250.0,256.649994,220.0,228.55000299999998,217.076584,1311.0
2014-05-28,269.600006,269.600006,225.0,226.94999700000002,215.5569,208.0
2014-05-29,240.0,240.0,206.600006,214.100006,203.35199,2390.0
2014-05-30,220.0,224.0,212.0,217.0,206.10638400000002,470.0
2014-06-02,212.0,218.899994,210.0,212.25,201.594849,440.0
2014-06-03,212.0,217.0,211.0,214.94999700000002,204.159317,271.0
2014-06-04,214.0,224.0,212.30000299999998,212.30000299999998,201.642349,142.0
2014-06-05,215.0,215.0,212.0,212.5,201.83230600000002,206.0
2014-06-06,224.0,229.0,206.0,212.600006,201.927292,215.0
2014-06-09,228.850006,229.0,213.0,220.0,208.955811,151.0
2014-06-10,236.0,240.0,228.5,228.899994,217.409027,949.0
2014-06-11,230.0,244.0,223.0,223.0,211.805206,525.0
2014-06-12,220.25,239.75,220.25,237.149994,225.244858,1332.0
2014-06-13,235.19999700000002,236.100006,226.0,236.0,224.15260299999997,26.0
2014-06-16,226.05000299999998,236.0,226.05000299999998,236.0,224.15260299999997,248.0
2014-06-17,225.25,234.94999700000002,225.25,230.55000299999998,218.976166,4124.0
2014-06-18,230.0,240.0,229.0,234.600006,222.82287599999998,641.0
2014-06-19,230.05000299999998,240.0,230.0,230.5,218.928696,388.0
2014-06-20,231.05000299999998,239.94999700000002,231.0,231.0,219.40359500000002,2529.0
2014-06-23,229.0,235.350006,222.0,234.899994,223.107803,370.0
2014-06-24,235.0,244.0,235.0,243.05000299999998,230.848679,671.0
2014-06-25,239.80000299999998,239.80000299999998,232.600006,238.44999700000002,226.47959900000004,136.0
2014-06-26,233.100006,233.100006,233.100006,233.100006,221.39817799999997,1.0
2014-06-27,226.0,244.75,226.0,232.80000299999998,221.113235,49.0
2014-06-30,230.0,233.399994,230.0,230.100006,218.548782,49.0
2014-07-01,230.0,230.0,226.25,226.25,214.892059,100.0
2014-07-02,230.100006,234.5,230.100006,230.100006,218.548782,50.0
2014-07-03,232.0,232.0,232.0,232.0,220.353378,101.0
2014-07-04,232.0,233.0,232.0,232.5,220.82829300000003,2.0
2014-07-07,230.5,230.5,226.5,229.80000299999998,218.26382400000003,82.0
2014-07-08,229.899994,229.899994,221.5,221.5,210.38047799999998,177.0
2014-07-09,221.5,221.5,215.80000299999998,215.80000299999998,204.966629,51.0
2014-07-10,215.05000299999998,215.05000299999998,215.05000299999998,215.05000299999998,204.254303,1.0
2014-07-11,225.0,225.0,225.0,225.0,213.70478799999998,7.0
2014-07-14,236.0,239.0,225.0,225.100006,213.799789,63.0
2014-07-15,226.0,226.0,221.149994,225.0,213.70478799999998,228.0
2014-07-16,225.0,228.94999700000002,220.5,220.5,209.43071,103.0
2014-07-17,222.0,228.0,222.0,222.399994,211.235306,205.0
2014-07-18,227.0,227.0,222.80000299999998,222.80000299999998,211.61525,50.0
2014-07-21,224.0,224.0,211.25,216.0,205.156601,541.0
2014-07-22,215.5,219.0,215.5,218.100006,207.151184,111.0
2014-07-23,220.0,225.80000299999998,218.100006,221.05000299999998,209.953094,21283.0
2014-07-24,221.100006,223.0,212.25,213.0,202.30722,22006.0
2014-07-25,217.399994,222.0,206.050003,212.19999700000002,201.547363,22420.0
2014-07-28,215.0,221.80000299999998,210.0,217.80000299999998,206.866241,22251.0
2014-07-30,218.25,218.850006,209.100006,210.899994,200.312607,21210.0
2014-07-31,214.5,217.899994,210.0,214.30000299999998,203.541962,21471.0
2014-08-01,214.5,217.69999700000002,206.050003,209.050003,198.555496,22156.0
2014-08-04,211.5,217.94999700000002,211.0,213.05000299999998,202.354706,21290.0
2014-08-05,212.5,217.69999700000002,207.050003,209.699997,199.17288200000002,21742.0
2014-08-06,212.5,220.0,206.350006,215.19999700000002,204.39674399999998,21796.0
2014-08-07,220.0,220.0,212.0,214.149994,203.39946,20941.0
2014-08-08,215.600006,219.0,206.050003,209.649994,199.125381,20742.0
2014-08-11,213.5,216.0,209.0,210.0,199.457825,20780.0
2014-08-12,211.5,230.0,206.050003,216.94999700000002,206.058929,23630.0
2014-08-13,215.5,229.94999700000002,214.0,215.55000299999998,204.72920200000002,22799.0
2014-08-14,214.5,218.80000299999998,210.100006,211.19999700000002,200.597549,21868.0
2014-08-18,211.5,215.0,206.399994,208.699997,198.223053,20750.0
2014-08-19,211.5,218.850006,205.5,209.94999700000002,199.410324,21053.0
2014-08-20,212.5,212.5,209.0,209.0,198.507996,20741.0
2014-08-21,209.5,213.399994,206.100006,211.149994,200.550079,20845.0
2014-08-22,211.5,211.5,200.300003,205.699997,195.373672,21541.0
2014-08-25,206.5,211.80000299999998,200.699997,205.25,194.946259,21079.0
2014-08-26,238.94999700000002,238.94999700000002,196.100006,199.699997,189.674881,22123.0
2014-08-27,200.0,204.699997,191.050003,198.899994,188.915009,21465.0
2014-08-28,198.5,200.0,191.050003,199.5,189.48490900000002,21287.0
2014-09-01,199.399994,203.899994,191.5,197.25,187.34787,20962.0
2014-09-02,198.5,204.75,197.0,197.600006,187.68031299999998,22869.0
2014-09-03,198.5,200.050003,187.0,192.100006,182.456421,22022.0
2014-09-04,194.5,196.850006,190.5,191.100006,181.50663799999998,21206.0
2014-09-05,192.5,207.0,191.0,201.75,191.621964,22388.0
2014-09-08,201.0,214.94999700000002,201.0,212.600006,201.927292,21906.0
2014-09-09,212.5,217.0,210.600006,213.850006,203.114532,21475.0
2014-09-10,211.5,220.0,207.050003,207.5,197.08331299999998,21444.0
2014-09-11,211.5,214.0,209.0,212.69999700000002,202.022247,21544.0
2014-09-12,211.399994,217.0,210.55000299999998,213.19999700000002,202.497177,21540.0
2014-09-15,212.5,225.0,210.05000299999998,210.80000299999998,200.217667,21147.0
2014-09-16,211.399994,215.0,210.100006,210.100006,199.552795,20680.0
2014-09-17,210.600006,214.94999700000002,203.0,210.69999700000002,200.12266499999998,21012.0
2014-09-18,211.5,218.80000299999998,207.0,215.100006,204.301788,21456.0
2014-09-19,215.5,217.05000299999998,202.25,211.649994,202.436646,21160.0
2014-09-22,212.5,213.0,207.100006,212.30000299999998,203.05836499999998,20918.0
2014-09-23,212.5,212.94999700000002,196.100006,197.149994,188.567856,23615.0
2014-09-24,214.94999700000002,214.94999700000002,190.899994,198.399994,189.763443,24243.0
2014-09-25,204.0,205.0,194.300003,195.050003,186.559296,20463.0
2014-09-26,195.5,204.899994,195.5,197.699997,189.093918,20802.0
2014-09-29,198.5,203.800003,197.25,200.300003,191.58075,20807.0
2014-09-30,201.0,205.949997,198.0,205.5,196.554398,20645.0
2014-10-01,229.55000299999998,229.55000299999998,201.100006,204.699997,195.78923,20833.0
2014-10-07,204.949997,205.5,201.350006,202.100006,193.30238300000002,20657.0
2014-10-08,203.0,210.19999700000002,199.0,202.300003,193.493683,21258.0
2014-10-09,205.5,209.80000299999998,202.100006,202.600006,193.780624,21440.0
2014-10-10,204.5,205.5,200.0,200.949997,192.20245400000002,21017.0
2014-10-13,202.0,209.0,196.0,201.350006,192.585037,21059.0
2014-10-14,201.5,204.949997,201.100006,202.100006,193.30238300000002,20930.0
2014-10-15,202.100006,202.100006,202.100006,202.100006,193.30238300000002,0.0
2014-10-16,204.5,205.5,200.199997,201.649994,192.871964,21166.0
2014-10-17,203.5,231.0,203.5,211.100006,201.910599,23465.0
2014-10-20,212.0,218.0,209.199997,214.5,205.162613,22114.0
2014-10-21,215.5,217.94999700000002,210.0,212.69999700000002,203.440948,21378.0
2014-10-22,213.0,216.19999700000002,210.0,213.399994,204.110489,21837.0
2014-10-27,218.0,220.899994,215.0,218.0,208.51023899999998,21122.0
2014-10-28,215.5,217.69999700000002,213.5,215.5,206.11908,21027.0
2014-10-29,216.0,217.0,211.100006,213.94999700000002,204.636551,21740.0
2014-10-30,214.0,224.80000299999998,213.0,219.05000299999998,209.514542,23091.0
2014-10-31,218.5,222.899994,215.0,217.350006,207.88855,22539.0
2014-11-03,218.5,220.0,215.399994,219.44999700000002,209.897141,21713.0
2014-11-05,219.5,220.149994,216.100006,219.75,210.184067,21176.0
2014-11-07,220.25,223.0,216.0,219.649994,210.08840899999998,21129.0
2014-11-10,220.5,246.0,214.600006,218.600006,209.084122,21428.0
2014-11-11,219.0,223.0,217.05000299999998,219.399994,209.84930400000002,20736.0
2014-11-12,218.5,222.44999700000002,217.850006,221.44999700000002,211.810059,20796.0
2014-11-13,219.5,221.44999700000002,213.0,215.149994,205.784302,22893.0
2014-11-14,218.0,220.25,214.25,218.94999700000002,209.4189,21122.0
2014-11-17,219.55000299999998,221.05000299999998,216.0,218.100006,208.605881,22253.0
2014-11-18,218.55000299999998,219.5,216.05000299999998,216.80000299999998,207.362503,22559.0
2014-11-19,217.05000299999998,219.0,215.75,216.899994,207.45813,30309.0
2014-11-20,218.5,218.5,213.0,214.399994,205.06694,22234.0
2014-11-21,218.0,218.5,211.0,216.5,207.075546,22175.0
2014-11-24,218.600006,219.5,211.5,213.0,203.727905,21923.0
2014-11-25,215.55000299999998,220.100006,198.699997,202.050003,193.254578,23320.0
2014-11-26,204.0,214.0,201.0,203.0,194.163208,23196.0
2014-11-27,207.5,211.44999700000002,203.149994,203.5,194.641449,21186.0
2014-11-28,208.050003,214.0,204.050003,207.449997,198.41949499999998,21420.0
2014-12-01,207.5,214.0,203.5,205.600006,196.650024,21846.0
2014-12-02,206.0,206.149994,196.850006,197.699997,189.093918,21622.0
2014-12-03,197.550003,203.0,195.550003,199.449997,190.767731,21673.0
2014-12-04,199.5,209.80000299999998,198.0,199.100006,190.432999,21836.0
2014-12-05,200.0,207.0,199.0,205.800003,196.841324,22205.0
2014-12-08,205.5,209.0,204.0,207.350006,198.323868,21557.0
2014-12-09,208.0,213.850006,204.0,204.0,195.119675,21626.0
2014-12-10,204.5,210.0,203.0,208.149994,199.089035,20812.0
2014-12-11,208.5,218.0,202.949997,204.0,195.119675,20955.0
2014-12-12,204.0,206.0,202.449997,204.949997,196.02832,20863.0
2014-12-15,205.550003,206.649994,200.199997,203.550003,194.689285,21693.0
2014-12-16,203.949997,204.0,198.0,200.699997,191.963333,21770.0
2014-12-17,200.0,203.0,195.0,201.0,192.250259,21281.0
2014-12-18,201.449997,209.100006,199.350006,205.0,196.07614099999998,21219.0
2014-12-19,204.0,209.100006,203.949997,208.399994,199.328156,21247.0
2014-12-22,208.0,212.80000299999998,205.100006,209.100006,199.99766499999998,21534.0
2014-12-23,209.0,211.0,204.0,205.300003,196.36308300000002,22169.0
2014-12-24,205.5,215.0,203.149994,212.30000299999998,203.05836499999998,21546.0
2014-12-26,212.0,217.0,206.199997,213.100006,203.82356299999998,21251.0
2014-12-29,212.0,224.94999700000002,208.100006,210.850006,201.671494,21762.0
2014-12-30,210.0,214.69999700000002,206.25,212.44999700000002,203.201843,20865.0
2014-12-31,212.5,213.0,206.199997,209.0,199.902008,22812.0
2015-01-01,209.0,212.600006,203.600006,210.0,200.858505,21632.0
2015-01-02,210.5,215.0,204.100006,211.0,201.814957,22109.0
2015-01-05,214.0,214.149994,207.0,207.5,198.467331,21292.0
2015-01-06,212.0,213.0,203.5,204.899994,195.980499,21156.0
2015-01-07,204.5,210.0,202.0,208.300003,199.232498,21013.0
2015-01-08,212.0,213.5,205.0,207.850006,198.802109,21016.0
2015-01-09,205.0,210.80000299999998,205.0,207.699997,198.6586,20924.0
2015-01-12,204.949997,208.0,197.949997,202.199997,193.39804099999998,21517.0
2015-01-13,201.0,206.949997,200.149994,206.800003,197.797806,21021.0
2015-01-14,203.949997,209.0,201.5,208.899994,199.80638100000002,21236.0
2015-01-15,208.0,208.0,203.550003,205.649994,196.697845,21156.0
2015-01-16,206.199997,208.699997,200.949997,204.399994,195.502258,21861.0
2015-01-19,205.550003,208.850006,201.100006,205.75,196.793518,21063.0
2015-01-20,206.149994,208.0,201.25,204.0,195.119675,21270.0
2015-01-21,205.050003,207.0,201.550003,204.649994,195.741379,21031.0
2015-01-22,205.5,207.800003,201.300003,202.149994,193.350204,20943.0
2015-01-23,204.050003,207.600006,198.300003,202.25,193.445862,21124.0
2015-01-27,200.0,205.0,199.050003,200.649994,191.915527,22229.0
2015-01-28,201.949997,205.0,200.0,202.899994,194.067551,22678.0
2015-01-29,201.949997,205.0,200.25,203.0,194.163208,21237.0
2015-01-30,202.949997,208.0,201.0,207.199997,198.180389,21627.0
2015-02-02,205.949997,216.80000299999998,202.0,209.899994,200.762848,21200.0
2015-02-03,205.0,209.94999700000002,205.0,209.399994,200.284607,20908.0
2015-02-04,207.949997,212.0,203.5,209.899994,200.762848,21421.0
2015-02-05,208.0,209.80000299999998,203.550003,205.100006,196.17181399999998,21495.0
2015-02-06,205.5,209.5,201.350006,207.850006,198.802109,20851.0
2015-02-09,205.0,208.800003,202.649994,203.899994,195.024033,21119.0
2015-02-10,203.949997,206.0,198.149994,204.550003,195.64573700000003,21506.0
2015-02-11,204.550003,210.0,201.050003,208.449997,199.375946,20698.0
2015-02-12,206.5,214.94999700000002,201.699997,206.75,197.749985,21398.0
2015-02-13,205.5,209.0,203.050003,205.0,196.07614099999998,20822.0
2015-02-16,205.5,209.850006,200.75,203.149994,194.306671,21269.0
2015-02-18,204.5,209.850006,200.600006,205.5,196.554398,21508.0
2015-02-19,206.0,207.0,200.600006,203.100006,194.25885,20776.0
2015-02-20,204.0,207.5,201.25,203.25,194.402344,21582.0
2015-02-23,204.050003,212.0,202.0,203.300003,194.450165,22967.0
2015-02-24,204.0,211.649994,197.899994,206.850006,197.845627,23534.0
2015-02-25,205.050003,208.949997,197.5,198.399994,189.763443,22600.0
2015-02-26,201.050003,203.0,195.0,198.100006,189.476517,22034.0
2015-02-27,197.0,203.699997,192.050003,193.399994,184.98111,21224.0
2015-02-28,,,,,,
2015-03-02,197.0,203.0,196.0,201.649994,192.871964,21986.0
2015-03-03,202.0,203.0,198.25,202.800003,193.971924,21184.0
2015-03-04,202.899994,209.0,200.300003,202.399994,193.589325,20757.0
2015-03-05,202.0,208.0,198.0,200.0,191.293793,21005.0
2015-03-09,200.050003,200.600006,192.0,196.350006,187.802704,20999.0
2015-03-10,197.0,209.0,195.050003,195.25,186.75058,21025.0
2015-03-11,202.0,202.600006,192.699997,194.199997,185.74629199999998,20880.0
2015-03-12,195.0,205.449997,192.050003,195.699997,187.180984,20988.0
2015-03-13,196.0,199.800003,191.25,195.850006,187.32446299999998,22781.0
2015-03-16,196.0,202.5,192.0,195.600006,187.085358,20923.0
2015-03-17,196.0,199.949997,191.350006,194.149994,185.698456,20789.0
2015-03-18,195.0,207.0,191.5,195.399994,186.89404299999998,20758.0
2015-03-19,194.949997,202.0,194.0,198.449997,189.811279,22294.0
2015-03-20,198.0,205.0,192.25,195.0,186.511459,20738.0
2015-03-23,196.0,199.0,192.199997,196.399994,187.850494,20723.0
2015-03-24,195.0,198.899994,191.25,195.699997,187.180984,20682.0
2015-03-25,196.0,198.0,183.300003,186.550003,178.429306,24586.0
2015-03-26,193.0,195.550003,176.5,178.850006,171.06448400000002,22418.0
2015-03-27,185.0,193.699997,180.149994,189.0,180.772659,21368.0
2015-03-30,187.949997,193.5,185.0,190.600006,182.303009,21000.0
2015-03-31,191.0,195.0,186.25,193.949997,185.50718700000002,21421.0
2015-04-01,195.0,200.0,191.050003,192.25,183.88116499999998,20563.0
2015-04-06,205.0,209.0,192.0,205.0,196.07614099999998,21965.0
2015-04-07,206.0,206.5,202.25,202.300003,193.493683,20643.0
2015-04-08,204.0,209.600006,203.100006,205.449997,196.506561,20981.0
2015-04-09,206.0,220.0,203.300003,204.300003,195.406631,20840.0
2015-04-10,204.399994,214.94999700000002,202.0,203.399994,194.545792,27698.0
2015-04-13,202.699997,212.0,200.0,205.899994,196.93696599999998,21830.0
2015-04-15,214.0,214.0,206.0,207.949997,198.89772,20724.0
2015-04-16,208.5,209.899994,203.649994,204.899994,195.980499,21387.0
2015-04-17,204.899994,209.80000299999998,200.600006,209.649994,200.523727,20689.0
2015-04-20,209.699997,211.94999700000002,205.0,207.5,198.467331,21174.0
2015-04-21,208.0,209.94999700000002,203.149994,205.300003,196.36308300000002,20872.0
2015-04-22,206.0,209.94999700000002,201.699997,208.0,198.945572,21124.0
2015-04-23,209.0,209.0,203.100006,203.100006,194.25885,20993.0
2015-04-24,204.0,206.0,198.0,202.300003,193.493683,20820.0
2015-04-27,204.5,207.0,194.0,200.0,191.293793,20907.0
2015-04-28,200.0,202.0,195.050003,195.25,186.75058,20698.0
2015-04-29,197.0,202.5,193.0,200.949997,192.20245400000002,21104.0
2015-04-30,206.0,207.800003,195.050003,198.850006,190.193878,20913.0
2015-05-04,199.5,203.0,192.75,201.5,192.72851599999998,20236.0
2015-05-05,202.0,204.899994,196.0,200.0,191.293793,21308.0
2015-05-06,200.0,204.899994,194.149994,199.0,190.33734099999998,20718.0
2015-05-07,200.0,202.0,195.5,198.149994,189.524323,20576.0
2015-05-08,199.0,204.949997,194.600006,195.300003,186.798401,20724.0
2015-05-11,197.0,204.800003,195.0,200.850006,192.10681200000002,20797.0
2015-05-12,201.0,204.800003,196.5,199.600006,190.911224,20877.0
2015-05-13,201.0,203.899994,196.100006,201.0,192.250259,21086.0
2015-05-14,201.0,204.649994,197.0,202.050003,193.254578,20605.0
2015-05-15,201.0,204.899994,200.0,204.899994,195.980499,20630.0
2015-05-18,205.0,213.80000299999998,197.0,203.0,194.163208,21167.0
2015-05-19,204.0,204.699997,198.050003,201.0,192.250259,20930.0
2015-05-20,202.0,207.600006,194.100006,197.5,188.902649,21637.0
2015-05-21,200.0,201.0,194.0,199.75,191.054688,21043.0
2015-05-22,201.0,218.0,194.25,202.149994,193.350204,20867.0
2015-05-25,201.0,203.600006,195.75,196.899994,188.328751,21013.0
2015-05-26,197.0,201.0,194.100006,198.0,189.38089,20971.0
2015-05-27,199.0,204.0,196.550003,203.199997,194.354507,21025.0
2015-05-28,202.0,203.800003,198.0,203.300003,194.450165,20783.0
2015-05-29,202.0,208.550003,196.0,204.199997,195.310974,20942.0
2015-06-01,205.0,208.949997,195.0,201.949997,193.158936,21499.0
2015-06-02,202.5,203.949997,198.100006,200.399994,191.676407,20847.0
2015-06-03,201.0,204.899994,196.949997,200.0,191.293793,21301.0
2015-06-04,200.0,203.600006,194.149994,199.0,190.33734099999998,21144.0
2015-06-05,202.0,202.949997,195.149994,198.699997,190.050385,20999.0
2015-06-08,199.0,203.0,198.0,203.0,194.163208,21281.0
2015-06-09,203.5,204.5,195.100006,202.350006,193.541504,21593.0
2015-06-10,200.0,209.899994,198.050003,200.5,191.772049,21633.0
2015-06-11,201.300003,214.0,195.149994,199.899994,191.198151,21325.0
2015-06-12,201.0,209.80000299999998,191.300003,197.75,189.14176899999998,21338.0
2015-06-15,197.0,202.800003,195.449997,199.5,190.815567,21198.0
2015-06-16,199.0,199.899994,195.0,199.5,190.815567,21579.0
2015-06-17,198.0,201.75,194.949997,201.0,192.250259,21902.0
2015-06-18,201.0,207.899994,193.600006,200.100006,191.38948100000002,21641.0
2015-06-19,200.949997,201.0,193.149994,198.5,189.8591,21669.0
2015-06-22,199.0,204.0,192.800003,202.600006,193.780624,21080.0
2015-06-23,202.300003,202.300003,191.0,192.550003,184.168106,24069.0
2015-06-24,195.949997,199.449997,191.25,195.199997,186.702744,22089.0
2015-06-25,194.100006,198.050003,190.149994,197.399994,188.806976,22310.0
2015-06-26,195.600006,207.0,195.0,199.100006,190.432999,21304.0
2015-06-29,199.0,205.0,189.0,202.350006,193.541504,22159.0
2015-06-30,198.0,203.899994,195.0,202.600006,193.780624,21432.0
2015-07-01,199.5,203.899994,195.25,203.550003,194.689285,21735.0
2015-07-02,202.0,204.0,195.0,200.75,192.011169,21880.0
2015-07-03,197.899994,214.69999700000002,195.0,202.800003,193.971924,22311.0
2015-07-06,201.0,209.0,197.949997,200.850006,192.10681200000002,22523.0
2015-07-07,201.0,205.050003,195.399994,199.699997,191.006851,22070.0
2015-07-08,200.149994,204.949997,193.100006,198.100006,189.476517,22662.0
2015-07-09,198.5,206.0,195.5,199.800003,191.10249299999998,21461.0
2015-07-10,199.550003,204.949997,195.550003,200.649994,191.915527,21155.0
2015-07-13,199.550003,203.0,192.449997,195.100006,186.607117,23516.0
2015-07-14,198.5,203.850006,196.0,199.300003,190.62428300000002,21799.0
2015-07-15,199.550003,201.899994,193.149994,200.300003,191.58075,21867.0
2015-07-16,199.5,202.0,196.050003,200.050003,191.341629,21608.0
2015-07-17,199.75,203.0,196.5,198.199997,189.572159,22285.0
2015-07-20,199.5,203.800003,196.899994,202.899994,194.067551,21529.0
2015-07-21,203.949997,205.0,197.100006,204.300003,195.406631,22039.0
2015-07-22,203.0,205.399994,199.199997,203.600006,194.737122,21122.0
2015-07-23,201.25,217.69999700000002,198.25,207.350006,198.323868,24179.0
2015-07-24,204.0,212.0,200.0,206.050003,197.080429,22088.0
2015-07-27,203.0,209.0,195.350006,199.100006,190.432999,22210.0
2015-07-28,200.0,204.899994,197.25,200.0,191.293793,20717.0
2015-07-29,200.0,217.0,198.0,204.399994,195.502258,21845.0
2015-07-30,204.0,205.899994,198.199997,203.5,194.641449,20838.0
2015-07-31,204.0,205.899994,200.0,202.0,193.206741,21127.0
2015-08-03,200.0,205.949997,200.0,203.0,194.163208,20814.0
2015-08-04,203.5,228.0,198.0,212.399994,203.154007,21779.0
2015-08-05,211.94999700000002,219.94999700000002,202.5,209.649994,200.523727,21282.0
2015-08-06,209.0,214.0,205.0,209.600006,200.475906,20959.0
2015-08-07,210.0,210.0,203.0,207.100006,198.084747,23368.0
2015-08-10,207.0,209.0,204.100006,205.25,196.315277,21081.0
2015-08-11,206.0,210.0,202.600006,204.149994,195.26315300000002,21285.0
2015-08-12,205.0,208.800003,198.050003,202.0,193.206741,20844.0
2015-08-13,203.0,207.399994,198.0,198.350006,189.71563700000002,21791.0
2015-08-14,200.0,203.899994,198.0,199.899994,191.198151,20988.0
2015-08-17,202.0,206.800003,198.5,200.699997,191.963333,21210.0
2015-08-18,202.0,209.0,198.25,204.649994,195.741379,20858.0
2015-08-19,203.0,205.399994,192.050003,201.050003,192.298111,22395.0
2015-08-20,202.0,206.0,198.5,202.899994,194.067551,21373.0
2015-08-21,200.0,205.350006,196.0,204.149994,195.26315300000002,21753.0
2015-08-24,200.0,219.0,195.0,200.0,191.293793,21524.0
2015-08-25,200.0,207.550003,180.0,191.5,183.163818,21724.0
2015-08-26,196.0,203.949997,191.050003,195.050003,186.559296,20720.0
2015-08-27,196.0,217.94999700000002,195.0,198.149994,189.524323,21690.0
2015-08-28,199.0,200.449997,196.350006,198.350006,189.71563700000002,20998.0
2015-08-31,202.949997,202.949997,195.050003,198.199997,189.572159,21308.0
2015-09-01,202.699997,210.0,195.199997,195.199997,186.702744,21147.0
2015-09-02,197.0,205.0,195.050003,196.100006,187.563583,20902.0
2015-09-03,195.100006,201.0,195.100006,197.649994,189.046097,22682.0
2015-09-04,199.5,204.949997,195.25,196.350006,187.802704,21724.0
2015-09-07,197.0,203.800003,194.0,195.649994,187.133163,21036.0
2015-09-08,199.0,201.800003,194.25,199.949997,191.245956,20927.0
2015-09-09,198.0,204.899994,192.649994,195.649994,187.133163,21597.0
2015-09-10,197.0,203.850006,193.199997,198.149994,189.524323,21133.0
2015-09-11,199.0,203.800003,192.5,200.550003,191.81987,20973.0
2015-09-14,201.0,204.850006,195.0,203.75,194.88055400000002,22396.0
2015-09-15,202.0,204.850006,196.800003,198.0,189.38089,20745.0
2015-09-16,197.050003,203.899994,193.350006,202.399994,195.067093,20991.0
2015-09-18,201.5,205.949997,198.0,198.649994,191.452957,20841.0
2015-09-21,202.0,209.899994,198.649994,200.949997,193.669647,20751.0
2015-09-22,202.0,204.600006,197.0,203.75,196.36821,20756.0
2015-09-23,202.0,204.800003,196.0,198.050003,190.87471000000002,20869.0
2015-09-24,198.0,201.449997,195.350006,201.0,193.717834,20985.0
2015-09-28,201.5,204.0,199.0,200.0,192.754044,21788.0
2015-09-29,204.75,204.75,195.199997,200.350006,193.0914,20832.0
2015-09-30,201.5,203.899994,195.149994,198.75,191.54934699999998,20878.0
2015-10-01,201.0,205.0,197.0,202.0,194.681595,20663.0
2015-10-05,199.0,204.75,198.050003,200.0,192.754044,20703.0
2015-10-06,198.899994,202.899994,196.350006,200.600006,193.332336,21128.0
2015-10-07,202.0,204.800003,198.0,199.100006,191.886688,20727.0
2015-10-08,201.0,201.850006,196.300003,199.850006,192.609482,20874.0
2015-10-09,198.399994,200.0,196.0,199.0,191.79028300000002,20876.0
2015-10-12,199.600006,200.0,195.550003,197.550003,190.392822,21205.0
2015-10-13,197.699997,200.100006,196.0,197.5,190.34465,21672.0
2015-10-14,197.5,202.899994,196.75,200.0,192.754044,20967.0
2015-10-15,200.449997,202.0,197.600006,201.149994,193.862396,26317.0
2015-10-16,200.800003,201.899994,197.649994,197.649994,190.489197,21085.0
2015-10-19,200.0,201.5,196.300003,198.5,191.308411,22878.0
2015-10-20,199.5,201.800003,196.0,196.25,189.139923,23555.0
2015-10-21,199.0,201.949997,197.050003,201.0,193.717834,20811.0
2015-10-23,201.050003,202.0,198.0,198.5,191.308411,20774.0
2015-10-26,199.0,200.800003,197.300003,197.600006,190.441025,21367.0
2015-10-27,198.5,201.899994,192.0,195.0,187.935211,25615.0
2015-10-28,204.0,207.0,192.0,197.449997,190.296448,23105.0
2015-10-29,200.699997,200.699997,194.25,197.5,190.34465,20836.0
2015-10-30,197.0,200.100006,192.199997,194.899994,187.838837,22460.0
2015-11-02,196.5,199.949997,192.149994,195.600006,188.513474,21212.0
2015-11-03,196.0,199.0,191.949997,192.0,185.0439,23352.0
2015-11-04,190.5,198.0,188.600006,193.0,186.00766000000002,22243.0
2015-11-05,192.949997,198.0,190.0,190.25,183.3573,21651.0
2015-11-06,192.050003,196.0,189.5,192.300003,185.333038,21560.0
2015-11-09,190.0,194.0,184.050003,184.699997,178.008377,21239.0
2015-11-10,188.5,192.899994,184.399994,186.100006,179.357666,21676.0
2015-11-13,186.0,191.899994,181.050003,184.600006,177.912003,22541.0
2015-11-16,185.0,188.699997,183.050003,184.050003,177.381927,22796.0
2015-11-17,185.0,190.399994,181.649994,187.0,180.22503700000001,21019.0
2015-11-18,186.0,193.800003,183.0,189.100006,182.248978,21919.0
2015-11-19,190.0,194.949997,182.5,187.399994,180.61056499999998,22057.0
2015-11-20,185.050003,198.550003,185.050003,186.600006,179.839539,20915.0
2015-11-23,190.0,190.0,185.0,186.100006,179.357666,21750.0
2015-11-24,191.0,191.899994,182.050003,187.25,180.466003,22604.0
2015-11-26,189.0,190.800003,182.25,183.649994,176.996399,22694.0
2015-11-27,187.0,189.899994,180.399994,181.050003,174.490616,23416.0
2015-11-30,183.0,183.75,179.550003,183.0,176.36996499999998,23269.0
2015-12-01,181.5,183.949997,180.350006,182.949997,176.321777,21609.0
2015-12-02,184.0,199.0,180.899994,191.850006,184.899338,21835.0
2015-12-03,192.5,196.5,187.050003,194.0,186.971436,21428.0
2015-12-04,194.0,196.0,187.550003,195.850006,188.75441,22117.0
2015-12-07,196.5,199.800003,193.0,196.550003,189.429047,20851.0
2015-12-08,192.0,198.899994,192.0,195.899994,188.802597,21816.0
2015-12-09,194.0,198.600006,185.0,190.050003,183.164536,22546.0
2015-12-10,190.0,196.0,188.350006,194.149994,187.115997,22495.0
2015-12-11,192.0,198.550003,188.25,190.25,183.3573,21058.0
2015-12-14,191.0,197.899994,186.649994,192.100006,185.140289,21090.0
2015-12-15,192.0,198.5,191.0,198.100006,190.922913,21085.0
2015-12-16,199.0,199.300003,191.100006,193.25,186.248611,21474.0
2015-12-17,194.0,207.850006,192.100006,202.800003,195.452621,21686.0
2015-12-18,202.0,206.0,195.25,205.850006,198.39212,22061.0
2015-12-21,204.0,209.0,199.25,200.100006,192.850464,10755.0
2015-12-22,202.0,204.5,200.100006,201.199997,193.910583,10923.0
2015-12-23,202.0,205.899994,192.5,194.199997,187.1642,14168.0
2015-12-24,195.5,201.899994,194.25,200.649994,193.38050800000002,10985.0
2015-12-28,202.0,202.5,196.050003,197.699997,190.537384,10734.0
2015-12-29,198.0,201.800003,195.050003,196.600006,189.477234,13544.0
2015-12-30,199.0,202.5,191.0,195.800003,188.706223,11390.0
2015-12-31,200.0,200.0,193.0,195.399994,188.320724,10745.0
2016-01-01,195.0,199.5,191.350006,196.199997,189.091721,11287.0
2016-01-04,197.0,200.899994,191.0,192.399994,185.42941299999998,11089.0
2016-01-05,193.5,197.5,191.25,197.300003,190.15188600000002,11051.0
2016-01-06,195.5,202.699997,193.100006,195.0,187.935211,6006.0
2016-01-07,195.0,196.699997,192.0,192.699997,185.718536,6479.0
2016-01-08,193.0,197.800003,187.100006,193.100006,186.104065,5813.0
2016-01-11,192.0,199.199997,190.5,196.0,188.898972,5626.0
2016-01-12,190.100006,199.0,190.100006,193.300003,186.296799,5735.0
2016-01-13,193.5,197.5,185.0,188.050003,181.23701499999999,6446.0
2016-01-14,186.0,192.5,186.0,192.0,185.0439,5584.0
2016-01-15,192.0,199.399994,172.0,184.0,177.33373999999998,4403.0
2016-01-18,175.050003,193.699997,175.0,191.199997,184.272888,983.0
2016-01-19,185.050003,202.0,185.050003,195.75,188.658035,227.0
2016-01-20,194.949997,195.899994,186.300003,186.300003,179.550415,95.0
2016-01-21,182.300003,197.800003,180.100006,196.949997,189.814575,2828.0
2016-01-22,189.050003,196.0,189.050003,195.25,188.176147,221.0
2016-01-25,198.0,198.0,196.949997,196.949997,189.814575,3.0
2016-01-27,190.0,196.100006,190.0,193.0,186.00766000000002,2205.0
2016-01-28,199.0,199.0,199.0,199.0,191.79028300000002,10.0
2016-01-29,199.0,201.5,190.0,195.550003,188.46528600000002,20916.0
2016-02-01,195.0,198.699997,190.5,193.850006,186.826874,20861.0
2016-02-02,193.5,199.0,183.850006,190.0,183.116348,21426.0
2016-02-03,190.0,195.0,183.5,186.899994,180.12866200000002,20860.0
2016-02-04,187.0,195.0,185.0,194.300003,187.260574,21634.0
2016-02-05,196.0,201.0,190.100006,190.100006,183.212753,22235.0
2016-02-08,190.5,195.350006,190.100006,190.949997,184.031952,22064.0
2016-02-09,191.0,193.0,182.449997,191.649994,184.706573,22270.0
2016-02-10,192.0,194.899994,184.0,188.399994,181.574326,20247.0
2016-02-11,192.0,198.5,180.199997,186.0,179.261276,20689.0
2016-02-12,185.0,190.0,183.100006,189.600006,182.73085,20861.0
2016-02-15,188.5,191.850006,180.0,188.399994,181.574326,24289.0
2016-02-16,192.5,208.899994,186.25,191.0,184.080124,21744.0
2016-02-17,190.5,191.949997,186.899994,191.800003,184.851151,21546.0
2016-02-18,196.0,196.0,186.0,186.5,179.74316399999998,20935.0
2016-02-19,186.0,190.850006,183.0,187.449997,180.658737,20715.0
2016-02-22,187.0,187.449997,181.0,182.75,176.129028,21044.0
2016-02-23,183.0,189.0,175.649994,182.699997,176.080826,21581.0
2016-02-24,180.0,187.850006,174.100006,184.5,177.815643,22847.0
2016-02-25,178.0,185.850006,177.149994,184.0,177.33373999999998,21396.0
2016-02-26,184.0,193.699997,180.5,186.899994,180.12866200000002,21686.0
2016-02-29,189.0,194.699997,182.050003,187.850006,181.04425,22890.0
2016-03-01,188.0,195.0,182.100006,184.449997,177.767426,22795.0
2016-03-02,181.5,188.949997,180.199997,184.350006,177.671082,21863.0
2016-03-03,183.0,187.899994,181.5,183.350006,176.707291,20761.0
2016-03-04,180.5,193.0,180.5,182.550003,175.936279,20639.0
2016-03-08,183.0,184.800003,182.100006,182.600006,175.984467,20846.0
2016-03-09,183.5,193.0,181.899994,182.949997,176.321777,21183.0
2016-03-10,181.5,184.0,180.300003,181.5,174.924332,20680.0
2016-03-11,192.0,192.0,180.0,185.0,178.297501,20578.0
2016-03-14,181.0,188.0,176.0,180.600006,174.056915,20793.0
2016-03-15,188.0,189.0,175.649994,181.300003,174.73156699999998,20838.0
2016-03-16,180.199997,184.0,180.100006,182.050003,175.454391,20611.0
2016-03-17,182.0,198.0,181.0,181.699997,175.117065,20781.0
2016-03-18,194.0,194.0,180.0,181.0,174.442429,20506.0
2016-03-21,184.0,189.0,179.100006,179.75,173.237717,20673.0
2016-03-22,183.699997,183.699997,175.75,179.149994,172.659439,20970.0
2016-03-23,176.199997,183.5,176.199997,178.449997,171.984802,20627.0
2016-03-28,179.0,180.699997,175.199997,178.100006,171.64750700000002,20601.0
2016-03-29,187.0,187.0,175.100006,179.75,173.237717,21050.0
2016-03-30,180.0,184.0,178.100006,178.800003,172.32214399999998,20700.0
2016-03-31,179.0,187.899994,175.149994,184.899994,178.20114099999998,20668.0
2016-04-01,185.0,185.5,178.350006,182.25,175.647141,20620.0
2016-04-04,181.5,181.5,177.149994,177.800003,171.358383,20758.0
2016-04-05,177.800003,184.550003,177.699997,180.25,173.71958899999998,27701.0
2016-04-06,180.100006,185.0,178.149994,180.5,173.96054099999998,20919.0
2016-04-07,180.5,187.0,180.5,184.5,177.815643,20891.0
2016-04-08,185.0,185.5,176.050003,177.25,170.828278,20495.0
2016-04-11,178.0,182.5,177.5,180.850006,174.297867,20824.0
2016-04-12,181.0,183.949997,178.199997,180.199997,173.671402,21030.0
2016-04-13,180.5,186.300003,179.100006,179.850006,173.334091,28505.0
2016-04-18,180.0,184.899994,178.0,179.899994,173.382278,20842.0
2016-04-20,182.399994,184.899994,179.399994,179.75,173.237717,20625.0
2016-04-21,181.0,182.0,177.0,177.949997,171.50294499999998,20755.0
2016-04-22,178.0,184.199997,178.0,179.25,172.755829,21075.0
2016-04-25,182.0,182.850006,175.050003,176.25,169.864517,20586.0
2016-04-26,180.5,184.800003,177.100006,180.649994,174.105087,20693.0
2016-04-27,181.0,182.0,177.399994,179.550003,173.04496799999998,21033.0
2016-04-28,179.5,181.899994,178.0,179.100006,172.611267,20554.0
2016-04-29,179.100006,182.800003,177.600006,180.949997,174.394257,22610.0
2016-05-02,180.5,180.5,176.100006,176.100006,169.719955,20635.0
2016-05-03,176.100006,180.0,176.100006,176.699997,170.298187,20746.0
2016-05-04,175.0,179.949997,168.149994,171.050003,164.852905,21421.0
2016-05-05,172.0,177.0,171.0,172.199997,165.961243,20778.0
2016-05-06,173.0,177.850006,172.0,172.199997,165.961243,20821.0
2016-05-09,173.0,176.600006,169.100006,174.899994,168.563416,22019.0
2016-05-10,175.0,177.0,169.0,172.25,166.009445,21162.0
2016-05-11,172.5,176.5,170.100006,174.0,167.69603,22853.0
2016-05-12,172.0,174.0,165.899994,166.149994,160.130432,990.0
2016-05-13,169.899994,172.0,162.0,165.699997,159.696747,125.0
2016-05-16,170.949997,170.949997,166.0,166.100006,160.08226000000002,21098.0
2016-05-17,165.0,171.5,163.5,166.800003,160.756897,21286.0
2016-05-18,167.050003,172.949997,163.0,164.899994,158.92571999999998,22417.0
2016-05-19,160.0,167.649994,160.0,164.649994,158.684769,22607.0
2016-05-20,165.0,170.0,162.050003,165.0,159.02211,20622.0
2016-05-23,166.0,166.850006,155.300003,163.399994,157.480072,21270.0
2016-05-24,164.0,167.5,155.600006,162.25,156.37175,21940.0
2016-05-25,170.0,173.5,159.050003,162.899994,156.998169,21416.0
2016-05-26,163.0,169.149994,161.449997,164.449997,158.49202,20980.0
2016-05-27,162.0,174.0,162.0,170.050003,163.88914499999998,20561.0
2016-05-30,164.050003,170.949997,161.649994,165.949997,159.937698,20720.0
2016-05-31,160.25,166.0,160.0,161.649994,155.793472,21092.0
2016-06-01,162.0,168.149994,156.300003,162.199997,156.323547,21600.0
2016-06-02,162.5,165.75,155.600006,161.949997,156.082611,22099.0
2016-06-03,162.0,166.899994,155.899994,160.800003,154.974274,20652.0
2016-06-06,160.699997,170.0,156.199997,162.899994,156.998169,21492.0
2016-06-07,163.0,169.899994,154.699997,157.949997,152.227524,22821.0
2016-06-08,158.0,164.25,156.850006,162.199997,156.323547,20716.0
2016-06-09,163.5,163.5,160.149994,161.600006,155.745285,20616.0
2016-06-10,162.0,162.699997,160.100006,162.300003,156.41992199999999,21090.0
2016-06-13,163.0,164.949997,160.050003,161.0,155.167007,4637.0
2016-06-14,163.800003,166.0,160.399994,165.399994,159.407623,294.0
2016-06-15,158.0,163.800003,157.0,158.699997,152.950348,240.0
2016-06-16,156.0,168.25,155.550003,156.5,150.830048,478.0
2016-06-17,168.949997,168.949997,156.5,161.0,155.167007,221.0
2016-06-20,156.0,170.0,156.0,167.649994,161.57608000000002,74.0
2016-06-21,165.0,169.899994,160.050003,164.050003,158.10652199999998,470.0
2016-06-22,164.0,175.050003,160.0,170.600006,164.41922,22209.0
2016-06-23,167.899994,175.699997,161.0,165.25,159.26306200000002,21003.0
2016-06-24,165.0,173.850006,155.0,167.100006,161.046021,21182.0
2016-06-27,162.0,165.0,161.050003,162.300003,156.41992199999999,20773.0
2016-06-28,164.0,165.100006,161.149994,164.699997,158.732956,21731.0
2016-06-29,162.0,172.0,162.0,162.699997,156.80543500000002,20899.0
2016-06-30,162.5,164.0,162.0,163.100006,157.190948,20575.0
2016-07-01,163.100006,163.75,161.75,162.449997,156.56448400000002,20697.0
2016-07-04,162.449997,164.850006,161.149994,161.899994,156.034409,20783.0
2016-07-05,165.0,165.899994,155.300003,157.550003,151.842026,21325.0
2016-07-07,161.0,164.300003,161.0,162.949997,157.046387,21124.0
2016-07-08,163.0,171.0,163.0,166.600006,160.564133,22114.0
2016-07-11,166.0,169.0,164.050003,166.399994,160.371384,21110.0
2016-07-12,166.0,168.649994,162.149994,163.800003,157.865585,20911.0
2016-07-13,164.0,172.75,163.550003,165.350006,159.35943600000002,21078.0
2016-07-14,164.5,169.5,160.800003,166.899994,160.85325600000002,21059.0
2016-07-15,164.0,165.0,161.149994,163.350006,157.4319,21658.0
2016-07-18,162.5,173.050003,160.800003,161.699997,155.84166000000002,21121.0
2016-07-19,163.0,172.0,158.0,164.899994,158.92571999999998,21915.0
2016-07-20,162.0,166.300003,158.0,161.25,155.407959,21466.0
2016-07-21,162.0,168.0,160.100006,161.550003,155.697098,21303.0
2016-07-22,162.0,163.5,158.449997,161.399994,155.55252099999998,21028.0
2016-07-25,161.600006,162.5,160.25,162.0,156.130798,20666.0
2016-07-26,161.5,163.25,160.149994,161.5,155.64889499999998,21311.0
2016-07-27,161.0,165.0,161.0,162.0,156.130798,20813.0
2016-07-28,161.0,163.0,158.5,160.850006,155.022446,20866.0
2016-07-29,161.0,162.0,160.0,160.550003,154.733337,20724.0
2016-08-01,161.0,162.0,159.0,159.649994,153.865921,21759.0
2016-08-02,160.100006,161.5,160.100006,160.5,154.685135,20809.0
2016-08-03,160.0,163.699997,157.050003,160.100006,154.29963700000002,21349.0
2016-08-04,160.0,161.850006,158.0,160.25,154.444199,20810.0
2016-08-05,160.0,160.5,159.0,160.149994,154.347809,20857.0
2016-08-08,161.0,161.0,159.550003,160.050003,154.25143400000002,20674.0
2016-08-09,165.0,165.0,158.0,159.100006,153.33586100000002,21173.0
2016-08-10,165.5,167.0,158.0,160.0,154.203247,20813.0
2016-08-11,160.0,161.5,155.0,157.199997,151.504684,21366.0
2016-08-12,158.5,159.399994,155.0,159.0,153.23948700000003,20863.0
2016-08-16,160.0,165.350006,151.050003,159.449997,153.673172,24106.0
2016-08-17,160.0,160.100006,152.050003,153.699997,148.1315,24413.0
2016-08-18,156.0,163.649994,155.25,155.699997,150.05903600000002,25569.0
2016-08-19,155.0,163.800003,155.0,160.949997,155.11883500000002,20834.0
2016-08-22,161.0,162.850006,157.149994,161.850006,155.98623700000002,20973.0
2016-08-23,162.0,162.699997,156.399994,159.0,153.23948700000003,22384.0
2016-08-24,159.0,160.0,152.600006,155.649994,150.010849,21219.0
2016-08-25,157.0,159.0,155.050003,157.199997,151.504684,21077.0
2016-08-26,158.5,163.0,157.100006,161.350006,155.504349,21802.0
2016-08-29,161.100006,161.399994,158.199997,159.149994,153.384048,20824.0
2016-08-30,159.5,162.0,157.0,161.0,155.167007,20933.0
2016-08-31,159.0,161.800003,156.550003,159.550003,153.769577,21377.0
2016-09-01,160.0,164.949997,157.449997,160.0,154.203247,22778.0
2016-09-02,160.300003,160.300003,156.899994,159.0,153.23948700000003,21024.0
2016-09-06,160.5,162.949997,157.5,159.0,153.23948700000003,20826.0
2016-09-07,160.0,160.300003,153.0,154.600006,148.998886,21692.0
2016-09-08,158.0,160.699997,156.149994,158.0,152.27569599999998,20931.0
2016-09-09,158.5,160.0,155.100006,156.0,150.348175,21401.0
2016-09-12,158.0,161.899994,155.300003,159.350006,153.576813,23746.0
2016-09-14,160.0,168.699997,159.0,167.550003,161.47972099999998,23379.0
2016-09-15,171.0,201.050003,170.0,189.25,182.39352399999999,146056.0
2016-09-16,191.0,194.0,178.050003,182.149994,175.550751,22504.0
2016-09-19,185.0,185.0,170.5,173.100006,168.213898,4013.0
2016-09-20,170.5,174.899994,166.449997,172.600006,167.727997,24450.0
2016-09-21,171.0,174.0,170.0,171.800003,166.950577,21347.0
2016-09-22,172.0,177.600006,169.0,170.0,165.20138500000002,22689.0
2016-09-23,170.5,172.899994,168.0,169.550003,164.764084,22958.0
2016-09-26,169.699997,178.5,166.050003,175.75,170.789078,22448.0
2016-09-27,175.5,210.899994,170.0,207.350006,201.497116,102947.0
2016-09-28,206.899994,206.899994,169.449997,171.300003,166.464691,88869.0
2016-09-29,176.899994,181.75,150.050003,161.649994,157.087082,122558.0
2016-09-30,163.850006,175.0,152.100006,171.350006,166.513275,57623.0
2016-10-03,172.0,172.0,163.699997,168.75,163.986679,30141.0
2016-10-04,168.699997,169.899994,166.050003,167.850006,163.112076,27029.0
2016-10-05,168.0,170.399994,166.949997,167.350006,162.626205,24218.0
2016-10-06,169.0,169.0,164.0,166.100006,161.41146899999998,25968.0
2016-10-07,166.5,173.100006,163.0,164.0,159.370743,31361.0
2016-10-10,165.0,170.0,164.0,164.949997,160.29393000000002,22667.0
2016-10-13,165.0,169.899994,162.0,162.800003,158.20462,24780.0
2016-10-14,163.100006,164.600006,162.0,163.850006,159.224991,23060.0
2016-10-17,164.25,164.75,158.5,159.5,154.997757,21618.0
2016-10-18,158.0,161.899994,153.0,158.550003,154.07457,22599.0
2016-10-19,162.199997,186.199997,159.5,176.25,171.27496299999999,131544.0
2016-10-20,179.699997,185.0,177.649994,178.949997,173.898743,79161.0
2016-10-21,177.0,177.050003,170.0,170.649994,165.833038,30074.0
2016-10-24,169.0,170.100006,162.5,164.949997,160.29393000000002,26805.0
2016-10-25,165.100006,165.100006,160.0,162.399994,157.815903,27040.0
2016-10-26,165.0,180.0,160.0,169.949997,165.15278600000002,33662.0
2016-10-27,167.300003,172.100006,166.0,167.449997,162.723373,25529.0
2016-10-28,164.0,167.0,156.050003,164.649994,160.002396,24266.0
2016-11-01,168.5,168.699997,162.600006,163.5,158.884857,24476.0
2016-11-02,163.0,165.949997,160.0,162.449997,157.86450200000002,24607.0
2016-11-03,163.0,191.75,158.149994,173.449997,168.553986,266987.0
2016-11-04,173.949997,175.899994,162.0,165.0,160.342514,41153.0
2016-11-07,169.949997,169.949997,161.050003,162.649994,158.05883799999998,36781.0
2016-11-08,164.0,164.0,156.899994,157.449997,153.00563,34726.0
2016-11-09,149.949997,149.949997,130.0,138.550003,134.63913,40992.0
2016-11-10,144.0,151.800003,139.0,148.199997,144.016739,42908.0
2016-11-11,147.0,149.5,140.300003,141.800003,137.797394,24014.0
2016-11-15,140.050003,142.5,121.0,124.800003,121.27726000000001,30882.0
2016-11-16,126.0,127.0,114.0,114.75,111.51093300000001,37108.0
2016-11-17,116.0,123.0,114.050003,116.650002,113.357307,27130.0
2016-11-18,116.0,116.699997,113.75,115.050003,111.802467,23386.0
2016-11-21,115.5,122.849998,111.449997,113.150002,109.9561,22583.0
2016-11-22,114.0,119.949997,110.300003,111.5,108.35266899999999,24070.0
2016-11-23,112.0,116.0,111.5,113.550003,110.34481000000001,22218.0
2016-11-24,113.0,116.050003,112.599998,113.75,110.539162,22490.0
2016-11-25,113.5,135.0,113.0,130.449997,126.767769,46656.0
2016-11-28,133.0,156.5,129.300003,153.800003,149.45867900000002,125333.0
2016-11-29,151.0,154.0,140.649994,142.399994,138.380447,56385.0
2016-11-30,143.0,146.800003,140.0,141.850006,137.845993,39585.0
2016-12-01,141.800003,144.550003,138.0,138.899994,134.97924799999998,26274.0
2016-12-02,138.800003,139.0,133.0,135.649994,131.820984,23977.0
2016-12-05,135.5,135.5,131.5,131.949997,128.225418,23169.0
2016-12-06,132.0,134.850006,130.0,132.949997,129.19718899999998,21847.0
2016-12-07,133.0,145.800003,133.0,138.25,134.34759499999998,42311.0
2016-12-08,138.350006,142.0,134.949997,135.850006,132.01535,25421.0
2016-12-09,135.5,138.600006,134.0,137.449997,133.570175,23218.0
2016-12-12,137.949997,138.0,132.0,133.399994,129.634491,24804.0
2016-12-13,133.199997,138.0,133.050003,134.199997,130.411911,23508.0
2016-12-14,136.949997,144.0,136.800003,138.0,134.10466,41094.0
2016-12-15,138.25,140.899994,130.149994,132.800003,129.05143700000002,34019.0
2016-12-16,136.0,136.0,131.100006,132.100006,128.371201,22643.0
2016-12-19,132.0,134.899994,128.149994,133.25,129.488724,22665.0
2016-12-20,133.25,134.0,128.0,129.899994,126.23328400000001,24067.0
2016-12-21,129.0,131.5,127.099998,130.199997,126.52483400000001,22767.0
2016-12-22,130.199997,130.199997,124.900002,127.0,123.415154,22347.0
2016-12-23,129.75,129.75,126.050003,127.349998,123.755264,21944.0
2016-12-26,127.5,127.699997,118.099998,122.300003,118.847824,22491.0
2016-12-27,122.5,123.0,116.199997,120.400002,117.00145,24111.0
2016-12-28,120.5,124.400002,120.5,121.949997,118.507698,22384.0
2016-12-29,121.0,131.0,121.0,125.050003,121.52020300000001,26159.0
2016-12-30,125.900002,129.0,125.0,126.25,122.68631699999999,25583.0
2017-01-02,125.0,126.150002,122.0,123.599998,120.111122,23697.0
2017-01-03,123.550003,127.050003,123.5,125.849998,122.297615,23576.0
2017-01-04,126.050003,130.0,126.0,127.550003,123.94963100000001,24390.0
2017-01-05,130.0,137.449997,127.5,131.399994,127.69094799999999,44563.0
2017-01-06,132.0,132.5,126.5,127.400002,123.80386399999999,30187.0
2017-01-09,127.0,133.800003,127.0,130.75,127.05931100000001,27084.0
2017-01-10,129.25,132.0,129.199997,131.350006,127.64236499999998,21856.0
2017-01-11,133.949997,139.800003,132.0,133.399994,129.634491,27415.0
2017-01-12,134.449997,134.5,130.75,132.800003,129.05143700000002,21174.0
2017-01-13,132.75,132.949997,128.5,129.350006,125.69883,22198.0
2017-01-16,131.0,131.0,128.0,129.75,126.08753200000001,21794.0
2017-01-17,129.300003,133.899994,128.600006,130.800003,127.107895,24230.0
2017-01-18,129.0,133.899994,129.0,131.100006,127.399422,22921.0
2017-01-19,131.0,132.050003,130.449997,131.149994,127.448006,21601.0
2017-01-20,129.149994,133.899994,129.149994,131.149994,127.448006,23562.0
2017-01-23,135.949997,135.949997,130.100006,132.300003,128.565552,21404.0
2017-01-24,131.0,133.649994,131.0,132.449997,128.711304,22003.0
2017-01-25,132.5,134.949997,132.149994,133.0,129.245789,23973.0
2017-01-27,133.5,135.0,129.050003,130.0,126.330467,23178.0
2017-01-30,130.0,133.899994,128.899994,129.449997,125.79598999999999,25481.0
2017-01-31,129.300003,131.0,127.949997,128.800003,125.164345,23222.0
2017-02-01,128.050003,130.25,127.099998,128.350006,124.727043,21164.0
2017-02-02,128.199997,132.399994,128.199997,130.949997,127.253654,22275.0
2017-02-03,131.800003,138.300003,131.300003,132.0,128.274017,22580.0
2017-02-06,132.5,136.899994,132.449997,133.199997,129.44013999999999,23138.0
2017-02-07,133.0,135.949997,128.0,130.050003,126.37905900000001,24020.0
2017-02-08,130.199997,132.800003,128.199997,130.449997,126.767769,24370.0
2017-02-09,129.550003,132.899994,129.300003,130.350006,126.670601,22514.0
2017-02-10,129.050003,132.899994,129.0,129.649994,125.99034099999999,22860.0
2017-02-13,133.199997,133.199997,122.0,125.699997,122.15183999999999,23628.0
2017-02-14,127.5,130.800003,125.650002,128.199997,124.581276,22071.0
2017-02-15,126.5,132.0,120.650002,124.0,120.49983200000001,23251.0
2017-02-16,128.5,129.449997,124.199997,127.300003,123.70668,22700.0
2017-02-17,127.0,130.0,126.0,126.75,123.172211,25472.0
2017-02-20,128.0,128.100006,124.900002,127.050003,123.46373700000001,25903.0
2017-02-21,127.0,128.850006,124.0,125.050003,121.52020300000001,25354.0
2017-02-22,125.300003,129.449997,124.0,124.849998,121.32583600000001,24542.0
2017-02-23,124.5,126.300003,121.199997,123.199997,119.722412,24485.0
2017-02-27,122.0,125.050003,121.099998,123.099998,119.62523700000001,22674.0
2017-02-28,123.199997,124.800003,120.5,123.0,119.52806100000001,22337.0
2017-03-01,127.0,127.0,122.0,124.300003,120.791367,22908.0
2017-03-02,124.599998,127.0,123.099998,124.050003,120.54843100000001,23776.0
2017-03-03,124.0,125.099998,120.349998,122.099998,118.653458,22675.0
2017-03-06,121.0,124.699997,117.0,122.0,118.55628999999999,23465.0
2017-03-07,122.099998,122.099998,119.150002,119.900002,116.51556399999998,22004.0
2017-03-08,123.800003,123.849998,119.0,122.0,118.55628999999999,28307.0
2017-03-09,123.0,123.0,120.199997,121.349998,117.92462900000001,24115.0
2017-03-10,121.5,121.5,119.099998,119.800003,116.418388,23251.0
2017-03-14,121.550003,123.900002,120.0,121.349998,117.92462900000001,22700.0
2017-03-15,121.199997,125.0,120.650002,121.949997,118.507698,27006.0
2017-03-16,122.099998,123.800003,121.550003,122.150002,118.70205700000001,22442.0
2017-03-17,122.099998,123.800003,121.199997,121.650002,118.216171,21778.0
2017-03-20,121.0,122.800003,118.75,120.400002,117.00145,23490.0
2017-03-21,120.0,120.849998,119.150002,119.800003,116.418388,23188.0
2017-03-22,120.0,121.0,119.75,120.25,116.85569,23740.0
2017-03-23,126.650002,144.300003,124.099998,144.300003,140.22683700000002,167902.0
2017-03-24,148.5,151.699997,135.0,137.050003,133.181473,204825.0
2017-03-27,136.949997,141.949997,131.0,139.449997,135.51371799999998,39730.0
2017-03-28,139.449997,140.399994,136.0,136.149994,132.30687,26367.0
2017-03-29,138.0,138.0,132.100006,133.649994,129.877441,29263.0
2017-03-30,133.949997,135.199997,131.0,133.199997,129.44013999999999,23887.0
2017-03-31,135.0,135.0,127.75,130.850006,127.15648700000001,25613.0
2017-04-03,131.199997,134.0,130.100006,133.399994,129.634491,33339.0
2017-04-05,132.050003,133.449997,130.0,130.649994,126.962128,33277.0
2017-04-06,131.199997,132.850006,128.300003,130.25,126.57341799999999,29383.0
2017-04-07,130.25,131.199997,125.599998,126.900002,123.317978,27577.0
2017-04-10,127.050003,129.199997,118.5,123.150002,119.673828,34599.0
2017-04-11,121.050003,124.0,117.5,119.199997,115.83532,47515.0
2017-04-12,119.300003,124.800003,119.0,122.550003,119.090759,33706.0
2017-04-13,123.0,123.800003,119.5,121.349998,117.92462900000001,23174.0
2017-04-17,121.5,121.5,118.099998,120.449997,117.050041,24896.0
2017-04-18,120.5,123.050003,119.300003,120.0,116.61273999999999,22685.0
2017-04-19,122.0,142.949997,122.0,134.199997,130.411911,272854.0
2017-04-20,135.899994,137.0,126.050003,128.050003,124.43550900000001,60140.0
2017-04-21,129.300003,134.949997,127.0,129.199997,125.55304699999999,36793.0
2017-04-24,127.349998,133.300003,127.0,127.449997,123.852448,29699.0
2017-04-25,127.699997,129.899994,125.25,126.099998,122.540558,29061.0
2017-04-26,126.099998,136.0,126.099998,128.199997,124.581276,46266.0
2017-04-27,129.75,130.350006,122.5,123.150002,119.673828,39185.0
2017-04-28,124.099998,125.650002,121.300003,123.050003,119.57665300000001,31947.0
2017-05-02,122.800003,127.849998,121.5,125.699997,122.15183999999999,35524.0
2017-05-03,124.550003,127.150002,121.300003,123.300003,119.81959499999999,25680.0
2017-05-04,122.699997,124.800003,121.0,122.900002,119.430885,26960.0
2017-05-05,124.5,124.5,120.0,120.550003,117.147224,26278.0
2017-05-08,120.599998,136.5,120.599998,134.800003,130.99498,121831.0
2017-05-09,136.899994,149.899994,135.050003,143.949997,139.886688,157629.0
2017-05-10,147.550003,157.550003,142.0,152.949997,148.63266000000002,109373.0
2017-05-11,153.949997,162.449997,152.949997,154.949997,150.576187,131802.0
2017-05-12,154.0,161.0,152.5,155.300003,150.916336,99466.0
2017-05-15,154.899994,161.899994,154.0,159.850006,155.33789099999998,76953.0
2017-05-16,154.300003,163.199997,154.300003,158.649994,154.171753,55600.0
2017-05-17,160.5,163.899994,155.25,160.399994,155.87236000000001,97415.0
2017-05-18,158.550003,161.550003,150.100006,151.800003,147.515121,67604.0
2017-05-19,153.0,161.25,150.100006,157.699997,153.24856599999998,58394.0
2017-05-22,154.5,162.0,154.0,157.25,152.811279,67370.0
2017-05-23,157.5,157.5,150.0,153.800003,149.45867900000002,44810.0
2017-05-24,157.649994,160.0,151.050003,154.350006,149.993149,51580.0
2017-05-25,154.350006,160.0,154.100006,155.300003,150.916336,35342.0
2017-05-26,156.0,157.699997,151.100006,152.25,147.95240800000002,33452.0
2017-05-29,150.0,153.699997,147.0,149.399994,145.18284599999998,30535.0
2017-05-30,149.050003,151.850006,143.0,149.899994,145.66876200000002,28231.0
2017-05-31,152.050003,154.0,144.050003,146.75,142.607666,36075.0
2017-06-01,148.0,149.75,143.050003,145.199997,141.10141000000002,26243.0
2017-06-02,146.550003,150.550003,146.0,148.449997,144.259674,40320.0
2017-06-05,149.949997,150.0,143.949997,145.199997,141.10141000000002,31588.0
2017-06-06,145.350006,147.75,143.0,144.350006,140.275406,28587.0
2017-06-07,144.050003,145.899994,142.0,142.899994,138.866348,29920.0
2017-06-08,144.850006,148.0,142.25,147.0,142.850601,29655.0
2017-06-09,148.0,154.0,147.300003,149.850006,145.620163,57650.0
2017-06-12,148.350006,151.149994,144.050003,145.399994,141.295761,32720.0
2017-06-13,144.949997,149.800003,143.5,145.899994,141.781647,31199.0
2017-06-14,146.050003,148.699997,142.399994,143.800003,139.740936,28709.0
2017-06-15,142.100006,149.0,142.050003,146.850006,142.704849,29455.0
2017-06-16,147.100006,149.0,143.649994,146.5,142.364716,29966.0
2017-06-19,145.100006,148.149994,145.050003,145.949997,141.830231,25255.0
2017-06-20,145.850006,147.050003,143.149994,145.25,141.150009,26084.0
2017-06-21,145.550003,145.550003,142.100006,142.649994,138.62338300000002,26758.0
2017-06-22,144.0,144.399994,138.050003,142.050003,138.040329,30271.0
2017-06-23,142.050003,142.050003,135.100006,138.449997,134.541946,25150.0
2017-06-27,140.0,140.0,131.100006,134.649994,130.849213,25847.0
2017-06-28,134.5,134.5,126.099998,127.099998,123.512321,58360.0
2017-06-29,132.199997,136.399994,129.050003,133.899994,130.120361,37285.0
2017-06-30,134.899994,134.899994,130.0,131.25,127.545181,22860.0
2017-07-03,131.300003,134.0,131.25,133.0,129.245789,24938.0
2017-07-04,132.949997,135.399994,128.0,130.449997,126.767769,28407.0
2017-07-05,130.5,144.899994,130.5,135.600006,131.772415,79609.0
2017-07-06,135.550003,138.199997,132.25,133.149994,129.391541,37518.0
2017-07-07,133.199997,136.600006,132.699997,135.300003,131.480865,36422.0
2017-07-10,141.0,141.0,134.050003,135.050003,131.23793,20718.0
2017-07-11,140.0,140.0,134.25,135.850006,132.01535,24903.0
2017-07-12,138.050003,141.0,136.100006,137.600006,133.71594199999998,42052.0
2017-07-13,137.550003,139.0,131.0,133.100006,129.342972,39668.0
2017-07-14,133.449997,135.850006,130.600006,134.0,130.217545,30957.0
2017-07-17,134.100006,137.0,131.5,134.699997,130.897797,26412.0
2017-07-18,138.699997,138.699997,130.949997,133.399994,129.634491,27784.0
2017-07-19,133.350006,139.100006,133.300003,138.25,134.34759499999998,30369.0
2017-07-20,137.949997,139.300003,135.25,136.800003,132.938522,25221.0
2017-07-21,136.300003,137.0,132.0,135.199997,131.383682,24218.0
2017-07-24,135.300003,135.850006,132.100006,132.649994,128.90567,24586.0
2017-07-25,132.449997,134.0,131.199997,132.75,129.00285300000002,24527.0
2017-07-26,136.75,136.800003,130.75,132.149994,128.41978500000002,31805.0
2017-07-27,133.0,153.399994,132.149994,139.850006,135.902451,99319.0
2017-07-28,138.0,145.949997,135.199997,140.100006,136.145386,48464.0
2017-07-31,140.399994,140.75,136.899994,138.149994,134.250412,26094.0
2017-08-01,138.300003,144.899994,135.5,137.449997,133.570175,34863.0
2017-08-02,137.449997,140.300003,136.399994,139.850006,135.902451,27386.0
2017-08-03,139.949997,140.0,136.149994,137.399994,133.521591,30423.0
2017-08-04,137.449997,142.850006,137.199997,141.949997,137.943161,33177.0
2017-08-07,142.050003,144.399994,138.399994,142.600006,138.574814,26285.0
2017-08-08,142.050003,143.100006,136.300003,142.199997,138.186111,31473.0
2017-08-09,148.0,154.0,145.25,146.699997,142.559067,128121.0
2017-08-10,146.649994,146.699997,131.0,134.600006,130.80062900000001,36337.0
2017-08-11,133.050003,140.199997,130.0,136.25,132.404053,33411.0
2017-08-14,136.600006,141.5,136.550003,139.75,135.805252,46144.0
2017-08-16,143.449997,144.0,139.0,141.350006,137.360107,38819.0
2017-08-17,142.149994,143.0,140.600006,140.899994,136.922791,33163.0
2017-08-18,140.899994,140.899994,137.100006,139.350006,135.416565,28298.0
2017-08-21,139.949997,151.0,135.050003,139.550003,135.610901,36287.0
2017-08-22,139.949997,139.949997,135.550003,137.100006,133.230072,24101.0
2017-08-23,142.5,142.5,136.0,136.449997,132.598419,72022.0
2017-08-24,141.850006,144.0,137.100006,140.350006,136.388321,73653.0
2017-08-28,142.0,149.0,139.0,145.75,141.63588000000001,38738.0
2017-08-29,145.550003,148.100006,142.149994,143.949997,139.886688,45669.0
2017-08-30,144.300003,148.199997,144.0,146.5,142.364716,30997.0
2017-08-31,149.449997,150.149994,142.050003,143.850006,139.789536,35861.0
2017-09-01,148.550003,148.550003,143.949997,146.449997,142.316116,34573.0
2017-09-04,147.850006,149.800003,146.300003,147.199997,143.044952,29710.0
2017-09-05,147.350006,154.0,147.300003,150.399994,146.15463300000002,83502.0
2017-09-06,153.949997,157.100006,147.0,154.850006,150.479034,61647.0
2017-09-07,154.949997,167.0,154.949997,156.5,152.08244299999998,130869.0
2017-09-08,159.899994,163.899994,154.850006,155.949997,151.547974,82229.0
2017-09-11,156.149994,159.5,155.5,156.100006,151.693741,53405.0
2017-09-12,156.149994,162.050003,156.149994,158.149994,153.68588300000002,58794.0
2017-09-13,158.75,159.949997,154.0,154.350006,149.993149,41892.0
2017-09-14,154.449997,156.0,154.050003,155.0,150.624786,24748.0
2017-09-15,154.050003,154.800003,151.0,153.800003,149.45867900000002,29209.0
2017-09-18,155.5,156.100006,152.0,154.100006,149.750198,37810.0
2017-09-19,154.199997,155.050003,152.100006,153.050003,150.191788,26983.0
2017-09-20,155.050003,155.550003,152.5,152.949997,150.093643,29343.0
2017-09-21,153.300003,160.0,151.0,151.899994,149.06326299999998,33396.0
2017-09-22,157.149994,157.149994,147.300003,150.100006,147.296875,31572.0
2017-09-25,154.350006,154.350006,134.600006,141.550003,138.906555,46667.0
2017-09-26,141.75,155.0,138.649994,151.949997,149.112335,51899.0
2017-09-27,156.0,156.0,141.949997,144.149994,141.457993,34353.0
2017-09-28,144.149994,146.949997,140.899994,144.449997,141.752396,27087.0
2017-09-29,143.0,157.899994,142.800003,148.300003,145.530502,54138.0
2017-10-03,154.0,155.300003,147.5,149.100006,146.315552,53013.0
2017-10-04,149.25,155.5,148.399994,153.149994,150.289917,31823.0
2017-10-05,152.050003,159.899994,150.5,157.899994,154.951202,52740.0
2017-10-06,158.149994,164.0,155.550003,160.649994,157.64984099999998,97081.0
2017-10-09,163.949997,164.0,153.050003,155.949997,153.037628,49149.0
2017-10-10,155.75,158.0,151.649994,154.449997,151.565643,66460.0
2017-10-11,155.649994,165.949997,152.850006,155.300003,152.399765,1193338.0
2017-10-12,157.0,173.899994,157.0,164.550003,161.477036,1184307.0
2017-10-13,168.100006,174.0,160.300003,161.75,158.729309,1024075.0
2017-10-16,163.199997,169.899994,157.300003,159.0,156.03067,912172.0
2017-10-17,160.300003,174.0,160.300003,161.600006,158.582123,2142903.0
2017-10-18,161.5,168.0,161.399994,165.5,162.409286,575073.0
2017-10-19,167.0,168.699997,165.199997,166.25,163.14527900000002,164774.0
2017-10-23,168.899994,173.350006,165.649994,168.300003,165.156998,465009.0
2017-10-24,169.0,179.350006,168.5,175.850006,172.56601,635446.0
2017-10-25,177.699997,180.0,171.100006,172.600006,169.376694,210420.0
2017-10-26,170.149994,184.399994,170.149994,178.199997,174.872116,390627.0
2017-10-27,179.75,189.5,179.75,182.399994,178.99366799999999,856807.0
2017-10-30,183.0,185.550003,174.5,176.850006,173.547333,389311.0
2017-10-31,177.5,185.5,170.100006,174.850006,171.584671,1486802.0
2017-11-01,176.0,177.699997,171.550003,172.800003,169.572968,247398.0
2017-11-02,173.399994,174.899994,165.75,167.199997,164.077545,264894.0
2017-11-03,168.050003,168.25,163.5,164.649994,161.57515,201502.0
2017-11-06,164.850006,166.75,161.600006,162.100006,159.072784,174518.0
2017-11-07,163.5,165.399994,158.0,159.399994,156.423203,502005.0
2017-11-08,161.399994,164.649994,158.199997,162.25,159.219986,196398.0
2017-11-09,164.699997,169.0,161.199997,167.949997,164.813522,430783.0
2017-11-10,167.300003,167.350006,161.300003,163.0,159.95597800000002,185718.0
2017-11-13,163.300003,164.5,160.850006,161.550003,158.533051,141605.0
2017-11-14,161.050003,163.0,158.199997,158.699997,155.736267,106847.0
2017-11-15,157.550003,159.050003,152.550003,153.449997,150.58432,149178.0
2017-11-16,153.449997,162.699997,153.449997,159.199997,156.226929,423212.0
2017-11-17,160.850006,172.75,160.350006,171.149994,167.953766,1173776.0
2017-11-20,172.449997,174.699997,168.0,170.699997,167.512177,317034.0
2017-11-21,171.75,173.399994,168.100006,170.149994,166.972443,167259.0
2017-11-22,171.25,184.0,167.0,177.899994,174.577698,1229535.0
2017-11-23,178.649994,181.699997,174.5,178.550003,175.215576,596612.0
2017-11-24,179.75,187.0,178.550003,182.550003,179.140884,805597.0
2017-11-27,181.649994,183.5,177.5,179.300003,175.951569,173596.0
2017-11-28,180.600006,185.0,176.550003,181.449997,178.061417,331638.0
2017-11-29,182.399994,184.649994,177.0,179.0,175.657166,297000.0
2017-11-30,178.699997,184.800003,176.100006,179.600006,176.245972,463611.0
2017-12-01,181.800003,183.5,173.0,174.600006,171.33934,229365.0
2017-12-04,176.5,176.550003,171.050003,173.100006,169.867355,161500.0
2017-12-05,172.0,176.899994,164.75,173.649994,170.407074,409254.0
2017-12-06,173.649994,174.699997,164.699997,166.25,163.14527900000002,166898.0
2017-12-07,167.0,178.199997,167.0,176.449997,173.154785,302978.0
2017-12-08,172.050003,180.550003,172.050003,175.350006,172.075333,205458.0
2017-12-11,176.050003,177.350006,171.199997,173.050003,169.818283,140999.0
2017-12-12,173.050003,176.0,170.100006,172.300003,169.082291,141217.0
2017-12-13,174.350006,183.899994,172.300003,174.649994,171.388397,531414.0
2017-12-14,175.100006,176.550003,166.5,172.25,169.03323400000002,166310.0
2017-12-15,174.899994,181.149994,174.699997,175.550003,172.27160600000002,194243.0
2017-12-18,173.600006,182.0,164.050003,176.399994,173.105728,221819.0
2017-12-19,177.550003,183.5,177.550003,182.600006,179.189941,284524.0
2017-12-20,183.850006,196.699997,182.199997,194.149994,190.52423100000001,920803.0
2017-12-21,195.899994,200.699997,189.699997,190.949997,187.384003,578655.0
2017-12-22,192.350006,192.5,186.0,187.699997,184.194702,191390.0
2017-12-26,187.199997,192.300003,185.850006,188.449997,184.930679,198081.0
2017-12-27,189.649994,189.899994,178.600006,182.0,178.601151,166832.0
2017-12-28,185.899994,187.949997,181.5,183.300003,179.876877,116220.0
2017-12-29,183.300003,184.800003,180.0,181.199997,177.816086,100169.0
2018-01-01,182.800003,185.850006,177.600006,181.550003,178.159546,109977.0
2018-01-02,181.550003,182.699997,174.949997,177.25,173.93985,160300.0
2018-01-03,178.149994,183.699997,178.149994,182.949997,179.533401,104946.0
2018-01-04,184.25,189.449997,184.0,185.899994,182.428299,303952.0
2018-01-05,192.100006,202.0,186.800003,199.600006,195.87248200000002,975846.0
2018-01-08,202.0,205.899994,194.699997,199.300003,195.57806399999998,575728.0
2018-01-09,200.0,202.949997,195.149994,196.399994,192.732224,192314.0
2018-01-10,195.449997,235.649994,195.0,235.649994,231.24922200000003,2801711.0
2018-01-11,254.399994,264.0,244.25,246.94999700000002,242.338211,3422846.0
2018-01-12,248.0,267.399994,245.19999700000002,254.80000299999998,250.041611,1901389.0
2018-01-15,257.950012,285.0,255.100006,274.850006,269.71716299999997,1402722.0
2018-01-16,275.5,279.5,250.649994,263.799988,258.87350499999997,1258070.0
2018-01-17,263.450012,279.0,252.0,273.200012,268.097992,1599821.0
2018-01-18,276.5,281.399994,257.0,260.700012,255.831421,828034.0
2018-01-19,258.950012,267.0,257.350006,263.799988,258.87350499999997,355203.0
2018-01-22,265.0,276.799988,265.0,273.049988,267.95074500000004,533060.0
2018-01-23,278.0,298.799988,277.200012,295.799988,290.275909,1765708.0
2018-01-24,289.799988,294.0,267.149994,272.649994,267.558228,1327632.0
2018-01-25,274.5,274.600006,259.149994,261.049988,256.174866,333651.0
2018-01-29,263.649994,269.700012,246.94999700000002,248.350006,243.712067,260587.0
2018-01-30,250.0,257.899994,236.44999700000002,245.5,240.91528300000002,311947.0
2018-01-31,247.0,257.299988,245.149994,248.149994,243.51579300000003,217155.0
2018-02-01,250.399994,252.149994,231.0,241.0,236.49932900000002,305875.0
2018-02-02,233.0,255.94999700000002,218.5,234.19999700000002,229.82630899999998,658442.0
2018-02-05,227.149994,247.149994,226.350006,244.44999700000002,239.884888,281141.0
2018-02-06,221.0,238.399994,221.0,233.30000299999998,228.94312999999997,264276.0
2018-02-07,239.0,244.69999700000002,237.149994,241.55000299999998,237.039063,141620.0
2018-02-08,245.0,254.0,241.600006,250.350006,245.674728,246298.0
2018-02-09,240.0,254.0,240.0,248.55000299999998,243.908325,149181.0
2018-02-12,251.69999700000002,261.899994,251.649994,257.600006,252.78932200000003,156694.0
2018-02-14,261.950012,266.0,257.5,259.649994,254.80104100000003,158967.0
2018-02-15,262.700012,264.950012,250.149994,253.149994,248.422409,121343.0
2018-02-16,258.649994,261.799988,246.19999700000002,247.69999700000002,243.07420299999998,193946.0
2018-02-19,247.0,247.25,235.399994,241.399994,236.891846,99645.0
2018-02-20,242.19999700000002,246.80000299999998,237.44999700000002,238.69999700000002,234.242279,56286.0
2018-02-21,240.850006,244.0,236.30000299999998,241.100006,236.59745800000002,47598.0
2018-02-22,239.899994,244.5,236.0,241.149994,236.646515,28721.0
2018-02-23,241.25,250.0,240.94999700000002,249.05000299999998,244.398987,153309.0
2018-02-26,250.69999700000002,252.649994,246.19999700000002,247.30000299999998,242.681671,44375.0
2018-02-27,248.0,249.0,240.899994,242.94999700000002,238.41290299999997,62247.0
2018-02-28,240.80000299999998,247.30000299999998,237.94999700000002,245.75,241.160614,57573.0
2018-03-01,248.0,264.299988,246.44999700000002,249.44999700000002,244.791519,145825.0
2018-03-05,245.19999700000002,247.55000299999998,240.0,242.55000299999998,238.02038599999997,38460.0
2018-03-06,244.399994,244.69999700000002,230.19999700000002,233.05000299999998,228.69778399999998,56369.0
2018-03-07,231.100006,233.94999700000002,222.05000299999998,225.80000299999998,221.58317599999998,99233.0
2018-03-08,229.100006,232.100006,216.100006,225.0,220.79811099999998,139310.0
2018-03-09,227.350006,227.350006,204.699997,219.25,215.155502,83871.0
2018-03-12,224.399994,229.55000299999998,218.600006,222.5,218.34480299999998,87811.0
2018-03-13,223.44999700000002,229.0,221.05000299999998,226.5,222.27011099999999,58208.0
2018-03-14,227.0,239.899994,223.94999700000002,237.399994,232.96653700000002,100837.0
2018-03-15,237.05000299999998,253.0,235.55000299999998,247.600006,242.976074,170766.0
2018-03-16,249.44999700000002,250.0,240.05000299999998,247.69999700000002,243.07420299999998,111350.0
2018-03-19,249.69999700000002,255.5,237.600006,241.05000299999998,236.548386,61182.0
2018-03-20,241.0,241.44999700000002,231.30000299999998,238.05000299999998,233.60441600000001,39990.0
2018-03-21,240.100006,243.69999700000002,237.30000299999998,240.80000299999998,236.30307000000002,47408.0
2018-03-22,240.600006,242.649994,230.44999700000002,233.100006,228.74685699999998,37684.0
2018-03-23,223.0,230.0,223.0,228.149994,223.88929700000003,51677.0
2018-03-26,228.149994,230.5,220.0,226.100006,221.877579,90086.0
2018-03-27,228.350006,232.0,228.149994,228.69999700000002,224.429031,30097.0
2018-03-28,224.05000299999998,228.350006,223.100006,225.850006,221.632263,32960.0
2018-04-02,227.350006,238.69999700000002,227.350006,236.19999700000002,231.788956,52395.0
2018-04-03,235.19999700000002,239.0,232.19999700000002,237.80000299999998,233.35908500000002,24383.0
2018-04-04,239.75,252.899994,236.30000299999998,238.5,234.04600499999998,157321.0
2018-04-05,244.649994,247.899994,240.25,244.0,239.443283,82721.0
2018-04-06,250.100006,252.0,245.350006,247.25,242.63259900000003,173879.0
2018-04-09,246.5,252.0,245.649994,248.44999700000002,243.810196,85929.0
2018-04-10,250.44999700000002,250.94999700000002,247.0,247.850006,243.22138999999999,50114.0
2018-04-11,249.69999700000002,257.0,246.350006,253.399994,248.66773999999998,109590.0
2018-04-12,253.399994,268.600006,251.399994,259.100006,254.261307,331400.0
2018-04-13,260.200012,263.899994,255.55000299999998,258.5,253.672516,99753.0
2018-04-16,256.549988,264.799988,254.0,260.450012,255.586121,82600.0
2018-04-17,264.049988,268.75,259.049988,260.350006,255.48796099999998,93449.0
2018-04-18,260.350006,264.549988,257.25,259.299988,254.457565,61871.0
2018-04-19,261.700012,273.799988,254.80000299999998,266.799988,261.817474,287453.0
2018-04-20,266.899994,281.399994,264.899994,274.600006,269.471863,589106.0
2018-04-23,274.100006,284.5,269.0,271.450012,266.380676,307427.0
2018-04-24,273.399994,289.600006,271.0,280.600006,275.359802,522282.0
2018-04-25,280.5,284.700012,272.200012,276.350006,271.189148,243628.0
2018-04-26,276.0,283.299988,276.0,280.0,274.77099599999997,202833.0
2018-04-27,282.5,291.100006,281.399994,283.399994,278.107483,374182.0
2018-04-30,285.700012,292.0,278.0,279.75,274.525665,235683.0
2018-05-02,290.850006,299.549988,282.450012,285.850006,280.511749,592088.0
2018-05-03,284.0,285.75,266.600006,279.100006,273.887787,288666.0
2018-05-04,279.0,282.0,271.0,272.600006,267.509186,117756.0
2018-05-07,275.5,316.0,271.200012,302.399994,296.752655,626327.0
2018-05-08,305.0,322.799988,303.149994,308.75,302.9841,919268.0
2018-05-09,307.399994,313.0,302.899994,304.549988,298.862518,289925.0
2018-05-10,305.0,308.399994,287.399994,289.75,284.338898,201966.0
2018-05-11,291.049988,292.399994,275.0,280.450012,275.212616,144145.0
2018-05-14,284.700012,288.700012,271.649994,276.700012,271.532623,147251.0
2018-05-15,271.25,289.0,271.25,286.899994,281.542145,227156.0
2018-05-16,288.649994,288.649994,271.5,279.799988,274.574707,162091.0
2018-05-17,282.350006,294.100006,278.600006,284.850006,279.530426,211229.0
2018-05-18,286.75,286.75,272.649994,274.200012,269.079315,104458.0
2018-05-21,276.549988,276.549988,257.149994,260.600006,255.733292,179519.0
2018-05-22,260.0,267.5,256.0,265.200012,260.247406,186860.0
2018-05-23,266.399994,271.149994,254.94999700000002,258.0,253.18183900000002,184244.0
2018-05-24,258.100006,262.450012,250.100006,253.44999700000002,248.716812,190881.0
2018-05-25,255.899994,268.5,255.149994,264.25,259.315155,278671.0
2018-05-28,266.700012,279.5,266.0,277.299988,272.121429,175647.0
2018-05-29,281.350006,287.799988,276.0,285.299988,279.971985,281076.0
2018-05-30,281.0,294.0,280.100006,283.799988,278.500031,248795.0
2018-05-31,285.399994,286.450012,275.200012,277.299988,272.121429,138642.0
2018-06-01,277.100006,277.100006,264.0,265.899994,260.934326,157514.0
2018-06-04,270.0,273.799988,245.0,247.0,242.387268,259947.0
2018-06-05,241.55000299999998,245.0,224.399994,228.75,224.47808799999999,266738.0
2018-06-06,229.80000299999998,248.69999700000002,225.30000299999998,246.350006,241.74942000000001,313653.0
2018-06-07,248.5,263.899994,248.5,260.700012,255.831421,208221.0
2018-06-08,259.149994,259.149994,252.05000299999998,257.600006,252.78932200000003,96217.0
2018-06-11,259.799988,260.950012,245.0,246.44999700000002,241.847534,151856.0
2018-06-12,245.5,249.0,241.0,242.0,237.480652,151551.0
2018-06-13,242.94999700000002,249.0,242.399994,246.69999700000002,242.092865,87365.0
2018-06-14,247.05000299999998,255.80000299999998,243.0,252.25,247.53921499999998,211406.0
2018-06-15,254.30000299999998,254.5,248.149994,251.44999700000002,246.75416600000003,87747.0
2018-06-18,248.0,250.0,235.0,240.44999700000002,235.959595,114380.0
2018-06-19,238.94999700000002,244.69999700000002,231.05000299999998,236.399994,231.985229,121280.0
2018-06-20,235.0,242.69999700000002,235.0,241.0,236.49932900000002,56886.0
2018-06-21,241.94999700000002,244.69999700000002,238.0,241.899994,237.38250699999998,62774.0
2018-06-22,254.94999700000002,254.94999700000002,247.0,251.94999700000002,247.24482700000002,550167.0
2018-06-25,250.899994,250.899994,242.25,243.69999700000002,239.148895,62058.0
2018-06-26,240.100006,244.55000299999998,237.350006,238.80000299999998,234.340408,83469.0
2018-06-27,237.149994,243.0,228.0,231.100006,226.78421,95634.0
2018-06-28,230.100006,234.5,222.0,226.80000299999998,222.564514,85579.0
2018-06-29,230.0,241.600006,229.0,238.25,233.80067400000001,81270.0
2018-07-02,241.899994,243.25,232.649994,238.30000299999998,233.849747,75681.0
2018-07-03,237.899994,241.75,235.149994,237.0,232.57402000000002,52541.0
2018-07-04,238.149994,238.899994,232.600006,235.350006,230.95483399999998,85517.0
2018-07-05,239.0,244.44999700000002,234.55000299999998,241.30000299999998,236.79371600000002,191255.0
2018-07-06,240.899994,243.5,236.5,241.05000299999998,236.548386,119183.0
2018-07-09,243.0,251.0,240.94999700000002,250.149994,245.47842400000002,126464.0
2018-07-10,252.100006,252.55000299999998,247.0,250.05000299999998,245.38031,85139.0
2018-07-11,248.899994,252.5,247.05000299999998,250.19999700000002,245.527512,73071.0
2018-07-12,252.149994,255.75,247.25,251.850006,247.146698,80475.0
2018-07-13,253.5,254.44999700000002,249.5,251.19999700000002,246.508835,54006.0
2018-07-16,251.94999700000002,251.94999700000002,234.0,241.25,236.744644,82975.0
2018-07-17,245.0,245.0,230.0,231.649994,227.323929,96855.0
2018-07-18,233.0,239.600006,230.0,232.100006,227.765533,107725.0
2018-07-19,232.600006,237.5,230.399994,235.94999700000002,231.543625,85623.0
2018-07-20,238.44999700000002,247.0,234.100006,241.94999700000002,237.43157999999997,70869.0
2018-07-23,245.0,255.0,237.05000299999998,252.25,247.53921499999998,151174.0
2018-07-24,254.44999700000002,263.700012,247.30000299999998,260.200012,255.340775,183021.0
2018-07-25,261.950012,262.850006,251.100006,252.649994,247.931763,90723.0
2018-07-26,253.350006,254.0,248.350006,249.149994,244.497116,36608.0
2018-07-27,251.69999700000002,257.0,248.94999700000002,252.649994,247.931763,66521.0
2018-07-30,254.100006,257.649994,251.0,253.25,248.520554,36957.0
2018-07-31,252.05000299999998,255.25,244.149994,247.649994,243.02511600000003,71470.0
2018-08-01,248.899994,249.44999700000002,242.5,243.30000299999998,238.75637799999998,74474.0
2018-08-02,244.69999700000002,245.0,240.100006,241.30000299999998,236.79371600000002,72189.0
2018-08-03,243.69999700000002,249.649994,242.5,244.55000299999998,239.983017,86779.0
2018-08-06,246.94999700000002,252.0,242.5,243.0,238.461975,58823.0
2018-08-07,244.899994,248.69999700000002,243.05000299999998,245.850006,241.258759,80374.0
2018-08-08,246.899994,249.5,245.5,247.649994,243.02511600000003,69725.0
2018-08-09,249.80000299999998,250.0,243.0,247.350006,242.73074300000002,81993.0
2018-08-10,255.0,255.0,245.75,246.80000299999998,242.19101,80332.0
2018-08-13,248.94999700000002,252.899994,245.75,246.55000299999998,241.945679,116917.0
2018-08-14,239.0,239.0,224.25,229.0,224.723419,284883.0
2018-08-16,226.25,234.899994,225.600006,232.5,228.15805099999997,123516.0
2018-08-17,232.94999700000002,235.0,230.94999700000002,232.80000299999998,228.45245400000002,51296.0
2018-08-20,235.80000299999998,235.80000299999998,232.05000299999998,233.75,229.38472000000002,49769.0
2018-08-21,234.94999700000002,247.0,233.19999700000002,239.69999700000002,235.223602,203069.0
2018-08-23,241.94999700000002,245.600006,239.0,244.19999700000002,239.639557,84632.0
2018-08-24,245.899994,246.0,234.0,234.80000299999998,230.4151,66795.0
2018-08-27,235.05000299999998,237.80000299999998,229.0,229.94999700000002,225.65567000000001,74751.0
2018-08-28,230.399994,236.0,228.100006,231.05000299999998,226.73513799999998,99051.0
2018-08-29,230.80000299999998,234.899994,225.0,226.19999700000002,221.975693,61959.0
2018-08-30,227.94999700000002,228.5,225.100006,225.600006,221.38691699999998,46557.0
2018-08-31,225.25,228.850006,224.0,226.19999700000002,221.975693,46585.0
2018-09-03,226.94999700000002,236.0,226.649994,229.850006,225.557556,87182.0
2018-09-04,230.0,231.899994,225.350006,228.19999700000002,223.938354,55727.0
2018-09-05,226.05000299999998,230.0,226.0,229.100006,224.82156400000002,66900.0
2018-09-06,229.05000299999998,233.44999700000002,225.19999700000002,230.399994,226.09726,41714.0
2018-09-07,230.55000299999998,238.0,228.25,232.899994,228.55056800000003,61341.0
2018-09-10,232.899994,238.0,226.850006,233.350006,228.992188,110659.0
2018-09-11,234.0,236.75,231.0,232.94999700000002,228.59965499999998,53738.0
2018-09-12,231.100006,233.94999700000002,225.75,228.600006,224.330902,85493.0
2018-09-14,230.30000299999998,231.69999700000002,228.100006,229.899994,225.60661299999998,48425.0
2018-09-17,230.350006,230.350006,222.0,226.100006,221.877579,80468.0
2018-09-18,226.05000299999998,228.75,215.0,219.100006,216.444244,75395.0
2018-09-19,222.399994,235.69999700000002,218.149994,220.100006,217.432129,258171.0
2018-09-21,223.399994,225.69999700000002,199.0,208.149994,205.626968,78617.0
2018-09-24,214.0,214.0,188.800003,202.0,199.551514,90452.0
2018-09-25,200.0,207.899994,198.050003,203.800003,201.329697,49541.0
2018-09-26,200.25,208.149994,200.25,205.300003,202.811523,77176.0
2018-09-27,205.350006,206.449997,195.0,197.850006,195.451828,64155.0
2018-09-28,203.899994,203.899994,185.600006,189.350006,187.054855,83242.0
2018-10-01,190.699997,191.899994,171.5,179.600006,177.423035,108242.0
2018-10-03,180.0,194.5,172.399994,185.25,183.004547,62242.0
2018-10-04,183.800003,186.399994,172.300003,175.050003,172.928192,66319.0
2018-10-05,176.5,185.699997,171.350006,177.550003,175.397888,54180.0
2018-10-08,177.550003,177.899994,163.300003,169.550003,167.494858,83486.0
2018-10-09,169.550003,174.699997,155.199997,156.350006,154.454849,323898.0
2018-10-10,158.850006,170.0,156.5,162.800003,160.826675,382905.0
2018-10-11,158.0,166.5,153.949997,159.050003,157.122131,124368.0
2018-10-12,160.350006,181.399994,160.350006,173.199997,171.100601,254923.0
2018-10-15,181.0,187.399994,171.050003,182.25,180.040909,149555.0
2018-10-16,184.0,188.0,181.0,183.949997,181.720306,94482.0
2018-10-17,185.899994,187.0,172.449997,174.399994,172.286057,91733.0
2018-10-19,170.0,173.899994,166.5,170.100006,168.038193,59004.0
2018-10-22,170.0,173.050003,166.050003,167.100006,165.074554,58807.0
2018-10-23,165.850006,166.199997,160.800003,162.199997,160.233932,35309.0
2018-10-24,163.100006,169.800003,160.25,165.550003,163.543335,51018.0
2018-10-25,161.149994,167.649994,161.149994,164.149994,162.160294,30811.0
2018-10-26,162.600006,181.800003,162.0,175.949997,173.817276,116882.0
2018-10-29,175.0,184.5,174.949997,183.100006,180.88061499999998,64337.0
2018-10-30,184.100006,185.449997,178.800003,179.699997,177.52182,54384.0
2018-10-31,179.0,181.949997,174.800003,180.050003,177.86758400000002,34589.0
2018-11-01,184.949997,196.350006,182.5,194.399994,192.04363999999998,130868.0
2018-11-02,195.199997,208.399994,193.050003,205.100006,202.613953,176616.0
2018-11-05,167.0,186.0,166.300003,172.399994,170.310303,291198.0
2018-11-06,174.899994,174.899994,165.25,166.699997,164.679398,147326.0
2018-11-07,168.399994,170.800003,166.050003,169.449997,167.396057,27122.0
2018-11-09,169.5,169.5,156.199997,164.050003,162.061523,103492.0
2018-11-12,164.850006,167.850006,160.0,161.25,159.295456,133696.0
2018-11-13,161.350006,168.399994,159.0,165.5,163.493942,107262.0
2018-11-14,167.050003,167.850006,160.5,162.300003,160.33273300000002,78037.0
2018-11-15,163.0,163.899994,159.0,160.449997,158.505157,54211.0
2018-11-16,160.149994,167.5,159.5,160.649994,158.702728,195508.0
2018-11-19,161.949997,163.300003,160.25,161.399994,159.443634,39856.0
2018-11-20,161.149994,161.25,158.0,158.800003,156.875153,34355.0
2018-11-21,159.899994,160.649994,157.100006,158.25,156.331818,45094.0
2018-11-22,159.600006,164.0,159.399994,161.199997,159.246063,47751.0
2018-11-26,163.899994,163.899994,158.0,159.5,157.566666,51446.0
2018-11-27,159.5,162.0,158.5,159.149994,157.220901,50802.0
2018-11-28,161.600006,161.600006,157.699997,158.149994,156.233032,27683.0
2018-11-29,158.550003,159.300003,156.899994,157.800003,155.887283,26359.0
2018-11-30,157.800003,159.800003,155.800003,159.050003,157.122131,44255.0
2018-12-03,160.449997,161.100006,158.449997,159.149994,157.220901,14556.0
2018-12-04,161.100006,161.100006,157.149994,158.050003,156.134247,13757.0
2018-12-05,156.5,156.800003,147.949997,153.25,151.392426,77505.0
2018-12-06,152.449997,153.5,150.25,151.949997,150.10818500000002,23004.0
2018-12-07,151.300003,153.100006,145.550003,147.199997,145.41575600000002,36905.0
2018-12-10,146.800003,146.800003,142.100006,142.899994,141.167877,20511.0
2018-12-11,142.699997,153.0,141.0,148.699997,146.897568,24106.0
2018-12-12,150.0,156.600006,148.399994,154.600006,152.726074,60875.0
2018-12-13,155.5,160.0,152.350006,153.449997,151.58999599999999,48216.0
2018-12-14,154.649994,155.850006,152.300003,153.949997,152.083939,24993.0
2018-12-17,153.0,155.199997,152.050003,152.399994,150.552719,17984.0
2018-12-18,150.350006,154.0,148.800003,149.949997,148.13241599999998,81929.0
2018-12-19,153.800003,157.149994,152.25,153.600006,151.73819,85083.0
2018-12-20,153.0,157.5,151.199997,156.449997,154.553635,44316.0
2018-12-21,156.0,157.5,152.100006,153.949997,152.083939,21772.0
2018-12-24,154.75,156.800003,153.25,154.800003,152.923645,14072.0
2018-12-26,156.0,156.800003,150.5,154.449997,152.57788100000002,26983.0
2018-12-27,156.050003,157.850006,153.649994,154.300003,152.429703,16821.0
2018-12-28,155.899994,157.5,154.050003,155.5,153.615158,16660.0
2018-12-31,157.149994,160.0,154.100006,157.649994,155.73909,28540.0
2019-01-01,156.0,158.699997,155.399994,156.899994,154.998184,15547.0
2019-01-02,156.0,159.199997,154.199997,155.149994,153.269394,27559.0
2019-01-03,156.899994,156.899994,154.350006,154.75,152.87423700000002,13317.0
2019-01-04,154.899994,155.449997,151.300003,152.550003,150.70091200000002,29394.0
2019-01-07,155.550003,155.550003,151.350006,152.949997,151.096054,16312.0
2019-01-08,155.100006,156.350006,152.699997,155.300003,153.417587,39977.0
2019-01-09,155.550003,156.899994,152.75,155.399994,153.516357,30389.0
2019-01-10,159.699997,159.699997,153.5,154.5,152.627274,18752.0
2019-01-11,154.050003,156.5,152.5,153.350006,151.491226,20831.0
2019-01-14,153.949997,157.899994,151.0,156.050003,154.158493,25025.0
2019-01-15,157.899994,157.899994,153.100006,155.350006,153.46698,18474.0
2019-01-16,156.800003,156.800003,151.949997,152.449997,150.602127,22715.0
2019-01-17,151.449997,153.800003,150.949997,151.850006,150.009399,21235.0
2019-01-18,151.050003,151.949997,146.449997,148.899994,147.095154,24423.0
2019-01-21,150.850006,151.949997,148.050003,148.850006,147.045761,14520.0
2019-01-22,147.050003,150.899994,145.800003,147.949997,146.156662,22796.0
2019-01-23,148.850006,149.899994,147.550003,148.050003,146.255463,9922.0
2019-01-24,149.25,150.350006,146.5,147.949997,146.156662,14218.0
2019-01-25,146.0,151.899994,144.149994,146.050003,144.279709,24720.0
2019-01-28,145.050003,149.0,141.0,145.050003,143.291824,34614.0
2019-01-29,145.100006,145.149994,142.199997,144.75,142.995453,12497.0
2019-01-30,144.050003,145.699997,140.649994,142.800003,141.06909199999998,22574.0
2019-01-31,143.050003,145.149994,141.899994,142.300003,140.57515,19149.0
2019-02-01,143.449997,143.5,140.0,141.199997,139.48848,24873.0
2019-02-04,144.949997,145.699997,140.0,140.699997,138.994537,19792.0
2019-02-05,143.399994,143.399994,140.0,140.449997,138.747574,20573.0
2019-02-06,142.949997,142.949997,136.949997,139.300003,137.611526,20203.0
2019-02-07,140.0,140.0,136.5,138.350006,136.673035,11715.0
2019-02-08,141.050003,141.050003,137.100006,138.050003,136.376678,14674.0
2019-02-11,137.0,139.0,128.149994,131.75,130.15303,41608.0
2019-02-12,133.100006,134.899994,128.5,130.0,128.42424,17679.0
2019-02-14,127.099998,129.399994,125.0,126.599998,125.065453,19239.0
2019-02-15,127.75,127.75,117.650002,121.75,120.27424599999999,42426.0
2019-02-18,123.599998,125.949997,118.099998,121.449997,119.977875,36736.0
2019-02-19,122.949997,126.900002,121.849998,124.699997,123.188484,20787.0
2019-02-20,125.5,127.650002,122.449997,125.800003,124.275154,9712.0
2019-02-21,126.800003,142.0,110.199997,137.149994,135.487564,316182.0
2019-02-22,138.0,146.0,138.0,142.050003,140.32818600000002,66692.0
2019-02-25,144.0,152.899994,143.949997,147.300003,145.514557,60614.0
2019-02-26,145.0,146.0,141.5,143.699997,141.958176,33695.0
2019-02-27,146.600006,146.649994,134.350006,140.399994,138.698181,30481.0
2019-02-28,143.0,143.800003,137.050003,142.75,141.019699,22765.0
2019-03-01,143.5,148.0,140.050003,146.550003,144.773636,39496.0
2019-03-05,144.0,161.0,144.0,153.050003,151.19485500000002,110495.0
2019-03-06,154.899994,162.899994,151.399994,161.300003,159.344849,132358.0
2019-03-07,163.449997,164.350006,156.100006,159.149994,157.220901,66616.0
2019-03-08,159.949997,162.300003,157.100006,157.800003,155.887283,31873.0
2019-03-11,157.800003,161.0,157.800003,159.300003,157.369095,25493.0
2019-03-12,161.75,163.0,156.550003,157.899994,155.986053,36209.0
2019-03-13,157.0,159.050003,154.5,154.850006,152.973038,37481.0
2019-03-14,156.800003,157.5,149.550003,150.350006,148.52758799999998,32881.0
2019-03-15,148.050003,152.649994,147.25,147.649994,145.860306,27399.0
2019-03-18,148.399994,148.699997,142.550003,143.350006,141.612427,34392.0
2019-03-19,145.600006,149.5,143.25,147.050003,145.26757800000001,46489.0
2019-03-20,147.100006,151.0,144.100006,146.5,144.724243,42530.0
2019-03-22,146.699997,153.899994,146.25,152.649994,150.799698,121866.0
2019-03-25,153.399994,156.050003,150.0,152.5,150.65152,32438.0
2019-03-26,150.300003,157.350006,150.300003,155.149994,153.269394,43536.0
2019-03-27,154.0,155.449997,150.0,150.949997,149.1203,30304.0
2019-03-28,155.0,157.5,152.5,156.550003,154.652435,54144.0
2019-04-01,161.199997,167.550003,160.199997,166.300003,164.28424099999998,60509.0
2019-04-02,168.899994,171.300003,166.0,166.649994,164.62999,52431.0
2019-04-03,166.050003,168.149994,162.600006,163.350006,161.37001,22751.0
2019-04-04,163.350006,163.949997,158.0,158.75,156.82576,28859.0
2019-04-05,160.899994,168.0,158.899994,166.050003,164.037277,23854.0
2019-04-08,163.199997,169.449997,162.100006,162.850006,160.876068,24449.0
2019-04-09,163.399994,163.850006,160.449997,161.5,159.542419,11765.0
2019-04-10,161.050003,167.5,158.800003,165.25,163.246979,19886.0
2019-04-11,165.25,166.449997,162.600006,163.899994,161.91333,23038.0
2019-04-12,165.0,167.5,165.0,165.300003,163.296371,18021.0
2019-04-15,167.850006,169.899994,162.25,165.600006,163.592728,30058.0
2019-04-16,165.050003,166.100006,162.0,162.25,160.28333999999998,17274.0
2019-04-18,165.0,165.0,156.5,157.949997,156.035446,24413.0
2019-04-22,154.0,158.399994,151.5,153.300003,151.44181799999998,26142.0
2019-04-23,155.949997,158.75,152.800003,156.050003,154.158493,11705.0
2019-04-24,153.300003,157.399994,153.300003,155.649994,153.763336,4956.0
2019-04-25,157.649994,164.550003,156.550003,160.399994,158.45575,26178.0
2019-04-26,161.699997,164.399994,160.850006,163.5,161.51818799999998,24766.0
2019-04-30,160.449997,162.449997,156.800003,157.75,155.837875,23495.0
2019-05-02,157.699997,159.75,157.0,157.350006,155.442734,7103.0
2019-05-03,157.050003,159.149994,157.0,157.75,155.837875,17444.0
2019-05-06,156.649994,156.649994,151.350006,154.75,152.87423700000002,32395.0
2019-05-07,157.550003,158.5,147.899994,151.199997,149.367279,19184.0
2019-05-08,151.050003,151.350006,142.649994,143.899994,142.155746,36206.0
2019-05-09,140.550003,145.899994,140.550003,143.050003,141.316071,9355.0
2019-05-10,143.5,149.5,143.0,147.149994,145.36636399999998,9073.0
2019-05-13,148.5,148.5,137.300003,140.649994,138.945145,21140.0
2019-05-14,141.550003,142.0,139.0,141.149994,139.439087,8535.0
2019-05-15,142.600006,144.050003,131.649994,135.5,133.857574,32853.0
2019-05-16,136.0,138.0,133.300003,134.199997,132.57333400000002,14007.0
2019-05-17,135.800003,138.649994,134.0,135.300003,133.66000400000001,19528.0
2019-05-20,144.800003,144.800003,137.149994,141.149994,139.439087,16687.0
2019-05-21,144.899994,144.899994,139.100006,140.600006,138.895767,10022.0
2019-05-22,143.0,144.0,136.300003,140.399994,138.698181,13577.0
2019-05-23,146.899994,146.899994,139.199997,140.5,138.796967,23060.0
2019-05-24,140.5,149.399994,138.850006,146.399994,144.625458,23296.0
2019-05-27,147.800003,150.199997,140.0,143.350006,141.612427,51003.0
2019-05-28,147.949997,150.5,138.0,139.5,137.809097,47523.0
2019-05-29,139.300003,139.300003,132.550003,132.550003,130.943344,4936.0
2019-05-30,125.949997,135.0,125.949997,131.800003,130.202423,67098.0
2019-05-31,134.5,134.5,125.25,127.599998,126.05333700000001,14880.0
2019-06-03,127.5,130.0,123.0,129.149994,127.58454099999999,19432.0
2019-06-04,129.5,132.0,125.099998,130.199997,128.621811,17663.0
2019-06-06,130.0,130.0,125.300003,126.400002,124.86788200000001,7937.0
2019-06-07,129.899994,129.899994,122.599998,126.599998,125.065453,4335.0
2019-06-10,121.099998,129.5,120.300003,127.800003,126.25091599999999,49552.0
2019-06-11,122.300003,128.699997,122.300003,128.100006,126.547279,3913.0
2019-06-12,128.199997,128.199997,122.0,123.300003,121.805458,4311.0
2019-06-13,122.199997,126.0,117.75,120.5,119.03939799999999,6243.0
2019-06-14,120.949997,121.0,114.5,118.599998,117.16242199999999,5709.0
2019-06-17,120.400002,120.400002,113.75,117.550003,116.125153,5843.0
2019-06-18,117.0,118.5,113.699997,116.900002,115.48303200000001,2612.0
2019-06-19,114.050003,121.0,111.099998,117.449997,116.02636000000001,16885.0
2019-06-20,119.699997,120.900002,112.5,117.25,115.82878899999999,5861.0
2019-06-21,113.050003,115.949997,111.400002,114.449997,113.062729,13126.0
2019-06-24,117.0,117.0,109.5,110.900002,109.55576299999998,8916.0
2019-06-25,109.5,111.0,105.5,109.800003,108.46909299999999,15912.0
2019-06-26,110.0,115.25,107.0,115.25,113.853035,17542.0
2019-06-27,118.699997,121.0,111.050003,120.400002,118.940605,9301.0
2019-06-28,121.5,125.900002,117.800003,124.349998,122.84272800000001,6268.0
2019-07-01,125.0,125.900002,120.0,122.199997,120.71878799999999,15182.0
2019-07-02,118.25,125.25,118.099998,122.949997,121.459694,20589.0
2019-07-03,117.349998,125.0,117.349998,122.75,121.262123,14431.0
2019-07-04,119.0,124.949997,119.0,122.650002,121.16333799999998,9578.0
2019-07-05,118.349998,125.949997,118.349998,122.5,121.015152,11888.0
2019-07-08,122.5,122.849998,116.599998,120.400002,118.940605,12831.0
2019-07-09,121.0,122.0,116.400002,120.199997,118.743027,8386.0
2019-07-10,119.0,120.849998,117.0,120.349998,118.89121200000001,9685.0
2019-07-11,119.0,123.300003,118.0,121.050003,119.582733,15637.0
2019-07-12,119.050003,122.400002,118.300003,120.199997,118.743027,7897.0
2019-07-15,118.150002,126.0,117.5,123.050003,121.55848700000001,19372.0
2019-07-16,120.099998,125.5,120.099998,124.449997,122.94151299999999,17724.0
2019-07-17,125.25,127.900002,120.5,126.400002,124.86788200000001,10115.0
2019-07-18,123.199997,127.900002,121.150002,125.849998,124.324547,12366.0
2019-07-19,123.650002,129.0,121.099998,128.5,126.942429,19211.0
2019-07-22,129.600006,133.899994,124.900002,129.5,127.930305,18307.0
2019-07-23,133.649994,135.0,125.050003,133.550003,131.93121299999999,12976.0
2019-07-24,132.399994,140.0,132.100006,138.949997,137.26576200000002,7886.0
2019-07-25,135.5,140.0,132.050003,138.399994,136.722427,10759.0
2019-07-26,141.0,144.699997,132.649994,136.300003,134.647888,12293.0
2019-07-29,131.5,139.050003,131.5,137.100006,135.438187,6098.0
2019-07-30,136.0,138.75,133.5,137.800003,136.1297,7386.0
2019-07-31,135.0,139.899994,131.850006,137.600006,135.932129,12543.0
2019-08-01,133.050003,137.0,130.75,132.949997,131.33848600000002,7571.0
2019-08-02,134.75,134.75,126.349998,129.550003,127.979698,15843.0
2019-08-05,125.099998,129.0,123.099998,123.900002,122.39818600000001,7802.0
2019-08-06,123.099998,128.850006,118.050003,122.400002,120.916367,9957.0
2019-08-07,127.900002,127.900002,120.400002,122.650002,121.16333799999998,5579.0
2019-08-08,126.349998,128.0,116.550003,126.699997,125.16423799999998,5731.0
2019-08-09,128.0,130.0,123.349998,126.800003,125.26303100000001,5043.0
2019-08-13,129.850006,129.850006,121.199997,125.5,123.97878999999999,6045.0
2019-08-14,125.5,129.949997,121.25,125.349998,123.830605,9278.0
2019-08-16,124.849998,127.900002,120.5,124.550003,123.040306,7237.0
2019-08-19,129.949997,130.0,122.050003,124.199997,122.694542,5025.0
2019-08-20,128.899994,128.899994,118.599998,119.900002,118.446671,7163.0
2019-08-21,123.449997,123.449997,116.0,120.849998,119.38515500000001,5484.0
2019-08-22,125.900002,125.900002,116.199997,118.900002,117.458794,5937.0
2019-08-23,113.550003,119.300003,113.199997,118.699997,117.26120800000001,6246.0
2019-08-26,118.699997,124.449997,116.050003,123.25,121.75606499999999,3633.0
2019-08-27,124.400002,127.849998,123.0,125.550003,124.02818300000001,4335.0
2019-08-28,128.699997,128.699997,121.550003,123.25,121.75606499999999,5649.0
2019-08-29,127.0,127.0,120.099998,121.099998,119.63211799999999,2819.0
2019-08-30,124.449997,124.449997,118.300003,122.75,121.262123,5418.0
2019-09-03,122.75,122.75,118.5,118.75,117.310608,4135.0
2019-09-04,121.900002,121.900002,117.0,119.849998,118.39726999999999,6184.0
2019-09-05,121.0,121.0,116.050003,119.800003,118.347885,3296.0
2019-09-06,121.949997,121.949997,116.25,117.949997,116.520302,5836.0
2019-09-09,118.0,122.0,115.099998,121.0,119.53333300000001,12848.0
2019-09-11,122.0,123.699997,118.050003,120.0,118.545456,6809.0
2019-09-12,120.0,120.0,117.150002,119.5,118.05151399999998,7201.0
2019-09-13,120.0,121.75,117.5,120.550003,119.08879099999999,5130.0
2019-09-16,120.0,126.0,118.099998,123.75,122.25,5951.0
2019-09-17,120.050003,126.0,120.0,120.050003,120.050003,4445.0
2019-09-18,124.900002,124.900002,118.0,120.900002,120.900002,1301.0
2019-09-19,123.949997,123.949997,118.25,122.0,122.0,2376.0
2019-09-20,122.0,122.699997,118.449997,121.949997,121.949997,8986.0
2019-09-23,124.949997,124.949997,118.0,122.449997,122.449997,17533.0
2019-09-24,122.300003,124.849998,120.150002,123.75,123.75,8736.0
2019-09-25,123.550003,125.0,120.0,122.099998,122.099998,7900.0
2019-09-26,121.0,124.5,120.5,123.75,123.75,7278.0
2019-09-27,125.0,128.800003,121.349998,126.25,126.25,14109.0
2019-09-30,129.949997,129.949997,122.0,123.650002,123.650002,3709.0
2019-10-01,123.650002,123.650002,120.050003,123.199997,123.199997,7113.0
2019-10-03,123.449997,123.449997,119.0,120.199997,120.199997,5142.0
2019-10-04,121.0,123.900002,118.300003,121.349998,121.349998,8932.0
2019-10-07,118.199997,121.849998,118.150002,119.949997,119.949997,3690.0
2019-10-09,118.0,121.699997,116.25,120.650002,120.650002,9603.0
2019-10-10,120.849998,121.5,117.300003,121.0,121.0,3184.0
2019-10-11,121.699997,121.699997,118.0,119.5,119.5,5218.0
2019-10-14,119.900002,119.900002,116.25,117.25,117.25,9838.0
2019-10-15,117.0,118.25,113.300003,113.949997,113.949997,12203.0
2019-10-16,114.949997,114.949997,108.300003,108.900002,108.900002,20425.0
2019-10-17,112.800003,112.900002,106.75,111.400002,111.400002,10987.0
2019-10-18,112.0,116.949997,108.0,111.800003,111.800003,15026.0
2019-10-22,114.849998,114.849998,109.550003,112.349998,112.349998,6639.0
2019-10-23,110.099998,114.400002,110.050003,113.800003,113.800003,4778.0
2019-10-24,114.0,116.400002,109.050003,112.800003,112.800003,6444.0
2019-10-25,111.800003,114.400002,110.400002,112.900002,112.900002,3372.0
2019-10-27,,,,,,
2019-10-29,114.550003,116.0,110.650002,113.150002,113.150002,12293.0
2019-10-30,114.849998,114.849998,111.0,112.599998,112.599998,9127.0
2019-10-31,114.75,117.599998,107.25,112.900002,112.900002,18820.0
2019-11-01,113.0,114.349998,110.75,112.0,112.0,13584.0
2019-11-04,114.0,117.5,111.050003,116.400002,116.400002,12341.0
2019-11-05,115.25,121.900002,115.25,119.800003,119.800003,11925.0
2019-11-06,119.800003,122.0,117.099998,120.599998,120.599998,3762.0
2019-11-07,122.0,122.0,115.199997,120.400002,120.400002,11115.0
2019-11-08,115.800003,118.0,114.400002,115.75,115.75,18443.0
2019-11-11,118.650002,118.650002,111.400002,116.5,116.5,11430.0
2019-11-13,116.75,117.900002,113.150002,114.800003,114.800003,8826.0
2019-11-14,112.099998,115.900002,109.099998,112.599998,112.599998,29676.0
2019-11-15,113.849998,113.849998,109.099998,110.699997,110.699997,15035.0
2019-11-18,112.0,112.0,109.0,110.699997,110.699997,8006.0
2019-11-19,113.699997,113.699997,105.199997,110.550003,110.550003,11800.0
2019-11-20,110.550003,113.650002,105.5,108.449997,108.449997,19315.0
2019-11-21,109.949997,112.400002,103.050003,107.0,107.0,15047.0
2019-11-22,108.0,108.900002,104.099998,107.199997,107.199997,12214.0
2019-11-25,107.949997,108.900002,102.599998,106.599998,106.599998,8067.0
2019-11-26,108.0,109.5,102.699997,104.650002,104.650002,14281.0
2019-11-27,108.449997,108.449997,103.0,105.199997,105.199997,6456.0
2019-11-28,103.150002,108.0,103.150002,105.199997,105.199997,5778.0
2019-11-29,108.550003,109.949997,103.199997,106.349998,106.349998,15159.0
2019-12-02,109.849998,110.0,105.099998,108.300003,108.300003,17187.0
2019-12-03,109.5,112.599998,106.599998,109.949997,109.949997,10497.0
2019-12-04,110.0,111.0,106.300003,110.050003,110.050003,5983.0
2019-12-05,110.900002,114.0,108.349998,112.199997,112.199997,7196.0
2019-12-06,108.150002,115.0,108.150002,112.550003,112.550003,12623.0
2019-12-09,115.900002,115.900002,110.199997,112.849998,112.849998,13805.0
2019-12-10,111.099998,113.5,107.300003,109.900002,109.900002,15553.0
2019-12-11,113.699997,113.699997,105.099998,108.050003,108.050003,15285.0
2019-12-12,109.5,110.949997,105.599998,109.349998,109.349998,11951.0
2019-12-13,111.0,112.900002,106.0,108.699997,108.699997,15667.0
2019-12-16,111.949997,113.800003,105.0,108.599998,108.599998,20474.0
2019-12-17,109.5,110.800003,107.0,108.699997,108.699997,11437.0
2019-12-18,109.5,109.849998,106.300003,108.849998,108.849998,30232.0
2019-12-19,109.0,112.599998,106.199997,108.650002,108.650002,12703.0
2019-12-20,108.0,109.949997,105.5,108.75,108.75,10379.0
2019-12-23,110.0,110.0,106.0,108.75,108.75,6973.0
2019-12-24,105.650002,110.0,105.650002,109.300003,109.300003,5834.0
2019-12-26,110.0,112.5,106.300003,111.150002,111.150002,7640.0
2019-12-27,108.25,112.699997,107.0,110.349998,110.349998,13768.0
2019-12-30,107.099998,111.0,107.099998,110.25,110.25,4308.0
2019-12-31,112.400002,112.400002,108.0,111.099998,111.099998,3513.0
2020-01-01,111.0,111.0,105.849998,107.300003,107.300003,18981.0
2020-01-02,109.949997,109.949997,105.050003,108.5,108.5,8142.0
2020-01-03,109.0,109.699997,106.300003,108.800003,108.800003,7530.0
2020-01-06,106.449997,109.900002,106.300003,108.349998,108.349998,5071.0
2020-01-07,106.800003,109.800003,105.050003,108.599998,108.599998,8531.0
2020-01-08,106.349998,108.949997,106.0,107.949997,107.949997,3674.0
2020-01-09,110.699997,110.699997,106.099998,108.449997,108.449997,4692.0
2020-01-10,109.0,109.0,106.099998,106.900002,106.900002,11585.0
2020-01-13,108.0,108.300003,105.75,107.849998,107.849998,10213.0
2020-01-14,108.949997,108.949997,105.25,107.550003,107.550003,13642.0
2020-01-15,107.0,108.199997,105.199997,105.949997,105.949997,20010.0
2020-01-16,107.900002,107.900002,105.0,105.599998,105.599998,14692.0
2020-01-17,107.0,107.0,105.050003,106.099998,106.099998,7537.0
2020-01-20,107.75,107.75,104.5,106.25,106.25,13410.0
2020-01-21,107.900002,107.900002,104.0,106.650002,106.650002,5533.0
2020-01-22,106.599998,108.0,103.199997,105.25,105.25,13113.0
2020-01-23,105.0,107.5,104.0,106.25,106.25,14229.0
2020-01-24,,,,,,
2020-01-27,104.25,106.949997,104.099998,105.650002,105.650002,8455.0
2020-01-28,106.0,109.400002,104.449997,108.900002,108.900002,9199.0
2020-01-29,108.900002,110.0,107.150002,108.300003,108.300003,8008.0
2020-01-30,109.800003,109.800003,104.25,106.800003,106.800003,16866.0
2020-01-31,107.900002,107.900002,105.050003,106.099998,106.099998,3906.0
