2014-09-12,76.0,79.800003,76.0,79.800003,79.43512,9477447.0
2014-09-15,83.75,83.75,83.75,83.75,83.367058,131729.0
2014-09-16,87.900002,87.900002,80.0,81.699997,81.326431,6748416.0
2014-09-17,81.699997,85.75,77.650002,85.75,85.35791,2271887.0
2014-09-18,87.949997,90.0,87.199997,90.0,89.58847800000001,483947.0
2014-09-19,94.5,94.5,94.5,94.5,94.067902,96770.0
2014-09-22,96.400002,99.199997,92.0,99.199997,98.74640699999999,1140916.0
2014-09-23,103.0,103.800003,94.25,94.25,93.819046,1820840.0
2014-09-24,91.5,92.0,89.550003,89.550003,89.140541,377672.0
2014-09-25,88.199997,93.050003,85.099998,87.650002,87.249229,1208916.0
2014-09-26,91.300003,92.5,81.699997,90.449997,90.036415,2691725.0
2014-09-29,91.199997,94.400002,90.050003,91.25,90.832764,1631701.0
2014-09-30,91.400002,92.400002,86.699997,88.150002,87.746941,1442733.0
2014-10-01,88.0,88.900002,85.150002,86.599998,86.204025,610600.0
2014-10-07,87.0,87.949997,84.050003,84.699997,84.312714,664691.0
2014-10-08,84.900002,85.849998,82.5,83.150002,82.769806,589029.0
2014-10-09,84.0,90.800003,84.0,87.050003,86.65196999999999,1749071.0
2014-10-10,85.75,88.349998,84.5,85.75,85.35791,910783.0
2014-10-13,86.0,86.0,83.900002,84.300003,83.91454300000001,461201.0
2014-10-14,85.400002,85.599998,81.800003,83.0,82.620483,579121.0
2014-10-15,83.0,83.0,83.0,83.0,82.620483,0.0
2014-10-16,83.699997,84.349998,76.349998,78.699997,78.340141,1152262.0
2014-10-17,79.949997,83.0,78.849998,81.800003,81.42598000000001,615030.0
2014-10-20,83.449997,85.650002,83.099998,84.849998,84.462029,1167564.0
2014-10-21,85.849998,88.5,83.550003,87.0,86.60219599999999,1162617.0
2014-10-22,87.949997,101.699997,87.150002,99.849998,99.39344,7669716.0
2014-10-27,102.349998,102.650002,96.400002,97.0,96.556473,2137772.0
2014-10-28,97.5,107.800003,96.849998,105.800003,105.31623799999998,5200982.0
2014-10-29,108.099998,108.699997,102.800003,104.449997,103.972404,3533145.0
2014-10-30,105.050003,110.400002,102.300003,109.300003,108.80023200000001,3878894.0
2014-10-31,101.949997,105.050003,100.150002,101.75,101.284752,3463875.0
2014-11-03,102.0,103.0,98.75,99.550003,99.094818,1879327.0
2014-11-05,100.0,101.800003,98.0,98.449997,97.99984,1135967.0
2014-11-07,98.050003,99.0,95.0,96.150002,95.710358,1172744.0
2014-11-10,96.849998,99.199997,95.349998,95.949997,95.511269,1114594.0
2014-11-11,96.400002,99.800003,94.5,98.050003,97.601677,1863055.0
2014-11-12,98.550003,106.5,98.5,105.150002,104.669205,4588970.0
2014-11-13,105.5,111.0,103.099998,109.449997,108.94953899999999,5355627.0
2014-11-14,110.400002,111.75,106.25,107.25,106.75960500000001,2208327.0
2014-11-17,107.400002,125.199997,106.150002,123.699997,123.13438400000001,9245490.0
2014-11-18,124.949997,134.649994,121.849998,129.850006,129.256271,11017082.0
2014-11-19,130.25,131.199997,118.650002,120.0,119.45130900000001,3520941.0
2014-11-20,119.5,124.550003,117.0,119.75,119.202446,3175013.0
2014-11-21,120.449997,120.75,112.5,113.900002,113.379196,1976803.0
2014-11-24,114.949997,120.800003,114.5,116.400002,115.86776699999999,3332812.0
2014-11-25,116.949997,117.25,106.5,109.949997,109.447258,2274789.0
2014-11-26,109.900002,113.599998,107.550003,110.400002,109.89520300000001,1765375.0
2014-11-27,110.949997,111.900002,108.75,109.849998,109.34771699999999,942205.0
2014-11-28,110.699997,115.0,110.099998,111.0,110.492455,1873220.0
2014-12-01,111.650002,112.400002,107.25,107.849998,107.356857,1061781.0
2014-12-02,107.449997,110.5,107.0,107.650002,107.157776,855466.0
2014-12-03,108.0,108.699997,106.199997,106.949997,106.460976,1186192.0
2014-12-04,107.150002,112.599998,105.0,106.5,106.01303100000001,1563650.0
2014-12-05,107.0,107.75,102.050003,102.900002,102.429497,1510383.0
2014-12-08,103.400002,105.949997,101.0,102.0,101.53360699999999,1003948.0
2014-12-09,102.25,105.5,100.699997,102.5,102.031326,1278755.0
2014-12-10,102.5,104.0,101.099998,102.300003,101.832245,1176546.0
2014-12-11,102.800003,107.699997,101.050003,105.900002,105.415779,4368092.0
2014-12-12,106.150002,108.25,100.75,101.650002,101.185211,2439303.0
2014-12-15,100.5,103.199997,99.199997,100.0,99.542755,1406957.0
2014-12-16,99.400002,99.650002,94.75,95.75,95.312187,1348000.0
2014-12-17,95.849998,97.0,89.0,93.550003,93.122253,1266254.0
2014-12-18,97.0,102.800003,97.0,100.699997,100.239548,1960639.0
2014-12-19,101.949997,105.75,99.449997,102.650002,102.18064100000001,2798341.0
2014-12-22,103.400002,103.449997,100.5,101.449997,100.986122,734769.0
2014-12-23,102.0,102.0,97.5,98.25,97.800758,638492.0
2014-12-24,98.25,98.349998,95.199997,95.949997,95.511269,1031636.0
2014-12-26,96.650002,97.650002,95.300003,96.400002,95.959221,555625.0
2014-12-29,97.0,98.900002,94.400002,94.849998,94.416298,1308083.0
2014-12-30,95.5,96.300003,93.599998,94.199997,93.769272,1114310.0
2014-12-31,94.5,101.800003,94.050003,99.300003,98.845955,3925423.0
2015-01-01,99.599998,101.849998,98.699997,100.099998,99.642296,1282669.0
2015-01-02,100.199997,102.449997,98.400002,98.900002,98.447784,1947900.0
2015-01-05,99.349998,100.900002,97.75,98.050003,97.601677,952712.0
2015-01-06,98.0,98.0,93.300003,93.949997,93.520416,885552.0
2015-01-07,94.699997,94.699997,91.0,93.0,92.57476,975320.0
2015-01-08,94.449997,96.300003,94.300003,94.800003,94.36653100000001,760758.0
2015-01-09,95.699997,96.699997,94.050003,94.400002,93.968361,452392.0
2015-01-12,94.449997,98.550003,93.099998,96.5,96.058762,1047452.0
2015-01-13,97.400002,98.199997,94.550003,95.050003,94.61539499999999,782530.0
2015-01-14,95.900002,103.400002,95.900002,100.099998,99.642296,3887112.0
2015-01-15,101.0,101.699997,97.349998,99.75,99.2939,1619302.0
2015-01-16,99.75,103.25,99.75,100.849998,100.38887,1921311.0
2015-01-19,101.699997,104.0,100.75,101.800003,101.334526,1308198.0
2015-01-20,102.300003,104.800003,99.550003,100.5,100.04046600000001,3397207.0
2015-01-21,101.400002,102.199997,98.550003,99.0,98.547325,1052653.0
2015-01-22,99.150002,100.550003,97.650002,98.050003,97.601677,677480.0
2015-01-23,99.0,99.25,95.849998,96.550003,96.108536,652508.0
2015-01-27,97.199997,100.150002,96.449997,99.599998,99.14458499999999,1002445.0
2015-01-28,100.0,103.300003,98.349998,99.25,98.796181,2365307.0
2015-01-29,99.0,102.25,97.550003,98.099998,97.651443,1138141.0
2015-01-30,98.699997,99.0,94.550003,95.050003,94.61539499999999,832121.0
2015-02-02,94.849998,96.050003,93.699997,93.949997,93.520416,715494.0
2015-02-03,94.400002,96.400002,93.650002,94.150002,93.719505,647301.0
2015-02-04,94.400002,95.400002,93.25,93.75,93.32133499999999,498893.0
2015-02-05,93.800003,94.099998,91.199997,92.0,91.579338,484347.0
2015-02-06,91.800003,93.25,90.0,90.25,89.837334,572366.0
2015-02-09,89.599998,89.599998,86.5,87.150002,86.751511,560699.0
2015-02-10,86.5,89.75,81.550003,82.050003,81.674835,1237970.0
2015-02-11,83.0,84.900002,81.199997,83.550003,83.167976,1783360.0
2015-02-12,84.199997,84.949997,83.5,83.949997,83.566139,1057885.0
2015-02-13,84.699997,88.900002,84.599998,87.150002,86.751511,2265620.0
2015-02-16,87.050003,88.400002,85.699997,86.199997,85.80585500000001,773071.0
2015-02-18,86.5,86.5,84.300003,84.699997,84.312714,631073.0
2015-02-19,85.0,85.75,83.050003,83.550003,83.167976,760580.0
2015-02-20,83.449997,93.25,83.300003,91.650002,91.23093399999999,3024750.0
2015-02-23,92.5,93.699997,89.150002,90.25,89.837334,1125162.0
2015-02-24,89.949997,89.949997,87.199997,87.900002,87.498085,568958.0
2015-02-25,88.199997,91.5,88.0,88.300003,87.89625500000001,910880.0
2015-02-26,88.75,90.5,87.099998,89.400002,88.991226,767583.0
2015-02-27,89.949997,91.5,89.199997,89.949997,89.53870400000001,737459.0
2015-02-28,,,,,,
2015-03-02,91.849998,91.849998,89.150002,89.5,89.090767,576500.0
2015-03-03,89.800003,91.949997,88.800003,89.900002,89.48893699999999,737044.0
2015-03-04,90.75,91.050003,87.0,87.699997,87.298996,517213.0
2015-03-05,87.0,89.800003,86.400002,87.050003,86.65196999999999,624358.0
2015-03-09,86.599998,87.150002,82.050003,85.150002,84.76065799999999,443240.0
2015-03-10,85.050003,86.900002,83.5,84.5,84.113625,625159.0
2015-03-11,84.400002,87.550003,83.949997,85.199997,84.810425,562991.0
2015-03-12,85.650002,87.0,85.300003,85.949997,85.55699200000001,424191.0
2015-03-13,86.699997,86.800003,83.099998,83.5,83.118202,345820.0
2015-03-16,83.5,83.699997,82.050003,82.400002,82.023232,286879.0
2015-03-17,83.0,84.5,81.900002,82.849998,82.47116899999999,343071.0
2015-03-18,83.0,86.5,82.199997,84.300003,83.91454300000001,1088782.0
2015-03-19,84.099998,86.0,81.949997,82.199997,81.82414200000001,500758.0
2015-03-20,82.349998,83.25,79.0,79.349998,78.987175,668488.0
2015-03-23,79.849998,80.25,77.050003,77.5,77.145638,383659.0
2015-03-24,77.449997,79.199997,76.800003,77.150002,76.797234,418193.0
2015-03-25,77.400002,77.900002,74.550003,76.199997,75.851578,896248.0
2015-03-26,76.099998,78.25,75.5,76.449997,76.100433,474374.0
2015-03-27,77.0,77.699997,74.900002,76.5,76.15020799999999,879335.0
2015-03-30,78.0,83.099998,77.650002,81.800003,81.42598000000001,1142024.0
2015-03-31,82.25,86.199997,82.25,85.0,84.611343,1188070.0
2015-04-01,85.300003,86.75,84.800003,85.300003,84.909973,509391.0
2015-04-06,85.949997,86.699997,85.199997,86.0,85.60676600000001,410702.0
2015-04-07,86.400002,88.400002,85.550003,87.800003,87.398544,1319780.0
2015-04-08,88.349998,92.449997,88.0,91.199997,90.78299,1708813.0
2015-04-09,92.400002,94.25,89.5,90.400002,89.986649,1251409.0
2015-04-10,90.550003,93.400002,89.150002,91.400002,90.982079,1229870.0
2015-04-13,91.5,94.0,91.5,93.550003,93.122253,1372957.0
2015-04-15,94.5,94.550003,91.0,91.550003,91.131393,901550.0
2015-04-16,91.75,92.25,88.300003,88.75,88.344193,427586.0
2015-04-17,89.349998,89.349998,85.650002,87.25,86.851051,347477.0
2015-04-20,87.599998,87.800003,82.699997,84.949997,84.56156899999999,425506.0
2015-04-21,85.400002,86.300003,84.099998,84.849998,84.462029,290309.0
2015-04-22,85.0,87.449997,83.800003,86.0,85.60676600000001,277091.0
2015-04-23,86.699997,88.5,85.099998,87.900002,87.498085,541755.0
2015-04-24,87.900002,88.75,83.099998,83.900002,83.516373,474961.0
2015-04-27,85.300003,86.5,82.0,82.150002,81.774376,438576.0
2015-04-28,82.150002,84.25,80.5,83.5,83.118202,345919.0
2015-04-29,88.699997,89.599998,85.800003,87.099998,86.701736,1384516.0
2015-04-30,87.300003,88.699997,85.5,86.5,86.104485,404424.0
2015-05-04,87.199997,88.150002,86.75,87.150002,86.751511,337634.0
2015-05-05,87.150002,92.599998,86.800003,91.150002,90.733223,1377188.0
2015-05-06,90.449997,92.300003,85.5,86.75,86.35334,1622200.0
2015-05-07,86.300003,87.599998,81.75,82.300003,81.923691,581536.0
2015-05-08,83.099998,85.0,82.699997,83.599998,83.217743,591782.0
2015-05-11,84.25,84.949997,83.5,84.25,83.864769,345132.0
2015-05-12,84.050003,84.300003,81.099998,81.699997,81.326431,272969.0
2015-05-13,82.0,83.949997,81.150002,82.0,81.625061,374087.0
2015-05-14,82.150002,82.400002,81.0,81.650002,81.276657,218641.0
2015-05-15,81.900002,84.449997,81.849998,83.800003,83.416832,411672.0
2015-05-18,83.949997,84.400002,83.0,83.449997,83.068428,283838.0
2015-05-19,83.550003,85.449997,82.949997,83.300003,82.91912099999999,472347.0
2015-05-20,83.699997,84.800003,83.599998,83.900002,83.516373,302292.0
2015-05-21,84.400002,84.400002,81.550003,83.300003,82.91912099999999,190649.0
2015-05-22,83.0,84.300003,82.150002,83.800003,83.416832,280291.0
2015-05-25,84.300003,84.300003,83.199997,83.599998,83.217743,224891.0
2015-05-26,84.400002,84.400002,83.150002,83.650002,83.267517,174797.0
2015-05-27,83.199997,83.550003,82.900002,83.199997,82.819572,163310.0
2015-05-28,83.349998,84.650002,83.099998,83.849998,83.466599,161214.0
2015-05-29,84.199997,84.5,83.550003,84.0,83.615913,170804.0
2015-06-01,84.199997,88.900002,83.400002,85.949997,85.55699200000001,658330.0
2015-06-02,86.199997,88.949997,84.400002,84.800003,84.412262,656337.0
2015-06-03,84.949997,85.800003,79.400002,82.099998,81.724602,501549.0
2015-06-04,82.5,83.349998,80.150002,81.0,80.629631,313396.0
2015-06-05,81.25,87.400002,80.849998,83.599998,83.217743,1524086.0
2015-06-08,83.75,85.150002,82.449997,82.800003,82.421402,387072.0
2015-06-09,82.449997,84.150002,81.599998,83.25,82.86934699999999,287437.0
2015-06-10,83.400002,87.5,82.699997,86.099998,85.706314,551652.0
2015-06-11,86.800003,87.900002,84.25,86.5,86.104485,523317.0
2015-06-12,86.0,90.199997,84.849998,89.199997,88.792137,787229.0
2015-06-15,89.699997,89.699997,87.099998,88.849998,88.443733,348353.0
2015-06-16,88.0,90.400002,86.599998,89.25,88.841911,370554.0
2015-06-17,89.400002,92.699997,88.0,91.699997,91.28070100000001,1005387.0
2015-06-18,92.400002,97.25,91.5,96.550003,96.108536,1476140.0
2015-06-19,96.949997,97.400002,94.5,95.150002,94.714935,633286.0
2015-06-22,95.150002,96.0,94.699997,95.150002,94.714935,369546.0
2015-06-23,95.5,100.5,94.5,98.300003,97.850533,1485520.0
2015-06-24,98.699997,99.800003,95.199997,96.349998,95.909439,566774.0
2015-06-25,96.599998,100.099998,95.150002,99.5,99.04504399999999,746039.0
2015-06-26,99.800003,101.900002,97.099998,99.650002,99.19435899999999,1195392.0
2015-06-29,95.099998,96.800003,93.5,96.400002,95.959221,392882.0
2015-06-30,96.900002,101.0,96.75,99.099998,98.646866,785485.0
2015-07-01,98.0,102.0,98.0,99.949997,99.492981,906416.0
2015-07-02,100.5,101.599998,99.099998,99.900002,99.443214,363803.0
2015-07-03,99.650002,100.699997,97.5,98.050003,97.601677,287849.0
2015-07-06,95.099998,99.900002,95.099998,99.25,98.796181,431772.0
2015-07-07,100.0,101.75,98.699997,99.650002,99.19435899999999,656833.0
2015-07-08,98.400002,100.550003,97.199997,98.25,97.800758,470253.0
2015-07-09,99.699997,100.900002,98.099998,99.150002,98.69664,546165.0
2015-07-10,102.400002,104.0,100.199997,101.0,100.538185,1175737.0
2015-07-13,102.5,102.5,100.0,100.699997,100.239548,331395.0
2015-07-14,101.099998,104.800003,99.0,103.449997,102.976974,1213513.0
2015-07-15,103.300003,105.199997,101.0,101.550003,101.08567,753029.0
2015-07-16,101.849998,104.0,101.099998,101.849998,101.384293,440828.0
2015-07-17,103.0,108.400002,102.5,107.25,106.75960500000001,2005228.0
2015-07-20,108.0,114.699997,107.599998,113.699997,113.180107,2670232.0
2015-07-21,114.449997,114.800003,108.349998,109.550003,109.04908799999998,956917.0
2015-07-22,109.0,116.449997,107.0,115.099998,114.57370800000001,1572007.0
2015-07-23,115.5,115.550003,111.0,111.449997,110.940399,744017.0
2015-07-24,111.449997,111.75,108.199997,109.349998,108.849998,500818.0
2015-07-27,109.699997,109.699997,104.5,105.849998,105.849998,348505.0
2015-07-28,106.349998,108.150002,103.5,106.300003,106.300003,463802.0
2015-07-29,107.0,109.800003,106.5,108.449997,108.449997,518142.0
2015-07-30,111.400002,113.900002,110.25,110.949997,110.949997,904144.0
2015-07-31,111.75,113.199997,108.199997,112.849998,112.849998,1501192.0
2015-08-03,112.949997,114.599998,110.349998,111.300003,111.300003,555940.0
2015-08-04,111.849998,114.400002,109.25,113.900002,113.900002,792647.0
2015-08-05,114.400002,115.75,110.699997,114.150002,114.150002,1069754.0
2015-08-06,111.550003,111.550003,105.800003,106.5,106.5,1003115.0
2015-08-07,107.349998,110.849998,106.25,109.75,109.75,711850.0
2015-08-10,110.0,110.800003,106.099998,107.150002,107.150002,390044.0
2015-08-11,108.550003,110.400002,106.199997,107.25,107.25,511538.0
2015-08-12,106.5,108.300003,103.300003,103.900002,103.900002,405742.0
2015-08-13,105.0,106.5,98.0,98.650002,98.650002,514426.0
2015-08-14,99.900002,102.800003,99.0,101.650002,101.650002,329265.0
2015-08-17,101.5,104.699997,99.25,102.550003,102.550003,328707.0
2015-08-18,102.849998,105.800003,102.050003,104.300003,104.300003,368873.0
2015-08-19,104.800003,104.800003,102.650002,103.199997,103.199997,192055.0
2015-08-20,102.949997,104.25,100.0,100.349998,100.349998,199861.0
2015-08-21,99.0,99.0,95.75,98.199997,98.199997,171599.0
2015-08-24,81.0,96.900002,81.0,93.949997,93.949997,975255.0
2015-08-25,94.0,96.099998,82.550003,89.400002,89.400002,1106777.0
2015-08-26,88.5,96.199997,87.0,92.300003,92.300003,839244.0
2015-08-27,93.900002,100.199997,93.900002,99.25,99.25,516263.0
2015-08-28,101.300003,108.150002,100.0,103.400002,103.400002,1522434.0
2015-08-31,103.0,106.0,101.099998,104.599998,104.599998,708869.0
2015-09-01,102.150002,106.199997,99.699997,100.349998,100.349998,488335.0
2015-09-02,102.050003,103.699997,99.5,100.050003,100.050003,329566.0
2015-09-03,101.0,102.699997,99.949997,100.099998,100.099998,361729.0
2015-09-04,100.0,100.150002,94.849998,96.25,96.25,423301.0
2015-09-07,96.0,97.800003,88.599998,89.349998,89.349998,485558.0
2015-09-08,90.0,93.849998,89.0,93.5,93.5,484492.0
2015-09-09,95.050003,97.25,94.199997,95.75,95.75,329962.0
2015-09-10,93.900002,94.0,90.050003,93.599998,93.599998,229356.0
2015-09-11,94.050003,100.900002,94.050003,99.449997,99.449997,867784.0
2015-09-14,99.5,100.75,99.300003,100.099998,100.099998,244208.0
2015-09-15,100.400002,100.550003,96.800003,99.5,99.5,156386.0
2015-09-16,99.5,99.900002,95.0,96.699997,96.699997,183608.0
2015-09-18,97.599998,100.0,97.550003,98.25,98.25,174990.0
2015-09-21,96.349998,99.25,96.349998,98.449997,98.449997,118080.0
2015-09-22,99.050003,103.449997,97.800003,98.75,98.75,409872.0
2015-09-23,96.349998,99.900002,96.349998,98.099998,98.099998,225817.0
2015-09-24,98.150002,99.25,97.199997,97.699997,97.699997,118927.0
2015-09-28,97.699997,98.800003,96.050003,96.400002,96.400002,108279.0
2015-09-29,95.699997,97.75,92.650002,93.650002,93.650002,201620.0
2015-09-30,94.199997,96.349998,93.75,94.699997,94.699997,250417.0
2015-10-01,95.0,96.699997,92.699997,93.849998,93.849998,382944.0
2015-10-05,94.0,95.349998,93.349998,93.800003,93.800003,536137.0
2015-10-06,94.150002,95.800003,92.449997,92.949997,92.949997,279901.0
2015-10-07,93.5,97.300003,93.099998,94.25,94.25,2418711.0
2015-10-08,94.800003,95.25,92.75,93.050003,93.050003,386234.0
2015-10-09,93.599998,95.650002,93.599998,94.150002,94.150002,484281.0
2015-10-12,94.699997,94.699997,91.5,91.800003,91.800003,337680.0
2015-10-13,92.150002,93.300003,91.5,92.5,92.5,210866.0
2015-10-14,92.199997,95.150002,92.199997,93.150002,93.150002,464759.0
2015-10-15,93.699997,95.199997,93.099998,93.550003,93.550003,490256.0
2015-10-16,93.849998,94.300003,93.0,93.400002,93.400002,223597.0
2015-10-19,93.25,94.0,92.5,92.75,92.75,159914.0
2015-10-20,93.349998,93.800003,92.25,92.599998,92.599998,191079.0
2015-10-21,92.900002,94.199997,92.25,93.25,93.25,402264.0
2015-10-23,93.75,94.300003,92.400002,92.800003,92.800003,386506.0
2015-10-26,93.849998,93.849998,91.599998,92.099998,92.099998,220322.0
2015-10-27,92.099998,92.349998,91.150002,91.400002,91.400002,118578.0
2015-10-28,91.699997,94.699997,90.650002,91.449997,91.449997,711603.0
2015-10-29,91.699997,93.25,90.300003,91.0,91.0,311070.0
2015-10-30,91.099998,92.599998,90.5,91.599998,91.599998,338414.0
2015-11-02,91.949997,91.949997,89.800003,90.650002,90.650002,185683.0
2015-11-03,91.400002,91.75,89.550003,89.900002,89.900002,159017.0
2015-11-04,90.599998,90.650002,87.650002,88.0,88.0,188341.0
2015-11-05,88.199997,88.949997,86.75,87.25,87.25,149213.0
2015-11-06,86.800003,86.800003,81.0,84.5,84.5,345082.0
2015-11-09,83.400002,84.400002,80.0,82.75,82.75,253533.0
2015-11-10,83.0,86.599998,82.5,82.949997,82.949997,384996.0
2015-11-13,87.0,87.0,83.050003,83.300003,83.300003,154722.0
2015-11-16,83.199997,90.449997,82.550003,89.050003,89.050003,931163.0
2015-11-17,89.800003,90.449997,87.5,89.800003,89.800003,478874.0
2015-11-18,89.25,91.900002,88.0,89.099998,89.099998,531564.0
2015-11-19,90.0,93.400002,89.449997,91.0,91.0,833169.0
2015-11-20,91.5,93.300003,90.75,91.199997,91.199997,467507.0
2015-11-23,91.650002,92.0,90.199997,90.5,90.5,363451.0
2015-11-24,87.599998,93.300003,87.599998,92.300003,92.300003,1244249.0
2015-11-26,92.550003,97.699997,92.0,94.849998,94.849998,1567690.0
2015-11-27,95.25,97.25,93.099998,94.550003,94.550003,1575616.0
2015-11-30,95.199997,96.0,94.199997,94.25,94.25,418582.0
2015-12-01,95.0,95.300003,92.349998,93.0,93.0,283949.0
2015-12-02,93.199997,93.900002,90.5,91.25,91.25,363944.0
2015-12-03,90.199997,94.300003,90.199997,91.699997,91.699997,606155.0
2015-12-04,91.25,94.650002,91.0,93.199997,93.199997,844464.0
2015-12-07,94.0,95.199997,92.099998,92.349998,92.349998,402139.0
2015-12-08,91.900002,92.5,87.050003,87.699997,87.699997,381031.0
2015-12-09,87.050003,87.050003,83.099998,84.150002,84.150002,434918.0
2015-12-10,85.25,86.550003,83.199997,85.650002,85.650002,506728.0
2015-12-11,85.5,87.199997,82.099998,85.050003,85.050003,2266154.0
2015-12-14,83.5,85.300003,81.349998,81.849998,81.849998,1125486.0
2015-12-15,82.199997,82.650002,81.099998,82.199997,82.199997,386652.0
2015-12-16,82.800003,83.900002,81.5,81.699997,81.699997,384115.0
2015-12-17,82.0,83.199997,81.349998,82.0,82.0,690402.0
2015-12-18,82.5,83.800003,81.25,82.400002,82.400002,1193843.0
2015-12-21,82.449997,83.0,81.599998,81.900002,81.900002,481298.0
2015-12-22,82.0,82.449997,80.5,80.75,80.75,346969.0
2015-12-23,81.400002,81.75,80.199997,80.550003,80.550003,347889.0
2015-12-24,80.900002,83.349998,80.5,82.349998,82.349998,561654.0
2015-12-28,82.599998,83.599998,81.550003,81.800003,81.800003,383124.0
2015-12-29,82.099998,82.349998,79.699997,80.0,80.0,539945.0
2015-12-30,80.5,80.699997,79.300003,79.900002,79.900002,281646.0
2015-12-31,80.099998,81.150002,79.5,79.75,79.75,247189.0
2016-01-01,80.0,80.949997,79.599998,80.050003,80.050003,285579.0
2016-01-04,80.849998,82.349998,80.0,81.800003,81.800003,590857.0
2016-01-05,82.699997,82.900002,81.800003,82.099998,82.099998,373839.0
2016-01-06,82.599998,83.900002,82.0,82.150002,82.150002,357025.0
2016-01-07,81.800003,81.949997,79.5,79.900002,79.900002,393160.0
2016-01-08,81.75,83.5,81.5,81.949997,81.949997,736039.0
2016-01-11,81.300003,81.550003,80.0,80.550003,80.550003,162105.0
2016-01-12,81.0,81.5,78.0,78.900002,78.900002,231592.0
2016-01-13,79.849998,79.949997,74.0,75.949997,75.949997,688746.0
2016-01-14,75.900002,75.900002,70.800003,71.400002,71.400002,655927.0
2016-01-15,72.099998,73.849998,64.599998,66.199997,66.199997,1467587.0
2016-01-18,66.0,68.599998,63.549999,64.25,64.25,696212.0
2016-01-19,64.0,67.900002,64.0,67.349998,67.349998,391699.0
2016-01-20,66.449997,66.449997,62.5,62.950001,62.950001,374990.0
2016-01-21,64.199997,65.699997,57.25,61.799999,61.799999,709387.0
2016-01-22,64.300003,64.300003,61.400002,63.349998,63.349998,365053.0
2016-01-25,65.0,66.300003,64.099998,65.300003,65.300003,780732.0
2016-01-27,66.599998,67.699997,64.699997,66.800003,66.800003,272692.0
2016-01-28,66.900002,69.349998,65.449997,68.199997,68.199997,267652.0
2016-01-29,68.949997,69.900002,67.75,68.300003,68.300003,283347.0
2016-02-01,69.0,69.900002,67.25,67.5,67.5,427954.0
2016-02-02,67.550003,68.900002,62.599998,64.099998,64.099998,313752.0
2016-02-03,63.099998,63.799999,56.5,58.299999,58.299999,1025678.0
2016-02-04,59.700001,60.0,56.5,56.950001,56.950001,534774.0
2016-02-05,57.0,57.799999,56.049999,56.75,56.75,657907.0
2016-02-08,56.900002,58.950001,56.200001,56.75,56.75,330763.0
2016-02-09,56.75,56.75,55.099998,55.650002,55.650002,251817.0
2016-02-10,55.799999,56.0,52.5,52.799999,52.799999,371139.0
2016-02-11,52.799999,53.400002,50.450001,51.0,51.0,351899.0
2016-02-12,53.5,53.5,48.5,51.599998,51.599998,672142.0
2016-02-15,52.099998,53.400002,51.650002,52.099998,52.099998,387781.0
2016-02-16,52.900002,53.700001,50.0,50.200001,50.200001,354861.0
2016-02-17,50.799999,51.0,48.0,49.900002,49.900002,293355.0
2016-02-18,50.200001,51.950001,50.099998,50.599998,50.599998,267878.0
2016-02-19,51.450001,51.450001,50.0,50.450001,50.450001,162625.0
2016-02-22,51.0,52.0,50.150002,51.549999,51.549999,229377.0
2016-02-23,51.799999,52.849998,50.650002,51.0,51.0,255337.0
2016-02-24,51.0,51.650002,50.0,50.700001,50.700001,200601.0
2016-02-25,50.950001,50.950001,48.549999,48.700001,48.700001,276556.0
2016-02-26,50.400002,50.5,49.0,49.349998,49.349998,250709.0
2016-02-29,49.549999,50.0,46.0,47.950001,47.950001,451239.0
2016-03-01,48.849998,51.0,48.799999,50.150002,50.150002,1344223.0
2016-03-02,50.75,51.950001,50.049999,50.200001,50.200001,1011360.0
2016-03-03,50.549999,58.400002,50.299999,57.549999,57.549999,3506838.0
2016-03-04,57.5,58.200001,55.099998,56.299999,56.299999,1399802.0
2016-03-08,56.549999,56.849998,53.5,54.650002,54.650002,805122.0
2016-03-09,54.75,57.349998,52.75,56.549999,56.549999,897947.0
2016-03-10,56.799999,57.700001,55.650002,55.900002,55.900002,486018.0
2016-03-11,55.5,57.700001,55.5,55.75,55.75,720363.0
2016-03-14,56.400002,57.200001,55.5,55.900002,55.900002,415187.0
2016-03-15,55.900002,56.400002,53.799999,54.049999,54.049999,416558.0
2016-03-16,54.450001,54.450001,52.049999,52.349998,52.349998,562541.0
2016-03-17,53.0,54.25,52.5,52.700001,52.700001,470048.0
2016-03-18,53.0,53.900002,52.049999,52.5,52.5,422205.0
2016-03-21,52.5,56.599998,52.5,55.549999,55.549999,720663.0
2016-03-22,55.349998,55.599998,54.0,54.799999,54.799999,566108.0
2016-03-23,54.799999,54.900002,52.75,53.200001,53.200001,549326.0
2016-03-28,53.400002,53.849998,50.349998,50.700001,50.700001,376990.0
2016-03-29,51.0,52.5,50.0,50.950001,50.950001,649269.0
2016-03-30,51.849998,52.700001,51.799999,52.0,52.0,599883.0
2016-03-31,52.400002,55.200001,51.700001,53.099998,53.099998,922697.0
2016-04-01,52.5,54.599998,52.5,53.900002,53.900002,311542.0
2016-04-04,54.349998,55.900002,54.0,54.799999,54.799999,565051.0
2016-04-05,54.349998,54.450001,52.400002,52.650002,52.650002,389579.0
2016-04-06,52.799999,54.450001,52.799999,53.799999,53.799999,322526.0
2016-04-07,54.650002,58.650002,53.950001,57.150002,57.150002,2605162.0
2016-04-08,57.200001,61.5,57.150002,60.400002,60.400002,1850779.0
2016-04-11,61.700001,62.75,60.549999,61.599998,61.599998,1906839.0
2016-04-12,61.950001,63.900002,61.049999,62.799999,62.799999,1442443.0
2016-04-13,63.700001,64.5,62.700001,62.950001,62.950001,1122573.0
2016-04-18,63.299999,63.950001,61.900002,63.099998,63.099998,616703.0
2016-04-20,63.5,64.400002,61.900002,62.950001,62.950001,1974012.0
2016-04-21,63.650002,64.400002,62.150002,62.549999,62.549999,720667.0
2016-04-22,62.950001,63.200001,61.349998,62.0,62.0,602925.0
2016-04-25,62.599998,63.0,61.0,62.549999,62.549999,535222.0
2016-04-26,63.200001,63.799999,62.200001,63.150002,63.150002,650317.0
2016-04-27,63.150002,64.5,60.0,61.099998,61.099998,1883439.0
2016-04-28,60.599998,61.099998,57.400002,57.650002,57.650002,1019446.0
2016-04-29,57.799999,57.799999,55.400002,56.0,56.0,796647.0
2016-05-02,55.950001,58.650002,55.25,57.400002,57.400002,731973.0
2016-05-03,57.799999,58.099998,56.099998,56.650002,56.650002,404707.0
2016-05-04,57.200001,57.200001,55.0,55.549999,55.549999,365639.0
2016-05-05,56.0,56.549999,54.099998,54.5,54.5,444833.0
2016-05-06,54.299999,54.599998,53.650002,53.950001,53.950001,252866.0
2016-05-09,54.450001,54.5,53.25,53.549999,53.549999,368307.0
2016-05-10,54.700001,55.599998,54.0,54.400002,54.400002,500021.0
2016-05-11,54.25,54.5,53.400002,53.75,53.75,334558.0
2016-05-12,54.0,58.599998,54.0,57.950001,57.950001,1147972.0
2016-05-13,57.849998,59.700001,55.950001,57.900002,57.900002,902804.0
2016-05-16,58.200001,59.299999,56.799999,58.950001,58.950001,567035.0
2016-05-17,58.200001,59.75,57.349998,57.849998,57.849998,470751.0
2016-05-18,57.099998,58.049999,57.099998,57.400002,57.400002,236023.0
2016-05-19,57.549999,61.299999,56.400002,59.049999,59.049999,3191396.0
2016-05-20,59.450001,61.75,58.099998,58.650002,58.650002,3115324.0
2016-05-23,59.150002,59.400002,57.400002,57.599998,57.599998,517973.0
2016-05-24,57.799999,57.799999,54.650002,55.0,55.0,711342.0
2016-05-25,55.700001,56.849998,54.75,56.25,56.25,502350.0
2016-05-26,55.799999,57.400002,55.799999,56.950001,56.950001,441565.0
2016-05-27,57.349998,57.799999,56.299999,56.650002,56.650002,400738.0
2016-05-30,56.799999,57.849998,56.5,57.099998,57.099998,362106.0
2016-05-31,57.549999,59.400002,57.5,58.700001,58.700001,615747.0
2016-06-01,59.200001,60.049999,58.599998,58.75,58.75,605624.0
2016-06-02,59.099998,61.75,57.900002,61.099998,61.099998,1484285.0
2016-06-03,61.549999,67.199997,61.5,64.25,64.25,2405530.0
2016-06-06,64.650002,66.5,62.5,65.800003,65.800003,1213218.0
2016-06-07,65.800003,67.150002,65.199997,65.550003,65.550003,702181.0
2016-06-08,65.900002,71.5,65.849998,69.050003,69.050003,3615631.0
2016-06-09,69.699997,71.900002,69.300003,70.800003,70.800003,2232047.0
2016-06-10,71.5,77.75,71.5,76.449997,76.449997,4729647.0
2016-06-13,76.400002,79.699997,75.900002,79.050003,79.050003,3976764.0
2016-06-14,79.75,80.800003,71.300003,72.699997,72.699997,6277335.0
2016-06-15,73.75,75.800003,71.25,72.150002,72.150002,1914180.0
2016-06-16,72.400002,72.400002,68.099998,69.800003,69.800003,1480913.0
2016-06-17,70.5,71.900002,69.150002,69.949997,69.949997,864324.0
2016-06-20,69.0,72.0,68.25,70.849998,70.849998,1159959.0
2016-06-21,72.199997,75.849998,72.0,75.25,75.25,4015337.0
2016-06-22,75.75,76.099998,72.449997,73.25,73.25,1756840.0
2016-06-23,73.849998,74.150002,72.099998,72.849998,72.849998,996397.0
2016-06-24,69.849998,75.949997,64.599998,75.150002,75.150002,3739558.0
2016-06-27,75.900002,80.599998,75.599998,78.949997,78.949997,5027717.0
2016-06-28,80.050003,81.800003,79.300003,80.550003,80.550003,2849772.0
2016-06-29,81.699997,82.199997,80.5,81.050003,81.050003,3248907.0
2016-06-30,81.650002,81.900002,80.25,80.849998,80.849998,1564788.0
2016-07-01,81.0,81.400002,79.050003,79.550003,79.550003,1316723.0
2016-07-04,80.300003,81.25,78.349998,80.5,80.5,1831439.0
2016-07-05,80.650002,81.550003,78.849998,80.75,80.75,1804667.0
2016-07-07,81.449997,83.0,80.849998,82.050003,82.050003,1854782.0
2016-07-08,83.0,88.0,82.150002,87.449997,87.449997,7813459.0
2016-07-11,88.949997,89.599998,85.199997,86.050003,86.050003,6127049.0
2016-07-12,86.550003,86.699997,83.5,84.400002,84.400002,1981807.0
2016-07-13,83.900002,84.0,80.650002,82.0,82.0,1882152.0
2016-07-14,82.0,89.199997,81.0,88.099998,88.099998,7635937.0
2016-07-15,89.75,90.300003,84.599998,85.599998,85.599998,7743247.0
2016-07-18,86.099998,88.050003,84.599998,85.150002,85.150002,3241038.0
2016-07-19,86.0,86.449997,84.699997,85.650002,85.650002,1536339.0
2016-07-20,86.400002,88.0,86.199997,86.900002,86.900002,2012185.0
2016-07-21,87.900002,88.300003,85.449997,85.800003,85.800003,1242571.0
2016-07-22,85.150002,88.699997,83.599998,88.400002,88.400002,3978628.0
2016-07-25,90.550003,92.849998,89.199997,89.849998,89.849998,7301200.0
2016-07-26,90.0,90.400002,85.75,86.25,86.25,2485454.0
2016-07-27,86.0,87.0,83.599998,84.75,84.75,1937079.0
2016-07-28,88.0,91.400002,87.550003,90.550003,90.550003,6438273.0
2016-07-29,91.449997,92.699997,89.050003,90.900002,90.900002,4967186.0
2016-08-01,91.800003,92.349998,89.599998,90.300003,90.300003,2883555.0
2016-08-02,91.75,93.949997,90.099998,90.800003,90.800003,5928879.0
2016-08-03,90.0,90.0,85.0,85.75,85.75,6494606.0
2016-08-04,87.050003,88.199997,77.150002,78.349998,78.349998,6610544.0
2016-08-05,77.0,77.0,72.099998,73.300003,73.300003,6369188.0
2016-08-08,73.5,75.949997,72.650002,75.050003,75.050003,3536730.0
2016-08-09,75.449997,75.449997,72.099998,72.400002,72.400002,1602909.0
2016-08-10,72.650002,72.650002,67.0,68.0,68.0,2818299.0
2016-08-11,68.199997,68.300003,65.5,66.400002,66.400002,2003550.0
2016-08-12,67.0,68.400002,66.300003,66.849998,66.849998,1723372.0
2016-08-16,67.199997,67.400002,64.199997,64.650002,64.650002,1265296.0
2016-08-17,64.75,68.650002,63.099998,68.349998,68.349998,3045269.0
2016-08-18,68.900002,69.800003,68.0,69.050003,69.050003,1524468.0
2016-08-19,69.449997,71.300003,68.349998,70.599998,70.599998,1725382.0
2016-08-22,70.699997,71.150002,68.550003,70.349998,70.349998,1218018.0
2016-08-23,70.75,72.0,69.75,70.949997,70.949997,1267737.0
2016-08-24,70.5,71.800003,69.849998,71.449997,71.449997,1635058.0
2016-08-25,72.449997,72.800003,71.300003,71.900002,71.900002,2021839.0
2016-08-26,72.199997,72.449997,70.050003,70.300003,70.300003,1035145.0
2016-08-29,70.0,70.5,68.550003,68.949997,68.949997,807703.0
2016-08-30,69.050003,69.5,68.300003,68.699997,68.699997,674060.0
2016-08-31,68.849998,69.800003,67.599998,68.349998,68.349998,940271.0
2016-09-01,68.550003,70.800003,68.199997,68.550003,68.550003,1544667.0
2016-09-02,69.5,70.449997,69.099998,69.900002,69.900002,1310657.0
2016-09-06,70.5,71.5,69.300003,69.900002,69.900002,1064128.0
2016-09-07,70.199997,70.949997,69.300003,69.599998,69.599998,906279.0
2016-09-08,69.599998,71.699997,69.25,69.599998,69.599998,949922.0
2016-09-09,71.949997,72.449997,70.699997,71.099998,71.099998,1699629.0
2016-09-12,69.800003,73.199997,68.449997,69.699997,69.699997,1922743.0
2016-09-14,70.0,70.949997,69.400002,69.900002,69.900002,509801.0
2016-09-15,70.199997,70.449997,68.849998,69.199997,69.199997,393089.0
2016-09-16,69.900002,70.300003,68.349998,68.599998,68.599998,521667.0
2016-09-19,69.75,69.75,68.0,68.150002,68.150002,455090.0
2016-09-20,68.5,68.550003,67.349998,67.550003,67.550003,503527.0
2016-09-21,68.0,69.25,67.599998,68.75,68.75,985410.0
2016-09-22,70.5,71.0,69.300003,69.550003,69.550003,1036143.0
2016-09-23,69.900002,70.150002,68.5,68.800003,68.800003,693241.0
2016-09-26,68.599998,68.949997,67.25,67.449997,67.449997,496638.0
2016-09-27,68.0,68.0,66.199997,66.599998,66.599998,417416.0
2016-09-28,67.0,68.699997,66.300003,67.599998,67.599998,836722.0
2016-09-29,68.400002,68.400002,60.0,62.299999,62.299999,1076542.0
2016-09-30,62.450001,64.25,62.299999,63.849998,63.849998,544967.0
2016-10-03,65.5,66.400002,65.400002,65.800003,65.800003,608547.0
2016-10-04,65.949997,66.199997,65.550003,65.699997,65.699997,247278.0
2016-10-05,65.75,67.150002,65.5,65.699997,65.699997,478268.0
2016-10-06,66.349998,66.349998,64.5,64.849998,64.849998,405575.0
2016-10-07,65.0,65.099998,63.650002,63.950001,63.950001,350253.0
2016-10-10,64.300003,66.300003,63.700001,65.349998,65.349998,447939.0
2016-10-13,64.949997,65.449997,63.349998,64.0,64.0,433106.0
2016-10-14,64.050003,65.0,63.5,64.349998,64.349998,351056.0
2016-10-17,64.199997,64.75,62.75,63.099998,63.099998,340362.0
2016-10-18,64.0,67.5,64.0,66.900002,66.900002,1550818.0
2016-10-19,68.300003,70.400002,68.300003,69.099998,69.099998,2408173.0
2016-10-20,69.0,69.0,65.0,66.699997,66.699997,803992.0
2016-10-21,66.199997,66.949997,66.0,66.349998,66.349998,390043.0
2016-10-24,66.800003,66.949997,65.099998,65.25,65.25,492022.0
2016-10-25,65.449997,65.75,64.550003,64.800003,64.800003,742922.0
2016-10-26,64.5,66.800003,64.5,64.75,64.75,2468306.0
2016-10-27,64.849998,65.75,64.5,64.650002,64.650002,755985.0
2016-10-28,64.699997,65.449997,63.799999,64.099998,64.099998,713811.0
2016-11-01,65.5,65.699997,63.849998,64.0,64.0,807485.0
2016-11-02,63.900002,64.900002,63.900002,64.099998,64.099998,830577.0
2016-11-03,64.199997,66.300003,64.0,64.800003,64.800003,2021208.0
2016-11-04,66.599998,66.599998,61.0,61.650002,61.650002,1575255.0
2016-11-07,62.349998,62.450001,61.25,61.599998,61.599998,578397.0
2016-11-08,62.099998,62.200001,60.799999,61.25,61.25,503367.0
2016-11-09,52.0,59.950001,49.150002,58.849998,58.849998,1384247.0
2016-11-10,57.200001,58.950001,57.0,57.75,57.75,1484493.0
2016-11-11,56.0,57.25,56.0,56.150002,56.150002,615658.0
2016-11-15,57.25,57.25,53.25,53.799999,53.799999,758322.0
2016-11-16,54.549999,55.0,51.400002,51.700001,51.700001,553732.0
2016-11-17,52.25,52.799999,50.799999,51.549999,51.549999,416505.0
2016-11-18,51.599998,52.400002,51.049999,51.400002,51.400002,407839.0
2016-11-21,52.0,52.450001,49.200001,49.599998,49.599998,518527.0
2016-11-22,49.950001,50.700001,48.099998,49.349998,49.349998,519752.0
2016-11-23,50.400002,50.799999,49.5,50.400002,50.400002,372720.0
2016-11-24,50.849998,50.849998,49.700001,50.25,50.25,298788.0
2016-11-25,50.599998,51.75,50.349998,51.450001,51.450001,574519.0
2016-11-28,51.450001,52.599998,51.0,51.599998,51.599998,493362.0
2016-11-29,51.599998,53.5,51.599998,52.150002,52.150002,1135946.0
2016-11-30,52.599998,53.900002,52.200001,53.599998,53.599998,849412.0
2016-12-01,53.950001,54.25,52.5,52.799999,52.799999,558380.0
2016-12-02,52.349998,52.5,51.299999,51.650002,51.650002,314806.0
2016-12-05,51.650002,51.650002,50.799999,51.299999,51.299999,238808.0
2016-12-06,51.349998,51.700001,50.349998,50.650002,50.650002,437230.0
2016-12-07,51.049999,51.099998,49.75,50.0,50.0,359816.0
2016-12-08,50.5,51.299999,50.099998,50.549999,50.549999,466143.0
2016-12-09,50.650002,53.799999,50.599998,52.75,52.75,1630272.0
2016-12-12,53.0,54.25,52.700001,53.200001,53.200001,912257.0
2016-12-13,53.299999,53.75,52.099998,52.450001,52.450001,321300.0
2016-12-14,52.75,53.349998,52.049999,52.450001,52.450001,348409.0
2016-12-15,52.150002,53.25,51.099998,52.700001,52.700001,322738.0
2016-12-16,53.150002,53.200001,51.5,51.700001,51.700001,267531.0
2016-12-19,52.0,52.0,51.0,51.5,51.5,185531.0
2016-12-20,51.849998,52.25,50.799999,51.049999,51.049999,327867.0
2016-12-21,51.349998,52.0,50.650002,51.099998,51.099998,390788.0
2016-12-22,51.099998,52.200001,50.5,51.0,51.0,526112.0
2016-12-23,51.25,52.099998,51.0,51.150002,51.150002,635307.0
2016-12-26,50.700001,51.200001,49.349998,49.5,49.5,326188.0
2016-12-27,49.549999,50.150002,49.099998,49.549999,49.549999,344981.0
2016-12-28,49.299999,50.25,49.299999,49.599998,49.599998,266638.0
2016-12-29,49.700001,50.349998,49.599998,49.849998,49.849998,172133.0
2016-12-30,50.0,50.799999,49.950001,50.400002,50.400002,269935.0
2017-01-02,50.700001,52.099998,50.049999,51.700001,51.700001,506776.0
2017-01-03,52.150002,55.549999,51.900002,54.700001,54.700001,2107739.0
2017-01-04,55.400002,56.599998,54.349998,55.650002,55.650002,1690890.0
2017-01-05,56.0,56.599998,55.799999,56.349998,56.349998,697680.0
2017-01-06,56.900002,56.900002,54.400002,55.200001,55.200001,815306.0
2017-01-09,55.349998,55.900002,54.700001,55.450001,55.450001,402195.0
2017-01-10,55.549999,56.799999,55.450001,55.900002,55.900002,650961.0
2017-01-11,56.25,57.150002,56.0,56.450001,56.450001,615167.0
2017-01-12,56.75,57.0,55.5,55.900002,55.900002,377617.0
2017-01-13,56.0,56.5,55.599998,55.950001,55.950001,384137.0
2017-01-16,56.200001,60.0,56.200001,59.400002,59.400002,2069776.0
2017-01-17,62.5,63.400002,60.799999,61.700001,61.700001,3417828.0
2017-01-18,61.5,61.650002,59.549999,59.799999,59.799999,990207.0
2017-01-19,60.099998,60.299999,58.599998,58.849998,58.849998,629890.0
2017-01-20,59.049999,59.049999,57.0,57.099998,57.099998,534087.0
2017-01-23,57.450001,57.900002,56.299999,57.25,57.25,513995.0
2017-01-24,57.700001,57.950001,57.0,57.099998,57.099998,347982.0
2017-01-25,57.099998,60.450001,57.099998,59.549999,59.549999,1291776.0
2017-01-27,59.950001,60.049999,58.900002,59.25,59.25,515602.0
2017-01-30,59.25,61.400002,58.150002,59.599998,59.599998,844485.0
2017-01-31,59.5,59.950001,58.150002,58.450001,58.450001,421695.0
2017-02-01,58.700001,60.299999,58.049999,58.700001,58.700001,572234.0
2017-02-02,58.700001,59.549999,57.5,57.950001,57.950001,385089.0
2017-02-03,58.099998,59.700001,58.099998,58.799999,58.799999,639206.0
2017-02-06,59.25,61.549999,59.200001,61.099998,61.099998,1659699.0
2017-02-07,61.5,62.299999,60.650002,60.950001,60.950001,1080655.0
2017-02-08,59.0,60.099998,58.099998,58.400002,58.400002,932587.0
2017-02-09,58.400002,59.200001,58.099998,58.200001,58.200001,388778.0
2017-02-10,58.599998,60.200001,58.200001,58.400002,58.400002,647056.0
2017-02-13,58.849998,59.150002,57.299999,57.599998,57.599998,255259.0
2017-02-14,57.849998,58.450001,57.25,57.450001,57.450001,246550.0
2017-02-15,58.0,58.75,57.099998,57.349998,57.349998,463862.0
2017-02-16,57.5,57.700001,55.849998,55.950001,55.950001,602468.0
2017-02-17,56.5,58.200001,55.950001,56.75,56.75,691118.0
2017-02-20,57.200001,58.200001,56.599998,57.650002,57.650002,573151.0
2017-02-21,57.700001,58.099998,57.5,57.799999,57.799999,269751.0
2017-02-22,57.799999,59.349998,57.349998,57.75,57.75,717387.0
2017-02-23,57.900002,58.25,57.200001,57.349998,57.349998,371048.0
2017-02-27,57.549999,57.700001,56.799999,56.950001,56.950001,256053.0
2017-02-28,57.150002,61.950001,56.900002,60.599998,60.599998,3576276.0
2017-03-01,60.950001,61.75,59.549999,60.150002,60.150002,1145208.0
2017-03-02,60.450001,61.0,58.799999,59.099998,59.099998,479727.0
2017-03-03,58.900002,60.450001,58.549999,59.900002,59.900002,626311.0
2017-03-06,60.599998,61.799999,60.099998,60.450001,60.450001,652678.0
2017-03-07,60.450001,61.150002,59.549999,59.849998,59.849998,370636.0
2017-03-08,60.0,60.450001,58.799999,58.849998,58.849998,276136.0
2017-03-09,58.900002,60.299999,58.599998,59.400002,59.400002,417888.0
2017-03-10,60.549999,60.799999,59.5,60.099998,60.099998,672599.0
2017-03-14,63.049999,63.5,60.799999,61.349998,61.349998,1187629.0
2017-03-15,61.799999,62.799999,61.099998,61.799999,61.799999,1044624.0
2017-03-16,62.5,64.699997,62.5,64.349998,64.349998,2549183.0
2017-03-17,65.199997,66.75,65.0,65.199997,65.199997,2083124.0
2017-03-20,66.0,67.699997,65.75,66.199997,66.199997,2354308.0
2017-03-21,66.449997,66.699997,64.0,64.349998,64.349998,869158.0
2017-03-22,63.5,63.799999,62.700001,62.950001,62.950001,645535.0
2017-03-23,62.900002,65.0,62.900002,64.849998,64.849998,768302.0
2017-03-24,65.300003,65.699997,63.900002,64.150002,64.150002,734638.0
2017-03-27,64.75,66.0,64.699997,65.150002,65.150002,1268476.0
2017-03-28,65.650002,65.650002,64.0,64.25,64.25,540714.0
2017-03-29,64.5,66.599998,64.449997,65.199997,65.199997,1673966.0
2017-03-30,66.5,67.0,64.5,64.599998,64.599998,1137386.0
2017-03-31,64.75,65.050003,63.25,63.400002,63.400002,661472.0
2017-04-03,64.900002,65.400002,63.099998,64.25,64.25,832200.0
2017-04-05,64.75,65.949997,63.799999,65.349998,65.349998,1012798.0
2017-04-06,65.449997,65.449997,64.25,64.650002,64.650002,401037.0
2017-04-07,65.0,65.5,64.0,64.099998,64.099998,733477.0
2017-04-10,64.449997,64.449997,62.650002,63.25,63.25,522522.0
2017-04-11,63.099998,64.400002,63.0,63.400002,63.400002,485001.0
2017-04-12,63.849998,63.849998,62.0,62.400002,62.400002,428846.0
2017-04-13,62.299999,63.599998,61.849998,62.549999,62.549999,691753.0
2017-04-17,62.5,62.650002,61.349998,61.650002,61.650002,346817.0
2017-04-18,61.75,63.0,60.700001,61.200001,61.200001,483210.0
2017-04-19,61.450001,61.700001,60.5,60.799999,60.799999,369227.0
2017-04-20,61.25,61.900002,60.849998,61.25,61.25,311689.0
2017-04-21,61.5,62.900002,61.349998,62.150002,62.150002,643407.0
2017-04-24,62.599998,62.849998,62.150002,62.299999,62.299999,357372.0
2017-04-25,62.599998,63.450001,62.450001,62.700001,62.700001,631016.0
2017-04-26,63.0,64.25,61.450001,61.950001,61.950001,905060.0
2017-04-27,62.0,62.299999,61.450001,61.75,61.75,324431.0
2017-04-28,61.549999,62.0,60.799999,60.950001,60.950001,410152.0
2017-05-02,61.049999,62.349998,60.299999,61.049999,61.049999,751305.0
2017-05-03,61.25,61.349998,60.5,60.75,60.75,261428.0
2017-05-04,61.099998,61.349998,60.099998,60.25,60.25,430174.0
2017-05-05,60.549999,61.0,59.5,59.950001,59.950001,441033.0
2017-05-08,60.5,60.799999,60.0,60.150002,60.150002,425288.0
2017-05-09,60.650002,61.099998,60.0,60.150002,60.150002,516933.0
2017-05-10,60.5,61.0,60.200001,60.549999,60.549999,385302.0
2017-05-11,60.799999,61.700001,60.5,60.700001,60.700001,701841.0
2017-05-12,61.0,61.400002,60.099998,60.200001,60.200001,381238.0
2017-05-15,60.349998,61.5,60.349998,60.849998,60.849998,460269.0
2017-05-16,61.0,62.599998,60.5,62.0,62.0,1110985.0
2017-05-17,62.299999,62.400002,61.349998,62.150002,62.150002,904977.0
2017-05-18,61.25,61.5,60.0,60.450001,60.450001,1174286.0
2017-05-19,60.900002,61.0,59.0,59.099998,59.099998,544050.0
2017-05-22,59.099998,59.400002,57.099998,57.400002,57.400002,480511.0
2017-05-23,57.900002,57.900002,54.5,55.700001,55.700001,577957.0
2017-05-24,56.349998,56.799999,55.049999,55.25,55.25,339921.0
2017-05-25,56.25,56.25,55.049999,55.450001,55.450001,260209.0
2017-05-26,55.700001,56.450001,55.400002,55.700001,55.700001,332580.0
2017-05-29,56.0,56.0,54.0,54.299999,54.299999,302900.0
2017-05-30,54.0,55.299999,53.75,54.950001,54.950001,295199.0
2017-05-31,55.25,55.400002,54.299999,55.150002,55.150002,311424.0
2017-06-01,55.5,57.650002,55.150002,56.599998,56.599998,467384.0
2017-06-02,56.849998,58.25,56.200001,57.450001,57.450001,478520.0
2017-06-05,57.799999,57.799999,56.700001,57.0,57.0,276305.0
2017-06-06,56.900002,56.900002,56.099998,56.150002,56.150002,251686.0
2017-06-07,56.450001,56.75,56.049999,56.25,56.25,165906.0
2017-06-08,56.25,56.349998,55.700001,55.799999,55.799999,211461.0
2017-06-09,55.799999,56.700001,55.5,55.900002,55.900002,335443.0
2017-06-12,55.799999,57.0,55.700001,56.0,56.0,371387.0
2017-06-13,56.049999,56.5,55.450001,55.799999,55.799999,205387.0
2017-06-14,56.0,56.049999,55.049999,55.400002,55.400002,230362.0
2017-06-15,55.549999,55.599998,55.200001,55.450001,55.450001,172915.0
2017-06-16,55.599998,55.900002,54.299999,54.450001,54.450001,333967.0
2017-06-19,55.049999,55.25,53.799999,54.049999,54.049999,313623.0
2017-06-20,54.200001,59.900002,53.950001,59.549999,59.549999,3543295.0
2017-06-21,59.599998,62.5,58.5,61.950001,61.950001,2732363.0
2017-06-22,61.799999,62.400002,58.799999,59.349998,59.349998,1000319.0
2017-06-23,59.5,59.650002,57.549999,58.700001,58.700001,675577.0
2017-06-27,58.950001,59.950001,57.599998,59.0,59.0,475285.0
2017-06-28,59.799999,60.900002,59.200001,60.650002,60.650002,857065.0
2017-06-29,61.900002,62.5,61.099998,61.700001,61.700001,1087379.0
2017-06-30,62.0,62.950001,61.049999,62.349998,62.349998,1286612.0
2017-07-03,62.75,62.75,59.75,60.049999,60.049999,754756.0
2017-07-04,60.349998,60.400002,58.799999,58.950001,58.950001,492089.0
2017-07-05,60.900002,60.900002,59.599998,59.950001,59.950001,865525.0
2017-07-06,60.349998,60.799999,59.099998,59.5,59.5,573357.0
2017-07-07,59.650002,59.650002,58.799999,59.0,59.0,437486.0
2017-07-10,59.5,60.0,55.5,59.400002,59.400002,125381.0
2017-07-11,59.950001,59.950001,58.049999,58.25,58.25,366599.0
2017-07-12,58.099998,58.549999,58.049999,58.200001,58.200001,366041.0
2017-07-13,58.650002,60.0,58.299999,58.799999,58.799999,809287.0
2017-07-14,59.25,59.349998,57.599998,57.75,57.75,453477.0
2017-07-17,57.599998,59.400002,57.599998,58.400002,58.400002,478879.0
2017-07-18,58.099998,58.5,57.150002,57.25,57.25,420058.0
2017-07-19,57.099998,57.75,57.0,57.099998,57.099998,351895.0
2017-07-20,57.549999,57.549999,56.849998,56.950001,56.950001,307756.0
2017-07-21,57.200001,58.400002,57.099998,57.549999,57.549999,407861.0
2017-07-24,57.599998,58.5,57.0,57.150002,57.150002,573258.0
2017-07-25,57.049999,58.400002,56.799999,57.950001,57.950001,611633.0
2017-07-26,58.200001,58.450001,57.400002,57.549999,57.549999,427628.0
2017-07-27,57.5,58.099998,56.799999,57.0,57.0,343096.0
2017-07-28,56.900002,57.299999,56.0,56.150002,56.150002,482650.0
2017-07-31,56.549999,56.599998,56.0,56.099998,56.099998,215238.0
2017-08-01,56.099998,56.400002,55.5,55.599998,55.599998,238271.0
2017-08-02,55.799999,56.099998,54.599998,54.950001,54.950001,301736.0
2017-08-03,55.0,55.25,53.400002,53.549999,53.549999,322478.0
2017-08-04,54.950001,55.950001,54.400002,54.849998,54.849998,895883.0
2017-08-07,58.75,58.75,56.099998,56.650002,56.650002,754530.0
2017-08-08,57.200001,57.200001,55.0,55.200001,55.200001,232330.0
2017-08-09,54.5,54.700001,53.0,53.599998,53.599998,369101.0
2017-08-10,53.400002,53.900002,50.049999,50.900002,50.900002,506191.0
2017-08-11,49.0,50.0,46.200001,48.25,48.25,926139.0
2017-08-14,49.150002,50.25,48.75,49.950001,49.950001,277502.0
2017-08-16,51.0,51.099998,50.049999,50.799999,50.799999,299444.0
2017-08-17,51.650002,51.650002,50.5,50.849998,50.849998,300143.0
2017-08-18,50.599998,50.599998,49.5,49.75,49.75,252066.0
2017-08-21,50.0,50.349998,48.200001,48.700001,48.700001,225805.0
2017-08-22,48.900002,49.200001,47.700001,48.400002,48.400002,198682.0
2017-08-23,51.0,51.849998,49.599998,50.299999,50.299999,677219.0
2017-08-24,50.25,50.5,49.549999,50.099998,50.099998,216708.0
2017-08-28,50.150002,51.599998,50.0,50.849998,50.849998,292234.0
2017-08-29,50.5,52.5,50.0,50.599998,50.599998,547967.0
2017-08-30,51.0,51.549999,50.549999,50.700001,50.700001,248939.0
2017-08-31,51.400002,53.150002,50.700001,52.349998,52.349998,898572.0
2017-09-01,52.599998,56.450001,52.150002,55.400002,55.400002,1157013.0
2017-09-04,56.25,56.25,53.299999,53.799999,53.799999,1121170.0
2017-09-05,53.950001,55.25,53.349998,54.049999,54.049999,417973.0
2017-09-06,53.75,55.700001,53.0,54.349998,54.349998,551552.0
2017-09-07,54.549999,55.5,54.150002,54.450001,54.450001,402519.0
2017-09-08,54.25,54.599998,53.25,53.400002,53.400002,308936.0
2017-09-11,53.549999,54.150002,53.150002,53.25,53.25,261821.0
2017-09-12,53.599998,55.0,53.150002,54.450001,54.450001,589472.0
2017-09-13,54.450001,55.349998,53.450001,53.700001,53.700001,357995.0
2017-09-14,54.0,54.700001,53.299999,53.599998,53.599998,219991.0
2017-09-15,53.0,53.700001,51.900002,52.700001,52.700001,332166.0
2017-09-18,54.75,54.799999,53.0,53.349998,53.349998,416849.0
2017-09-19,53.5,53.75,52.75,52.849998,52.849998,235984.0
2017-09-20,52.900002,55.450001,52.549999,53.0,53.0,628584.0
2017-09-21,53.150002,53.599998,52.200001,52.650002,52.650002,192856.0
2017-09-22,52.700001,52.700001,50.799999,51.200001,51.200001,316359.0
2017-09-25,51.650002,51.650002,49.599998,50.599998,50.599998,314839.0
2017-09-26,50.5,50.75,49.299999,50.049999,50.049999,248134.0
2017-09-27,52.400002,52.5,49.5,49.849998,49.849998,545845.0
2017-09-28,50.0,50.349998,47.549999,49.849998,49.849998,216925.0
2017-09-29,50.200001,50.700001,49.5,49.950001,49.950001,266685.0
2017-10-03,50.200001,50.450001,49.5,49.700001,49.700001,187892.0
2017-10-04,50.950001,51.400002,50.099998,50.450001,50.450001,524302.0
2017-10-05,50.650002,51.099998,50.0,50.25,50.25,309529.0
2017-10-06,50.599998,51.400002,50.299999,50.700001,50.700001,341038.0
2017-10-09,50.75,52.200001,50.75,51.349998,51.349998,519621.0
2017-10-10,51.450001,52.400002,51.25,51.5,51.5,462557.0
2017-10-11,51.549999,52.299999,49.049999,50.150002,50.150002,286886.0
2017-10-12,50.200001,50.700001,50.0,50.200001,50.200001,162716.0
2017-10-13,50.299999,52.25,50.299999,50.599998,50.599998,605975.0
2017-10-16,50.849998,51.099998,49.849998,50.0,50.0,208025.0
2017-10-17,50.5,54.400002,50.5,52.650002,52.650002,3030947.0
2017-10-18,52.799999,52.849998,51.700001,52.150002,52.150002,655355.0
2017-10-19,52.650002,53.099998,52.200001,52.700001,52.700001,260357.0
2017-10-23,52.5,53.25,51.599998,51.799999,51.799999,367703.0
2017-10-24,52.0,55.799999,51.650002,54.299999,54.299999,2386128.0
2017-10-25,54.799999,55.150002,52.650002,52.849998,52.849998,590585.0
2017-10-26,52.849998,54.299999,52.200001,54.0,54.0,607574.0
2017-10-27,54.0,54.700001,53.049999,53.299999,53.299999,393529.0
2017-10-30,53.799999,55.200001,53.349998,54.700001,54.700001,771350.0
2017-10-31,55.0,55.349998,54.150002,54.400002,54.400002,576528.0
2017-11-01,54.799999,57.450001,54.349998,56.049999,56.049999,1589514.0
2017-11-02,56.200001,58.450001,55.200001,56.799999,56.799999,1760547.0
2017-11-03,57.299999,57.299999,55.799999,55.950001,55.950001,514594.0
2017-11-06,56.0,58.450001,55.650002,57.799999,57.799999,1226384.0
2017-11-07,57.549999,59.900002,56.549999,57.599998,57.599998,1357496.0
2017-11-08,58.0,59.0,54.5,55.849998,55.849998,1006827.0
2017-11-09,54.5,55.400002,53.049999,53.349998,53.349998,958465.0
2017-11-10,53.5,54.75,53.150002,54.049999,54.049999,724830.0
2017-11-13,54.200001,54.5,53.400002,53.950001,53.950001,386407.0
2017-11-14,54.049999,54.200001,52.549999,52.849998,52.849998,409469.0
2017-11-15,52.200001,52.549999,51.5,51.599998,51.599998,358481.0
2017-11-16,51.799999,53.0,51.5,52.400002,52.400002,376471.0
2017-11-17,53.0,59.25,52.849998,58.75,58.75,4101641.0
2017-11-20,60.0,60.75,58.25,58.599998,58.599998,6923566.0
2017-11-21,59.799999,60.450001,57.200001,57.799999,57.799999,2862451.0
2017-11-22,58.200001,58.299999,55.900002,56.25,56.25,807617.0
2017-11-23,56.549999,58.200001,55.950001,57.950001,57.950001,1169795.0
2017-11-24,58.0,59.400002,57.400002,58.599998,58.599998,1250116.0
2017-11-27,58.0,58.349998,57.400002,57.799999,57.799999,481901.0
2017-11-28,57.650002,60.549999,57.450001,60.150002,60.150002,2323508.0
2017-11-29,60.450001,60.700001,58.5,59.049999,59.049999,3368121.0
2017-11-30,58.25,59.299999,57.650002,58.299999,58.299999,1887199.0
2017-12-01,58.450001,60.299999,57.200001,57.549999,57.549999,1568584.0
2017-12-04,58.099998,60.0,57.25,58.700001,58.700001,1475987.0
2017-12-05,58.5,58.650002,56.950001,57.099998,57.099998,777231.0
2017-12-06,57.0,58.5,56.150002,56.400002,56.400002,685728.0
2017-12-07,56.549999,57.799999,56.549999,57.099998,57.099998,694615.0
2017-12-08,57.5,58.849998,57.150002,57.450001,57.450001,1255468.0
2017-12-11,57.950001,58.150002,56.799999,57.0,57.0,330073.0
2017-12-12,57.049999,57.75,56.200001,56.349998,56.349998,478224.0
2017-12-13,56.349998,56.849998,54.549999,55.0,55.0,507867.0
2017-12-14,55.299999,55.549999,54.049999,54.599998,54.599998,352484.0
2017-12-15,55.099998,56.0,54.450001,54.700001,54.700001,449618.0
2017-12-18,55.900002,56.349998,54.349998,55.650002,55.650002,848424.0
2017-12-19,56.0,57.200001,55.75,56.950001,56.950001,612734.0
2017-12-20,57.0,58.099998,56.400002,57.0,57.0,655409.0
2017-12-21,57.099998,58.25,56.700001,57.150002,57.150002,650543.0
2017-12-22,57.450001,58.150002,57.200001,57.400002,57.400002,526270.0
2017-12-26,57.5,59.200001,57.349998,58.200001,58.200001,827330.0
2017-12-27,58.25,58.75,56.799999,57.0,57.0,475643.0
2017-12-28,57.400002,57.400002,56.5,56.700001,56.700001,296328.0
2017-12-29,56.849998,58.75,56.75,57.349998,57.349998,872778.0
2018-01-01,57.650002,61.700001,57.5,59.5,59.5,2494544.0
2018-01-02,60.099998,60.400002,58.400002,59.599998,59.599998,1649936.0
2018-01-03,60.0,60.900002,59.299999,59.450001,59.450001,1436095.0
2018-01-04,59.900002,62.400002,59.349998,60.799999,60.799999,4985901.0
2018-01-05,61.0,62.599998,59.75,60.150002,60.150002,5411019.0
2018-01-08,60.5,67.300003,59.849998,65.0,65.0,15607488.0
2018-01-09,65.650002,67.699997,63.599998,66.0,66.0,6804349.0
2018-01-10,66.400002,66.400002,63.0,63.849998,63.849998,3337499.0
2018-01-11,64.0,66.300003,63.150002,64.449997,64.449997,3911970.0
2018-01-12,65.150002,70.800003,65.150002,69.0,69.0,15918412.0
2018-01-15,69.400002,70.800003,66.650002,68.199997,68.199997,5890562.0
2018-01-16,68.0,68.0,62.5,63.299999,63.299999,5791769.0
2018-01-17,63.099998,64.0,60.700001,63.549999,63.549999,3199142.0
2018-01-18,64.199997,64.800003,59.349998,60.0,60.0,2921829.0
2018-01-19,60.25,61.349998,59.099998,60.25,60.25,1774755.0
2018-01-22,60.549999,63.200001,59.799999,61.150002,61.150002,1819374.0
2018-01-23,61.450001,61.549999,59.700001,59.900002,59.900002,1168779.0
2018-01-24,60.0,60.0,57.75,58.200001,58.200001,1051645.0
2018-01-25,58.0,58.799999,57.200001,57.549999,57.549999,1230639.0
2018-01-29,57.950001,58.700001,55.5,55.849998,55.849998,948029.0
2018-01-30,55.900002,56.25,54.5,55.200001,55.200001,1042526.0
2018-01-31,55.049999,57.299999,55.049999,56.200001,56.200001,1352965.0
2018-02-01,56.849998,57.900002,55.099998,56.0,56.0,1040754.0
2018-02-02,55.099998,55.650002,52.0,52.200001,52.200001,1813985.0
2018-02-05,50.299999,53.0,49.849998,51.150002,51.150002,1119146.0
2018-02-06,49.5,50.200001,47.650002,49.599998,49.599998,1459590.0
2018-02-07,50.549999,52.299999,50.549999,51.900002,51.900002,826106.0
2018-02-08,51.5,53.0,51.450001,52.150002,52.150002,1130557.0
2018-02-09,50.900002,52.849998,50.599998,52.549999,52.549999,955559.0
2018-02-12,52.950001,54.599998,52.900002,53.75,53.75,778019.0
2018-02-14,54.450001,57.0,54.25,55.150002,55.150002,1021305.0
2018-02-15,55.299999,57.650002,54.599998,55.0,55.0,1351776.0
2018-02-16,55.400002,55.599998,53.0,53.400002,53.400002,676535.0
2018-02-19,53.650002,53.799999,51.25,51.799999,51.799999,725397.0
2018-02-20,51.650002,52.75,51.549999,52.150002,52.150002,353007.0
2018-02-21,52.450001,52.450001,51.150002,51.450001,51.450001,437254.0
2018-02-22,51.25,52.200001,51.0,51.099998,51.099998,450308.0
2018-02-23,51.450001,53.0,51.200001,52.200001,52.200001,615917.0
2018-02-26,52.349998,52.849998,52.049999,52.150002,52.150002,399088.0
2018-02-27,52.450001,53.25,51.799999,52.150002,52.150002,419962.0
2018-02-28,51.950001,52.150002,51.599998,51.75,51.75,200243.0
2018-03-01,51.549999,52.25,51.0,51.25,51.25,391353.0
2018-03-05,51.0,51.700001,50.150002,50.75,50.75,402688.0
2018-03-06,51.200001,51.5,48.349998,49.150002,49.150002,641182.0
2018-03-07,49.0,49.700001,47.400002,47.650002,47.650002,944118.0
2018-03-08,47.849998,49.400002,47.299999,49.0,49.0,804158.0
2018-03-09,49.099998,49.25,47.650002,47.900002,47.900002,316886.0
2018-03-12,48.450001,48.900002,47.950001,48.25,48.25,399404.0
2018-03-13,48.450001,48.900002,48.049999,48.200001,48.200001,645351.0
2018-03-14,48.0,48.700001,47.799999,48.450001,48.450001,386667.0
2018-03-15,48.549999,50.25,48.150002,49.549999,49.549999,654031.0
2018-03-16,49.700001,50.25,48.099998,48.349998,48.349998,424628.0
2018-03-19,48.549999,48.549999,46.849998,47.049999,47.049999,386958.0
2018-03-20,47.0,47.900002,46.549999,47.0,47.0,320132.0
2018-03-21,47.450001,48.099998,47.099998,47.400002,47.400002,312966.0
2018-03-22,47.25,47.650002,46.200001,46.549999,46.549999,429415.0
2018-03-23,45.599998,46.0,45.0,45.150002,45.150002,575055.0
2018-03-26,45.400002,45.400002,43.849998,44.450001,44.450001,791563.0
2018-03-27,45.0,46.950001,44.799999,45.400002,45.400002,693730.0
2018-03-28,45.099998,46.25,44.200001,44.75,44.75,495640.0
2018-04-02,45.450001,46.849998,44.900002,46.599998,46.599998,516251.0
2018-04-03,46.5,47.900002,46.049999,47.099998,47.099998,736738.0
2018-04-04,47.299999,48.099998,46.150002,46.349998,46.349998,354004.0
2018-04-05,47.0,47.700001,46.75,47.150002,47.150002,278216.0
2018-04-06,47.25,47.75,46.900002,47.5,47.5,272554.0
2018-04-09,47.5,49.650002,47.5,49.25,49.25,600425.0
2018-04-10,49.450001,49.599998,48.450001,48.75,48.75,348067.0
2018-04-11,48.650002,49.049999,48.150002,48.650002,48.650002,266486.0
2018-04-12,48.700001,49.200001,48.200001,48.549999,48.549999,264004.0
2018-04-13,48.549999,48.799999,48.25,48.5,48.5,195595.0
2018-04-16,48.299999,49.400002,48.0,48.75,48.75,354283.0
2018-04-17,48.950001,49.299999,48.5,48.599998,48.599998,201813.0
2018-04-18,48.950001,49.25,48.0,48.099998,48.099998,281201.0
2018-04-19,48.0,48.650002,47.849998,48.200001,48.200001,277637.0
2018-04-20,48.099998,48.349998,47.25,47.599998,47.599998,198324.0
2018-04-23,47.650002,48.650002,47.349998,47.599998,47.599998,165443.0
2018-04-24,47.849998,56.799999,47.799999,55.299999,55.299999,10918276.0
2018-04-25,53.900002,56.849998,51.900002,52.200001,52.200001,5863116.0
2018-04-26,52.0,52.849998,50.099998,50.299999,50.299999,764010.0
2018-04-27,50.599998,51.049999,49.25,49.450001,49.450001,503939.0
2018-04-30,49.799999,52.200001,48.599998,51.200001,51.200001,1756290.0
2018-05-02,51.450001,53.25,50.75,52.0,52.0,1220843.0
2018-05-03,51.950001,51.950001,50.200001,50.349998,50.349998,390121.0
2018-05-04,50.599998,51.799999,49.700001,50.450001,50.450001,837524.0
2018-05-07,50.849998,51.349998,50.0,51.0,51.0,306799.0
2018-05-08,51.25,52.349998,50.799999,51.349998,51.349998,448960.0
2018-05-09,51.400002,52.400002,51.299999,51.650002,51.650002,428316.0
2018-05-10,51.5,52.25,50.0,50.349998,50.349998,338695.0
2018-05-11,50.450001,51.349998,49.650002,50.549999,50.549999,476155.0
2018-05-14,54.75,54.950001,52.200001,52.549999,52.549999,1885111.0
2018-05-15,52.700001,52.799999,49.400002,50.150002,50.150002,711158.0
2018-05-16,50.0,50.450001,47.900002,48.849998,48.849998,814644.0
2018-05-17,49.400002,49.5,48.549999,48.849998,48.849998,332086.0
2018-05-18,49.200001,49.25,46.900002,47.099998,47.099998,539749.0
2018-05-21,47.450001,48.25,46.549999,47.099998,47.099998,396478.0
2018-05-22,47.049999,49.700001,46.299999,47.400002,47.400002,586061.0
2018-05-23,47.0,48.200001,45.849998,46.349998,46.349998,296799.0
2018-05-24,46.5,46.849998,44.75,45.849998,45.849998,421406.0
2018-05-25,45.849998,50.900002,45.849998,48.599998,48.599998,1474507.0
2018-05-28,49.0,49.5,48.349998,48.599998,48.599998,385459.0
2018-05-29,48.599998,50.200001,47.799999,48.099998,48.099998,538356.0
2018-05-30,47.650002,48.799999,47.599998,48.349998,48.349998,284730.0
2018-05-31,48.700001,48.75,47.049999,47.150002,47.150002,300684.0
2018-06-01,47.450001,47.450001,45.799999,46.099998,46.099998,301268.0
2018-06-04,46.5,46.75,44.75,45.450001,45.450001,423926.0
2018-06-05,45.099998,45.099998,44.0,44.700001,44.700001,291199.0
2018-06-06,44.549999,45.799999,44.0,44.849998,44.849998,223764.0
2018-06-07,45.25,47.349998,44.900002,46.75,46.75,473224.0
2018-06-08,46.450001,47.150002,46.25,46.599998,46.599998,213083.0
2018-06-11,46.5,47.950001,46.299999,46.849998,46.849998,404541.0
2018-06-12,46.900002,47.450001,46.650002,46.799999,46.799999,244197.0
2018-06-13,47.0,48.150002,46.849998,47.150002,47.150002,460214.0
2018-06-14,47.200001,48.099998,46.950001,47.75,47.75,266214.0
2018-06-15,47.75,48.299999,46.799999,47.049999,47.049999,336106.0
2018-06-18,47.099998,47.25,46.150002,46.25,46.25,271824.0
2018-06-19,46.349998,46.599998,45.349998,45.450001,45.450001,227335.0
2018-06-20,45.700001,48.400002,45.650002,46.450001,46.450001,843224.0
2018-06-21,46.650002,46.75,45.150002,45.400002,45.400002,230214.0
2018-06-22,45.400002,45.549999,44.700001,44.900002,44.900002,184779.0
2018-06-25,44.900002,45.400002,44.549999,44.650002,44.650002,179142.0
2018-06-26,44.400002,44.400002,43.0,43.25,43.25,269321.0
2018-06-27,43.299999,44.5,41.700001,42.25,42.25,327341.0
2018-06-28,42.599998,43.0,40.900002,41.049999,41.049999,302090.0
2018-06-29,41.400002,43.200001,41.200001,41.900002,41.900002,373563.0
2018-07-02,42.200001,43.200001,41.700001,42.150002,42.150002,259770.0
2018-07-03,42.200001,43.200001,41.75,42.299999,42.299999,284168.0
2018-07-04,42.450001,42.849998,41.5,41.799999,41.799999,246262.0
2018-07-05,41.900002,43.25,41.900002,42.799999,42.799999,409947.0
2018-07-06,42.799999,43.75,42.200001,42.75,42.75,341286.0
2018-07-09,43.0,44.75,42.849998,43.849998,43.849998,582417.0
2018-07-10,43.799999,44.450001,43.799999,44.049999,44.049999,192077.0
2018-07-11,44.0,44.150002,42.650002,42.849998,42.849998,150998.0
2018-07-12,42.950001,43.5,42.0,42.099998,42.099998,155245.0
2018-07-13,42.150002,42.650002,41.5,41.75,41.75,319493.0
2018-07-16,41.75,43.700001,40.400002,41.099998,41.099998,918726.0
2018-07-17,41.099998,41.900002,40.650002,41.700001,41.700001,271604.0
2018-07-18,41.700001,41.950001,40.599998,40.650002,40.650002,178374.0
2018-07-19,40.900002,40.900002,39.549999,39.650002,39.650002,322919.0
2018-07-20,39.650002,40.099998,39.299999,39.849998,39.849998,219315.0
2018-07-23,40.0,40.200001,39.599998,39.75,39.75,159275.0
2018-07-24,39.950001,41.700001,39.599998,41.150002,41.150002,297600.0
2018-07-25,41.25,41.799999,41.099998,41.200001,41.200001,93030.0
2018-07-26,41.25,41.900002,40.900002,41.5,41.5,208058.0
2018-07-27,41.650002,44.299999,41.549999,43.849998,43.849998,596997.0
2018-07-30,44.900002,47.950001,44.900002,45.599998,45.599998,1387279.0
2018-07-31,45.599998,49.400002,45.0,46.799999,46.799999,3048970.0
2018-08-01,46.799999,48.349998,45.150002,46.349998,46.349998,1524464.0
2018-08-02,46.25,46.799999,45.25,45.5,45.5,387742.0
2018-08-03,46.049999,47.75,46.049999,46.549999,46.549999,613725.0
2018-08-06,46.549999,47.25,45.75,46.0,46.0,284697.0
2018-08-07,46.0,46.299999,44.599998,44.849998,44.849998,274505.0
2018-08-08,44.900002,45.400002,43.5,43.849998,43.849998,331792.0
2018-08-09,44.049999,45.25,43.799999,43.950001,43.950001,220877.0
2018-08-10,44.150002,44.599998,43.099998,43.650002,43.650002,225896.0
2018-08-13,43.0,43.799999,42.700001,42.75,42.75,197164.0
2018-08-14,42.599998,43.0,41.549999,41.75,41.75,185725.0
2018-08-16,41.5,42.299999,41.25,41.400002,41.400002,291742.0
2018-08-17,41.700001,42.150002,41.400002,41.75,41.75,166223.0
2018-08-20,42.0,42.299999,41.200001,41.599998,41.599998,301178.0
2018-08-21,41.599998,43.25,41.200001,42.25,42.25,544328.0
2018-08-23,42.450001,42.5,41.099998,41.349998,41.349998,196344.0
2018-08-24,41.349998,41.5,40.5,40.650002,40.650002,267485.0
2018-08-27,40.900002,42.150002,40.5,41.25,41.25,326215.0
2018-08-28,41.400002,41.599998,40.950001,41.099998,41.099998,230184.0
2018-08-29,41.400002,41.549999,40.700001,40.799999,40.799999,174349.0
2018-08-30,40.799999,41.599998,40.349998,40.900002,40.900002,314296.0
2018-08-31,41.0,41.400002,40.549999,40.950001,40.950001,192172.0
2018-09-03,40.849998,41.200001,40.400002,40.549999,40.549999,355414.0
2018-09-04,40.700001,41.150002,40.049999,40.200001,40.200001,324054.0
2018-09-05,40.049999,40.75,39.900002,40.0,40.0,484995.0
2018-09-06,40.150002,41.0,39.799999,40.049999,40.049999,722637.0
2018-09-07,40.25,40.450001,39.900002,40.049999,40.049999,271167.0
2018-09-10,40.0,40.150002,39.599998,39.650002,39.650002,299905.0
2018-09-11,39.75,40.049999,39.200001,39.400002,39.400002,229041.0
2018-09-12,39.75,39.75,38.799999,39.099998,39.099998,168307.0
2018-09-14,38.799999,39.75,38.799999,39.599998,39.599998,182157.0
2018-09-17,39.5,41.25,38.950001,40.650002,40.650002,440174.0
2018-09-18,40.450001,41.349998,40.049999,40.5,40.5,375066.0
2018-09-19,40.349998,40.650002,39.299999,39.650002,39.650002,241094.0
2018-09-21,39.849998,40.0,37.0,38.599998,38.599998,501958.0
2018-09-24,38.599998,38.75,36.549999,38.049999,38.049999,327177.0
2018-09-25,38.0,38.049999,36.549999,36.849998,36.849998,223081.0
2018-09-26,37.0,37.049999,35.849998,36.049999,36.049999,191533.0
2018-09-27,36.049999,36.450001,34.650002,35.400002,35.400002,222572.0
2018-09-28,35.0,35.400002,33.0,33.450001,33.450001,505860.0
2018-10-01,33.5,34.799999,32.150002,33.950001,33.950001,302399.0
2018-10-03,34.0,37.400002,34.0,35.700001,35.700001,483466.0
2018-10-04,35.0,36.799999,34.75,36.450001,36.450001,240395.0
2018-10-05,37.200001,37.700001,35.400002,35.849998,35.849998,307919.0
2018-10-08,34.75,35.849998,34.150002,34.450001,34.450001,205876.0
2018-10-09,34.650002,34.650002,33.0,33.200001,33.200001,169202.0
2018-10-10,33.200001,33.950001,32.75,33.599998,33.599998,296757.0
2018-10-11,32.799999,33.299999,32.349998,32.950001,32.950001,199725.0
2018-10-12,33.200001,35.0,33.150002,34.700001,34.700001,180254.0
2018-10-15,34.950001,36.150002,34.400002,35.599998,35.599998,146465.0
2018-10-16,35.650002,36.650002,35.5,36.150002,36.150002,77136.0
2018-10-17,36.849998,37.0,35.950001,36.049999,36.049999,155735.0
2018-10-19,36.0,36.0,35.349998,35.450001,35.450001,94437.0
2018-10-22,35.450001,35.650002,35.0,35.049999,35.049999,79084.0
2018-10-23,34.75,35.150002,34.049999,34.200001,34.200001,113753.0
2018-10-24,34.25,35.650002,34.25,35.049999,35.049999,100411.0
2018-10-25,35.0,35.200001,34.150002,34.700001,34.700001,95409.0
2018-10-26,35.950001,35.950001,33.799999,33.950001,33.950001,80249.0
2018-10-29,35.0,40.700001,34.099998,38.799999,38.799999,1284504.0
2018-10-30,38.549999,38.549999,34.099998,37.099998,37.099998,374996.0
2018-10-31,37.599998,38.299999,35.0,36.049999,36.049999,190043.0
2018-11-01,36.049999,37.950001,35.75,37.200001,37.200001,175048.0
2018-11-02,37.5,38.25,36.599998,36.849998,36.849998,173083.0
2018-11-05,36.5,37.25,36.400002,36.799999,36.799999,76836.0
2018-11-06,36.900002,38.25,36.900002,37.099998,37.099998,180850.0
2018-11-07,37.25,37.900002,37.25,37.650002,37.650002,47313.0
2018-11-09,37.650002,37.75,37.150002,37.25,37.25,71528.0
2018-11-12,37.450001,38.0,37.0,37.150002,37.150002,59094.0
2018-11-13,37.099998,38.150002,36.5,37.400002,37.400002,219430.0
2018-11-14,37.950001,37.950001,37.0,37.049999,37.049999,107852.0
2018-11-15,37.25,37.5,36.549999,37.299999,37.299999,139974.0
2018-11-16,37.799999,38.200001,34.200001,35.049999,35.049999,589530.0
2018-11-19,35.25,35.799999,35.049999,35.099998,35.099998,119039.0
2018-11-20,35.450001,35.450001,34.650002,34.75,34.75,123098.0
2018-11-21,34.849998,36.950001,34.799999,36.450001,36.450001,597031.0
2018-11-22,36.450001,37.200001,35.549999,35.650002,35.650002,347161.0
2018-11-26,35.900002,36.25,35.049999,35.25,35.25,122906.0
2018-11-27,35.049999,36.200001,34.799999,35.099998,35.099998,214984.0
2018-11-28,35.599998,36.400002,35.0,35.200001,35.200001,375406.0
2018-11-29,35.549999,35.900002,34.799999,35.0,35.0,152121.0
2018-11-30,35.099998,35.25,34.849998,34.900002,34.900002,93337.0
2018-12-03,35.0,35.450001,34.849998,34.950001,34.950001,86457.0
2018-12-04,35.049999,35.450001,34.299999,34.599998,34.599998,96764.0
2018-12-05,34.349998,35.150002,34.349998,34.700001,34.700001,134967.0
2018-12-06,34.5,34.799999,34.0,34.150002,34.150002,92449.0
2018-12-07,34.400002,34.599998,33.900002,34.200001,34.200001,123813.0
2018-12-10,34.0,34.049999,33.299999,33.650002,33.650002,90357.0
2018-12-11,33.450001,34.150002,33.25,33.900002,33.900002,110909.0
2018-12-12,34.25,35.400002,34.25,34.799999,34.799999,133733.0
2018-12-13,35.0,35.700001,34.299999,34.700001,34.700001,147574.0
2018-12-14,34.900002,34.900002,34.349998,34.599998,34.599998,46430.0
2018-12-17,34.5,35.400002,34.200001,34.650002,34.650002,95207.0
2018-12-18,34.599998,35.049999,34.400002,34.849998,34.849998,93673.0
2018-12-19,35.0,35.799999,34.75,35.200001,35.200001,228920.0
2018-12-20,35.200001,36.950001,34.849998,36.549999,36.549999,517918.0
2018-12-21,36.5,36.549999,35.150002,35.25,35.25,156738.0
2018-12-24,35.299999,35.650002,34.599998,34.799999,34.799999,134423.0
2018-12-26,34.799999,35.200001,34.400002,34.75,34.75,146946.0
2018-12-27,35.049999,36.0,34.900002,35.049999,35.049999,259540.0
2018-12-28,35.049999,35.450001,35.0,35.099998,35.099998,93246.0
2018-12-31,35.099998,35.450001,34.849998,34.950001,34.950001,95212.0
2019-01-01,35.0,35.450001,34.849998,35.200001,35.200001,139606.0
2019-01-02,35.049999,35.400002,34.700001,34.849998,34.849998,71449.0
2019-01-03,34.799999,35.200001,34.400002,34.450001,34.450001,61091.0
2019-01-04,34.599998,35.099998,34.400002,34.650002,34.650002,67623.0
2019-01-07,34.950001,35.349998,34.5,34.599998,34.599998,105199.0
2019-01-08,34.849998,34.950001,34.5,34.849998,34.849998,59548.0
2019-01-09,34.849998,35.25,34.799999,34.799999,34.799999,74715.0
2019-01-10,34.799999,35.099998,34.400002,34.549999,34.549999,60349.0
2019-01-11,34.700001,34.900002,34.349998,34.650002,34.650002,56641.0
2019-01-14,34.599998,35.549999,34.5,34.799999,34.799999,90120.0
2019-01-15,35.200001,35.25,34.849998,35.0,35.0,108067.0
2019-01-16,35.0,35.099998,34.599998,34.700001,34.700001,55324.0
2019-01-17,34.650002,34.849998,34.450001,34.5,34.5,90442.0
2019-01-18,34.599998,34.900002,34.349998,34.5,34.5,108918.0
2019-01-21,34.650002,35.200001,34.299999,34.5,34.5,235244.0
2019-01-22,34.650002,34.650002,33.799999,33.900002,33.900002,80142.0
2019-01-23,34.0,34.0,33.0,33.200001,33.200001,64682.0
2019-01-24,32.599998,32.950001,32.599998,32.700001,32.700001,76346.0
2019-01-25,32.650002,33.150002,32.599998,32.799999,32.799999,97370.0
2019-01-28,32.650002,33.049999,30.9,31.5,31.5,129151.0
2019-01-29,31.25,31.549999,30.950001,31.1,31.1,101842.0
2019-01-30,31.1,32.900002,30.9,31.049999,31.049999,458973.0
2019-01-31,31.200001,31.799999,31.0,31.4,31.4,154933.0
2019-02-01,31.4,31.85,30.75,30.9,30.9,209200.0
2019-02-04,31.25,31.25,29.5,30.1,30.1,220020.0
2019-02-05,30.6,32.200001,29.549999,30.6,30.6,1122382.0
2019-02-06,30.5,31.200001,29.0,29.15,29.15,237328.0
2019-02-07,29.15,31.65,29.15,30.85,30.85,246095.0
2019-02-08,30.85,30.85,29.9,30.0,30.0,97026.0
2019-02-11,29.65,29.950001,29.299999,29.5,29.5,88500.0
2019-02-12,29.5,30.450001,29.4,29.549999,29.549999,148388.0
2019-02-14,29.25,29.799999,28.950001,29.6,29.6,212321.0
2019-02-15,29.65,29.85,29.450001,29.549999,29.549999,68538.0
2019-02-18,29.75,29.9,29.5,29.5,29.5,87417.0
2019-02-19,29.799999,30.200001,29.25,29.9,29.9,83773.0
2019-02-20,30.1,30.1,29.5,29.549999,29.549999,56973.0
2019-02-21,29.6,29.950001,29.5,29.799999,29.799999,77009.0
2019-02-22,29.799999,31.0,29.799999,30.25,30.25,355280.0
2019-02-25,30.450001,30.9,30.25,30.450001,30.450001,155516.0
2019-02-26,30.15,30.15,29.299999,29.799999,29.799999,109491.0
2019-02-27,29.9,30.4,29.299999,29.450001,29.450001,127450.0
2019-02-28,29.6,30.15,29.5,29.75,29.75,181682.0
2019-03-01,29.65,31.049999,29.65,30.700001,30.700001,339131.0
2019-03-05,30.65,33.5,30.35,33.099998,33.099998,444161.0
2019-03-06,33.950001,34.549999,32.799999,33.450001,33.450001,418058.0
2019-03-07,33.200001,34.900002,32.849998,34.25,34.25,299015.0
2019-03-08,34.0,34.200001,33.349998,33.5,33.5,134375.0
2019-03-11,33.5,34.150002,33.5,33.900002,33.900002,81441.0
2019-03-12,34.099998,34.599998,33.75,33.900002,33.900002,208656.0
2019-03-13,34.0,34.549999,33.549999,33.700001,33.700001,222541.0
2019-03-14,33.799999,35.349998,33.400002,34.549999,34.549999,551450.0
2019-03-15,34.900002,35.400002,33.150002,33.349998,33.349998,443474.0
2019-03-18,33.599998,34.349998,33.049999,33.950001,33.950001,341249.0
2019-03-19,34.150002,34.150002,33.25,33.75,33.75,203208.0
2019-03-20,33.700001,34.200001,33.200001,33.349998,33.349998,311474.0
2019-03-22,33.549999,33.650002,32.299999,32.450001,32.450001,217402.0
2019-03-25,32.400002,32.549999,31.799999,32.049999,32.049999,206879.0
2019-03-26,32.049999,32.950001,31.6,32.450001,32.450001,232807.0
2019-03-27,32.700001,32.849998,31.799999,32.400002,32.400002,188740.0
2019-03-28,32.5,33.150002,32.299999,32.450001,32.450001,134855.0
2019-04-01,33.299999,34.5,32.799999,33.950001,33.950001,186939.0
2019-04-02,34.0,34.299999,33.75,33.900002,33.900002,84367.0
2019-04-03,34.0,34.799999,33.75,33.849998,33.849998,244472.0
2019-04-04,34.0,34.150002,33.349998,33.400002,33.400002,88114.0
2019-04-05,33.349998,34.0,33.349998,33.799999,33.799999,74168.0
2019-04-08,33.799999,34.900002,33.650002,33.900002,33.900002,284034.0
2019-04-09,33.799999,34.0,33.400002,33.75,33.75,108115.0
2019-04-10,34.0,34.049999,33.299999,33.450001,33.450001,118461.0
2019-04-11,33.549999,34.200001,33.5,34.049999,34.049999,127634.0
2019-04-12,33.849998,36.0,33.599998,34.75,34.75,1037107.0
2019-04-15,34.799999,35.400002,34.75,34.799999,34.799999,223705.0
2019-04-16,34.75,35.75,34.75,35.150002,35.150002,393400.0
2019-04-18,35.200001,35.299999,33.200001,33.549999,33.549999,178458.0
2019-04-22,33.200001,33.849998,33.0,33.099998,33.099998,157764.0
2019-04-23,33.25,33.25,32.299999,32.349998,32.349998,105533.0
2019-04-24,32.5,33.900002,32.049999,33.700001,33.700001,172003.0
2019-04-25,33.700001,34.0,33.5,33.700001,33.700001,76423.0
2019-04-26,33.700001,34.049999,33.5,33.599998,33.599998,58613.0
2019-04-30,33.0,33.25,31.75,32.549999,32.549999,212906.0
2019-05-02,32.599998,33.049999,32.599998,32.900002,32.900002,84241.0
2019-05-03,33.0,33.950001,33.0,33.150002,33.150002,71217.0
2019-05-06,32.950001,33.900002,32.700001,33.700001,33.700001,101933.0
2019-05-07,33.700001,33.900002,33.049999,33.099998,33.099998,40832.0
2019-05-08,33.0,33.099998,32.549999,32.650002,32.650002,70496.0
2019-05-09,32.5,33.049999,32.5,32.799999,32.799999,45539.0
2019-05-10,32.75,33.25,31.799999,32.0,32.0,127380.0
2019-05-13,32.299999,32.5,30.799999,31.0,31.0,71180.0
2019-05-14,32.099998,32.5,30.799999,30.9,30.9,230938.0
2019-05-15,32.0,34.450001,30.1,30.5,30.5,785938.0
2019-05-16,31.4,31.4,30.6,30.75,30.75,143536.0
2019-05-17,31.0,31.1,29.85,29.9,29.9,235903.0
2019-05-20,31.1,31.200001,30.299999,31.0,31.0,157825.0
2019-05-21,31.450001,31.450001,30.049999,30.6,30.6,178673.0
2019-05-22,31.1,31.1,30.25,30.5,30.5,74384.0
2019-05-23,30.85,31.450001,30.1,30.35,30.35,129013.0
2019-05-24,30.25,32.75,30.25,32.349998,32.349998,250482.0
2019-05-27,32.650002,34.0,32.150002,33.799999,33.799999,310655.0
2019-05-28,34.0,36.349998,33.849998,36.0,36.0,606310.0
2019-05-29,38.0,39.549999,37.75,38.700001,38.700001,1717599.0
2019-05-30,38.900002,39.200001,36.5,36.849998,36.849998,330006.0
2019-05-31,36.849998,37.5,35.549999,36.200001,36.200001,225910.0
2019-06-03,36.650002,37.299999,36.200001,37.0,37.0,195162.0
2019-06-04,37.0,37.0,36.049999,36.25,36.25,81234.0
2019-06-06,37.25,37.450001,34.349998,34.900002,34.900002,430137.0
2019-06-07,35.150002,35.549999,32.0,33.200001,33.200001,622278.0
2019-06-10,33.200001,34.0,32.950001,33.700001,33.700001,168779.0
2019-06-11,33.700001,34.25,33.549999,33.950001,33.950001,109112.0
2019-06-12,34.0,34.400002,33.799999,34.049999,34.049999,90053.0
2019-06-13,34.450001,34.450001,33.599998,34.049999,34.049999,210956.0
2019-06-14,34.549999,35.150002,33.849998,34.099998,34.099998,331830.0
2019-06-17,34.0,34.0,32.950001,33.049999,33.049999,90645.0
2019-06-18,33.25,33.25,32.049999,32.349998,32.349998,146561.0
2019-06-19,32.599998,32.650002,29.4,30.049999,30.049999,263248.0
2019-06-20,29.5,31.950001,28.950001,31.700001,31.700001,381724.0
2019-06-21,32.0,32.799999,31.25,32.5,32.5,138589.0
2019-06-24,32.200001,32.799999,31.6,32.0,32.0,158239.0
2019-06-25,31.700001,32.25,31.15,31.950001,31.950001,35659.0
2019-06-26,32.200001,33.349998,31.5,33.200001,33.200001,149683.0
2019-06-27,33.299999,34.650002,33.099998,33.75,33.75,199608.0
2019-06-28,34.450001,34.450001,33.549999,33.650002,33.650002,178021.0
2019-07-01,34.0,34.200001,32.599998,33.0,33.0,289593.0
2019-07-02,33.0,34.5,32.75,34.25,34.25,221774.0
2019-07-03,34.25,34.450001,34.049999,34.099998,34.099998,77167.0
2019-07-04,34.200001,34.75,34.0,34.349998,34.349998,81766.0
2019-07-05,34.049999,35.049999,33.75,34.049999,34.049999,222709.0
2019-07-08,33.75,33.75,32.25,33.200001,33.200001,132258.0
2019-07-09,33.0,34.549999,32.549999,34.099998,34.099998,151206.0
2019-07-10,34.0,34.349998,33.5,33.75,33.75,106409.0
2019-07-11,33.950001,34.25,33.549999,34.049999,34.049999,74376.0
2019-07-12,33.900002,34.650002,33.349998,34.200001,34.200001,162211.0
2019-07-15,34.0,34.349998,33.650002,33.900002,33.900002,149377.0
2019-07-16,33.900002,34.099998,33.349998,33.5,33.5,100130.0
2019-07-17,33.650002,33.650002,32.25,32.549999,32.549999,153200.0
2019-07-18,32.650002,33.0,32.200001,32.299999,32.299999,117197.0
2019-07-19,32.400002,32.549999,31.049999,31.200001,31.200001,125729.0
2019-07-22,31.15,31.6,29.549999,31.4,31.4,196585.0
2019-07-23,31.4,31.6,30.65,30.75,30.75,104842.0
2019-07-24,30.5,30.950001,29.6,29.75,29.75,182548.0
2019-07-25,29.65,30.1,29.0,29.9,29.9,154548.0
2019-07-26,29.700001,29.9,29.1,29.25,29.25,112431.0
2019-07-29,29.299999,30.450001,29.25,30.200001,30.200001,118131.0
2019-07-30,30.450001,30.450001,29.0,29.200001,29.200001,87088.0
2019-07-31,29.6,29.6,28.0,29.299999,29.299999,119713.0
2019-08-01,29.299999,29.65,27.35,28.4,28.4,131622.0
2019-08-02,28.65,28.65,27.299999,27.700001,27.700001,120202.0
2019-08-05,27.700001,32.450001,26.549999,31.15,31.15,349507.0
2019-08-06,31.799999,33.0,30.200001,32.700001,32.700001,311188.0
2019-08-07,32.700001,32.75,31.6,31.799999,31.799999,74153.0
2019-08-08,31.549999,32.950001,31.25,32.0,32.0,78116.0
2019-08-09,32.200001,33.0,31.5,32.0,32.0,115150.0
2019-08-13,31.549999,32.75,29.5,30.299999,30.299999,87273.0
2019-08-14,30.200001,31.9,29.0,31.299999,31.299999,272170.0
2019-08-16,30.85,31.5,30.049999,30.6,30.6,69134.0
2019-08-19,30.25,31.1,29.5,30.25,30.25,119475.0
2019-08-20,30.1,30.700001,29.700001,29.75,29.75,78575.0
2019-08-21,29.9,29.9,28.75,28.950001,28.950001,91791.0
2019-08-22,29.0,29.1,27.549999,28.1,28.1,144051.0
2019-08-23,28.0,29.0,27.4,28.35,28.35,174425.0
2019-08-26,28.25,29.799999,28.25,29.6,29.6,83570.0
2019-08-27,29.200001,30.200001,29.0,29.75,29.75,86726.0
2019-08-28,29.9,29.950001,28.799999,28.950001,28.950001,64167.0
2019-08-29,28.5,29.200001,28.299999,28.549999,28.549999,93524.0
2019-08-30,28.700001,29.0,27.65,28.0,28.0,108061.0
2019-09-03,28.0,28.700001,27.700001,28.35,28.35,67633.0
2019-09-04,27.75,28.799999,27.75,28.5,28.5,60586.0
2019-09-05,29.0,29.200001,28.200001,28.5,28.5,107709.0
2019-09-06,28.6,30.6,28.5,30.15,30.15,236474.0
2019-09-09,30.65,30.950001,29.65,30.450001,30.450001,121586.0
2019-09-11,30.4,31.450001,30.049999,30.65,30.65,353218.0
2019-09-12,30.65,32.099998,30.450001,30.65,30.65,485788.0
2019-09-13,30.75,31.25,30.25,30.4,30.4,321978.0
2019-09-16,29.9,30.15,29.4,29.75,29.75,188713.0
2019-09-17,29.75,30.65,28.049999,28.25,28.25,388565.0
2019-09-18,28.549999,28.700001,27.549999,28.049999,28.049999,122174.0
2019-09-19,28.4,29.5,28.0,28.299999,28.299999,238143.0
2019-09-20,28.299999,29.35,28.200001,29.15,29.15,178266.0
2019-09-23,29.450001,30.1,29.450001,29.9,29.9,194529.0
2019-09-24,32.299999,35.849998,31.700001,33.950001,33.950001,3196272.0
2019-09-25,33.599998,34.200001,32.5,32.950001,32.950001,543603.0
2019-09-26,33.25,38.900002,32.900002,38.349998,38.349998,1951831.0
2019-09-27,38.599998,41.75,38.5,38.900002,38.900002,2468064.0
2019-09-30,38.799999,38.799999,34.799999,37.25,37.25,409389.0
2019-10-01,37.0,39.799999,33.400002,37.25,37.25,722771.0
2019-10-03,37.700001,40.5,37.299999,40.099998,40.099998,981080.0
2019-10-04,41.0,41.0,37.099998,37.25,37.25,747450.0
2019-10-07,37.099998,37.200001,34.400002,34.700001,34.700001,221598.0
2019-10-09,34.950001,34.950001,33.049999,34.299999,34.299999,189235.0
2019-10-10,34.25,38.0,34.049999,36.049999,36.049999,340240.0
2019-10-11,36.349998,36.599998,34.0,34.450001,34.450001,216482.0
2019-10-14,34.5,38.900002,34.049999,38.150002,38.150002,1834043.0
2019-10-15,37.5,37.799999,36.549999,37.299999,37.299999,434335.0
2019-10-16,37.299999,38.5,36.5,36.700001,36.700001,255570.0
2019-10-17,36.950001,38.049999,36.799999,37.950001,37.950001,341525.0
2019-10-18,37.950001,38.700001,37.25,38.299999,38.299999,251026.0
2019-10-22,38.400002,39.5,36.549999,37.849998,37.849998,434092.0
2019-10-23,36.599998,37.349998,35.700001,37.0,37.0,279310.0
2019-10-24,36.599998,38.5,36.599998,37.450001,37.450001,201142.0
2019-10-25,37.450001,37.799999,36.799999,37.5,37.5,139273.0
2019-10-27,,,,,,
2019-10-29,37.150002,37.799999,36.049999,37.299999,37.299999,306285.0
2019-10-30,37.349998,40.0,37.25,39.200001,39.200001,455803.0
2019-10-31,39.5,40.650002,39.049999,39.099998,39.099998,278079.0
2019-11-01,39.0,39.349998,38.299999,38.5,38.5,140177.0
2019-11-04,38.799999,40.049999,38.5,39.700001,39.700001,362038.0
2019-11-05,39.950001,40.299999,38.049999,38.299999,38.299999,174966.0
2019-11-06,38.0,43.849998,37.099998,39.400002,39.400002,1561283.0
2019-11-07,39.799999,40.349998,38.700001,39.099998,39.099998,378031.0
2019-11-08,38.650002,38.849998,37.349998,37.599998,37.599998,252870.0
2019-11-11,37.700001,38.450001,37.049999,37.799999,37.799999,157398.0
2019-11-13,38.0,38.25,36.25,36.5,36.5,145287.0
2019-11-14,36.599998,37.900002,35.25,37.099998,37.099998,288819.0
2019-11-15,37.0,37.900002,36.200001,36.599998,36.599998,237754.0
2019-11-18,36.700001,38.5,36.700001,37.75,37.75,215170.0
2019-11-19,37.75,40.299999,37.75,39.900002,39.900002,890774.0
2019-11-20,41.0,44.200001,40.849998,42.299999,42.299999,3634623.0
2019-11-21,42.099998,42.400002,39.849998,40.049999,40.049999,392766.0
2019-11-22,40.0,43.650002,39.700001,42.049999,42.049999,762407.0
2019-11-25,42.099998,42.400002,40.25,40.349998,40.349998,304775.0
2019-11-26,40.549999,41.099998,39.25,39.599998,39.599998,336100.0
2019-11-27,39.599998,40.349998,39.200001,39.349998,39.349998,172444.0
2019-11-28,39.049999,39.650002,38.849998,39.099998,39.099998,144920.0
2019-11-29,39.0,39.25,38.049999,38.150002,38.150002,252897.0
2019-12-02,38.5,39.599998,38.200001,38.650002,38.650002,173865.0
2019-12-03,38.900002,38.950001,36.900002,37.400002,37.400002,270645.0
2019-12-04,37.25,37.450001,36.700001,36.900002,36.900002,227504.0
2019-12-05,37.099998,37.75,37.0,37.150002,37.150002,108857.0
2019-12-06,37.75,38.049999,34.799999,35.5,35.5,215938.0
2019-12-09,35.25,38.400002,34.299999,37.75,37.75,551700.0
2019-12-10,37.25,37.799999,36.5,37.099998,37.099998,245007.0
2019-12-11,37.450001,38.599998,35.150002,35.950001,35.950001,1102020.0
2019-12-12,36.0,38.0,35.900002,37.0,37.0,447193.0
2019-12-13,37.349998,38.849998,37.049999,38.400002,38.400002,410476.0
2019-12-16,37.650002,39.400002,37.400002,38.150002,38.150002,374891.0
2019-12-17,38.150002,38.599998,37.549999,37.75,37.75,183366.0
2019-12-18,38.25,39.200001,37.349998,38.799999,38.799999,454743.0
2019-12-19,38.950001,41.25,37.849998,40.349998,40.349998,991058.0
2019-12-20,40.599998,42.599998,40.349998,41.099998,41.099998,850453.0
2019-12-23,40.400002,41.900002,40.25,41.5,41.5,321924.0
2019-12-24,41.5,41.5,40.349998,40.799999,40.799999,320000.0
2019-12-26,41.0,41.950001,40.799999,40.900002,40.900002,193056.0
2019-12-27,41.049999,43.0,39.900002,42.650002,42.650002,2044609.0
2019-12-30,43.549999,45.650002,43.049999,43.400002,43.400002,8022953.0
2019-12-31,43.200001,43.299999,42.5,42.599998,42.599998,1097642.0
2020-01-01,42.299999,43.049999,42.299999,42.75,42.75,915750.0
2020-01-02,42.75,42.75,42.349998,42.5,42.5,724442.0
2020-01-03,42.599998,42.950001,42.400002,42.549999,42.549999,498911.0
2020-01-06,42.400002,42.700001,42.099998,42.150002,42.150002,562859.0
2020-01-07,42.299999,42.599998,42.200001,42.349998,42.349998,379545.0
2020-01-08,42.200001,42.450001,42.099998,42.25,42.25,878826.0
2020-01-09,42.299999,42.75,42.299999,42.599998,42.599998,703285.0
2020-01-10,42.599998,43.049999,42.450001,42.5,42.5,806290.0
2020-01-13,42.900002,43.049999,42.5,42.950001,42.950001,681613.0
2020-01-14,43.0,43.0,42.549999,42.599998,42.599998,495938.0
2020-01-15,42.799999,42.799999,42.5,42.549999,42.549999,791072.0
2020-01-16,42.75,42.900002,42.549999,42.599998,42.599998,462466.0
2020-01-17,42.599998,42.950001,42.549999,42.650002,42.650002,409811.0
2020-01-20,42.75,42.849998,42.5,42.549999,42.549999,338221.0
2020-01-21,42.549999,42.849998,42.549999,42.599998,42.599998,240362.0
2020-01-22,42.099998,42.700001,42.099998,42.599998,42.599998,1605000.0
2020-01-23,42.549999,42.700001,42.549999,42.599998,42.599998,228336.0
2020-01-24,42.700001,43.450001,42.400002,42.849998,42.849998,1389084.0
2020-01-27,42.849998,42.950001,42.599998,42.849998,42.849998,268995.0
2020-01-28,43.349998,43.5,42.799999,42.799999,42.799999,1708451.0
2020-01-29,42.849998,43.200001,42.849998,43.099998,43.099998,812666.0
2020-01-30,43.400002,43.450001,43.0,43.049999,43.049999,889741.0
2020-01-31,43.299999,43.450001,43.0,43.0,43.0,708586.0
