2015-04-29,77.0,82.0,76.0,78.050003,74.820389,13146.0
2015-04-30,81.0,84.0,79.800003,82.0,78.606941,8044.0
2015-05-04,82.0,83.0,82.0,83.0,79.565567,637.0
2015-05-05,82.0,84.0,79.0,82.400002,78.990402,4570.0
2015-05-06,81.0,82.949997,81.0,81.349998,77.98383299999999,953.0
2015-05-07,81.0,82.0,80.0,80.0,76.689697,4210.0
2015-05-08,81.0,81.0,80.0,80.0,76.689697,210.0
2015-05-11,80.0,80.0,80.0,80.0,76.689697,1400.0
2015-05-12,79.0,80.0,79.0,80.0,76.689697,200.0
2015-05-13,81.0,81.0,74.0,76.0,72.855209,16804.0
2015-05-14,78.0,80.0,78.0,80.0,76.689697,3110.0
2015-05-15,80.0,91.699997,80.0,86.599998,83.016602,3539.0
2015-05-18,87.5,89.0,86.5,86.5,82.920731,3735.0
2015-05-19,88.0,88.0,84.0,86.349998,82.776939,805.0
2015-05-20,87.0,103.599998,85.050003,92.300003,88.480743,37988.0
2015-05-21,92.5,94.75,86.0,87.849998,84.214874,16147.0
2015-05-22,89.949997,92.0,83.300003,84.099998,80.620041,7402.0
2015-05-25,84.099998,85.0,84.099998,84.099998,80.620041,263.0
2015-05-26,85.0,85.0,84.25,85.0,81.482803,1151.0
2015-05-27,84.0,85.0,84.0,85.0,81.482803,2474.0
2015-05-28,84.0,84.849998,80.050003,82.5,79.08625,8087.0
2015-05-29,82.050003,85.0,82.050003,84.0,80.524185,7650.0
2015-06-01,85.0,85.0,81.5,85.0,81.482803,375.0
2015-06-02,81.0,84.449997,77.75,80.0,76.689697,3642.0
2015-06-03,78.0,82.0,78.0,82.0,78.606941,245.0
2015-06-04,78.050003,80.0,78.050003,80.0,76.689697,1227.0
2015-06-05,80.0,80.0,80.0,80.0,76.689697,0.0
2015-06-08,82.949997,82.949997,77.050003,80.0,76.689697,2131.0
2015-06-09,80.0,80.0,80.0,80.0,76.689697,1773.0
2015-06-10,80.0,84.0,80.0,84.0,80.524185,4.0
2015-06-11,78.050003,80.0,78.050003,79.349998,76.06658900000001,1200.0
2015-06-12,78.5,78.5,78.5,78.5,75.251762,500.0
2015-06-15,76.5,83.949997,76.5,80.0,76.689697,575.0
2015-06-16,76.5,80.0,76.099998,77.0,73.813828,2405.0
2015-06-17,81.949997,83.5,80.300003,82.599998,79.182121,79593.0
2015-06-18,77.099998,88.0,77.099998,83.099998,79.661423,262767.0
2015-06-19,99.550003,99.550003,87.0,88.5,84.837967,3314.0
2015-06-22,89.0,89.800003,88.0,88.0,84.358665,1110.0
2015-06-23,90.0,90.300003,89.0,89.949997,86.227974,1475.0
2015-06-24,91.0,91.900002,86.050003,86.150002,82.58521999999999,5125.0
2015-06-25,86.900002,88.0,85.25,85.900002,82.345566,105134.0
2015-06-26,86.25,97.900002,86.0,93.949997,90.062462,230343.0
2015-06-29,95.699997,105.0,81.0,88.900002,85.221428,7177.0
2015-06-30,90.050003,93.0,88.0,89.550003,85.844536,1832.0
2015-07-01,91.0,91.0,89.0,90.099998,86.371758,2400.0
2015-07-02,90.150002,90.5,84.650002,90.5,86.755211,4452.0
2015-07-03,98.5,98.5,87.599998,88.199997,84.550392,629.0
2015-07-06,87.199997,91.0,87.199997,90.0,86.275909,301.0
2015-07-07,89.900002,90.0,89.0,89.75,86.036263,3954.0
2015-07-08,90.0,90.25,89.0,89.650002,85.940392,3900.0
2015-07-09,90.0,90.0,87.150002,87.400002,83.783493,1927.0
2015-07-10,89.0,89.0,87.0,87.5,83.879349,2100.0
2015-07-13,89.0,89.0,88.0,89.0,85.317291,2050.0
2015-07-14,89.0,89.0,87.699997,87.699997,84.071075,427.0
2015-07-15,88.900002,89.0,86.800003,87.300003,83.687637,550.0
2015-07-16,86.050003,89.0,71.699997,88.699997,85.029701,3435.0
2015-07-17,89.0,90.099998,88.0,89.0,85.317291,955.0
2015-07-20,89.0,89.0,88.0,89.0,85.317291,2820.0
2015-07-21,90.0,90.0,77.0,79.300003,76.018661,19420.0
2015-07-22,84.0,84.900002,73.0,78.900002,75.63520799999999,20031.0
2015-07-23,78.0,83.0,75.599998,80.5,77.169014,13784.0
2015-07-24,81.949997,82.900002,75.099998,77.349998,74.149345,26777.0
2015-07-27,75.300003,83.0,71.0,74.349998,71.273483,20923.0
2015-07-28,77.400002,83.0,75.0,79.300003,76.018661,14563.0
2015-07-29,80.0,80.0,78.0,79.75,76.450035,439.0
2015-07-30,81.5,81.900002,79.75,80.75,77.408661,1858.0
2015-07-31,81.0,81.949997,79.050003,80.099998,76.785561,1878.0
2015-08-03,81.0,81.0,74.050003,80.099998,76.785561,6615.0
2015-08-04,81.0,81.0,80.0,80.0,76.689697,11.0
2015-08-05,80.0,81.949997,79.0,81.699997,78.319351,2975.0
2015-08-06,92.0,92.0,75.550003,77.5,74.293137,10585.0
2015-08-07,83.699997,83.699997,69.0,71.150002,68.205894,142395.0
2015-08-10,70.25,77.5,69.5,72.849998,69.835548,254958.0
2015-08-11,75.0,77.0,73.0,74.550003,71.46521,208451.0
2015-08-12,70.300003,75.699997,70.25,73.0,69.979347,266187.0
2015-08-13,75.0,79.0,70.0,76.800003,73.622116,255004.0
2015-08-14,77.0,79.75,73.449997,74.050003,70.985901,7719.0
2015-08-17,76.900002,79.0,70.5,71.050003,68.110039,490578.0
2015-08-18,73.0,74.900002,70.199997,70.949997,68.01416800000001,411870.0
2015-08-19,72.0,73.449997,71.550003,72.599998,69.595901,37902.0
2015-08-20,73.0,77.0,71.349998,73.400002,70.36279300000001,295610.0
2015-08-21,74.0,75.949997,71.0,74.199997,71.129692,118166.0
2015-08-24,74.25,74.25,68.0,69.75,66.863831,71668.0
2015-08-25,72.0,73.650002,67.900002,70.300003,67.391075,40177.0
2015-08-26,72.0,72.0,67.0,68.5,65.66555799999999,17725.0
2015-08-27,70.5,73.0,69.0,69.849998,66.959694,38171.0
2015-08-28,70.5,72.0,69.900002,70.849998,67.918312,118534.0
2015-08-31,71.449997,74.949997,70.050003,72.449997,69.45210300000001,88813.0
2015-09-01,72.5,74.0,70.0,70.650002,67.72659300000001,20209.0
2015-09-02,71.0,73.0,70.5,71.75,68.781075,21248.0
2015-09-03,72.5,74.0,72.0,72.75,69.739693,19157.0
2015-09-04,71.099998,71.099998,69.199997,69.699997,66.815903,14122.0
2015-09-07,70.599998,70.599998,68.0,68.550003,65.713486,6374.0
2015-09-08,70.0,72.949997,68.5,70.300003,67.391075,21743.0
2015-09-09,70.300003,72.5,70.0,70.400002,67.48693100000001,31045.0
2015-09-10,70.0,70.0,65.150002,69.25,66.384506,4950.0
2015-09-11,71.150002,72.0,69.75,70.199997,67.295212,3807.0
2015-09-14,71.5,74.800003,71.0,71.5,68.54142,92278.0
2015-09-15,72.5,75.0,72.099998,72.5,69.500038,19525.0
2015-09-16,73.449997,74.449997,71.050003,73.449997,70.410713,140878.0
2015-09-18,74.0,76.0,70.050003,71.650002,68.68521899999999,34023.0
2015-09-21,72.349998,78.0,72.0,73.5,70.458656,54340.0
2015-09-22,74.349998,75.949997,73.0,73.400002,70.36279300000001,24136.0
2015-09-23,73.5,75.199997,72.699997,74.599998,71.513138,13146.0
2015-09-24,75.0,81.300003,75.0,79.349998,76.06658900000001,121855.0
2015-09-28,80.5,81.0,76.0,77.75,74.532791,27137.0
2015-09-29,78.0,78.5,75.550003,76.900002,73.717972,8098.0
2015-09-30,79.900002,79.900002,76.5,76.699997,73.52624499999999,4576.0
2015-10-01,79.400002,79.449997,74.099998,75.650002,72.519699,168529.0
2015-10-05,76.699997,80.400002,72.599998,75.099998,71.992455,187094.0
2015-10-06,76.0,77.400002,74.75,75.5,72.3759,288548.0
2015-10-07,76.400002,78.25,74.050003,75.449997,72.327972,213790.0
2015-10-08,76.699997,77.800003,74.349998,75.0,71.89658399999999,137134.0
2015-10-09,76.199997,76.949997,75.0,75.349998,72.232109,199142.0
2015-10-12,75.0,76.949997,75.0,76.150002,72.99900799999999,70678.0
2015-10-13,76.449997,76.900002,74.849998,75.400002,72.280037,141430.0
2015-10-14,75.900002,76.199997,74.75,75.349998,72.232109,229508.0
2015-10-15,76.449997,83.949997,76.099998,82.949997,79.517624,663598.0
2015-10-16,82.300003,85.849998,81.099998,83.599998,80.140739,255521.0
2015-10-19,83.099998,86.650002,83.099998,84.050003,80.57210500000001,124671.0
2015-10-20,84.0,86.0,82.25,82.5,79.08625,81535.0
2015-10-21,82.199997,84.199997,80.599998,80.800003,77.45659599999999,44782.0
2015-10-23,81.699997,94.0,81.699997,91.050003,87.282471,1661496.0
2015-10-26,89.599998,94.0,88.5,89.949997,86.227974,274393.0
2015-10-27,90.0,92.0,88.099998,89.199997,85.50901,173922.0
2015-10-28,89.199997,99.0,89.199997,93.900002,90.014534,801654.0
2015-10-29,94.5,104.099998,94.5,99.449997,95.334877,992994.0
2015-10-30,100.5,102.900002,95.550003,97.550003,93.513512,277271.0
2015-11-02,98.199997,102.300003,97.550003,100.5,96.34142299999999,159021.0
2015-11-03,101.849998,105.400002,98.800003,99.050003,94.951431,313829.0
2015-11-04,100.800003,101.400002,97.199997,98.0,93.94487,83218.0
2015-11-05,98.0,98.849998,96.099998,96.849998,92.842461,30748.0
2015-11-06,95.5,100.0,95.099998,96.300003,92.315224,30849.0
2015-11-09,95.199997,103.949997,94.0,102.099998,97.875237,174189.0
2015-11-10,100.050003,102.900002,98.5,98.949997,94.855568,68694.0
2015-11-13,101.0,103.800003,99.5,103.050003,98.785912,67124.0
2015-11-16,102.0,113.800003,102.0,111.449997,106.838333,435540.0
2015-11-17,112.5,115.449997,107.849998,109.300003,104.77730600000001,220163.0
2015-11-18,109.050003,112.400002,107.5,108.349998,103.866608,97959.0
2015-11-19,109.900002,111.0,107.550003,108.75,104.250061,85749.0
2015-11-20,109.099998,110.800003,105.150002,106.75,102.332825,50790.0
2015-11-23,107.550003,110.5,103.699997,104.849998,100.511436,98563.0
2015-11-24,106.25,108.25,104.0,104.75,100.415565,46471.0
2015-11-26,105.5,106.699997,102.0,103.099998,98.83384699999999,112125.0
2015-11-27,104.5,104.949997,99.550003,102.75,98.498329,151455.0
2015-11-30,103.5,106.349998,101.150002,102.599998,98.35453000000001,82607.0
2015-12-01,103.75,103.75,99.849998,100.349998,96.197632,25632.0
2015-12-02,100.349998,104.400002,99.599998,102.300003,98.066956,216621.0
2015-12-03,103.25,109.599998,102.349998,105.25,100.894882,687573.0
2015-12-04,104.650002,108.5,103.099998,104.0,99.696609,140106.0
2015-12-07,105.699997,105.75,100.75,102.099998,97.875237,87278.0
2015-12-08,102.5,102.949997,99.5,99.949997,95.81418599999999,54200.0
2015-12-09,100.050003,101.400002,93.300003,94.699997,90.781418,108168.0
2015-12-10,95.5,99.900002,95.150002,97.5,93.465576,61790.0
2015-12-11,99.199997,104.699997,98.0,99.949997,95.81418599999999,217559.0
2015-12-14,98.5,102.050003,98.5,101.099998,96.916595,45433.0
2015-12-15,100.5,102.099998,99.5,101.300003,97.108322,40267.0
2015-12-16,101.300003,104.5,100.199997,101.199997,97.01245899999999,48620.0
2015-12-17,101.5,103.75,100.650002,101.849998,97.635574,61263.0
2015-12-18,102.900002,103.900002,101.0,101.849998,97.635574,49644.0
2015-12-21,102.900002,106.0,102.550003,104.0,99.696609,79708.0
2015-12-22,104.75,109.0,102.949997,104.050003,99.744545,682753.0
2015-12-23,104.75,105.699997,101.449997,102.699997,98.450401,189596.0
2015-12-24,103.349998,104.349998,101.599998,102.449997,98.210732,76864.0
2015-12-28,103.400002,103.650002,101.199997,101.949997,97.731438,51327.0
2015-12-29,102.0,103.900002,101.599998,102.099998,97.875237,64961.0
2015-12-30,102.699997,103.5,101.550003,101.949997,97.731438,79962.0
2015-12-31,102.0,102.75,99.550003,100.400002,96.245575,59001.0
2016-01-01,102.849998,105.599998,100.699997,101.699997,97.491783,169173.0
2016-01-04,102.0,103.949997,100.0,101.849998,97.635574,99130.0
2016-01-05,101.0,107.5,101.0,105.25,100.894882,499750.0
2016-01-06,106.0,110.5,104.050003,104.800003,100.463509,437804.0
2016-01-07,103.699997,104.5,101.5,103.300003,99.025581,146760.0
2016-01-08,104.800003,119.199997,104.800003,117.599998,112.733856,993518.0
2016-01-11,116.699997,123.400002,112.349998,118.300003,113.40488400000001,1014250.0
2016-01-12,119.75,124.0,115.599998,118.349998,113.45281999999999,404530.0
2016-01-13,119.599998,121.900002,104.5,113.650002,108.947304,485927.0
2016-01-14,111.699997,117.5,106.5,111.199997,106.598679,249545.0
2016-01-15,113.050003,117.199997,106.099998,107.050003,102.620399,226977.0
2016-01-18,107.050003,116.099998,101.699997,107.849998,103.387291,1087254.0
2016-01-19,107.800003,113.400002,107.5,112.599998,107.940758,359429.0
2016-01-20,110.300003,110.300003,105.25,107.349998,102.90799,141357.0
2016-01-21,109.5,110.5,107.0,107.800003,103.339363,68045.0
2016-01-22,109.599998,115.300003,108.800003,112.699997,108.036606,167831.0
2016-01-25,114.300003,117.449997,112.199997,114.599998,109.85799399999999,311790.0
2016-01-27,115.400002,116.300003,113.599998,114.25,109.522461,92640.0
2016-01-28,113.650002,117.25,113.0,113.699997,109.474327,90603.0
2016-01-29,114.0,116.5,113.199997,113.599998,109.378052,56251.0
2016-02-01,114.849998,116.5,113.900002,114.400002,110.148315,59605.0
2016-02-02,115.800003,115.800003,110.650002,112.449997,108.27078999999999,37791.0
2016-02-03,110.099998,113.0,107.199997,107.849998,103.84174300000001,49669.0
2016-02-04,109.75,113.0,105.400002,106.949997,102.975197,59878.0
2016-02-05,108.949997,110.300003,106.900002,109.449997,105.38228600000001,73308.0
2016-02-08,109.300003,110.900002,107.0,107.949997,103.93802600000001,34943.0
2016-02-09,107.400002,108.699997,106.599998,107.449997,103.45661199999999,17050.0
2016-02-10,108.400002,108.400002,105.099998,105.900002,101.964226,31523.0
2016-02-11,105.050003,105.050003,96.25,99.800003,96.090919,49987.0
2016-02-12,101.800003,103.449997,95.050003,99.0,95.32064799999999,28982.0
2016-02-15,100.0,104.0,100.0,101.050003,97.294472,27031.0
2016-02-16,101.150002,103.5,96.599998,96.949997,93.34684,14698.0
2016-02-17,97.849998,102.449997,90.199997,101.349998,97.583321,76701.0
2016-02-18,102.650002,105.300003,99.800003,100.650002,96.90934,30671.0
2016-02-19,100.050003,101.0,99.199997,100.349998,96.620483,6476.0
2016-02-22,100.900002,103.849998,100.5,101.400002,97.631462,11244.0
2016-02-23,101.949997,103.300003,98.099998,99.150002,95.46508,15461.0
2016-02-24,99.0,101.5,97.400002,98.5,94.839233,7937.0
2016-02-25,99.400002,99.849998,97.5,98.300003,94.646675,9579.0
2016-02-26,98.800003,101.0,96.5,97.050003,93.443138,7988.0
2016-02-29,97.0,99.0,94.099998,95.800003,92.239586,10932.0
2016-03-01,95.800003,101.75,95.800003,98.400002,94.74295,68539.0
2016-03-02,100.300003,100.5,96.599998,97.449997,93.828255,42541.0
2016-03-03,97.900002,100.150002,97.400002,98.449997,94.7911,26964.0
2016-03-04,98.800003,103.300003,97.75,99.599998,95.898361,118543.0
2016-03-08,99.849998,102.0,98.5,99.400002,95.705788,35489.0
2016-03-09,98.800003,100.300003,97.050003,99.550003,95.85022,5084.0
2016-03-10,100.150002,101.0,99.349998,99.900002,96.187202,15904.0
2016-03-11,99.699997,100.300003,98.650002,99.300003,95.609505,9261.0
2016-03-14,100.050003,100.900002,98.300003,98.800003,95.128098,16362.0
2016-03-15,98.199997,100.349998,98.199997,98.400002,94.74295,3156.0
2016-03-16,98.599998,98.900002,95.949997,96.949997,93.34684,66761.0
2016-03-17,97.949997,98.349998,95.300003,95.849998,92.28772,16338.0
2016-03-18,95.949997,97.449997,95.25,95.550003,91.998878,16523.0
2016-03-21,96.050003,97.900002,95.0,96.849998,93.25056500000001,94978.0
2016-03-22,97.0,98.099998,96.050003,96.400002,92.817291,57330.0
2016-03-23,96.949997,97.400002,94.599998,95.650002,92.095161,13281.0
2016-03-28,95.599998,96.25,90.599998,92.199997,88.773376,74139.0
2016-03-29,93.449997,95.0,89.25,89.900002,86.558853,23601.0
2016-03-30,91.0,92.949997,91.0,92.099998,88.67710100000001,45191.0
2016-03-31,92.849998,94.0,91.599998,92.0,88.58081800000001,7565.0
2016-04-01,91.099998,91.099998,85.150002,86.550003,83.333366,90401.0
2016-04-04,87.900002,87.900002,85.25,85.849998,82.659378,15754.0
2016-04-05,86.400002,92.0,85.300003,89.650002,86.31815300000001,80852.0
2016-04-06,90.800003,97.5,89.5,90.849998,87.473549,362005.0
2016-04-07,91.5,92.900002,90.0,90.400002,87.040276,28690.0
2016-04-08,91.300003,91.800003,90.099998,91.050003,87.666122,15968.0
2016-04-11,91.550003,94.0,91.050003,93.25,89.784348,16377.0
2016-04-12,93.449997,99.400002,93.400002,98.550003,94.88739,190818.0
2016-04-13,100.900002,102.0,96.300003,97.25,93.635704,274448.0
2016-04-18,98.5,100.199997,96.199997,97.099998,93.491272,27912.0
2016-04-20,97.900002,98.800003,96.300003,96.599998,93.00985,18550.0
2016-04-21,96.150002,99.0,95.099998,97.400002,93.780121,32718.0
2016-04-22,97.0,97.900002,96.0,96.25,92.67286700000001,11915.0
2016-04-25,96.050003,97.0,94.900002,95.050003,91.51745600000001,20348.0
2016-04-26,95.0,97.5,94.900002,96.349998,92.76915,14670.0
2016-04-27,96.900002,97.449997,94.5,96.150002,92.576584,23661.0
2016-04-28,96.449997,99.400002,95.0,95.449997,91.902588,148606.0
2016-04-29,96.0,99.0,95.75,96.25,92.67286700000001,32140.0
2016-05-02,91.0,97.0,91.0,94.599998,91.08419,24160.0
2016-05-03,92.650002,96.400002,92.650002,94.550003,91.036041,40880.0
2016-05-04,93.349998,96.599998,92.300003,93.099998,89.639931,33458.0
2016-05-05,93.900002,94.900002,91.800003,92.25,88.821526,13388.0
2016-05-06,91.150002,94.0,91.099998,92.599998,89.158508,6697.0
2016-05-09,92.099998,102.400002,92.099998,101.0,97.246323,395525.0
2016-05-10,101.0,108.849998,100.25,105.050003,101.14580500000001,320049.0
2016-05-11,104.300003,109.5,103.0,105.550003,101.62722,139460.0
2016-05-12,106.5,109.800003,105.099998,106.650002,102.68634,86467.0
2016-05-13,107.25,110.449997,103.650002,109.150002,105.09343,266475.0
2016-05-16,109.199997,115.800003,108.349998,114.900002,110.62973000000001,402666.0
2016-05-17,115.75,116.800003,110.949997,113.650002,109.426193,185707.0
2016-05-18,114.449997,118.900002,112.0,117.699997,113.325676,226193.0
2016-05-19,117.900002,118.800003,112.800003,113.300003,109.089203,125949.0
2016-05-20,114.400002,118.300003,112.099998,115.550003,111.255569,257130.0
2016-05-23,116.699997,117.599998,112.0,112.849998,108.655922,159336.0
2016-05-24,115.400002,124.0,113.199997,115.650002,111.35186000000002,1029149.0
2016-05-25,116.599998,119.0,115.800003,116.75,112.410973,155024.0
2016-05-26,116.0,120.0,115.300003,117.300003,112.94053600000001,503579.0
2016-05-27,117.5,118.349998,113.699997,114.650002,110.38901499999999,168506.0
2016-05-30,115.75,115.800003,110.650002,111.800003,107.644951,73029.0
2016-05-31,112.75,113.849998,110.5,113.0,108.80034599999999,45932.0
2016-06-01,113.800003,114.650002,109.25,110.050003,105.959984,117235.0
2016-06-02,110.800003,112.400002,109.800003,111.800003,107.644951,48415.0
2016-06-03,109.800003,127.0,109.800003,123.349998,118.765694,1595065.0
2016-06-06,124.0,126.400002,119.0,121.650002,117.128876,317463.0
2016-06-07,122.550003,126.949997,120.650002,121.800003,117.2733,302256.0
2016-06-08,123.0,125.5,123.0,123.449997,118.86196899999999,374666.0
2016-06-09,123.949997,124.199997,121.550003,122.050003,117.514008,137300.0
2016-06-10,122.050003,123.900002,121.0,121.75,117.225151,99307.0
2016-06-13,120.949997,123.25,120.0,121.449997,116.936295,73416.0
2016-06-14,120.25,131.699997,120.25,129.300003,124.49456,842705.0
2016-06-15,131.100006,135.0,128.149994,131.899994,126.99791699999999,532669.0
2016-06-16,131.699997,136.800003,128.25,135.199997,130.175278,608118.0
2016-06-17,136.5,143.25,135.800003,138.75,133.593338,802088.0
2016-06-20,136.5,140.800003,136.300003,137.800003,132.67865,174218.0
2016-06-21,138.199997,139.399994,134.0,135.550003,130.512283,107137.0
2016-06-22,135.550003,137.75,130.199997,131.449997,126.564644,119951.0
2016-06-23,132.100006,136.600006,127.199997,133.350006,128.394028,160122.0
2016-06-24,121.199997,131.899994,121.199997,127.199997,122.472603,325429.0
2016-06-27,127.949997,135.800003,127.599998,133.399994,128.442169,177631.0
2016-06-28,133.949997,137.800003,133.0,134.75,129.742004,188632.0
2016-06-29,135.699997,136.350006,133.149994,134.699997,129.693863,159563.0
2016-06-30,135.399994,141.0,135.300003,137.699997,132.58235200000001,278070.0
2016-07-01,138.050003,141.0,136.25,137.699997,132.58235200000001,137181.0
2016-07-04,135.550003,144.0,135.550003,142.649994,137.34840400000002,350732.0
2016-07-05,142.850006,143.399994,138.0,139.550003,134.363617,110383.0
2016-07-07,140.75,140.75,136.800003,137.300003,132.197235,77998.0
2016-07-08,138.350006,138.399994,133.399994,134.899994,129.886429,90188.0
2016-07-11,136.850006,139.399994,131.5,133.199997,128.249603,169837.0
2016-07-12,134.399994,136.399994,133.399994,135.050003,130.030869,364645.0
2016-07-13,135.949997,136.0,129.149994,131.600006,126.709076,549869.0
2016-07-14,132.0,138.600006,127.800003,134.649994,129.64570600000002,489400.0
2016-07-15,133.800003,140.25,133.800003,137.300003,132.197235,230505.0
2016-07-18,136.149994,139.100006,133.300003,133.949997,128.97174099999998,105716.0
2016-07-19,134.050003,135.949997,131.550003,133.699997,128.731033,58257.0
2016-07-20,133.300003,135.0,130.800003,132.399994,127.479332,117124.0
2016-07-21,132.5,137.0,132.300003,133.600006,128.63475,102741.0
2016-07-22,134.0,134.800003,132.75,133.850006,128.875458,41844.0
2016-07-25,133.350006,142.199997,133.350006,140.949997,135.711578,254888.0
2016-07-26,141.0,144.300003,137.199997,138.699997,133.54521200000002,315222.0
2016-07-27,138.850006,140.899994,137.199997,137.850006,132.726807,84126.0
2016-07-28,138.0,141.300003,136.0,137.300003,132.197235,62563.0
2016-07-29,137.0,140.899994,136.649994,137.800003,132.67865,60243.0
2016-08-01,138.0,143.0,137.25,140.800003,135.56715400000002,149225.0
2016-08-02,140.149994,144.800003,125.099998,129.149994,124.350128,989271.0
2016-08-03,130.399994,134.699997,129.100006,131.800003,126.901634,146222.0
2016-08-04,132.100006,135.0,130.899994,132.0,127.09421499999999,80911.0
2016-08-05,132.550003,139.399994,131.5,137.050003,131.956528,240571.0
2016-08-08,138.199997,139.699997,135.800003,136.149994,131.089966,66077.0
2016-08-09,136.0,136.850006,133.300003,134.399994,129.404999,33419.0
2016-08-10,134.5,134.600006,129.350006,129.800003,124.975967,83040.0
2016-08-11,129.600006,132.0,127.800003,128.350006,123.57988,49378.0
2016-08-12,128.949997,132.149994,127.400002,128.649994,123.868706,40598.0
2016-08-16,128.399994,130.899994,127.300003,128.949997,124.15756200000001,20306.0
2016-08-17,128.399994,130.0,127.099998,128.800003,124.01313799999998,27311.0
2016-08-18,128.550003,133.5,128.0,130.149994,125.31295800000001,72338.0
2016-08-19,128.550003,132.899994,128.350006,129.850006,125.02411699999999,28413.0
2016-08-22,129.600006,131.899994,127.650002,128.25,123.48358200000001,38401.0
2016-08-23,127.800003,130.0,127.199997,127.550003,122.809601,25306.0
2016-08-24,127.050003,129.600006,125.050003,127.650002,122.905876,15912.0
2016-08-25,127.150002,129.0,125.550003,126.400002,121.702339,23488.0
2016-08-26,126.849998,128.399994,123.699997,124.050003,119.439674,23308.0
2016-08-29,123.75,125.300003,119.0,119.849998,115.39576699999999,70951.0
2016-08-30,119.849998,126.0,119.849998,122.599998,118.04355600000001,47470.0
2016-08-31,122.449997,125.0,121.050003,121.550003,117.03259299999999,22578.0
2016-09-01,121.0,123.849998,118.25,118.550003,114.144089,50775.0
2016-09-02,118.0,121.0,117.050003,118.550003,114.144089,26863.0
2016-09-06,118.949997,120.900002,117.099998,119.849998,115.39576699999999,17017.0
2016-09-07,119.800003,120.699997,114.349998,115.25,110.966728,72526.0
2016-09-08,115.0,120.0,112.099998,119.0,114.577354,396967.0
2016-09-09,118.599998,120.349998,116.300003,116.75,112.410973,95112.0
2016-09-12,114.5,122.0,112.699997,120.300003,115.82903300000001,221708.0
2016-09-14,121.449997,128.149994,121.449997,125.849998,121.172775,179618.0
2016-09-15,127.0,132.0,126.949997,131.149994,126.275795,175825.0
2016-09-16,131.899994,135.899994,131.649994,133.050003,128.105179,220402.0
2016-09-19,134.949997,139.5,132.0,133.050003,128.105179,69541.0
2016-09-20,132.0,134.949997,130.0,130.800003,125.93881200000001,40610.0
2016-09-21,130.199997,133.0,129.199997,131.050003,126.17952,28734.0
2016-09-22,131.899994,136.199997,131.899994,135.5,131.974716,140681.0
2016-09-23,135.050003,137.0,132.5,136.149994,132.607788,85963.0
2016-09-26,134.699997,136.949997,134.699997,135.5,131.974716,23398.0
2016-09-27,135.25,141.350006,135.0,138.949997,135.33496100000002,280269.0
2016-09-28,139.0,144.5,139.0,141.699997,138.01341200000002,157272.0
2016-09-29,141.199997,147.699997,126.0,129.550003,126.17952,275102.0
2016-09-30,130.600006,135.5,128.649994,131.449997,128.030075,102418.0
2016-10-03,132.199997,144.800003,132.199997,143.600006,139.86398300000002,230462.0
2016-10-04,142.300003,147.0,138.25,140.800003,137.136826,168071.0
2016-10-05,142.0,142.949997,138.649994,139.100006,135.481064,34605.0
2016-10-06,139.550003,140.199997,132.600006,134.0,130.513733,80768.0
2016-10-07,134.0,137.050003,133.949997,136.300003,132.753906,28475.0
2016-10-10,144.699997,151.5,141.0,149.649994,145.756561,803495.0
2016-10-13,150.399994,157.75,146.399994,155.800003,151.746567,722296.0
2016-10-14,156.199997,161.399994,155.0,157.600006,153.499741,298607.0
2016-10-17,157.699997,159.0,153.0,155.25,151.210892,264939.0
2016-10-18,155.899994,158.0,153.100006,154.649994,150.62648000000002,122418.0
2016-10-19,154.0,157.800003,152.0,156.0,151.94136,247369.0
2016-10-20,155.300003,157.600006,153.100006,154.850006,150.821304,135089.0
2016-10-21,155.0,159.100006,154.5,156.449997,152.37965400000002,129807.0
2016-10-24,156.75,165.5,156.75,162.649994,158.41835,419124.0
2016-10-25,165.0,169.600006,163.5,165.300003,160.99942,229088.0
2016-10-26,165.300003,167.0,158.0,159.300003,155.155518,106177.0
2016-10-27,157.449997,160.600006,153.5,156.449997,152.37965400000002,62682.0
2016-10-28,155.600006,162.350006,155.0,160.100006,155.934708,72164.0
2016-11-01,161.649994,172.5,160.5,170.300003,165.869324,473102.0
2016-11-02,164.199997,174.5,164.199997,169.5,165.090134,229677.0
2016-11-03,169.800003,175.0,167.75,169.699997,165.284927,200044.0
2016-11-04,168.550003,170.550003,162.149994,164.699997,160.415009,106386.0
2016-11-07,167.25,170.300003,164.149994,165.949997,161.632507,69516.0
2016-11-08,167.0,168.899994,162.600006,166.399994,162.070801,52743.0
2016-11-09,133.899994,160.0,133.149994,155.699997,151.64917,295410.0
2016-11-10,157.050003,161.949997,156.050003,158.300003,154.181534,65717.0
2016-11-11,154.699997,158.300003,145.0,145.75,141.958054,114131.0
2016-11-15,146.0,149.25,131.649994,134.149994,130.659821,102481.0
2016-11-16,135.5,138.800003,126.5,128.649994,125.302925,94998.0
2016-11-17,131.25,138.899994,129.550003,133.0,129.539764,63548.0
2016-11-18,133.350006,134.949997,128.5,131.800003,128.370972,86174.0
2016-11-21,132.550003,133.800003,131.550003,132.949997,129.491058,87649.0
2016-11-22,131.399994,138.850006,131.350006,138.350006,134.750565,41167.0
2016-11-23,139.149994,141.0,137.199997,139.050003,135.432358,39086.0
2016-11-24,138.949997,142.899994,137.449997,141.399994,137.72122199999998,19708.0
2016-11-25,141.25,144.0,141.0,142.600006,138.889999,14372.0
2016-11-28,141.050003,141.050003,131.399994,134.550003,131.04943799999998,208339.0
2016-11-29,135.25,139.100006,135.25,137.100006,133.533096,31823.0
2016-11-30,138.300003,139.449997,136.399994,138.699997,135.091461,34979.0
2016-12-01,139.0,139.0,134.0,135.0,131.487717,29538.0
2016-12-02,134.0,136.300003,130.350006,131.25,127.835274,39900.0
2016-12-05,133.0,134.699997,132.0,133.300003,129.83196999999998,10392.0
2016-12-06,133.850006,136.0,132.5,133.050003,129.588455,13405.0
2016-12-07,133.649994,134.449997,130.100006,131.0,127.59178899999999,17178.0
2016-12-08,133.149994,134.800003,130.050003,133.800003,130.318954,23743.0
2016-12-09,133.199997,136.0,132.0,134.050003,130.562454,17413.0
2016-12-12,133.0,134.350006,130.300003,131.449997,128.030075,11740.0
2016-12-13,133.449997,133.449997,130.0,130.800003,127.396996,18861.0
2016-12-14,131.050003,132.350006,126.5,127.150002,123.841949,38346.0
2016-12-15,126.150002,129.949997,126.150002,128.25,124.91333799999998,22800.0
2016-12-16,134.0,135.899994,131.0,133.699997,130.221542,84494.0
2016-12-19,135.100006,135.100006,130.149994,131.550003,128.12747199999998,37297.0
2016-12-20,133.800003,133.850006,128.0,129.300003,125.93602800000001,18899.0
2016-12-21,129.350006,130.0,126.099998,126.949997,123.64715600000001,29004.0
2016-12-22,126.949997,128.449997,124.0,127.449997,124.134148,33830.0
2016-12-23,126.199997,128.949997,125.150002,126.800003,123.50106799999999,23135.0
2016-12-26,127.050003,128.050003,124.099998,127.0,123.695854,17469.0
2016-12-27,125.150002,131.899994,125.150002,128.0,124.66983799999998,62261.0
2016-12-28,128.699997,129.699997,125.449997,126.699997,123.40366399999999,49884.0
2016-12-29,129.800003,132.300003,126.300003,129.800003,126.423004,42123.0
2016-12-30,130.850006,136.899994,130.800003,133.449997,129.978058,131597.0
2017-01-02,133.5,144.0,131.899994,139.649994,136.016739,109979.0
2017-01-03,139.649994,141.399994,137.649994,138.149994,134.555771,36589.0
2017-01-04,139.649994,139.699997,133.199997,134.449997,130.952042,56313.0
2017-01-05,134.949997,136.449997,134.300003,134.850006,131.341629,18724.0
2017-01-06,135.149994,138.149994,133.0,133.350006,129.88064599999998,56773.0
2017-01-09,137.0,137.699997,133.100006,137.100006,133.533096,23351.0
2017-01-10,136.75,138.649994,136.100006,137.75,134.166168,20972.0
2017-01-11,137.399994,139.300003,135.949997,136.75,133.192184,36280.0
2017-01-12,137.050003,139.0,136.0,138.25,134.653168,33650.0
2017-01-13,138.300003,138.300003,135.100006,135.949997,132.412994,14135.0
2017-01-16,136.5,137.75,135.100006,137.0,133.435684,9860.0
2017-01-17,137.949997,137.949997,135.100006,135.800003,132.266907,16079.0
2017-01-18,136.899994,139.0,135.699997,136.649994,133.094788,29503.0
2017-01-19,135.399994,141.25,135.300003,140.899994,137.234222,83270.0
2017-01-20,140.899994,148.300003,139.0,142.350006,138.6465,180059.0
2017-01-23,142.5,149.850006,142.5,144.699997,140.935349,59370.0
2017-01-24,145.0,148.300003,143.600006,144.600006,140.837967,49460.0
2017-01-25,145.699997,148.75,144.399994,146.699997,142.88331599999998,90842.0
2017-01-27,146.949997,148.199997,145.5,146.149994,142.347626,26205.0
2017-01-30,146.75,147.899994,142.25,143.100006,139.37698400000002,27157.0
2017-01-31,142.100006,147.699997,140.199997,145.449997,141.66583300000002,45314.0
2017-02-01,146.899994,148.300003,144.0,145.949997,142.15283200000002,94791.0
2017-02-02,144.050003,147.0,141.100006,143.149994,139.425674,41765.0
2017-02-03,143.949997,147.050003,142.25,143.5,139.76658600000002,78328.0
2017-02-06,146.899994,146.899994,143.050003,144.199997,140.448364,36468.0
2017-02-07,145.949997,145.949997,140.649994,141.899994,138.208191,27443.0
2017-02-08,140.5,142.5,139.0,139.949997,136.308929,24899.0
2017-02-09,141.949997,142.0,137.100006,138.550003,134.945358,46141.0
2017-02-10,137.449997,142.550003,137.399994,140.300003,136.649826,18196.0
2017-02-13,141.949997,142.649994,134.0,134.75,131.244232,74856.0
2017-02-14,131.550003,134.899994,127.75,131.899994,128.468369,120079.0
2017-02-15,131.949997,133.800003,128.899994,129.449997,126.082108,34846.0
2017-02-16,129.399994,132.699997,127.0,131.800003,128.370972,35385.0
2017-02-17,130.399994,136.0,129.0,134.75,131.244232,58143.0
2017-02-20,139.149994,141.949997,137.649994,138.100006,134.50708,67845.0
2017-02-21,137.649994,144.899994,137.300003,144.050003,140.302277,75414.0
2017-02-22,144.199997,146.0,142.649994,143.600006,140.841721,42110.0
2017-02-23,146.0,146.0,137.399994,138.649994,135.98678600000002,59808.0
2017-02-27,137.050003,145.949997,137.050003,142.5,139.762833,66140.0
2017-02-28,140.25,146.0,140.25,141.399994,138.68396,32164.0
2017-03-01,141.649994,144.850006,140.25,141.649994,138.929153,39081.0
2017-03-02,141.75,146.0,138.300003,139.050003,136.379105,120379.0
2017-03-03,142.0,142.0,138.149994,138.850006,136.182953,12062.0
2017-03-06,138.350006,140.899994,137.100006,137.600006,134.95696999999998,17387.0
2017-03-07,138.949997,139.0,134.649994,135.350006,132.750168,22009.0
2017-03-08,136.149994,138.899994,134.0,137.449997,134.80983,44229.0
2017-03-09,136.050003,138.899994,136.0,136.850006,134.221375,14801.0
2017-03-10,137.199997,137.850006,134.5,135.050003,132.455948,20043.0
2017-03-14,139.0,139.0,134.399994,135.350006,132.750168,21112.0
2017-03-15,137.850006,138.25,135.050003,135.899994,133.289612,29369.0
2017-03-16,136.5,138.0,136.0,137.0,134.368484,34585.0
2017-03-17,138.100006,142.199997,135.699997,141.550003,138.831085,88369.0
2017-03-20,146.899994,154.699997,146.100006,151.300003,148.393799,455060.0
2017-03-21,151.300003,155.300003,145.350006,147.600006,144.764877,133490.0
2017-03-22,146.949997,149.5,144.649994,147.850006,145.01007099999998,36440.0
2017-03-23,149.850006,152.050003,149.300003,149.75,146.87356599999998,36844.0
2017-03-24,149.149994,153.300003,149.149994,150.850006,147.95245400000002,27656.0
2017-03-27,151.0,152.0,147.050003,150.649994,147.75628700000001,99012.0
2017-03-28,149.25,153.0,147.300003,148.25,145.40239,155889.0
2017-03-29,150.050003,155.5,148.0,150.399994,147.511093,220370.0
2017-03-30,151.350006,153.850006,149.800003,150.350006,147.462051,40133.0
2017-03-31,150.050003,154.899994,149.300003,150.600006,147.707245,47930.0
2017-04-03,151.850006,154.5,151.550003,153.699997,150.747696,123618.0
2017-04-05,155.0,159.800003,154.649994,158.75,155.700699,130118.0
2017-04-06,161.0,169.800003,161.0,166.800003,163.596069,255087.0
2017-04-07,165.0,170.0,162.100006,163.149994,160.01619,137393.0
2017-04-10,163.199997,164.0,158.800003,159.25,156.191101,45923.0
2017-04-11,160.5,165.25,160.0,163.100006,159.967148,38241.0
2017-04-12,164.149994,164.649994,157.649994,158.300003,155.259354,75444.0
2017-04-13,159.899994,163.100006,158.0,160.050003,156.975723,38206.0
2017-04-17,161.5,162.75,158.0,162.25,159.133469,39157.0
2017-04-18,162.949997,164.5,156.600006,157.649994,154.621811,78616.0
2017-04-19,158.0,159.25,156.449997,157.899994,154.86702,32025.0
2017-04-20,158.949997,170.100006,158.949997,168.5,165.263428,145458.0
2017-04-21,169.75,173.300003,168.199997,170.649994,167.372116,165078.0
2017-04-24,171.850006,176.300003,167.399994,173.300003,169.97122199999998,175654.0
2017-04-25,174.899994,181.0,173.25,179.149994,175.708847,283695.0
2017-04-26,180.949997,182.0,171.350006,173.0,169.67698700000003,129738.0
2017-04-27,172.350006,176.5,167.550003,173.100006,169.77507,104830.0
2017-04-28,173.050003,175.0,170.850006,172.25,168.94139099999998,25401.0
2017-05-02,173.5,176.949997,171.5,173.399994,170.06929,62670.0
2017-05-03,173.5,178.649994,173.25,176.199997,172.815521,154680.0
2017-05-04,177.850006,179.0,171.5,172.899994,169.57888799999998,60863.0
2017-05-05,173.0,176.899994,170.0,172.199997,168.892349,39410.0
2017-05-08,174.050003,175.0,170.0,170.199997,166.930771,34306.0
2017-05-09,171.399994,171.699997,169.050003,170.800003,167.519241,33404.0
2017-05-10,172.25,175.600006,164.0,168.050003,164.822067,131547.0
2017-05-11,164.0,165.899994,162.050003,163.550003,160.408493,90048.0
2017-05-12,164.0,164.0,157.0,157.75,154.71991,66649.0
2017-05-15,158.949997,171.0,158.199997,169.649994,166.391312,173873.0
2017-05-16,170.949997,172.600006,166.050003,166.850006,163.645126,58393.0
2017-05-17,167.350006,170.600006,166.399994,169.199997,165.949966,43014.0
2017-05-18,168.0,169.5,165.100006,165.350006,162.173935,32976.0
2017-05-19,166.100006,168.850006,162.649994,164.100006,160.94795200000002,54724.0
2017-05-22,165.699997,165.75,160.600006,161.149994,158.054596,141646.0
2017-05-23,161.25,162.399994,152.449997,157.899994,154.86702,66871.0
2017-05-24,159.699997,159.800003,153.350006,155.149994,152.169846,36872.0
2017-05-25,155.050003,157.149994,153.199997,156.199997,153.199692,22981.0
2017-05-26,155.050003,165.0,154.100006,164.350006,161.19314599999998,41159.0
2017-05-29,163.649994,176.0,163.649994,168.550003,165.312469,96559.0
2017-05-30,171.899994,172.5,167.0,168.149994,164.92013500000002,70037.0
2017-05-31,170.0,171.0,164.449997,167.800003,164.576874,28517.0
2017-06-01,168.850006,170.5,166.350006,167.149994,163.939346,28778.0
2017-06-02,169.100006,169.399994,166.350006,167.050003,163.84127800000002,25912.0
2017-06-05,167.949997,169.050003,165.449997,166.449997,163.252792,39933.0
2017-06-06,172.75,172.75,169.0,170.5,167.225006,139250.0
2017-06-07,171.0,173.75,169.699997,170.899994,167.61731,72151.0
2017-06-08,170.949997,174.0,169.199997,171.25,167.960602,261924.0
2017-06-09,172.899994,173.75,170.699997,171.600006,168.303879,43107.0
2017-06-12,170.0,172.0,169.0,169.5,166.244217,28390.0
2017-06-13,170.75,173.350006,169.550003,172.0,168.696198,119538.0
2017-06-14,171.550003,174.0,170.300003,173.0,169.67698700000003,44482.0
2017-06-15,171.949997,174.899994,171.0,172.149994,168.843307,58852.0
2017-06-16,172.5,174.0,170.550003,170.850006,167.568283,59527.0
2017-06-19,171.5,172.899994,168.800003,169.199997,165.949966,40153.0
2017-06-20,169.199997,171.550003,166.25,166.75,163.547043,28758.0
2017-06-21,166.449997,190.600006,166.399994,185.050003,181.495529,3149255.0
2017-06-22,185.0,195.5,183.25,192.649994,188.949539,2017002.0
2017-06-23,192.0,193.100006,187.0,187.850006,184.241745,362433.0
2017-06-27,189.699997,191.850006,180.100006,181.5,178.01371799999998,262147.0
2017-06-28,180.0,185.300003,178.199997,180.0,176.542526,192308.0
2017-06-29,180.949997,187.199997,178.100006,179.649994,176.199249,294356.0
2017-06-30,178.25,182.0,176.5,178.300003,174.87518300000002,90374.0
2017-07-03,179.300003,191.0,179.300003,187.949997,184.339813,350690.0
2017-07-04,187.0,189.5,184.75,186.5,182.917679,274693.0
2017-07-05,185.5,189.199997,184.050003,186.449997,182.868622,147913.0
2017-07-06,186.899994,189.0,184.0,184.850006,181.299377,127860.0
2017-07-07,184.0,188.850006,183.100006,185.050003,181.495529,85769.0
2017-07-10,185.0,189.449997,185.0,186.600006,183.01576200000002,14752.0
2017-07-11,187.899994,188.600006,183.5,185.899994,182.329193,93847.0
2017-07-12,187.0,208.0,186.0,199.050003,195.226624,2389489.0
2017-07-13,199.0,219.80000299999998,199.0,215.850006,211.70393399999998,2537197.0
2017-07-14,217.0,227.80000299999998,210.5,220.94999700000002,216.705948,2134098.0
2017-07-17,221.0,231.25,217.94999700000002,226.350006,222.00222799999997,930048.0
2017-07-18,224.649994,230.0,221.100006,225.850006,221.511841,1093120.0
2017-07-19,225.80000299999998,237.399994,223.0,232.30000299999998,227.83793599999998,970567.0
2017-07-20,230.0,234.0,225.0,226.55000299999998,222.19838,421801.0
2017-07-21,227.399994,230.899994,221.0,225.850006,221.511841,507747.0
2017-07-24,226.0,234.0,222.600006,227.80000299999998,223.424377,417995.0
2017-07-25,227.399994,229.850006,222.600006,223.30000299999998,219.01080299999998,214364.0
2017-07-26,223.69999700000002,227.600006,221.350006,222.69999700000002,218.422333,156186.0
2017-07-27,222.5,224.350006,214.5,217.850006,213.665512,150980.0
2017-07-28,215.0,222.5,211.44999700000002,220.55000299999998,216.313629,96805.0
2017-07-31,219.94999700000002,228.399994,219.94999700000002,224.25,219.94256600000003,201764.0
2017-08-01,225.399994,225.5,218.80000299999998,219.75,215.52900699999998,70857.0
2017-08-02,219.94999700000002,222.100006,211.350006,213.600006,209.497131,82040.0
2017-08-03,214.05000299999998,222.399994,210.850006,215.75,211.605835,114827.0
2017-08-04,217.25,225.350006,216.5,223.100006,218.81465099999997,317411.0
2017-08-07,224.0,235.69999700000002,218.649994,231.350006,226.906189,223686.0
2017-08-08,232.399994,232.5,219.600006,220.649994,216.411713,121753.0
2017-08-09,217.899994,222.399994,212.600006,213.899994,209.79136699999998,185478.0
2017-08-10,211.0,214.899994,196.449997,200.300003,196.452606,120147.0
2017-08-11,195.0,207.350006,193.550003,198.899994,195.079483,73817.0
2017-08-14,202.050003,207.800003,200.0,204.550003,200.620972,68280.0
2017-08-16,205.449997,209.199997,203.5,206.0,202.04312099999999,79391.0
2017-08-17,206.899994,212.0,204.649994,207.0,203.02389499999998,94779.0
2017-08-18,206.0,208.350006,204.050003,205.649994,201.69984399999998,48768.0
2017-08-21,206.899994,209.850006,202.5,203.300003,199.394974,29118.0
2017-08-22,205.300003,206.0,200.649994,201.800003,197.923798,24212.0
2017-08-23,203.800003,206.899994,201.649994,205.550003,201.601761,30172.0
2017-08-24,207.699997,207.699997,203.0,203.75,199.83633400000002,34371.0
2017-08-28,203.75,218.0,203.75,214.899994,210.772156,229390.0
2017-08-29,216.399994,218.0,208.649994,216.75,212.58662400000003,197577.0
2017-08-30,217.899994,220.0,211.19999700000002,215.100006,210.968323,169157.0
2017-08-31,214.0,216.69999700000002,210.100006,212.25,208.17306499999998,38573.0
2017-09-01,213.94999700000002,222.69999700000002,213.0,220.649994,216.411713,271293.0
2017-09-04,219.80000299999998,219.899994,211.0,212.75,208.663452,47822.0
2017-09-05,214.80000299999998,219.0,211.5,212.44999700000002,208.369217,40174.0
2017-09-06,211.80000299999998,220.30000299999998,209.649994,216.30000299999998,212.14527900000002,71003.0
2017-09-07,219.0,221.30000299999998,212.55000299999998,213.75,209.644257,70188.0
2017-09-08,214.55000299999998,215.899994,207.399994,210.100006,206.06436200000002,69090.0
2017-09-11,212.25,213.80000299999998,205.199997,211.30000299999998,207.241302,105085.0
2017-09-12,213.399994,220.69999700000002,210.850006,216.55000299999998,212.39047200000002,196546.0
2017-09-13,217.94999700000002,223.69999700000002,214.0,215.350006,211.21353100000002,262685.0
2017-09-14,219.69999700000002,224.399994,216.350006,217.75,213.567429,275634.0
2017-09-15,218.0,218.05000299999998,212.44999700000002,212.75,208.663452,100885.0
2017-09-18,212.75,217.899994,212.75,214.25,210.13464399999998,39824.0
2017-09-19,214.25,215.55000299999998,212.0,212.94999700000002,208.85961899999998,32918.0
2017-09-20,214.55000299999998,222.5,212.94999700000002,219.69999700000002,215.47995,717781.0
2017-09-21,220.0,224.69999700000002,214.350006,217.30000299999998,213.12605299999998,207695.0
2017-09-22,220.80000299999998,222.19999700000002,211.5,212.55000299999998,208.4673,164557.0
2017-09-25,215.0,215.149994,201.050003,204.0,201.027313,61702.0
2017-09-26,206.449997,209.899994,203.100006,205.300003,202.30838,55204.0
2017-09-27,207.149994,207.149994,199.649994,200.399994,197.47976699999998,55756.0
2017-09-28,202.699997,203.0,199.050003,201.199997,198.268112,39476.0
2017-09-29,203.949997,205.800003,200.0,200.899994,197.972488,64551.0
2017-10-03,204.850006,206.699997,198.0,199.350006,196.445084,42021.0
2017-10-04,200.550003,203.850006,200.300003,201.399994,198.465195,39179.0
2017-10-05,201.949997,205.649994,201.350006,202.699997,199.746262,44173.0
2017-10-06,205.0,216.94999700000002,202.649994,212.19999700000002,209.107819,292129.0
2017-10-09,212.899994,215.80000299999998,210.100006,211.05000299999998,207.974594,72260.0
2017-10-10,212.649994,223.100006,210.600006,214.350006,211.22650099999998,270224.0
2017-10-11,216.25,217.899994,207.699997,209.449997,206.397903,123789.0
2017-10-12,209.94999700000002,214.0,207.850006,211.69999700000002,208.615112,50983.0
2017-10-13,211.69999700000002,219.0,209.5,213.75,210.635239,132544.0
2017-10-16,214.55000299999998,215.600006,209.050003,211.100006,208.023865,35967.0
2017-10-17,211.75,217.350006,208.449997,211.0,207.925308,95297.0
2017-10-18,210.850006,213.5,208.649994,209.80000299999998,206.742798,30745.0
2017-10-19,211.30000299999998,213.75,209.100006,210.0,206.93988000000002,37409.0
2017-10-23,212.80000299999998,212.80000299999998,208.0,209.199997,206.151535,31935.0
2017-10-24,210.0,214.0,205.0,210.399994,207.334045,68632.0
2017-10-25,207.300003,211.94999700000002,205.5,206.300003,203.293808,21604.0
2017-10-26,207.649994,208.350006,203.850006,204.699997,201.717117,27383.0
2017-10-27,205.0,207.5,201.300003,203.350006,200.386795,50188.0
2017-10-30,204.75,205.800003,200.75,202.850006,199.89408899999998,164334.0
2017-10-31,204.100006,211.25,202.449997,206.550003,203.540161,251402.0
2017-11-01,208.0,214.600006,208.0,211.100006,208.023865,178712.0
2017-11-02,212.0,212.0,205.050003,207.199997,204.180679,55444.0
2017-11-03,211.0,211.0,206.449997,208.699997,205.658829,55066.0
2017-11-06,208.850006,208.949997,205.25,205.75,202.751816,31911.0
2017-11-07,207.0,212.5,204.899994,205.5,202.505463,209638.0
2017-11-08,207.25,207.300003,201.050003,203.75,200.78096000000002,58183.0
2017-11-09,205.0,219.69999700000002,204.649994,215.899994,212.753906,473942.0
2017-11-10,215.850006,227.69999700000002,211.69999700000002,219.44999700000002,216.25218199999998,715451.0
2017-11-13,221.350006,230.850006,214.600006,222.44999700000002,219.20846600000002,724075.0
2017-11-14,223.80000299999998,224.30000299999998,217.19999700000002,220.100006,216.89271499999998,123926.0
2017-11-15,219.94999700000002,224.0,212.05000299999998,220.649994,217.43469199999998,139026.0
2017-11-16,220.850006,222.69999700000002,217.05000299999998,219.69999700000002,216.498535,75562.0
2017-11-17,220.05000299999998,222.0,214.25,216.30000299999998,213.148087,78196.0
2017-11-20,217.44999700000002,219.80000299999998,213.25,214.5,211.374313,63798.0
2017-11-21,214.850006,224.69999700000002,214.850006,219.25,216.055099,222633.0
2017-11-22,218.94999700000002,221.0,216.5,217.30000299999998,214.13351400000002,42971.0
2017-11-23,217.0,221.30000299999998,210.30000299999998,213.75,210.635239,135335.0
2017-11-24,215.30000299999998,220.94999700000002,211.25,213.649994,210.53669700000003,94867.0
2017-11-27,214.399994,217.399994,212.0,213.94999700000002,210.832321,43463.0
2017-11-28,214.0,219.850006,212.30000299999998,213.80000299999998,210.684525,97219.0
2017-11-29,216.399994,216.649994,212.100006,214.5,211.374313,83869.0
2017-11-30,219.69999700000002,225.850006,216.0,220.399994,217.188339,317467.0
2017-12-01,221.850006,224.399994,214.30000299999998,215.399994,212.2612,80667.0
2017-12-04,216.55000299999998,220.0,214.25,215.850006,212.70465099999998,39167.0
2017-12-05,215.05000299999998,217.69999700000002,213.5,214.350006,211.22650099999998,25425.0
2017-12-06,213.75,217.44999700000002,210.30000299999998,211.30000299999998,208.220947,33356.0
2017-12-07,213.0,216.350006,212.350006,215.44999700000002,212.310471,29631.0
2017-12-08,215.850006,224.69999700000002,215.55000299999998,219.69999700000002,216.498535,114852.0
2017-12-11,219.75,227.0,219.5,223.75,220.489517,240070.0
2017-12-12,224.649994,242.0,223.100006,233.600006,230.19599900000003,870079.0
2017-12-13,235.25,235.899994,219.0,220.350006,217.139069,496546.0
2017-12-14,222.30000299999998,224.69999700000002,215.19999700000002,219.899994,216.69561800000002,228834.0
2017-12-15,231.0,236.5,225.05000299999998,227.05000299999998,223.74143999999998,541713.0
2017-12-18,225.899994,233.44999700000002,213.30000299999998,226.850006,223.544357,201559.0
2017-12-19,227.55000299999998,249.0,227.55000299999998,246.350006,242.760208,1363721.0
2017-12-20,253.850006,258.0,247.19999700000002,250.399994,246.751175,1300575.0
2017-12-21,252.649994,255.94999700000002,251.100006,252.05000299999998,248.37713599999998,333323.0
2017-12-22,250.19999700000002,261.5,250.0,256.950012,253.20575,786045.0
2017-12-26,256.799988,264.649994,252.55000299999998,260.100006,256.309845,558121.0
2017-12-27,258.200012,265.5,254.0,256.700012,252.959381,273902.0
2017-12-28,256.700012,258.350006,252.55000299999998,254.5,250.79142799999997,83780.0
2017-12-29,254.05000299999998,257.450012,249.05000299999998,251.600006,247.93370099999999,81574.0
2018-01-01,253.0,261.0,245.399994,251.75,248.081512,311871.0
2018-01-02,252.55000299999998,257.700012,245.94999700000002,253.600006,249.904556,168748.0
2018-01-03,253.05000299999998,257.399994,250.0,251.30000299999998,247.63806200000002,92836.0
2018-01-04,252.149994,256.100006,251.80000299999998,252.899994,249.214737,159346.0
2018-01-05,251.0,258.899994,251.0,252.399994,248.72203100000002,118461.0
2018-01-08,254.75,257.899994,251.55000299999998,253.850006,250.15090899999998,137989.0
2018-01-09,254.05000299999998,256.0,250.600006,252.44999700000002,248.77130099999997,187015.0
2018-01-10,251.100006,258.0,251.100006,254.399994,250.692886,192980.0
2018-01-11,256.899994,259.399994,252.100006,257.549988,253.79698199999999,179837.0
2018-01-12,260.799988,260.799988,251.100006,255.05000299999998,251.33342000000002,94857.0
2018-01-15,256.850006,257.799988,253.30000299999998,254.69999700000002,250.98851000000002,45009.0
2018-01-16,252.5,255.5,242.600006,243.899994,240.34588599999998,71516.0
2018-01-17,243.0,247.94999700000002,240.0,244.44999700000002,240.88787799999997,63465.0
2018-01-18,245.69999700000002,248.05000299999998,234.5,236.600006,233.152283,45691.0
2018-01-19,237.94999700000002,244.899994,228.100006,235.25,231.82194500000003,150757.0
2018-01-22,239.0,241.600006,236.0,237.75,234.28552200000001,53487.0
2018-01-23,240.0,242.80000299999998,236.0,237.44999700000002,233.98988300000002,53414.0
2018-01-24,232.94999700000002,238.80000299999998,231.25,232.75,229.358368,58712.0
2018-01-25,233.0,234.19999700000002,226.149994,227.30000299999998,223.987793,34398.0
2018-01-29,229.80000299999998,238.399994,224.19999700000002,229.55000299999998,226.205002,162788.0
2018-01-30,229.899994,230.0,219.0,224.899994,221.62275699999998,171080.0
2018-01-31,223.05000299999998,223.5,215.19999700000002,217.80000299999998,214.62623599999998,64399.0
2018-02-01,218.0,225.899994,218.0,220.149994,216.941971,75363.0
2018-02-02,211.30000299999998,215.5,195.0,208.449997,205.412476,185256.0
2018-02-05,198.050003,208.399994,198.050003,206.100006,203.096725,62046.0
2018-02-06,199.0,201.0,185.850006,189.199997,186.442978,251414.0
2018-02-07,195.0,195.949997,191.25,193.850006,191.025238,93166.0
2018-02-08,196.899994,204.0,195.100006,202.899994,199.943344,141326.0
2018-02-09,199.949997,209.399994,196.0,205.149994,202.160553,84262.0
2018-02-12,206.699997,223.5,205.0,219.899994,216.69561800000002,148174.0
2018-02-14,221.0,228.149994,217.600006,224.55000299999998,221.277863,154521.0
2018-02-15,229.399994,233.5,224.0,226.30000299999998,223.002365,371110.0
2018-02-16,230.0,233.05000299999998,223.5,225.350006,222.06620800000002,126730.0
2018-02-19,227.94999700000002,228.0,210.30000299999998,220.19999700000002,216.991257,105424.0
2018-02-20,217.350006,225.600006,214.600006,223.30000299999998,220.04608199999998,86536.0
2018-02-21,223.25,229.94999700000002,220.75,221.899994,218.666473,39203.0
2018-02-22,217.5,222.0,215.0,216.100006,212.951004,77160.0
2018-02-23,216.30000299999998,222.94999700000002,215.649994,216.350006,213.19735699999998,84670.0
2018-02-26,232.0,232.0,219.899994,220.399994,217.188339,106036.0
2018-02-27,223.100006,226.0,221.850006,225.05000299999998,221.77058399999999,103231.0
2018-02-28,223.94999700000002,224.19999700000002,219.05000299999998,220.05000299999998,216.84344500000003,69059.0
2018-03-01,222.850006,224.899994,215.80000299999998,216.75,213.59152200000003,40042.0
2018-03-05,216.5,219.5,214.0,215.44999700000002,212.310471,38899.0
2018-03-06,217.399994,219.0,208.5,209.300003,206.250092,55670.0
2018-03-07,209.75,212.0,201.600006,202.800003,199.844803,52825.0
2018-03-08,203.149994,207.0,197.649994,202.850006,199.89408899999998,73323.0
2018-03-09,204.25,205.75,200.649994,202.149994,199.20426899999998,66939.0
2018-03-12,204.949997,211.600006,203.300003,206.850006,203.8358,59452.0
2018-03-13,204.100006,209.300003,201.300003,203.25,200.288254,52556.0
2018-03-14,203.25,206.600006,202.0,205.399994,202.406906,33138.0
2018-03-15,204.899994,209.0,202.0,205.449997,202.456192,41416.0
2018-03-16,205.449997,208.850006,200.5,201.800003,198.859375,52525.0
2018-03-19,202.649994,203.949997,193.5,195.350006,192.50337199999998,42420.0
2018-03-20,195.0,195.0,192.600006,193.850006,191.025238,54876.0
2018-03-21,196.649994,199.449997,190.0,192.75,189.94125400000001,88241.0
2018-03-22,196.600006,196.600006,190.100006,190.550003,187.773315,44762.0
2018-03-23,190.0,190.050003,185.0,185.600006,182.895447,164742.0
2018-03-26,187.899994,190.0,178.5,186.449997,183.733047,146001.0
2018-03-27,188.050003,191.699997,187.050003,189.949997,187.182053,148398.0
2018-03-28,189.350006,189.350006,181.100006,182.550003,179.889893,142750.0
2018-04-02,183.100006,189.699997,183.100006,186.449997,183.733047,34391.0
2018-04-03,187.100006,199.899994,185.800003,198.550003,195.656738,115252.0
2018-04-04,199.100006,200.0,192.0,193.0,190.187607,34155.0
2018-04-05,195.600006,201.0,195.199997,196.850006,193.98152199999998,34053.0
2018-04-06,199.0,207.0,195.25,202.100006,199.155014,52989.0
2018-04-09,204.949997,204.949997,200.199997,201.800003,198.859375,67580.0
2018-04-10,201.350006,203.75,200.0,201.25,198.317398,33919.0
2018-04-11,204.0,204.0,192.899994,195.350006,192.50337199999998,63923.0
2018-04-12,194.850006,201.800003,194.050003,196.449997,193.58734099999998,33465.0
2018-04-13,195.949997,199.0,195.0,195.449997,192.601913,42071.0
2018-04-16,195.050003,205.0,193.800003,202.350006,199.401367,71679.0
2018-04-17,203.0,220.399994,198.0,214.75,211.620667,301490.0
2018-04-18,215.44999700000002,215.69999700000002,205.050003,206.149994,203.145981,130745.0
2018-04-19,207.050003,219.5,204.350006,216.100006,212.951004,309598.0
2018-04-20,214.5,223.80000299999998,213.100006,214.649994,211.522125,311983.0
2018-04-23,214.69999700000002,220.0,212.649994,213.94999700000002,210.832321,146200.0
2018-04-24,214.94999700000002,221.94999700000002,213.100006,214.30000299999998,211.177231,259342.0
2018-04-25,215.05000299999998,244.94999700000002,215.05000299999998,238.350006,234.876785,1302211.0
2018-04-26,238.0,245.0,231.19999700000002,233.44999700000002,230.04817200000002,338902.0
2018-04-27,233.80000299999998,236.30000299999998,228.05000299999998,230.100006,226.746994,107377.0
2018-04-30,230.0,232.19999700000002,226.149994,227.850006,224.529785,136290.0
2018-05-02,230.100006,232.899994,223.649994,224.94999700000002,221.67202799999998,134738.0
2018-05-03,222.0,230.80000299999998,218.600006,225.75,222.460373,134716.0
2018-05-04,226.44999700000002,232.0,220.5,228.80000299999998,225.46594199999998,388608.0
2018-05-07,229.899994,241.5,227.44999700000002,235.899994,232.46246299999999,284277.0
2018-05-08,238.0,242.399994,230.0,232.05000299999998,228.668579,162779.0
2018-05-09,231.899994,233.399994,227.0,229.649994,226.30354300000002,40769.0
2018-05-10,231.05000299999998,231.05000299999998,219.0,223.100006,219.84899900000002,89774.0
2018-05-11,221.25,224.0,217.399994,218.399994,215.21748399999998,33090.0
2018-05-14,219.0,222.600006,214.0,218.25,215.06967200000003,35492.0
2018-05-15,215.0,222.0,215.0,217.100006,213.936432,35313.0
2018-05-16,215.5,219.0,212.0,216.100006,212.951004,22986.0
2018-05-17,212.5,220.05000299999998,212.5,217.649994,214.478409,24846.0
2018-05-18,215.44999700000002,218.05000299999998,206.699997,207.600006,204.57486,59542.0
2018-05-21,205.199997,206.949997,198.0,198.800003,195.903091,53908.0
2018-05-22,200.350006,210.0,199.0,204.100006,201.12587,42852.0
2018-05-23,205.0,205.699997,202.399994,203.149994,200.189697,21350.0
2018-05-24,203.199997,212.5,202.5,209.350006,206.299362,35691.0
2018-05-25,209.699997,214.0,207.350006,210.80000299999998,207.728226,35224.0
2018-05-28,212.25,214.0,206.199997,210.350006,207.28479,146824.0
2018-05-29,205.300003,209.94999700000002,201.0,202.050003,199.105743,77876.0
2018-05-30,201.0,207.199997,196.399994,199.5,196.592896,224426.0
2018-05-31,202.600006,209.0,201.300003,201.949997,199.00718700000002,77783.0
2018-06-01,200.350006,204.0,192.0,193.050003,190.23689299999998,71509.0
2018-06-04,194.949997,195.800003,185.050003,187.350006,184.619949,52255.0
2018-06-05,189.850006,189.850006,176.0,177.050003,174.470032,117153.0
2018-06-06,177.899994,189.0,174.300003,183.5,180.82605,138666.0
2018-06-07,185.199997,200.0,185.199997,192.199997,189.39926100000002,129376.0
2018-06-08,190.0,190.850006,186.100006,187.899994,185.161926,31227.0
2018-06-11,188.850006,195.100006,188.850006,190.899994,188.11821,83780.0
2018-06-12,191.600006,196.800003,183.0,193.149994,190.335419,105742.0
2018-06-13,195.0,200.0,192.350006,193.300003,190.483246,52474.0
2018-06-14,193.449997,199.949997,191.350006,198.550003,195.656738,97084.0
2018-06-15,197.949997,203.800003,196.050003,197.100006,194.227875,52405.0
2018-06-18,196.0,200.0,192.050003,193.449997,190.631058,27891.0
2018-06-19,191.449997,193.699997,184.5,185.550003,182.846176,51191.0
2018-06-20,185.050003,191.5,185.050003,186.75,184.02868700000002,23427.0
2018-06-21,185.449997,189.899994,183.0,183.949997,181.269485,19078.0
2018-06-22,185.600006,186.949997,182.550003,184.699997,182.00856000000002,22027.0
2018-06-25,185.449997,186.600006,180.100006,180.449997,177.82048,20333.0
2018-06-26,180.0,181.050003,177.5,178.0,175.40618899999998,15526.0
2018-06-27,177.050003,180.0,169.350006,171.5,169.000916,56330.0
2018-06-28,171.199997,173.899994,166.550003,171.25,168.754547,41507.0
2018-06-29,174.800003,183.899994,171.800003,178.949997,176.342346,63149.0
2018-07-02,178.949997,179.0,170.0,173.5,170.971771,33728.0
2018-07-03,171.050003,177.899994,171.0,174.449997,171.90791299999998,25629.0
2018-07-04,176.5,176.5,170.0,171.800003,169.296539,37339.0
2018-07-05,171.25,176.800003,171.0,173.050003,170.52832,24981.0
2018-07-06,173.100006,174.699997,171.199997,172.399994,169.887787,27675.0
2018-07-09,172.399994,179.699997,172.399994,176.300003,173.730972,17686.0
2018-07-10,177.050003,180.0,175.5,176.600006,174.02659599999998,25492.0
2018-07-11,176.550003,177.899994,172.949997,173.850006,171.316666,19134.0
2018-07-12,174.100006,177.550003,172.050003,173.25,170.725403,15576.0
2018-07-13,172.449997,174.199997,170.100006,171.149994,168.65600600000002,10343.0
2018-07-16,171.449997,172.0,166.0,166.550003,164.12304699999999,24570.0
2018-07-17,165.0,166.850006,162.25,165.050003,162.644897,24738.0
2018-07-18,167.899994,172.199997,153.600006,156.149994,153.874588,39422.0
2018-07-19,157.0,157.899994,148.75,155.399994,153.13551299999997,43002.0
2018-07-20,152.300003,167.0,152.300003,163.449997,161.068207,49709.0
2018-07-23,167.699997,167.699997,162.0,163.149994,160.772583,28457.0
2018-07-24,162.050003,167.0,162.050003,164.449997,162.053635,40478.0
2018-07-25,167.0,174.0,165.0,168.5,166.044617,39829.0
2018-07-26,168.5,171.199997,166.0,167.449997,165.009918,11665.0
2018-07-27,168.149994,172.949997,164.0,164.800003,162.398544,28896.0
2018-07-30,163.25,173.100006,163.25,169.5,167.030045,28799.0
2018-07-31,167.199997,171.800003,165.199997,168.100006,165.650452,18496.0
2018-08-01,167.100006,170.649994,167.100006,169.050003,166.586609,20646.0
2018-08-02,165.75,168.0,163.0,165.300003,162.891251,42611.0
2018-08-03,166.699997,177.399994,166.699997,171.75,169.247269,56415.0
2018-08-06,174.699997,174.699997,168.199997,169.399994,166.931503,28516.0
2018-08-07,170.399994,170.899994,165.050003,165.899994,163.482498,22476.0
2018-08-08,166.100006,170.5,166.100006,168.75,166.290985,13063.0
2018-08-09,168.100006,170.949997,165.100006,166.949997,164.517212,14067.0
2018-08-10,165.5,169.5,165.5,168.350006,165.89682,9296.0
2018-08-13,165.050003,182.399994,165.050003,173.149994,170.62686200000002,187786.0
2018-08-14,173.149994,176.100006,168.5,171.5,169.000916,23706.0
2018-08-16,171.050003,173.449997,166.300003,167.350006,164.911392,19941.0
2018-08-17,167.050003,172.0,167.0,168.149994,165.699722,33501.0
2018-08-20,169.100006,173.0,166.649994,168.5,166.044617,32842.0
2018-08-21,169.0,170.600006,167.100006,168.199997,165.74899299999998,14939.0
2018-08-23,170.350006,173.899994,168.0,170.399994,167.916931,51987.0
2018-08-24,170.399994,176.0,169.300003,170.899994,168.409653,35651.0
2018-08-27,170.050003,173.399994,170.0,171.25,168.754547,20384.0
2018-08-28,171.0,171.550003,167.050003,167.699997,165.256271,20875.0
2018-08-29,167.949997,168.75,165.0,166.0,163.581055,18543.0
2018-08-30,163.149994,167.350006,162.600006,163.100006,160.72331200000002,50563.0
2018-08-31,162.25,164.899994,156.350006,162.649994,160.279861,83766.0
2018-09-03,163.550003,164.5,161.0,162.350006,159.984253,21646.0
2018-09-04,162.399994,163.75,157.600006,161.600006,159.245178,51506.0
2018-09-05,162.949997,162.949997,155.050003,155.75,153.480423,43765.0
2018-09-06,157.0,158.0,151.949997,154.149994,151.90373200000002,37445.0
2018-09-07,154.0,162.0,150.300003,157.600006,155.30346699999998,61603.0
2018-09-10,157.100006,157.100006,151.300003,152.100006,149.88360600000001,35387.0
2018-09-11,152.949997,155.899994,150.050003,150.649994,148.454727,42627.0
2018-09-12,151.199997,152.300003,143.0,145.550003,143.429047,89106.0
2018-09-14,146.5,154.5,146.5,151.0,148.79963700000002,103988.0
2018-09-17,150.949997,158.25,150.75,156.100006,153.82531699999998,68391.0
2018-09-18,156.5,161.949997,155.100006,156.050003,153.776047,99409.0
2018-09-19,157.800003,158.949997,148.350006,149.649994,147.469299,42083.0
2018-09-21,152.949997,154.350006,140.0,143.149994,141.06401100000002,60616.0
2018-09-24,140.199997,146.649994,136.550003,137.25,135.25,55406.0
2018-09-25,137.649994,139.949997,133.100006,134.199997,134.199997,57472.0
2018-09-26,135.649994,138.899994,133.75,136.149994,136.149994,40004.0
2018-09-27,136.0,138.0,123.75,126.75,126.75,166952.0
2018-09-28,128.399994,129.0,114.0,114.599998,114.599998,419332.0
2018-10-01,114.949997,115.449997,100.0,104.199997,104.199997,150001.0
2018-10-03,106.0,107.900002,102.0,106.550003,106.550003,102289.0
2018-10-04,106.0,106.0,100.050003,101.550003,101.550003,57157.0
2018-10-05,102.0,104.550003,98.550003,101.449997,101.449997,47637.0
2018-10-08,101.449997,101.449997,86.300003,90.099998,90.099998,115552.0
2018-10-09,91.0,93.0,81.25,82.050003,82.050003,127233.0
2018-10-10,83.0,87.0,83.0,84.150002,84.150002,174603.0
2018-10-11,82.5,83.0,75.75,75.75,75.75,133664.0
2018-10-12,68.199997,81.699997,68.199997,76.75,76.75,507142.0
2018-10-15,78.0,84.400002,76.800003,84.400002,84.400002,164087.0
2018-10-16,91.349998,92.800003,89.050003,92.800003,92.800003,141552.0
2018-10-17,102.050003,102.050003,94.0,95.150002,95.150002,464396.0
2018-10-19,97.0,98.0,86.300003,92.599998,92.599998,152909.0
2018-10-22,92.699997,95.5,87.949997,90.800003,90.800003,49357.0
2018-10-23,88.099998,99.849998,85.699997,95.599998,95.599998,310703.0
2018-10-24,97.099998,105.150002,95.599998,101.550003,101.550003,274920.0
2018-10-25,99.0,104.849998,97.099998,103.099998,103.099998,108704.0
2018-10-26,104.0,105.0,92.800003,98.900002,98.900002,70257.0
2018-10-29,99.199997,101.900002,98.349998,100.75,100.75,51791.0
2018-10-30,99.849998,103.150002,99.0,99.349998,99.349998,60821.0
2018-10-31,99.400002,103.349998,96.0,97.900002,97.900002,120507.0
2018-11-01,99.400002,100.0,97.0,97.900002,97.900002,50706.0
2018-11-02,99.400002,102.0,96.300003,98.5,98.5,78719.0
2018-11-05,98.699997,101.75,94.300003,96.650002,96.650002,44412.0
2018-11-06,97.849998,98.300003,90.900002,92.5,92.5,52248.0
2018-11-07,94.25,94.300003,92.150002,93.5,93.5,16778.0
2018-11-09,93.449997,94.25,87.349998,88.599998,88.599998,64811.0
2018-11-12,89.0,89.75,79.75,81.0,81.0,119790.0
2018-11-13,80.75,81.5,79.0,79.849998,79.849998,124893.0
2018-11-14,80.900002,80.900002,75.650002,76.300003,76.300003,141978.0
2018-11-15,73.949997,73.949997,68.699997,68.699997,68.699997,121742.0
2018-11-16,65.300003,65.300003,65.300003,65.300003,65.300003,41266.0
2018-11-19,62.049999,68.550003,62.049999,68.550003,68.550003,759717.0
2018-11-20,71.949997,71.949997,69.0,71.949997,71.949997,127002.0
2018-11-21,73.900002,75.5,70.0,75.5,75.5,673564.0
2018-11-22,76.599998,79.25,76.599998,79.25,79.25,64503.0
2018-11-26,80.800003,83.199997,77.25,83.199997,83.199997,366420.0
2018-11-27,85.900002,87.349998,81.050003,87.349998,87.349998,510905.0
2018-11-28,89.400002,91.699997,83.900002,86.449997,86.449997,229256.0
2018-11-29,86.449997,87.0,82.150002,82.150002,82.150002,117008.0
2018-11-30,80.050003,81.800003,78.050003,78.650002,78.650002,71826.0
2018-12-03,79.400002,82.550003,78.050003,81.949997,81.949997,113953.0
2018-12-04,81.949997,81.949997,77.900002,78.050003,78.050003,50258.0
2018-12-05,76.949997,76.949997,74.150002,74.150002,74.150002,39091.0
2018-12-06,72.050003,74.050003,70.5,70.599998,70.599998,74034.0
2018-12-07,70.0,73.800003,69.0,71.800003,71.800003,64378.0
2018-12-10,71.400002,71.400002,68.300003,69.949997,69.949997,20616.0
2018-12-11,69.900002,72.699997,68.5,71.199997,71.199997,24081.0
2018-12-12,71.550003,74.0,71.0,71.849998,71.849998,41881.0
2018-12-13,73.699997,74.0,70.699997,71.199997,71.199997,38552.0
2018-12-14,71.800003,72.0,70.0,71.650002,71.650002,26602.0
2018-12-17,73.0,73.0,71.5,71.75,71.75,16900.0
2018-12-18,72.0,72.0,71.199997,71.550003,71.550003,13587.0
2018-12-19,72.900002,75.099998,71.0,75.099998,75.099998,37364.0
2018-12-20,78.099998,78.849998,76.0,76.25,76.25,72964.0
2018-12-21,77.5,77.5,72.449997,72.800003,72.800003,65495.0
2018-12-24,71.5,74.400002,71.5,71.900002,71.900002,20948.0
2018-12-26,71.550003,73.699997,69.800003,71.900002,71.900002,12978.0
2018-12-27,73.300003,73.300003,71.050003,71.550003,71.550003,11137.0
2018-12-28,72.349998,75.0,71.800003,74.199997,74.199997,41778.0
2018-12-31,74.0,74.599998,72.0,72.699997,72.699997,18694.0
2019-01-01,73.25,73.25,71.699997,72.75,72.75,11960.0
2019-01-02,72.75,73.199997,71.0,71.25,71.25,11204.0
2019-01-03,71.25,72.050003,70.300003,70.849998,70.849998,8679.0
2019-01-04,70.699997,72.449997,70.699997,71.550003,71.550003,8624.0
2019-01-07,72.0,72.650002,70.699997,70.699997,70.699997,20963.0
2019-01-08,70.699997,71.800003,70.25,71.400002,71.400002,13021.0
2019-01-09,72.25,72.25,70.099998,70.550003,70.550003,10049.0
2019-01-10,70.75,71.900002,70.300003,71.0,71.0,7658.0
2019-01-11,70.75,71.699997,70.0,70.199997,70.199997,9332.0
2019-01-14,70.300003,71.300003,68.75,69.150002,69.150002,10872.0
2019-01-15,69.150002,70.400002,68.699997,69.349998,69.349998,7405.0
2019-01-16,69.050003,70.449997,68.699997,69.150002,69.150002,16919.0
2019-01-17,68.75,69.5,66.0,66.800003,66.800003,28076.0
2019-01-18,66.199997,68.900002,66.199997,68.199997,68.199997,15207.0
2019-01-21,68.300003,68.300003,65.0,65.900002,65.900002,24440.0
2019-01-22,66.5,69.0,63.549999,64.75,64.75,26222.0
2019-01-23,65.650002,65.699997,62.099998,62.950001,62.950001,25145.0
2019-01-24,63.450001,63.950001,62.200001,62.75,62.75,21425.0
2019-01-25,62.150002,63.5,60.049999,60.549999,60.549999,17209.0
2019-01-28,61.0,61.549999,57.549999,57.650002,57.650002,27306.0
2019-01-29,56.599998,58.0,55.25,56.25,56.25,21196.0
2019-01-30,56.25,59.049999,56.25,58.900002,58.900002,57357.0
2019-01-31,61.25,61.5,58.549999,60.549999,60.549999,31999.0
2019-02-01,60.200001,60.75,58.549999,59.25,59.25,10155.0
2019-02-04,61.0,61.0,58.099998,59.599998,59.599998,14246.0
2019-02-05,61.950001,61.950001,57.0,59.099998,59.099998,12297.0
2019-02-06,60.799999,60.799999,56.950001,57.599998,57.599998,11475.0
2019-02-07,57.650002,57.650002,52.400002,55.799999,55.799999,18750.0
2019-02-08,56.0,57.549999,53.25,54.849998,54.849998,14335.0
2019-02-11,52.25,56.450001,52.25,54.5,54.5,23724.0
2019-02-12,54.549999,54.650002,52.200001,54.0,54.0,7591.0
2019-02-14,50.0,56.650002,50.0,56.650002,56.650002,74406.0
2019-02-15,60.900002,62.200001,55.299999,57.5,57.5,58117.0
2019-02-18,57.0,61.950001,53.599998,60.799999,60.799999,72669.0
2019-02-19,61.599998,66.849998,61.0,64.199997,64.199997,130771.0
2019-02-20,65.0,66.849998,58.450001,59.75,59.75,109038.0
2019-02-21,60.849998,61.049999,59.0,60.0,60.0,14049.0
2019-02-22,60.0,66.0,58.0,66.0,66.0,110894.0
2019-02-25,68.550003,72.599998,66.5,72.599998,72.599998,233244.0
2019-02-26,72.0,79.800003,69.0,78.599998,78.599998,156945.0
2019-02-27,78.199997,82.599998,75.099998,76.449997,76.449997,191183.0
2019-02-28,77.099998,78.699997,73.650002,74.550003,74.550003,36727.0
2019-03-01,74.599998,75.0,72.5,72.800003,72.800003,29950.0
2019-03-05,72.050003,76.099998,72.050003,74.949997,74.949997,29557.0
2019-03-06,75.0,77.800003,74.050003,76.900002,76.900002,35752.0
2019-03-07,77.0,77.400002,73.099998,73.150002,73.150002,44519.0
2019-03-08,74.900002,76.800003,73.5,75.800003,75.800003,54180.0
2019-03-11,77.449997,77.449997,73.25,74.5,74.5,19778.0
2019-03-12,74.5,75.75,73.650002,74.5,74.5,24406.0
2019-03-13,76.5,76.5,73.0,73.150002,73.150002,16780.0
2019-03-14,75.0,75.0,73.0,73.349998,73.349998,22205.0
2019-03-15,73.400002,75.199997,71.349998,72.199997,72.199997,26316.0
2019-03-18,72.199997,72.699997,69.0,69.650002,69.650002,41614.0
2019-03-19,69.650002,70.199997,67.400002,68.0,68.0,24569.0
2019-03-20,68.050003,71.400002,68.050003,70.199997,70.199997,80327.0
2019-03-22,70.150002,72.0,69.050003,71.099998,71.099998,19617.0
2019-03-25,69.699997,70.900002,69.150002,69.550003,69.550003,48354.0
2019-03-26,69.199997,70.5,69.150002,69.949997,69.949997,22230.0
2019-03-27,69.900002,71.949997,69.699997,71.25,71.25,98979.0
2019-03-28,71.0,71.599998,69.0,69.300003,69.300003,9394.0
2019-04-01,71.699997,71.699997,69.0,69.75,69.75,9834.0
2019-04-02,69.199997,71.400002,68.0,68.349998,68.349998,21100.0
2019-04-03,68.349998,71.699997,68.349998,68.949997,68.949997,21167.0
2019-04-04,68.949997,69.150002,68.0,68.150002,68.150002,6026.0
2019-04-05,68.150002,69.25,68.0,68.150002,68.150002,15117.0
2019-04-08,68.099998,69.849998,67.0,67.900002,67.900002,16045.0
2019-04-09,67.900002,72.0,67.900002,69.400002,69.400002,40260.0
2019-04-10,70.050003,70.5,68.400002,68.599998,68.599998,10616.0
2019-04-11,69.199997,69.5,68.25,68.449997,68.449997,17747.0
2019-04-12,69.800003,69.800003,67.800003,69.349998,69.349998,23806.0
2019-04-15,69.449997,69.800003,67.5,68.349998,68.349998,11628.0
2019-04-16,67.300003,74.900002,67.300003,72.75,72.75,71826.0
2019-04-18,74.5,74.699997,69.0,70.849998,70.849998,42064.0
2019-04-22,70.0,71.800003,68.599998,69.849998,69.849998,16545.0
2019-04-23,70.0,70.0,66.5,68.150002,68.150002,41540.0
2019-04-24,68.349998,68.349998,67.0,67.25,67.25,15287.0
2019-04-25,69.099998,73.949997,67.699997,71.199997,71.199997,172122.0
2019-04-26,72.050003,73.0,71.0,71.699997,71.699997,28709.0
2019-04-30,70.150002,71.0,67.449997,68.0,68.0,98930.0
2019-05-02,68.199997,74.800003,66.599998,73.599998,73.599998,401504.0
2019-05-03,73.550003,74.300003,69.75,70.099998,70.099998,100490.0
2019-05-06,69.849998,71.199997,68.599998,70.0,70.0,38485.0
2019-05-07,69.099998,70.900002,68.099998,69.0,69.0,22223.0
2019-05-08,69.75,69.800003,67.25,67.550003,67.550003,9529.0
2019-05-09,67.800003,69.900002,67.150002,68.599998,68.599998,12466.0
2019-05-10,69.199997,70.0,67.5,68.300003,68.300003,10227.0
2019-05-13,71.0,71.0,65.25,66.150002,66.150002,10420.0
2019-05-14,66.099998,66.800003,65.599998,66.400002,66.400002,11921.0
2019-05-15,65.199997,67.0,65.199997,65.599998,65.599998,14110.0
2019-05-16,65.599998,66.0,62.349998,65.349998,65.349998,5300.0
2019-05-17,64.949997,65.050003,62.599998,63.099998,63.099998,8809.0
2019-05-20,62.5,69.400002,62.5,68.900002,68.900002,49361.0
2019-05-21,69.25,69.25,65.0,66.650002,66.650002,12424.0
2019-05-22,66.849998,67.050003,65.75,66.900002,66.900002,15190.0
2019-05-23,63.5,67.800003,62.25,63.650002,63.650002,59673.0
2019-05-24,62.950001,66.949997,61.299999,66.300003,66.300003,62765.0
2019-05-27,66.349998,66.900002,62.400002,64.349998,64.349998,68206.0
2019-05-28,64.050003,64.25,62.5,62.75,62.75,51744.0
2019-05-29,63.950001,63.950001,61.150002,61.599998,61.599998,19579.0
2019-05-30,61.650002,63.799999,61.0,61.400002,61.400002,26293.0
2019-05-31,62.849998,62.900002,61.299999,61.700001,61.700001,8252.0
2019-06-03,61.0,63.0,61.0,61.599998,61.599998,10724.0
2019-06-04,64.550003,64.550003,61.0,62.150002,62.150002,8632.0
2019-06-06,63.299999,65.300003,61.299999,64.699997,64.699997,114163.0
2019-06-07,64.949997,70.550003,61.0,67.050003,67.050003,933970.0
2019-06-10,67.5,67.949997,65.099998,67.050003,67.050003,18435.0
2019-06-11,67.449997,69.900002,66.849998,68.449997,68.449997,93349.0
2019-06-12,69.5,69.75,66.0,66.349998,66.349998,11350.0
2019-06-13,65.0,67.25,64.5,65.449997,65.449997,14797.0
2019-06-14,66.150002,69.75,65.300003,66.199997,66.199997,28348.0
2019-06-17,66.25,66.5,63.700001,64.199997,64.199997,7308.0
2019-06-18,63.150002,65.5,60.0,64.25,64.25,201854.0
2019-06-19,64.150002,64.150002,61.299999,61.799999,61.799999,35186.0
2019-06-20,62.0,65.099998,61.049999,64.699997,64.699997,44394.0
2019-06-21,63.200001,64.099998,62.25,62.650002,62.650002,10687.0
2019-06-24,62.599998,65.449997,61.700001,64.900002,64.900002,30945.0
2019-06-25,63.200001,65.099998,62.099998,63.599998,63.599998,12737.0
2019-06-26,63.400002,65.099998,62.599998,64.849998,64.849998,36893.0
2019-06-27,65.0,65.0,62.150002,62.900002,62.900002,21994.0
2019-06-28,63.049999,63.650002,62.599998,62.849998,62.849998,6632.0
2019-07-01,62.849998,66.0,62.0,65.349998,65.349998,40511.0
2019-07-02,64.949997,66.25,63.599998,65.25,65.25,12486.0
2019-07-03,65.349998,67.400002,65.050003,66.349998,66.349998,11183.0
2019-07-04,66.349998,68.300003,65.5,67.75,67.75,25110.0
2019-07-05,66.5,67.5,65.0,65.050003,65.050003,5570.0
2019-07-08,62.849998,65.75,62.700001,64.300003,64.300003,14558.0
2019-07-09,64.050003,68.0,63.5,67.650002,67.650002,19601.0
2019-07-10,68.5,68.5,65.300003,66.199997,66.199997,7258.0
2019-07-11,66.75,67.099998,65.199997,65.650002,65.650002,3461.0
2019-07-12,65.699997,70.5,65.25,68.599998,68.599998,28074.0
2019-07-15,69.75,72.5,64.650002,70.800003,70.800003,67581.0
2019-07-16,70.400002,74.699997,68.199997,71.75,71.75,80709.0
2019-07-17,71.400002,77.599998,69.150002,72.800003,72.800003,170245.0
2019-07-18,73.150002,77.900002,71.099998,72.349998,72.349998,69759.0
2019-07-19,72.199997,73.800003,67.650002,68.349998,68.349998,21079.0
2019-07-22,68.150002,69.0,66.199997,67.900002,67.900002,10076.0
2019-07-23,68.349998,71.5,68.0,71.0,71.0,22827.0
2019-07-24,71.0,71.900002,68.900002,71.150002,71.150002,9001.0
2019-07-25,70.5,70.5,68.050003,68.650002,68.650002,7226.0
2019-07-26,68.550003,77.0,68.0,69.25,69.25,286496.0
2019-07-29,70.349998,70.400002,64.949997,67.550003,67.550003,22028.0
2019-07-30,66.800003,68.349998,64.199997,65.0,65.0,11603.0
2019-07-31,64.150002,65.099998,60.75,62.5,62.5,19686.0
2019-08-01,62.299999,62.900002,59.549999,60.349998,60.349998,16418.0
2019-08-02,58.5,59.0,56.0,56.700001,56.700001,32671.0
2019-08-05,56.700001,56.75,50.299999,51.75,51.75,24176.0
2019-08-06,50.650002,54.950001,50.650002,53.700001,53.700001,15246.0
2019-08-07,55.450001,56.599998,53.849998,54.75,54.75,20370.0
2019-08-08,52.150002,54.5,52.099998,54.150002,54.150002,19499.0
2019-08-09,53.5,55.5,53.5,55.0,55.0,14792.0
2019-08-13,57.599998,57.599998,52.400002,53.900002,53.900002,9146.0
2019-08-14,53.0,54.5,51.900002,52.75,52.75,16464.0
2019-08-16,52.599998,55.849998,51.0,52.549999,52.549999,15407.0
2019-08-19,53.049999,53.049999,51.900002,52.599998,52.599998,5495.0
2019-08-20,51.0,51.950001,50.150002,50.5,50.5,15709.0
2019-08-21,48.599998,51.400002,48.0,49.650002,49.650002,46497.0
2019-08-22,49.0,49.849998,46.049999,46.549999,46.549999,21431.0
2019-08-23,45.650002,46.049999,43.950001,45.150002,45.150002,21593.0
2019-08-26,47.049999,51.0,47.0,48.75,48.75,11146.0
2019-08-27,49.099998,54.0,49.049999,52.299999,52.299999,12475.0
2019-08-28,52.549999,54.0,51.0,52.150002,52.150002,11712.0
2019-08-29,52.400002,52.950001,48.150002,50.799999,50.799999,10951.0
2019-08-30,51.5,51.5,50.0,50.599998,50.599998,2360.0
2019-09-03,53.099998,53.099998,48.299999,49.950001,49.950001,5485.0
2019-09-04,49.049999,50.400002,48.5,49.599998,49.599998,3457.0
2019-09-05,49.5,51.75,48.0,48.950001,48.950001,6298.0
2019-09-06,49.150002,49.5,48.049999,48.700001,48.700001,9152.0
2019-09-09,52.299999,52.349998,48.700001,50.599998,50.599998,10258.0
2019-09-11,51.049999,53.150002,51.0,52.599998,52.599998,191173.0
2019-09-12,53.0,55.799999,52.099998,53.75,53.75,17381.0
2019-09-13,55.950001,55.950001,53.049999,53.650002,53.650002,11034.0
2019-09-16,53.049999,55.450001,52.549999,54.349998,54.349998,48902.0
2019-09-17,54.900002,55.0,53.549999,53.950001,53.950001,9251.0
2019-09-18,54.0,54.200001,52.0,53.349998,53.349998,2899.0
2019-09-19,53.0,53.0,50.099998,51.700001,51.700001,4226.0
2019-09-20,52.799999,57.900002,51.700001,56.349998,56.349998,31625.0
2019-09-23,57.0,62.049999,55.650002,60.650002,60.650002,65664.0
2019-09-24,62.5,62.5,58.0,58.349998,58.349998,14799.0
2019-09-25,58.099998,58.099998,54.650002,56.349998,56.349998,5190.0
2019-09-26,56.049999,56.75,55.150002,55.5,55.5,5052.0
2019-09-27,55.0,56.900002,53.049999,54.549999,54.549999,9054.0
2019-09-30,54.049999,54.349998,50.25,50.75,50.75,10102.0
2019-10-01,51.25,52.5,48.150002,50.049999,50.049999,8373.0
2019-10-03,48.0,49.0,46.549999,47.299999,47.299999,16350.0
2019-10-04,48.950001,50.0,47.099998,47.849998,47.849998,4142.0
2019-10-07,49.75,49.799999,47.099998,47.950001,47.950001,6808.0
2019-10-09,47.150002,49.450001,46.150002,48.049999,48.049999,3973.0
2019-10-10,48.849998,49.0,45.950001,46.549999,46.549999,10905.0
2019-10-11,45.0,53.5,45.0,52.150002,52.150002,72049.0
2019-10-14,53.599998,55.299999,50.099998,54.299999,54.299999,19334.0
2019-10-15,54.299999,55.0,52.049999,54.150002,54.150002,12484.0
2019-10-16,55.25,55.25,50.900002,51.400002,51.400002,14214.0
2019-10-17,51.599998,52.849998,49.150002,49.849998,49.849998,10600.0
2019-10-18,50.450001,52.75,50.0,50.799999,50.799999,13006.0
2019-10-22,49.75,52.0,49.75,51.299999,51.299999,8475.0
2019-10-23,50.049999,50.049999,47.049999,47.799999,47.799999,30313.0
2019-10-24,49.599998,51.099998,47.400002,50.150002,50.150002,21850.0
2019-10-25,51.400002,51.400002,48.549999,49.099998,49.099998,3420.0
2019-10-27,,,,,,
2019-10-29,48.900002,52.450001,48.299999,50.450001,50.450001,11917.0
2019-10-30,51.099998,51.799999,49.150002,50.150002,50.150002,6756.0
2019-10-31,50.25,50.400002,46.849998,48.900002,48.900002,24864.0
2019-11-01,49.0,50.450001,48.049999,48.450001,48.450001,8201.0
2019-11-04,48.700001,50.0,48.099998,49.400002,49.400002,9145.0
2019-11-05,49.950001,50.0,48.799999,49.099998,49.099998,8142.0
2019-11-06,49.75,49.75,46.0,47.049999,47.049999,31314.0
2019-11-07,47.049999,47.950001,46.150002,47.150002,47.150002,9316.0
2019-11-08,46.25,47.75,46.200001,46.650002,46.650002,3409.0
2019-11-11,45.5,48.799999,45.450001,46.950001,46.950001,3937.0
2019-11-13,47.0,51.049999,46.049999,48.599998,48.599998,33164.0
2019-11-14,49.849998,49.849998,46.700001,47.450001,47.450001,6726.0
2019-11-15,47.25,48.549999,47.0,47.099998,47.099998,8154.0
2019-11-18,47.900002,50.0,47.900002,48.299999,48.299999,8648.0
2019-11-19,48.549999,49.0,44.700001,45.299999,45.299999,23550.0
2019-11-20,46.950001,49.900002,45.0,45.650002,45.650002,78732.0
2019-11-21,45.25,47.150002,45.0,45.349998,45.349998,7343.0
2019-11-22,46.0,46.349998,45.049999,45.75,45.75,6514.0
2019-11-25,46.0,46.0,45.099998,45.650002,45.650002,6733.0
2019-11-26,45.650002,47.950001,45.099998,45.450001,45.450001,12715.0
2019-11-27,46.349998,46.400002,45.0,45.150002,45.150002,11971.0
2019-11-28,44.700001,46.049999,43.25,43.650002,43.650002,33058.0
2019-11-29,43.75,47.950001,43.450001,44.25,44.25,87875.0
2019-12-02,44.200001,45.349998,43.650002,44.099998,44.099998,8856.0
2019-12-03,44.299999,44.799999,43.200001,43.75,43.75,13983.0
2019-12-04,43.75,44.25,43.099998,43.299999,43.299999,9154.0
2019-12-05,44.0,44.0,42.5,43.049999,43.049999,17403.0
2019-12-06,42.75,44.299999,41.950001,42.900002,42.900002,17549.0
2019-12-09,42.200001,42.950001,38.900002,39.5,39.5,81123.0
2019-12-10,39.900002,39.900002,37.0,37.099998,37.099998,20196.0
2019-12-11,37.0,38.900002,33.799999,34.900002,34.900002,54534.0
2019-12-12,35.150002,38.299999,35.0,36.799999,36.799999,29493.0
2019-12-13,38.5,38.5,35.549999,36.0,36.0,19053.0
2019-12-16,37.299999,37.549999,35.099998,36.5,36.5,17336.0
2019-12-17,35.299999,37.150002,35.299999,36.049999,36.049999,27186.0
2019-12-18,36.950001,36.950001,35.5,35.799999,35.799999,13782.0
2019-12-19,35.25,36.799999,35.099998,35.150002,35.150002,8108.0
2019-12-20,35.150002,36.25,34.0,36.150002,36.150002,26240.0
2019-12-23,35.200001,36.950001,35.150002,36.200001,36.200001,11352.0
2019-12-24,35.25,37.25,35.200001,36.75,36.75,11416.0
2019-12-26,37.900002,37.900002,36.299999,36.75,36.75,5819.0
2019-12-27,37.650002,38.299999,35.799999,36.599998,36.599998,10776.0
2019-12-30,36.650002,39.0,36.599998,37.900002,37.900002,11157.0
2019-12-31,37.849998,37.900002,36.799999,37.25,37.25,9402.0
2020-01-01,36.599998,37.900002,35.799999,36.549999,36.549999,10764.0
2020-01-02,36.599998,43.849998,36.599998,43.849998,43.849998,124099.0
2020-01-03,45.400002,48.0,43.5,43.799999,43.799999,128905.0
2020-01-06,43.0,43.0,36.400002,40.349998,40.349998,53100.0
2020-01-07,40.900002,42.599998,40.349998,40.599998,40.599998,18203.0
2020-01-08,40.599998,42.900002,40.0,41.900002,41.900002,26084.0
2020-01-09,41.299999,43.900002,41.25,42.400002,42.400002,11800.0
2020-01-10,43.849998,44.5,41.549999,43.299999,43.299999,16217.0
2020-01-13,43.349998,46.0,42.25,44.950001,44.950001,34850.0
2020-01-14,43.549999,46.0,43.5,44.549999,44.549999,26643.0
2020-01-15,43.849998,46.0,43.5,44.75,44.75,12478.0
2020-01-16,45.049999,46.400002,44.799999,45.200001,45.200001,26066.0
2020-01-17,45.049999,48.5,44.200001,46.849998,46.849998,38986.0
2020-01-20,46.299999,47.799999,45.0,45.700001,45.700001,7228.0
2020-01-21,46.549999,49.200001,44.400002,46.650002,46.650002,35216.0
2020-01-22,45.150002,46.900002,45.099998,45.400002,45.400002,4510.0
2020-01-23,46.950001,46.950001,44.700001,45.200001,45.200001,8699.0
2020-01-24,,,,,,
2020-01-27,44.049999,45.799999,44.049999,45.200001,45.200001,17094.0
2020-01-28,45.849998,46.0,43.0,43.650002,43.650002,6867.0
2020-01-29,44.0,45.599998,42.099998,43.950001,43.950001,15441.0
2020-01-30,44.049999,45.0,42.650002,43.099998,43.099998,8514.0
2020-01-31,43.599998,43.599998,41.5,41.700001,41.700001,10240.0
